account_id,label,customer_type,open_date,dormant_days_before
A000001,0,公司,2022-06-18,0
A000002,0,公司,2018-06-17,0
A000003,0,公司,2022-05-23,0
A000004,0,公司,2009-01-16,0
A000005,0,公司,2019-09-09,0
A000006,0,公司,2021-06-06,0
A000007,0,公司,2006-06-07,0
A000008,0,公司,2022-06-23,0
A000009,0,公司,2024-06-17,0
A000010,0,公司,2015-09-03,0
A000011,0,公司,2007-05-25,0
A000012,0,公司,2024-01-08,0
A000013,0,公司,2020-04-24,0
A000014,0,公司,2014-05-03,0
A000015,0,公司,2018-11-12,0
A000016,0,公司,2006-07-29,0
A000017,0,公司,2015-07-08,0
A000018,0,公司,2020-03-09,0
A000019,0,公司,2017-07-26,0
A000020,0,公司,2012-01-30,0
A000021,0,公司,2022-07-31,0
A000022,0,公司,2023-03-20,0
A000023,0,公司,2021-01-22,0
A000024,0,公司,2020-06-23,0
A000025,0,公司,2010-01-01,0
A000026,0,公司,2017-09-18,0
A000027,0,公司,2018-01-08,0
A000028,0,公司,2013-07-04,0
A000029,0,公司,2024-08-17,0
A000030,0,公司,2010-10-26,0
A000031,0,公司,2007-01-06,0
A000032,0,公司,2013-08-12,0
A000033,0,公司,2021-05-18,0
A000034,0,公司,2019-02-22,0
A000035,0,公司,2018-09-14,0
A000036,0,公司,2013-02-09,0
A000037,0,公司,2006-12-15,0
A000038,0,公司,2012-06-22,0
A000039,0,公司,2011-10-24,0
A000040,0,公司,2012-10-12,0
A000041,0,公司,2022-10-26,0
A000042,0,公司,2015-12-14,0
A000043,0,公司,2018-02-22,0
A000044,0,公司,2010-03-25,0
A000045,0,公司,2009-09-11,0
A000046,0,公司,2020-11-05,0
A000047,0,公司,2015-10-09,0
A000048,0,公司,2023-03-02,0
A000049,0,公司,2020-07-27,0
A000050,0,公司,2019-09-20,0
A000051,0,公司,2014-11-15,0
A000052,0,公司,2022-05-10,0
A000053,0,公司,2012-06-01,0
A000054,0,公司,2009-10-27,0
A000055,0,公司,2016-11-30,0
A000056,0,公司,2012-05-29,0
A000057,0,公司,2020-04-15,0
A000058,0,公司,2006-06-11,0
A000059,0,公司,2023-07-28,0
A000060,0,公司,2018-01-21,0
A000061,0,公司,2018-12-17,0
A000062,0,公司,2009-08-18,0
A000063,0,公司,2020-03-11,0
A000064,0,公司,2014-06-09,0
A000065,0,公司,2015-09-25,0
A000066,0,公司,2024-09-23,0
A000067,0,公司,2021-06-30,0
A000068,0,公司,2008-01-23,0
A000069,0,公司,2009-08-21,0
A000070,0,公司,2017-12-07,0
A000071,0,公司,2019-12-27,0
A000072,0,公司,2012-06-25,0
A000073,0,公司,2024-10-23,0
A000074,0,公司,2013-10-03,0
A000075,0,公司,2018-01-23,0
A000076,0,公司,2022-09-28,0
A000077,0,公司,2024-07-17,0
A000078,0,公司,2011-03-18,0
A000079,0,公司,2008-10-31,0
A000080,0,公司,2018-09-14,0
A000081,0,公司,2009-04-29,0
A000082,0,公司,2016-03-10,0
A000083,0,公司,2013-06-15,0
A000084,0,公司,2019-06-28,0
A000085,0,公司,2007-09-05,0
A000086,0,公司,2024-12-19,0
A000087,0,公司,2018-08-18,0
A000088,0,公司,2011-10-05,0
A000089,0,公司,2014-12-13,0
A000090,0,公司,2006-05-07,0
A000091,0,公司,2019-03-01,0
A000092,0,公司,2022-05-29,0
A000093,0,公司,2018-12-03,0
A000094,0,公司,2008-05-22,0
A000095,0,公司,2006-04-03,0
A000096,0,公司,2006-10-06,0
A000097,0,公司,2019-04-21,0
A000098,0,公司,2024-10-13,0
A000099,0,公司,2020-03-03,0
A000100,0,公司,2013-03-29,0
A000101,0,公司,2018-04-13,0
A000102,0,公司,2011-10-22,0
A000103,0,公司,2011-02-01,0
A000104,0,公司,2008-02-17,0
A000105,0,公司,2015-10-25,0
A000106,0,公司,2016-11-18,0
A000107,0,公司,2013-07-17,0
A000108,0,公司,2018-01-25,0
A000109,0,公司,2021-08-08,0
A000110,0,公司,2010-11-22,0
A000111,0,公司,2012-01-12,0
A000112,0,公司,2006-09-29,0
A000113,0,公司,2023-10-11,0
A000114,0,公司,2016-08-27,0
A000115,0,公司,2013-11-11,0
A000116,0,公司,2006-08-02,0
A000117,0,公司,2012-03-03,0
A000118,0,公司,2022-11-06,0
A000119,0,公司,2008-05-12,0
A000120,0,公司,2014-08-29,0
A000121,0,公司,2023-12-04,0
A000122,0,公司,2023-08-13,0
A000123,0,公司,2012-08-28,0
A000124,0,公司,2007-07-23,0
A000125,0,公司,2018-04-05,0
A000126,0,公司,2023-11-27,0
A000127,0,公司,2020-10-03,0
A000128,0,公司,2021-11-23,0
A000129,0,公司,2020-04-12,0
A000130,0,公司,2014-02-03,0
A000131,0,公司,2007-03-27,0
A000132,0,公司,2018-03-15,0
A000133,0,公司,2015-12-23,0
A000134,0,公司,2011-04-12,0
A000135,0,公司,2006-07-27,0
A000136,0,公司,2010-12-20,0
A000137,0,公司,2006-03-10,0
A000138,0,公司,2017-07-27,0
A000139,0,公司,2010-01-06,0
A000140,0,公司,2020-11-26,0
A000141,0,公司,2020-04-10,0
A000142,0,公司,2018-11-20,0
A000143,0,公司,2009-05-02,0
A000144,0,公司,2019-04-20,0
A000145,0,公司,2017-09-19,0
A000146,0,公司,2016-01-14,0
A000147,0,公司,2023-08-06,0
A000148,0,公司,2018-09-03,0
A000149,0,公司,2022-09-17,0
A000150,0,公司,2012-01-09,0
A000151,0,公司,2010-01-27,0
A000152,0,公司,2010-09-30,0
A000153,0,公司,2022-08-18,0
A000154,0,公司,2017-06-19,0
A000155,0,公司,2006-07-22,0
A000156,0,公司,2012-11-05,0
A000157,0,公司,2021-10-21,0
A000158,0,公司,2018-01-29,0
A000159,0,公司,2015-01-19,0
A000160,0,公司,2011-05-12,0
A000161,0,公司,2006-03-15,0
A000162,0,公司,2021-05-10,0
A000163,0,商家,2009-11-10,0
A000164,0,商家,2014-07-15,0
A000165,0,商家,2018-04-27,0
A000166,0,商家,2024-04-27,0
A000167,0,商家,2009-11-26,0
A000168,0,商家,2012-11-16,0
A000169,0,商家,2020-10-14,0
A000170,0,商家,2024-07-12,0
A000171,0,商家,2013-11-11,0
A000172,0,商家,2012-07-19,0
A000173,0,商家,2017-12-11,0
A000174,0,商家,2024-04-12,0
A000175,0,商家,2019-01-31,0
A000176,0,商家,2015-01-25,0
A000177,0,商家,2017-05-17,0
A000178,0,商家,2018-09-30,0
A000179,0,商家,2015-12-12,0
A000180,0,商家,2010-03-24,0
A000181,0,商家,2023-01-31,0
A000182,0,商家,2015-01-13,0
A000183,0,商家,2018-08-20,0
A000184,0,商家,2018-04-21,0
A000185,0,商家,2010-08-22,0
A000186,0,商家,2020-12-11,0
A000187,0,商家,2018-11-01,0
A000188,0,商家,2024-05-27,0
A000189,0,商家,2006-03-19,0
A000190,0,商家,2021-08-26,0
A000191,0,商家,2018-09-06,0
A000192,0,商家,2012-07-30,0
A000193,0,商家,2021-03-13,0
A000194,0,商家,2017-02-12,0
A000195,0,商家,2017-02-21,0
A000196,0,商家,2023-10-04,0
A000197,0,商家,2016-05-20,0
A000198,0,商家,2023-07-15,0
A000199,0,商家,2009-03-22,0
A000200,0,商家,2013-01-28,0
A000201,0,商家,2011-06-11,0
A000202,0,商家,2016-09-23,0
A000203,0,商家,2018-06-25,0
A000204,0,商家,2010-08-31,0
A000205,0,商家,2022-09-04,0
A000206,0,商家,2008-11-05,0
A000207,0,商家,2024-02-03,0
A000208,0,商家,2009-11-09,0
A000209,0,商家,2007-10-30,0
A000210,0,商家,2013-08-01,0
A000211,0,商家,2009-07-21,0
A000212,0,商家,2012-04-22,0
A000213,0,商家,2018-07-22,0
A000214,0,商家,2010-07-07,0
A000215,0,商家,2006-08-12,0
A000216,0,商家,2023-12-23,0
A000217,0,商家,2010-11-18,0
A000218,0,商家,2011-01-01,0
A000219,0,商家,2014-02-02,0
A000220,0,商家,2022-09-28,0
A000221,0,商家,2007-09-21,0
A000222,0,商家,2019-03-02,0
A000223,0,商家,2024-07-24,0
A000224,0,商家,2012-09-25,0
A000225,0,商家,2019-11-13,0
A000226,0,商家,2008-03-11,0
A000227,0,商家,2013-12-02,0
A000228,0,商家,2012-12-11,0
A000229,0,商家,2024-03-03,0
A000230,0,商家,2024-11-21,0
A000231,0,商家,2008-12-09,0
A000232,0,商家,2015-09-10,0
A000233,0,商家,2015-11-18,0
A000234,0,商家,2010-09-05,0
A000235,0,商家,2020-09-01,0
A000236,0,商家,2012-03-26,0
A000237,0,商家,2014-01-15,0
A000238,0,商家,2008-04-24,0
A000239,0,商家,2014-04-06,0
A000240,0,商家,2021-05-14,0
A000241,0,商家,2013-04-07,0
A000242,0,商家,2019-08-28,0
A000243,0,商家,2017-09-22,0
A000244,0,商家,2021-12-27,0
A000245,0,商家,2023-05-19,0
A000246,0,商家,2010-10-28,0
A000247,0,商家,2015-03-28,0
A000248,0,商家,2020-07-26,0
A000249,0,商家,2014-11-17,0
A000250,0,商家,2022-02-18,0
A000251,0,商家,2012-02-13,0
A000252,0,商家,2015-03-04,0
A000253,0,商家,2009-05-30,0
A000254,0,商家,2019-03-06,0
A000255,0,商家,2018-11-08,0
A000256,0,商家,2006-03-17,0
A000257,0,商家,2011-10-30,0
A000258,0,商家,2012-10-28,0
A000259,0,商家,2012-07-20,0
A000260,0,商家,2018-10-18,0
A000261,0,商家,2009-11-26,0
A000262,0,商家,2014-11-19,0
A000263,0,商家,2021-08-26,0
A000264,0,商家,2023-09-21,0
A000265,0,商家,2023-10-31,0
A000266,0,商家,2022-02-06,0
A000267,0,商家,2014-03-15,0
A000268,0,商家,2014-01-23,0
A000269,0,商家,2013-03-17,0
A000270,0,商家,2010-07-19,0
A000271,0,商家,2011-01-06,0
A000272,0,商家,2022-06-06,0
A000273,0,商家,2017-07-25,0
A000274,0,商家,2015-05-25,0
A000275,0,商家,2022-01-08,0
A000276,0,商家,2019-04-05,0
A000277,0,商家,2015-05-31,0
A000278,0,商家,2012-11-11,0
A000279,0,商家,2020-08-11,0
A000280,0,商家,2015-11-04,0
A000281,0,商家,2009-09-05,0
A000282,0,商家,2019-01-01,0
A000283,0,商家,2007-06-17,0
A000284,0,商家,2022-03-21,0
A000285,0,商家,2008-01-31,0
A000286,0,商家,2014-06-19,0
A000287,0,商家,2010-01-14,0
A000288,0,商家,2022-03-17,0
A000289,0,商家,2013-06-05,0
A000290,0,商家,2006-10-03,0
A000291,0,商家,2016-05-18,0
A000292,0,商家,2006-08-21,0
A000293,0,商家,2017-10-07,0
A000294,0,商家,2009-08-09,0
A000295,0,商家,2011-12-27,0
A000296,0,商家,2010-10-21,0
A000297,0,商家,2021-07-10,0
A000298,0,商家,2007-01-13,0
A000299,0,商家,2023-04-07,0
A000300,0,商家,2008-12-25,0
A000301,0,商家,2023-04-19,0
A000302,0,商家,2021-06-26,0
A000303,0,商家,2011-12-26,0
A000304,0,商家,2024-12-19,0
A000305,0,商家,2014-07-11,0
A000306,0,商家,2017-06-24,0
A000307,0,商家,2010-06-26,0
A000308,0,商家,2023-02-23,0
A000309,0,商家,2007-12-15,0
A000310,0,商家,2016-11-06,0
A000311,0,商家,2014-09-26,0
A000312,0,商家,2011-06-17,0
A000313,0,商家,2011-07-29,0
A000314,0,商家,2006-07-11,0
A000315,0,商家,2014-01-29,0
A000316,0,商家,2006-05-17,0
A000317,0,商家,2024-06-19,0
A000318,0,商家,2010-01-12,0
A000319,0,商家,2018-06-29,0
A000320,0,商家,2022-02-24,0
A000321,0,商家,2024-04-18,0
A000322,0,商家,2013-11-08,0
A000323,0,商家,2022-08-29,0
A000324,0,商家,2007-08-09,0
A000325,0,商家,2016-05-19,0
A000326,0,商家,2022-08-08,0
A000327,0,商家,2023-05-18,0
A000328,0,商家,2023-05-09,0
A000329,0,商家,2006-10-05,0
A000330,0,商家,2021-04-22,0
A000331,0,商家,2015-07-05,0
A000332,0,商家,2011-07-17,0
A000333,0,商家,2017-10-28,0
A000334,0,商家,2009-01-06,0
A000335,0,商家,2011-10-24,0
A000336,0,商家,2015-03-17,0
A000337,0,商家,2016-08-31,0
A000338,0,商家,2014-12-24,0
A000339,0,商家,2018-01-03,0
A000340,0,商家,2008-03-21,0
A000341,0,商家,2015-11-19,0
A000342,0,商家,2024-05-27,0
A000343,0,商家,2008-05-08,0
A000344,0,商家,2023-11-15,0
A000345,0,商家,2006-11-20,0
A000346,0,商家,2010-06-07,0
A000347,0,商家,2006-07-09,0
A000348,0,商家,2023-09-30,0
A000349,0,商家,2024-04-28,0
A000350,0,商家,2006-08-09,0
A000351,0,商家,2019-09-14,0
A000352,0,商家,2022-03-25,0
A000353,0,商家,2009-06-30,0
A000354,0,商家,2015-05-11,0
A000355,0,商家,2023-12-05,0
A000356,0,商家,2022-07-18,0
A000357,0,商家,2008-06-28,0
A000358,0,商家,2014-10-07,0
A000359,0,商家,2009-09-03,0
A000360,0,商家,2016-08-22,0
A000361,0,商家,2011-04-18,0
A000362,0,商家,2007-06-11,0
A000363,0,商家,2020-04-07,0
A000364,0,商家,2021-05-24,0
A000365,0,商家,2020-09-22,0
A000366,0,商家,2009-02-03,0
A000367,0,商家,2010-08-18,0
A000368,0,商家,2020-03-26,0
A000369,0,商家,2011-12-27,0
A000370,0,商家,2011-01-26,0
A000371,0,商家,2009-12-02,0
A000372,0,商家,2007-12-23,0
A000373,0,商家,2020-03-06,0
A000374,0,商家,2008-08-21,0
A000375,0,商家,2012-02-14,0
A000376,0,商家,2022-04-14,0
A000377,0,商家,2015-12-09,0
A000378,0,商家,2014-05-16,0
A000379,0,商家,2009-02-16,0
A000380,0,商家,2008-01-09,0
A000381,0,商家,2012-10-08,0
A000382,0,商家,2010-12-22,0
A000383,0,商家,2015-06-04,0
A000384,0,商家,2015-10-30,0
A000385,0,商家,2010-08-19,0
A000386,0,商家,2009-08-26,0
A000387,0,商家,2016-11-04,0
A000388,0,商家,2007-03-30,0
A000389,0,商家,2010-12-19,0
A000390,0,商家,2018-05-09,0
A000391,0,商家,2022-09-29,0
A000392,0,商家,2013-05-01,0
A000393,0,商家,2015-07-08,0
A000394,0,商家,2015-09-26,0
A000395,0,商家,2010-08-23,0
A000396,0,商家,2010-09-01,0
A000397,0,商家,2023-01-22,0
A000398,0,商家,2008-03-02,0
A000399,0,商家,2012-11-20,0
A000400,0,商家,2018-09-24,0
A000401,0,商家,2018-11-11,0
A000402,0,商家,2006-03-22,0
A000403,0,商家,2008-12-02,0
A000404,0,商家,2024-01-17,0
A000405,0,商家,2022-10-05,0
A000406,0,商家,2021-09-17,0
A000407,0,商家,2013-04-08,0
A000408,0,商家,2009-11-20,0
A000409,0,商家,2017-06-01,0
A000410,0,商家,2023-10-28,0
A000411,0,商家,2017-04-04,0
A000412,0,商家,2013-02-14,0
A000413,0,商家,2013-09-09,0
A000414,0,商家,2015-09-27,0
A000415,0,商家,2008-07-01,0
A000416,0,商家,2015-10-01,0
A000417,0,商家,2019-05-30,0
A000418,0,商家,2010-08-22,0
A000419,0,商家,2011-09-21,0
A000420,0,商家,2008-10-04,0
A000421,0,商家,2010-08-09,0
A000422,0,商家,2021-09-21,0
A000423,0,商家,2007-06-21,0
A000424,0,商家,2013-08-27,0
A000425,0,商家,2006-02-03,0
A000426,0,商家,2011-12-18,0
A000427,0,商家,2019-11-02,0
A000428,0,商家,2007-01-26,0
A000429,0,商家,2014-11-11,0
A000430,0,商家,2023-06-26,0
A000431,0,商家,2018-07-02,0
A000432,0,商家,2019-05-31,0
A000433,0,商家,2012-10-15,0
A000434,0,商家,2013-12-30,0
A000435,0,商家,2006-12-20,0
A000436,0,商家,2016-05-30,0
A000437,0,商家,2021-07-08,0
A000438,0,商家,2023-04-24,0
A000439,0,商家,2018-07-09,0
A000440,0,商家,2009-05-20,0
A000441,0,商家,2006-10-31,0
A000442,0,商家,2008-03-22,0
A000443,0,商家,2006-03-04,0
A000444,0,商家,2021-10-19,0
A000445,0,商家,2016-01-01,0
A000446,0,商家,2006-11-03,0
A000447,0,商家,2013-05-13,0
A000448,0,商家,2024-11-16,0
A000449,0,商家,2012-03-31,0
A000450,0,商家,2007-07-28,0
A000451,0,商家,2010-03-18,0
A000452,0,商家,2019-02-17,0
A000453,0,商家,2021-09-11,0
A000454,0,商家,2017-04-02,0
A000455,0,商家,2020-05-21,0
A000456,0,商家,2022-03-18,0
A000457,0,商家,2012-06-16,0
A000458,0,商家,2008-02-25,0
A000459,0,商家,2018-07-01,0
A000460,0,商家,2007-08-17,0
A000461,0,商家,2007-09-25,0
A000462,0,商家,2015-09-03,0
A000463,0,商家,2014-10-17,0
A000464,0,商家,2013-05-05,0
A000465,0,商家,2020-02-10,0
A000466,0,商家,2024-12-18,0
A000467,0,商家,2017-05-04,0
A000468,0,商家,2023-05-11,0
A000469,0,商家,2024-12-20,0
A000470,0,商家,2011-12-26,0
A000471,0,商家,2016-08-27,0
A000472,0,商家,2016-02-20,0
A000473,0,商家,2024-10-06,0
A000474,0,商家,2009-07-29,0
A000475,0,商家,2022-05-28,0
A000476,0,商家,2009-10-04,0
A000477,0,商家,2016-11-19,0
A000478,0,商家,2017-04-30,0
A000479,0,商家,2020-05-23,0
A000480,0,商家,2016-06-02,0
A000481,0,商家,2022-05-28,0
A000482,0,商家,2008-07-17,0
A000483,0,商家,2016-09-06,0
A000484,0,商家,2017-10-30,0
A000485,0,商家,2020-01-24,0
A000486,0,商家,2015-12-23,0
A000487,0,商家,2011-11-06,0
A000488,0,商家,2023-03-20,0
A000489,0,商家,2012-05-23,0
A000490,0,商家,2023-07-18,0
A000491,0,商家,2010-10-29,0
A000492,0,商家,2024-03-14,0
A000493,0,商家,2007-07-05,0
A000494,0,商家,2022-10-01,0
A000495,0,商家,2008-04-25,0
A000496,0,商家,2015-02-13,0
A000497,0,商家,2008-05-31,0
A000498,0,商家,2006-04-09,0
A000499,0,商家,2016-08-28,0
A000500,0,商家,2018-04-07,0
A000501,0,商家,2019-07-28,0
A000502,0,商家,2024-03-09,0
A000503,0,商家,2006-06-23,0
A000504,0,商家,2012-05-27,0
A000505,0,商家,2023-05-23,0
A000506,0,商家,2024-04-01,0
A000507,0,商家,2020-03-26,0
A000508,0,商家,2011-06-07,0
A000509,0,商家,2023-05-26,0
A000510,0,商家,2016-05-19,0
A000511,0,商家,2021-08-05,0
A000512,0,商家,2007-12-05,0
A000513,0,商家,2011-12-16,0
A000514,0,商家,2015-02-21,0
A000515,0,商家,2016-03-09,0
A000516,0,商家,2019-03-08,0
A000517,0,商家,2006-09-02,0
A000518,0,商家,2022-06-28,0
A000519,0,商家,2006-04-26,0
A000520,0,商家,2011-08-10,0
A000521,0,商家,2014-08-27,0
A000522,0,商家,2008-08-24,0
A000523,0,商家,2024-09-03,0
A000524,0,商家,2023-02-07,0
A000525,0,商家,2007-12-17,0
A000526,0,商家,2024-08-03,0
A000527,0,商家,2016-07-06,0
A000528,0,商家,2011-12-31,0
A000529,0,商家,2020-02-10,0
A000530,0,商家,2020-10-04,0
A000531,0,商家,2017-08-28,0
A000532,0,商家,2012-05-22,0
A000533,0,商家,2009-12-06,0
A000534,0,商家,2006-09-12,0
A000535,0,商家,2009-10-06,0
A000536,0,商家,2011-06-24,0
A000537,0,商家,2016-09-09,0
A000538,0,商家,2024-08-29,0
A000539,0,商家,2015-11-06,0
A000540,0,商家,2014-04-18,0
A000541,0,商家,2006-11-22,0
A000542,0,商家,2021-08-11,0
A000543,0,商家,2018-02-21,0
A000544,0,商家,2014-06-22,0
A000545,0,商家,2011-07-10,0
A000546,0,商家,2011-08-14,0
A000547,0,商家,2015-08-21,0
A000548,0,商家,2017-02-17,0
A000549,0,商家,2024-12-11,0
A000550,0,商家,2012-09-09,0
A000551,0,商家,2012-02-18,0
A000552,0,商家,2024-06-04,0
A000553,0,商家,2009-11-21,0
A000554,0,商家,2009-06-14,0
A000555,0,商家,2007-01-25,0
A000556,0,商家,2015-10-15,0
A000557,0,商家,2021-03-19,0
A000558,0,商家,2024-04-09,0
A000559,0,商家,2021-07-12,0
A000560,0,商家,2011-12-11,0
A000561,0,商家,2016-07-30,0
A000562,0,商家,2022-03-01,0
A000563,0,商家,2015-05-09,0
A000564,0,商家,2014-09-23,0
A000565,0,商家,2013-09-14,0
A000566,0,商家,2017-07-06,0
A000567,0,商家,2011-06-19,0
A000568,0,商家,2010-01-30,0
A000569,0,商家,2023-06-23,0
A000570,0,商家,2013-07-03,0
A000571,0,商家,2020-01-31,0
A000572,0,商家,2007-07-22,0
A000573,0,商家,2016-05-07,0
A000574,0,商家,2020-10-31,0
A000575,0,商家,2008-08-19,0
A000576,0,商家,2017-09-07,0
A000577,0,商家,2014-03-01,0
A000578,0,商家,2011-02-18,0
A000579,0,商家,2014-01-21,0
A000580,0,商家,2006-09-28,0
A000581,0,商家,2008-02-10,0
A000582,0,商家,2013-01-09,0
A000583,0,商家,2014-08-16,0
A000584,0,商家,2012-04-21,0
A000585,0,商家,2011-06-04,0
A000586,0,商家,2010-01-05,0
A000587,0,商家,2011-06-12,0
A000588,0,商家,2021-06-06,0
A000589,0,商家,2021-10-08,0
A000590,0,商家,2006-06-19,0
A000591,0,商家,2015-12-30,0
A000592,0,商家,2024-05-14,0
A000593,0,商家,2011-05-20,0
A000594,0,商家,2013-05-16,0
A000595,0,商家,2020-10-14,0
A000596,0,商家,2024-05-02,0
A000597,0,商家,2014-01-08,0
A000598,0,商家,2007-02-23,0
A000599,0,商家,2016-07-01,0
A000600,0,商家,2007-03-04,0
A000601,0,商家,2011-12-08,0
A000602,0,商家,2016-08-09,0
A000603,0,商家,2014-09-21,0
A000604,0,商家,2011-06-15,0
A000605,0,商家,2022-03-01,0
A000606,0,商家,2020-08-26,0
A000607,0,商家,2024-08-02,0
A000608,0,商家,2016-10-22,0
A000609,0,商家,2012-10-07,0
A000610,0,商家,2008-09-29,0
A000611,0,商家,2024-10-30,0
A000612,0,商家,2018-12-20,0
A000613,0,商家,2007-02-10,0
A000614,0,商家,2011-10-31,0
A000615,0,商家,2022-10-15,0
A000616,0,商家,2024-07-18,0
A000617,0,商家,2013-06-10,0
A000618,0,商家,2011-11-02,0
A000619,0,商家,2020-11-25,0
A000620,0,商家,2010-04-09,0
A000621,0,商家,2006-03-03,0
A000622,0,商家,2022-10-23,0
A000623,0,商家,2022-02-15,0
A000624,0,商家,2022-09-20,0
A000625,0,商家,2015-08-21,0
A000626,0,商家,2013-02-18,0
A000627,0,商家,2020-02-03,0
A000628,0,商家,2011-03-10,0
A000629,0,商家,2013-12-27,0
A000630,0,商家,2010-01-25,0
A000631,0,商家,2020-09-20,0
A000632,0,商家,2007-07-20,0
A000633,0,商家,2023-10-05,0
A000634,0,商家,2010-05-09,0
A000635,0,商家,2007-11-12,0
A000636,0,商家,2012-05-20,0
A000637,0,商家,2020-07-22,0
A000638,0,商家,2011-01-09,0
A000639,0,商家,2022-03-12,0
A000640,0,商家,2012-06-23,0
A000641,0,商家,2012-01-29,0
A000642,0,商家,2014-04-16,0
A000643,0,商家,2012-09-11,0
A000644,0,商家,2016-01-21,0
A000645,0,商家,2007-03-21,0
A000646,0,商家,2008-05-13,0
A000647,0,商家,2023-06-09,0
A000648,0,商家,2020-03-29,0
A000649,0,商家,2009-04-22,0
A000650,0,商家,2007-02-22,0
A000651,0,商家,2016-09-16,0
A000652,0,商家,2010-07-02,0
A000653,0,商家,2020-10-03,0
A000654,0,商家,2019-07-18,0
A000655,0,商家,2011-02-13,0
A000656,0,商家,2018-11-19,0
A000657,0,商家,2013-03-24,0
A000658,0,商家,2010-10-05,0
A000659,0,商家,2014-03-27,0
A000660,0,商家,2017-08-11,0
A000661,0,商家,2010-03-03,0
A000662,0,商家,2013-04-15,0
A000663,0,商家,2009-09-01,0
A000664,0,商家,2024-06-28,0
A000665,0,商家,2018-03-13,0
A000666,0,商家,2016-02-15,0
A000667,0,商家,2012-11-30,0
A000668,0,商家,2020-07-24,0
A000669,0,商家,2021-08-12,0
A000670,0,商家,2021-03-13,0
A000671,0,商家,2022-03-11,0
A000672,0,商家,2008-10-18,0
A000673,0,商家,2009-06-10,0
A000674,0,商家,2016-12-20,0
A000675,0,商家,2018-12-23,0
A000676,0,商家,2011-06-10,0
A000677,0,商家,2022-06-06,0
A000678,0,商家,2012-11-09,0
A000679,0,商家,2006-01-13,0
A000680,0,商家,2018-08-15,0
A000681,0,商家,2022-04-20,0
A000682,0,商家,2019-10-06,0
A000683,0,商家,2020-06-04,0
A000684,0,商家,2007-12-27,0
A000685,0,商家,2014-05-29,0
A000686,0,商家,2021-07-24,0
A000687,0,商家,2020-07-07,0
A000688,0,商家,2006-07-23,0
A000689,0,商家,2018-05-03,0
A000690,0,商家,2011-10-09,0
A000691,0,商家,2014-08-28,0
A000692,0,商家,2006-09-02,0
A000693,0,商家,2013-01-27,0
A000694,0,商家,2018-12-27,0
A000695,0,商家,2009-06-06,0
A000696,0,商家,2020-12-26,0
A000697,0,商家,2012-11-22,0
A000698,0,商家,2008-12-24,0
A000699,0,商家,2008-02-15,0
A000700,0,商家,2021-04-23,0
A000701,0,商家,2006-06-18,0
A000702,0,商家,2009-11-01,0
A000703,0,商家,2023-01-27,0
A000704,0,商家,2008-10-14,0
A000705,0,商家,2017-05-01,0
A000706,0,商家,2020-10-17,0
A000707,0,商家,2010-08-30,0
A000708,0,商家,2023-10-03,0
A000709,0,商家,2007-09-02,0
A000710,0,商家,2016-10-28,0
A000711,0,商家,2019-06-11,0
A000712,0,商家,2013-03-13,0
A000713,0,商家,2015-01-05,0
A000714,0,商家,2007-12-01,0
A000715,0,商家,2018-12-15,0
A000716,0,商家,2021-12-17,0
A000717,0,商家,2023-07-01,0
A000718,0,商家,2009-07-21,0
A000719,0,商家,2024-08-08,0
A000720,0,商家,2012-12-24,0
A000721,0,商家,2021-08-11,0
A000722,0,商家,2022-01-07,0
A000723,0,商家,2021-01-25,0
A000724,0,商家,2018-11-18,0
A000725,0,商家,2022-05-18,0
A000726,0,商家,2019-06-01,0
A000727,0,商家,2018-07-25,0
A000728,0,商家,2006-11-22,0
A000729,0,商家,2013-09-05,0
A000730,0,商家,2018-07-05,0
A000731,0,商家,2022-08-14,0
A000732,0,商家,2009-02-17,0
A000733,0,商家,2007-09-21,0
A000734,0,商家,2013-11-18,0
A000735,0,商家,2024-05-29,0
A000736,0,商家,2014-04-25,0
A000737,0,商家,2014-02-25,0
A000738,0,商家,2018-02-17,0
A000739,0,商家,2022-11-23,0
A000740,0,商家,2021-08-10,0
A000741,0,商家,2016-09-12,0
A000742,0,商家,2021-06-06,0
A000743,0,商家,2021-06-19,0
A000744,0,商家,2014-02-03,0
A000745,0,商家,2012-06-13,0
A000746,0,商家,2017-08-27,0
A000747,0,商家,2020-02-13,0
A000748,0,商家,2024-02-09,0
A000749,0,商家,2012-10-20,0
A000750,0,商家,2010-08-06,0
A000751,0,商家,2011-07-01,0
A000752,0,商家,2020-07-11,0
A000753,0,商家,2017-11-11,0
A000754,0,商家,2024-08-25,0
A000755,0,商家,2009-04-13,0
A000756,0,商家,2013-03-15,0
A000757,0,商家,2011-09-06,0
A000758,0,商家,2010-03-07,0
A000759,0,商家,2011-11-10,0
A000760,0,商家,2011-09-17,0
A000761,0,商家,2021-03-31,0
A000762,0,商家,2019-04-01,0
A000763,0,個人,2026-01-16,0
A000765,0,個人,2019-10-15,0
A000766,0,個人,2021-07-15,0
A000767,0,個人,2024-07-19,0
A000768,0,個人,2016-05-22,0
A000769,0,個人,2023-08-24,0
A000770,0,個人,2016-08-29,0
A000771,0,個人,2015-10-26,0
A000772,0,個人,2006-08-16,0
A000773,0,個人,2019-09-27,0
A000774,0,個人,2010-05-24,0
A000775,0,個人,2012-10-29,0
A000776,0,個人,2024-10-02,0
A000777,0,個人,2017-02-11,0
A000778,0,個人,2018-11-12,0
A000779,0,個人,2020-03-25,0
A000780,0,個人,2017-04-30,0
A000781,0,個人,2008-12-21,0
A000782,0,個人,2013-03-29,0
A000783,0,個人,2007-08-29,0
A000784,0,個人,2024-08-21,0
A000786,0,個人,2011-12-10,0
A000787,0,個人,2017-01-13,0
A000788,0,個人,2015-12-02,0
A000789,0,個人,2008-07-30,0
A000790,0,個人,2023-12-02,0
A000791,0,個人,2007-06-11,0
A000792,0,個人,2012-10-03,0
A000793,0,個人,2010-11-14,0
A000794,0,個人,2020-07-18,0
A000795,0,個人,2019-07-17,0
A000796,0,個人,2011-06-21,0
A000797,0,個人,2022-07-21,0
A000798,0,個人,2007-03-20,0
A000799,0,個人,2026-01-24,0
A000800,0,個人,2016-06-06,0
A000801,0,個人,2011-06-26,0
A000802,0,個人,2013-07-26,0
A000803,0,個人,2024-05-08,0
A000804,0,個人,2014-05-14,0
A000805,0,個人,2006-12-04,0
A000806,0,個人,2024-05-21,0
A000807,0,個人,2026-01-23,0
A000808,0,個人,2019-07-29,0
A000809,0,個人,2015-04-20,0
A000810,0,個人,2018-05-29,0
A000811,0,個人,2006-05-20,0
A000812,0,個人,2022-05-20,0
A000813,0,個人,2009-12-27,0
A000814,0,個人,2020-07-10,0
A000815,0,個人,2013-02-03,0
A000816,0,個人,2015-08-14,0
A000817,0,個人,2015-07-31,0
A000818,0,個人,2017-03-18,0
A000819,0,個人,2022-06-22,0
A000820,0,個人,2013-12-21,0
A000821,0,個人,2016-07-11,0
A000822,0,個人,2009-09-21,0
A000823,0,個人,2016-03-28,0
A000824,0,個人,2015-07-11,0
A000825,0,個人,2008-09-06,0
A000826,0,個人,2009-09-09,0
A000827,0,個人,2024-03-15,0
A000828,0,個人,2010-03-11,0
A000829,0,個人,2015-04-22,0
A000831,0,個人,2023-12-08,0
A000832,0,個人,2018-02-21,0
A000833,0,個人,2021-11-15,0
A000834,0,個人,2007-09-26,0
A000835,0,個人,2017-12-26,0
A000837,0,個人,2023-09-18,0
A000838,0,個人,2019-03-21,0
A000839,0,個人,2022-04-08,0
A000840,0,個人,2015-05-31,0
A000841,0,個人,2018-12-11,0
A000842,0,個人,2018-04-23,0
A000843,0,個人,2007-10-25,0
A000844,0,個人,2009-04-26,0
A000845,0,個人,2009-10-26,0
A000846,0,個人,2020-06-12,0
A000847,0,個人,2026-03-13,0
A000848,0,個人,2018-06-28,0
A000849,0,個人,2023-07-28,0
A000850,0,個人,2012-06-02,0
A000851,0,個人,2023-12-17,0
A000852,0,個人,2008-11-19,0
A000853,0,個人,2024-08-25,0
A000854,0,個人,2017-08-28,0
A000855,0,個人,2018-02-27,0
A000856,0,個人,2016-05-21,0
A000857,0,個人,2017-11-01,0
A000858,0,個人,2011-07-17,0
A000859,0,個人,2009-04-17,0
A000860,0,個人,2010-01-10,0
A000861,0,個人,2019-01-02,0
A000862,0,個人,2007-07-13,0
A000863,0,個人,2019-10-29,0
A000864,0,個人,2018-09-07,0
A000865,0,個人,2007-03-12,0
A000866,0,個人,2017-03-12,0
A000867,0,個人,2007-01-27,0
A000868,0,個人,2019-04-03,0
A000869,0,個人,2008-11-14,0
A000870,0,個人,2011-11-04,0
A000871,0,個人,2023-03-17,0
A000872,0,個人,2021-01-05,0
A000873,0,個人,2006-01-08,0
A000874,0,個人,2016-10-22,0
A000875,0,個人,2016-11-06,0
A000876,0,個人,2006-05-09,0
A000877,0,個人,2021-05-20,0
A000878,0,個人,2021-12-08,0
A000879,0,個人,2014-07-21,0
A000880,0,個人,2026-01-09,0
A000881,0,個人,2021-05-18,0
A000882,0,個人,2008-12-04,0
A000883,0,個人,2009-04-02,0
A000884,0,個人,2011-04-21,0
A000886,0,個人,2024-05-28,0
A000887,0,個人,2023-08-07,0
A000888,0,個人,2008-05-02,0
A000889,0,個人,2014-08-05,0
A000890,0,個人,2023-04-26,0
A000891,0,個人,2009-10-12,0
A000892,0,個人,2009-01-05,0
A000893,0,個人,2006-05-25,0
A000894,0,個人,2023-02-20,0
A000895,0,個人,2014-01-12,0
A000896,0,個人,2012-10-12,0
A000897,0,個人,2011-10-01,0
A000898,0,個人,2018-06-23,0
A000899,0,個人,2006-12-18,0
A000900,0,個人,2026-02-18,0
A000901,0,個人,2007-04-06,0
A000902,0,個人,2015-05-04,0
A000903,0,個人,2009-10-05,0
A000904,0,個人,2024-10-28,0
A000905,0,個人,2006-05-15,0
A000906,0,個人,2017-12-04,0
A000907,0,個人,2018-01-04,0
A000908,0,個人,2022-10-25,0
A000910,0,個人,2020-11-29,0
A000911,0,個人,2011-07-23,0
A000913,0,個人,2007-07-14,0
A000915,0,個人,2022-03-19,0
A000916,0,個人,2006-09-27,0
A000917,0,個人,2015-02-22,0
A000918,0,個人,2022-02-12,0
A000919,0,個人,2011-07-13,0
A000920,0,個人,2021-01-11,0
A000921,0,個人,2021-03-26,0
A000922,0,個人,2006-07-30,0
A000923,0,個人,2008-08-28,0
A000924,0,個人,2019-06-25,0
A000925,0,個人,2023-11-05,0
A000926,0,個人,2012-07-30,0
A000927,0,個人,2013-01-03,0
A000928,0,個人,2022-03-06,0
A000929,0,個人,2018-06-22,0
A000930,0,個人,2007-07-08,0
A000931,0,個人,2023-10-07,0
A000932,0,個人,2016-09-27,0
A000933,0,個人,2008-03-24,0
A000934,0,個人,2010-11-13,0
A000935,0,個人,2017-09-26,0
A000936,0,個人,2007-10-07,0
A000937,0,個人,2007-08-01,0
A000938,0,個人,2021-09-30,0
A000939,0,個人,2021-06-27,0
A000940,0,個人,2012-08-29,0
A000941,0,個人,2023-08-11,0
A000942,0,個人,2016-02-14,0
A000943,0,個人,2009-04-09,0
A000944,0,個人,2010-04-24,0
A000945,0,個人,2012-12-13,0
A000946,0,個人,2015-03-23,0
A000947,0,個人,2014-06-26,0
A000948,0,個人,2014-12-28,0
A000949,0,個人,2006-04-04,0
A000950,0,個人,2023-08-03,0
A000951,0,個人,2014-07-09,0
A000952,0,個人,2024-10-21,0
A000953,0,個人,2016-01-26,0
A000954,0,個人,2007-07-18,0
A000955,0,個人,2023-08-07,0
A000956,0,個人,2015-01-21,0
A000957,0,個人,2023-11-28,0
A000958,0,個人,2020-01-13,0
A000959,0,個人,2019-12-31,0
A000962,0,個人,2020-07-13,0
A000963,0,個人,2008-07-06,0
A000964,0,個人,2016-01-06,0
A000965,0,個人,2022-08-14,0
A000966,0,個人,2007-07-26,0
A000967,0,個人,2017-12-15,0
A000968,0,個人,2024-04-16,0
A000969,0,個人,2020-03-03,0
A000970,0,個人,2024-03-11,0
A000971,0,個人,2011-02-21,0
A000972,0,個人,2010-06-29,0
A000973,0,個人,2011-02-01,0
A000974,0,個人,2023-11-18,0
A000975,0,個人,2015-05-07,0
A000976,0,個人,2008-11-02,0
A000977,0,個人,2009-04-05,0
A000978,0,個人,2017-11-23,0
A000979,0,個人,2022-05-06,0
A000980,0,個人,2019-07-09,0
A000981,0,個人,2024-01-27,0
A000982,0,個人,2021-07-12,0
A000983,0,個人,2019-04-20,0
A000984,0,個人,2008-06-19,0
A000985,0,個人,2023-12-20,0
A000986,0,個人,2012-05-09,0
A000987,0,個人,2012-07-04,0
A000988,0,個人,2012-12-04,0
A000989,0,個人,2014-03-22,0
A000990,0,個人,2016-11-23,0
A000991,0,個人,2010-10-29,0
A000992,0,個人,2016-10-28,0
A000993,0,個人,2016-11-04,0
A000994,0,個人,2020-11-28,0
A000995,0,個人,2011-03-27,0
A000996,0,個人,2022-06-03,0
A000997,0,個人,2013-01-05,0
A000998,0,個人,2017-01-23,0
A000999,0,個人,2020-01-30,0
A001000,0,個人,2017-03-15,0
A001001,0,個人,2013-02-05,0
A001002,0,個人,2018-09-14,0
A001003,0,個人,2012-11-23,0
A001004,0,個人,2007-09-22,0
A001005,0,個人,2023-01-18,0
A001006,0,個人,2010-04-07,0
A001007,0,個人,2006-04-14,0
A001008,0,個人,2020-08-21,0
A001009,0,個人,2019-04-04,0
A001010,0,個人,2017-08-03,0
A001011,0,個人,2016-03-28,0
A001012,0,個人,2020-07-02,0
A001013,0,個人,2023-05-09,0
A001015,0,個人,2018-05-17,0
A001016,0,個人,2023-05-27,0
A001017,0,個人,2024-08-12,0
A001018,0,個人,2022-02-13,0
A001019,0,個人,2010-05-28,0
A001020,0,個人,2010-02-09,0
A001021,0,個人,2022-06-18,0
A001022,0,個人,2020-07-09,0
A001023,0,個人,2014-11-12,0
A001024,0,個人,2012-11-30,0
A001025,0,個人,2006-09-02,0
A001026,0,個人,2022-12-23,0
A001027,0,個人,2021-08-09,0
A001028,0,個人,2011-07-08,0
A001029,0,個人,2011-02-16,0
A001030,0,個人,2010-03-02,0
A001031,0,個人,2022-08-21,0
A001032,0,個人,2011-04-11,0
A001033,0,個人,2024-01-01,0
A001035,0,個人,2022-09-27,0
A001036,0,個人,2014-03-21,0
A001037,0,個人,2022-06-30,0
A001038,0,個人,2018-11-14,0
A001039,0,個人,2006-02-09,0
A001040,0,個人,2015-07-19,0
A001041,0,個人,2024-05-14,0
A001042,0,個人,2009-08-08,0
A001043,0,個人,2019-01-16,0
A001044,0,個人,2019-02-10,0
A001045,0,個人,2016-02-01,0
A001046,0,個人,2019-09-11,0
A001047,0,個人,2013-03-12,0
A001048,0,個人,2011-11-02,0
A001049,0,個人,2008-10-30,0
A001050,0,個人,2024-10-29,0
A001051,0,個人,2007-02-18,0
A001052,0,個人,2024-08-12,0
A001053,0,個人,2013-08-05,0
A001054,0,個人,2013-02-12,0
A001055,0,個人,2006-12-10,0
A001056,0,個人,2020-02-14,0
A001057,0,個人,2016-06-21,0
A001059,0,個人,2020-08-13,0
A001060,0,個人,2020-11-12,0
A001061,0,個人,2018-07-12,0
A001062,0,個人,2009-11-12,0
A001063,0,個人,2011-04-16,0
A001064,0,個人,2021-12-02,0
A001065,0,個人,2017-02-15,0
A001066,0,個人,2017-02-20,0
A001067,0,個人,2011-04-05,0
A001068,0,個人,2008-03-11,0
A001069,0,個人,2011-01-20,0
A001070,0,個人,2006-08-21,0
A001071,0,個人,2016-02-27,0
A001072,0,個人,2016-05-17,0
A001073,0,個人,2017-05-12,0
A001074,0,個人,2009-01-03,0
A001075,0,個人,2012-09-18,0
A001076,0,個人,2020-11-14,0
A001077,0,個人,2009-10-22,0
A001078,0,個人,2016-04-20,0
A001079,0,個人,2022-09-19,0
A001080,0,個人,2018-02-17,0
A001081,0,個人,2007-08-13,0
A001082,0,個人,2016-07-23,0
A001083,0,個人,2024-04-10,0
A001084,0,個人,2015-08-29,0
A001085,0,個人,2020-10-23,0
A001086,0,個人,2022-09-05,0
A001087,0,個人,2022-04-04,0
A001088,0,個人,2017-11-11,0
A001089,0,個人,2011-12-29,0
A001090,0,個人,2022-12-27,0
A001091,0,個人,2009-08-18,0
A001092,0,個人,2020-07-03,0
A001093,0,個人,2013-01-03,0
A001094,0,個人,2011-12-23,0
A001095,0,個人,2026-02-14,0
A001096,0,個人,2023-06-14,0
A001097,0,個人,2020-09-27,0
A001098,0,個人,2011-11-30,0
A001099,0,個人,2008-12-20,0
A001100,0,個人,2017-06-01,0
A001101,0,個人,2006-10-17,0
A001102,0,個人,2013-12-14,0
A001103,0,個人,2024-06-07,0
A001104,0,個人,2008-12-06,0
A001105,0,個人,2022-01-10,0
A001106,0,個人,2024-05-06,0
A001107,0,個人,2013-12-21,0
A001108,0,個人,2023-02-23,0
A001109,0,個人,2026-03-20,0
A001110,0,個人,2013-09-02,0
A001111,0,個人,2022-08-27,0
A001112,0,個人,2020-10-08,0
A001113,0,個人,2019-11-12,0
A001114,0,個人,2018-11-05,0
A001115,0,個人,2018-06-05,0
A001116,0,個人,2026-03-01,0
A001117,0,個人,2023-05-27,0
A001118,0,個人,2021-09-20,0
A001119,0,個人,2012-01-10,0
A001120,0,個人,2011-02-18,0
A001121,0,個人,2021-01-10,0
A001122,0,個人,2006-07-17,0
A001123,0,個人,2024-08-27,0
A001124,0,個人,2010-02-17,0
A001125,0,個人,2020-12-31,0
A001126,0,個人,2006-05-26,0
A001127,0,個人,2012-01-11,0
A001128,0,個人,2014-07-16,0
A001129,0,個人,2021-07-08,0
A001130,0,個人,2006-08-08,0
A001131,0,個人,2019-11-26,0
A001132,0,個人,2023-05-06,0
A001133,0,個人,2006-03-01,0
A001134,0,個人,2010-09-27,0
A001135,0,個人,2022-02-11,0
A001136,0,個人,2008-04-10,0
A001138,0,個人,2020-10-19,0
A001139,0,個人,2019-10-03,0
A001140,0,個人,2016-10-18,0
A001141,0,個人,2020-02-05,0
A001142,0,個人,2008-10-08,0
A001144,0,個人,2010-02-28,0
A001145,0,個人,2012-07-28,0
A001146,0,個人,2023-07-08,0
A001147,0,個人,2023-08-20,0
A001148,0,個人,2024-06-28,0
A001149,0,個人,2015-07-23,0
A001150,0,個人,2024-01-06,0
A001151,0,個人,2020-01-12,0
A001152,0,個人,2015-06-21,0
A001153,0,個人,2013-02-23,0
A001154,0,個人,2015-04-27,0
A001155,0,個人,2020-06-12,0
A001156,0,個人,2008-01-03,0
A001157,0,個人,2019-08-17,0
A001158,0,個人,2020-08-28,0
A001159,0,個人,2012-09-13,0
A001160,0,個人,2014-12-20,0
A001161,0,個人,2006-02-15,0
A001162,0,個人,2016-04-29,0
A001163,0,個人,2017-04-30,0
A001164,0,個人,2006-06-21,0
A001165,0,個人,2016-12-30,0
A001166,0,個人,2007-07-23,0
A001167,0,個人,2006-04-06,0
A001168,0,個人,2026-01-29,0
A001169,0,個人,2020-10-13,0
A001170,0,個人,2022-01-28,0
A001171,0,個人,2017-04-25,0
A001172,0,個人,2017-02-21,0
A001173,0,個人,2017-10-10,0
A001174,0,個人,2023-01-21,0
A001175,0,個人,2022-01-08,0
A001176,0,個人,2013-12-08,0
A001177,0,個人,2013-02-21,0
A001178,0,個人,2007-10-25,0
A001179,0,個人,2024-07-20,0
A001180,0,個人,2012-04-05,0
A001181,0,個人,2021-10-16,0
A001182,0,個人,2022-11-07,0
A001183,0,個人,2010-02-11,0
A001184,0,個人,2015-07-17,0
A001185,0,個人,2020-05-19,0
A001186,0,個人,2023-03-04,0
A001187,0,個人,2010-07-09,0
A001188,0,個人,2016-03-29,0
A001189,0,個人,2017-03-31,0
A001190,0,個人,2009-12-23,0
A001191,0,個人,2022-12-17,0
A001192,0,個人,2018-03-11,0
A001193,0,個人,2006-09-02,0
A001195,0,個人,2016-01-21,0
A001197,0,個人,2017-02-07,0
A001198,0,個人,2010-08-09,0
A001199,0,個人,2023-08-18,0
A001200,0,個人,2022-06-20,0
A001201,0,個人,2013-01-01,0
A001202,0,個人,2020-12-14,0
A001203,0,個人,2024-11-27,0
A001204,0,個人,2008-01-15,0
A001205,0,個人,2008-06-17,0
A001206,0,個人,2023-12-03,0
A001207,0,個人,2023-01-13,0
A001208,0,個人,2023-01-18,0
A001209,0,個人,2022-10-24,0
A001210,0,個人,2007-03-06,0
A001211,0,個人,2023-11-02,0
A001212,0,個人,2017-06-25,0
A001214,0,個人,2008-03-26,0
A001215,0,個人,2006-10-15,0
A001216,0,個人,2026-01-08,0
A001217,0,個人,2020-05-30,0
A001218,0,個人,2015-02-01,0
A001219,0,個人,2017-06-12,0
A001220,0,個人,2008-05-24,0
A001221,0,個人,2014-10-27,0
A001223,0,個人,2012-07-10,0
A001224,0,個人,2020-07-24,0
A001225,0,個人,2022-02-13,0
A001226,0,個人,2015-01-26,0
A001227,0,個人,2015-07-21,0
A001228,0,個人,2021-12-22,0
A001229,0,個人,2016-12-20,0
A001230,0,個人,2021-06-23,0
A001231,0,個人,2011-08-02,0
A001232,0,個人,2012-07-15,0
A001233,0,個人,2011-05-21,0
A001234,0,個人,2013-06-29,0
A001235,0,個人,2020-07-19,0
A001236,0,個人,2018-08-05,0
A001237,0,個人,2014-01-15,0
A001238,0,個人,2008-12-21,0
A001239,0,個人,2006-08-18,0
A001240,0,個人,2026-01-27,0
A001241,0,個人,2012-11-13,0
A001242,0,個人,2013-07-13,0
A001243,0,個人,2008-07-10,0
A001244,0,個人,2014-03-28,0
A001245,0,個人,2024-02-27,0
A001246,0,個人,2021-07-02,0
A001247,0,個人,2007-07-11,0
A001249,0,個人,2019-01-06,0
A001250,0,個人,2013-03-29,0
A001251,0,個人,2016-03-09,0
A001252,0,個人,2020-09-12,0
A001253,0,個人,2021-07-09,0
A001254,0,個人,2013-04-15,0
A001255,0,個人,2007-12-25,0
A001256,0,個人,2011-05-16,0
A001257,0,個人,2006-12-14,0
A001258,0,個人,2024-07-26,0
A001259,0,個人,2018-05-27,0
A001260,0,個人,2023-03-30,0
A001261,0,個人,2026-01-21,0
A001262,0,個人,2007-11-26,0
A001263,0,個人,2009-12-23,0
A001264,0,個人,2023-06-22,0
A001265,0,個人,2011-03-07,0
A001266,0,個人,2026-02-17,0
A001267,0,個人,2020-07-10,0
A001268,0,個人,2024-01-04,0
A001269,0,個人,2010-07-18,0
A001270,0,個人,2016-12-21,0
A001271,0,個人,2026-02-20,0
A001272,0,個人,2014-03-09,0
A001273,0,個人,2015-02-07,0
A001274,0,個人,2010-09-22,0
A001275,0,個人,2014-09-16,0
A001276,0,個人,2014-02-17,0
A001277,0,個人,2023-08-14,0
A001278,0,個人,2012-11-10,0
A001279,0,個人,2006-08-10,0
A001280,0,個人,2024-11-19,0
A001282,0,個人,2014-10-15,0
A001283,0,個人,2021-11-25,0
A001284,0,個人,2022-08-03,0
A001285,0,個人,2009-10-19,0
A001286,0,個人,2024-04-19,0
A001287,0,個人,2007-06-16,0
A001288,0,個人,2022-12-22,0
A001289,0,個人,2012-12-04,0
A001290,0,個人,2008-03-18,0
A001291,0,個人,2015-08-05,0
A001292,0,個人,2023-07-06,0
A001293,0,個人,2020-04-01,0
A001294,0,個人,2021-10-13,0
A001295,0,個人,2022-08-04,0
A001296,0,個人,2013-08-27,0
A001297,0,個人,2019-07-06,0
A001298,0,個人,2010-09-23,0
A001299,0,個人,2007-04-19,0
A001300,0,個人,2022-03-20,0
A001301,0,個人,2014-05-24,0
A001302,0,個人,2013-01-12,0
A001303,0,個人,2021-03-11,0
A001304,0,個人,2018-10-04,0
A001306,0,個人,2007-07-26,0
A001307,0,個人,2017-04-22,0
A001308,0,個人,2016-07-30,569
A001309,0,個人,2022-07-11,0
A001310,0,個人,2014-01-02,0
A001311,0,個人,2011-02-11,0
A001313,0,個人,2017-12-03,0
A001314,0,個人,2016-05-11,0
A001315,0,個人,2009-04-14,0
A001316,0,個人,2021-02-13,0
A001317,0,個人,2010-05-14,0
A001318,0,個人,2013-10-18,0
A001319,0,個人,2022-12-31,0
A001320,0,個人,2014-01-07,0
A001321,0,個人,2012-05-31,0
A001322,0,個人,2020-08-13,0
A001323,0,個人,2006-02-24,0
A001324,0,個人,2006-01-28,0
A001325,0,個人,2011-06-30,0
A001326,0,個人,2016-11-12,0
A001327,0,個人,2019-04-16,0
A001328,0,個人,2007-10-31,0
A001329,0,個人,2023-09-20,0
A001330,0,個人,2014-08-22,0
A001331,0,個人,2015-02-23,0
A001332,0,個人,2022-08-31,0
A001333,0,個人,2021-11-12,0
A001334,0,個人,2014-06-21,0
A001335,0,個人,2019-02-18,0
A001336,0,個人,2019-02-17,0
A001337,0,個人,2014-12-15,0
A001338,0,個人,2024-12-28,0
A001339,0,個人,2016-11-02,0
A001342,0,個人,2017-04-22,0
A001343,0,個人,2016-09-08,0
A001344,0,個人,2006-07-03,0
A001345,0,個人,2012-09-28,0
A001346,0,個人,2010-04-28,0
A001347,0,個人,2008-01-26,0
A001349,0,個人,2006-12-27,0
A001350,0,個人,2016-01-15,0
A001351,0,個人,2013-02-28,0
A001352,0,個人,2017-10-29,0
A001353,0,個人,2007-08-14,0
A001354,0,個人,2022-04-22,0
A001355,0,個人,2023-01-03,0
A001356,0,個人,2026-02-18,0
A001357,0,個人,2012-01-27,0
A001358,0,個人,2017-07-07,0
A001359,0,個人,2017-10-29,0
A001360,0,個人,2011-04-27,0
A001361,0,個人,2007-09-02,0
A001362,0,個人,2011-11-10,0
A001363,0,個人,2006-08-19,0
A001364,0,個人,2022-09-02,0
A001365,0,個人,2009-01-02,0
A001366,0,個人,2024-12-16,0
A001368,0,個人,2012-02-10,0
A001369,0,個人,2009-04-23,0
A001370,0,個人,2014-01-19,0
A001371,0,個人,2008-09-01,0
A001372,0,個人,2007-05-20,0
A001373,0,個人,2021-12-12,0
A001374,0,個人,2008-05-29,0
A001375,0,個人,2015-06-19,0
A001376,0,個人,2018-07-24,0
A001377,0,個人,2024-03-26,0
A001378,0,個人,2008-07-25,0
A001379,0,個人,2009-02-25,0
A001380,0,個人,2008-01-06,0
A001381,0,個人,2010-09-29,0
A001382,0,個人,2011-11-10,0
A001383,0,個人,2016-02-26,0
A001384,0,個人,2013-06-23,0
A001385,0,個人,2024-01-26,0
A001386,0,個人,2008-12-28,0
A001387,0,個人,2010-04-24,0
A001388,0,個人,2021-02-09,0
A001389,0,個人,2024-08-29,0
A001390,0,個人,2015-01-02,0
A001391,0,個人,2024-10-01,0
A001392,0,個人,2024-09-18,0
A001393,0,個人,2014-03-02,0
A001394,0,個人,2017-04-27,0
A001395,0,個人,2024-02-16,0
A001396,0,個人,2009-05-18,0
A001397,0,個人,2010-11-14,0
A001398,0,個人,2016-12-27,0
A001399,0,個人,2006-02-04,0
A001400,0,個人,2024-12-17,0
A001401,0,個人,2006-12-29,0
A001402,0,個人,2013-10-29,0
A001403,0,個人,2014-03-23,0
A001404,0,個人,2016-10-04,0
A001405,0,個人,2019-09-10,0
A001406,0,個人,2021-03-16,0
A001407,0,個人,2022-12-31,0
A001408,0,個人,2009-12-22,0
A001409,0,個人,2010-05-29,0
A001410,0,個人,2017-11-04,0
A001411,0,個人,2012-11-07,0
A001412,0,個人,2021-09-26,0
A001413,0,個人,2013-08-08,0
A001414,0,個人,2023-12-21,0
A001415,0,個人,2006-05-14,0
A001416,0,個人,2010-12-07,0
A001417,0,個人,2021-01-23,0
A001418,0,個人,2022-11-11,0
A001419,0,個人,2011-01-12,0
A001420,0,個人,2012-11-02,0
A001421,0,個人,2017-09-17,0
A001422,0,個人,2007-04-05,0
A001423,0,個人,2024-10-11,0
A001424,0,個人,2012-08-05,0
A001425,0,個人,2006-03-25,0
A001426,0,個人,2014-02-18,0
A001427,0,個人,2007-12-23,0
A001428,0,個人,2019-05-14,0
A001429,0,個人,2007-01-12,0
A001430,0,個人,2008-04-24,0
A001431,0,個人,2014-07-07,0
A001432,0,個人,2022-02-28,0
A001433,0,個人,2008-12-11,0
A001434,0,個人,2019-10-24,0
A001435,0,個人,2011-06-24,0
A001436,0,個人,2017-05-22,0
A001438,0,個人,2022-03-11,0
A001439,0,個人,2016-11-16,0
A001440,0,個人,2022-11-07,0
A001441,0,個人,2016-03-21,0
A001442,0,個人,2021-04-09,0
A001443,0,個人,2010-10-02,0
A001444,0,個人,2019-11-23,0
A001445,0,個人,2006-01-16,0
A001446,0,個人,2008-04-01,0
A001447,0,個人,2024-11-12,0
A001448,0,個人,2013-08-07,0
A001449,0,個人,2022-04-11,0
A001450,0,個人,2009-09-22,0
A001451,0,個人,2018-02-26,0
A001452,0,個人,2012-03-11,0
A001453,0,個人,2007-08-19,0
A001454,0,個人,2024-03-30,0
A001455,0,個人,2009-06-13,0
A001456,0,個人,2020-05-22,0
A001457,0,個人,2018-08-16,0
A001458,0,個人,2015-06-17,0
A001459,0,個人,2026-01-16,0
A001460,0,個人,2010-07-03,0
A001461,0,個人,2018-06-12,0
A001462,0,個人,2006-10-29,0
A001463,0,個人,2024-05-04,0
A001464,0,個人,2006-07-31,0
A001465,0,個人,2007-06-14,0
A001466,0,個人,2018-04-18,0
A001467,0,個人,2014-01-12,0
A001468,0,個人,2013-11-21,0
A001469,0,個人,2014-08-25,0
A001470,0,個人,2008-03-11,0
A001471,0,個人,2014-12-30,0
A001472,0,個人,2021-07-01,0
A001474,0,個人,2019-07-26,0
A001475,0,個人,2022-05-28,0
A001476,0,個人,2020-03-15,0
A001477,0,個人,2017-12-13,0
A001478,0,個人,2008-11-17,0
A001479,0,個人,2021-03-12,0
A001480,0,個人,2017-02-12,0
A001481,0,個人,2007-04-04,0
A001483,0,個人,2023-10-27,0
A001484,0,個人,2008-02-03,0
A001485,0,個人,2022-10-07,0
A001487,0,個人,2011-03-07,0
A001488,0,個人,2021-10-28,0
A001489,0,個人,2006-10-19,1591
A001490,0,個人,2007-11-07,0
A001491,0,個人,2009-01-22,0
A001492,0,個人,2006-11-05,0
A001493,0,個人,2021-03-04,0
A001494,0,個人,2016-04-13,0
A001495,0,個人,2010-09-11,0
A001496,0,個人,2013-03-25,0
A001497,0,個人,2021-01-17,0
A001498,0,個人,2011-05-23,0
A001499,0,個人,2018-09-08,0
A001501,0,個人,2020-07-28,0
A001502,0,個人,2021-10-05,0
A001503,0,個人,2023-07-15,0
A001504,0,個人,2008-03-01,0
A001505,0,個人,2008-12-28,0
A001506,0,個人,2011-06-06,0
A001507,0,個人,2021-08-29,0
A001508,0,個人,2020-03-03,0
A001509,0,個人,2017-06-26,0
A001510,0,個人,2012-02-10,0
A001511,0,個人,2022-11-18,0
A001513,0,個人,2021-07-25,0
A001514,0,個人,2022-03-01,0
A001515,0,個人,2010-07-18,0
A001516,0,個人,2009-05-30,0
A001517,0,個人,2019-11-12,0
A001518,0,個人,2011-09-09,0
A001519,0,個人,2012-09-26,0
A001521,0,個人,2016-04-25,0
A001522,0,個人,2013-08-13,0
A001523,0,個人,2015-07-23,0
A001524,0,個人,2009-03-22,0
A001525,0,個人,2011-12-15,0
A001526,0,個人,2012-02-15,0
A001527,0,個人,2021-07-01,0
A001529,0,個人,2012-01-21,0
A001530,0,個人,2021-02-05,0
A001531,0,個人,2022-08-27,0
A001532,0,個人,2022-06-28,0
A001533,0,個人,2014-01-13,0
A001534,0,個人,2014-05-30,0
A001535,0,個人,2006-08-18,0
A001536,0,個人,2009-09-26,0
A001537,0,個人,2016-07-08,0
A001538,0,個人,2013-10-30,0
A001539,0,個人,2012-10-03,0
A001540,0,個人,2008-02-03,0
A001541,0,個人,2017-07-31,0
A001542,0,個人,2013-11-13,0
A001543,0,個人,2008-11-08,0
A001544,0,個人,2021-01-28,0
A001545,0,個人,2009-02-27,0
A001546,0,個人,2008-07-27,0
A001547,0,個人,2012-03-29,0
A001548,0,個人,2016-06-04,0
A001549,0,個人,2011-10-19,0
A001550,0,個人,2019-06-05,0
A001551,0,個人,2024-04-02,0
A001552,0,個人,2012-03-05,0
A001553,0,個人,2019-11-30,0
A001554,0,個人,2011-02-16,0
A001555,0,個人,2007-10-21,0
A001557,0,個人,2017-01-10,0
A001558,0,個人,2006-04-29,0
A001559,0,個人,2012-06-27,0
A001560,0,個人,2026-01-20,0
A001561,0,個人,2009-02-28,0
A001562,0,個人,2008-12-29,0
A001563,0,個人,2018-01-09,0
A001564,0,個人,2008-07-25,0
A001565,0,個人,2021-12-08,0
A001566,0,個人,2010-01-15,0
A001567,0,個人,2008-07-27,0
A001569,0,個人,2015-01-17,0
A001571,0,個人,2023-10-19,0
A001572,0,個人,2016-06-11,0
A001573,0,個人,2019-08-03,0
A001574,0,個人,2010-10-22,0
A001575,0,個人,2011-02-10,0
A001576,0,個人,2017-05-14,0
A001577,0,個人,2010-03-08,0
A001578,0,個人,2016-06-16,0
A001579,0,個人,2022-03-13,0
A001580,0,個人,2011-11-27,0
A001581,0,個人,2019-08-23,0
A001582,0,個人,2008-07-21,267
A001583,0,個人,2020-08-15,0
A001584,0,個人,2006-06-09,0
A001585,0,個人,2024-12-22,0
A001586,0,個人,2007-09-05,0
A001587,0,個人,2018-04-25,0
A001588,0,個人,2024-10-18,0
A001589,0,個人,2012-12-19,0
A001590,0,個人,2024-05-23,0
A001591,0,個人,2020-04-17,0
A001592,0,個人,2020-10-05,0
A001593,0,個人,2012-03-01,0
A001594,0,個人,2011-09-21,0
A001595,0,個人,2009-05-23,0
A001596,0,個人,2020-03-12,0
A001597,0,個人,2020-05-01,0
A001598,0,個人,2012-04-05,0
A001599,0,個人,2024-07-16,0
A001600,0,個人,2008-05-29,0
A001601,0,個人,2013-06-09,0
A001602,0,個人,2011-05-09,0
A001603,0,個人,2012-11-04,0
A001604,0,個人,2017-03-23,0
A001605,0,個人,2020-10-29,0
A001606,0,個人,2013-11-02,0
A001607,0,個人,2012-11-19,0
A001608,0,個人,2014-03-10,0
A001609,0,個人,2021-06-02,0
A001610,0,個人,2015-12-13,0
A001611,0,個人,2016-07-14,0
A001612,0,個人,2007-08-18,0
A001613,0,個人,2015-12-03,0
A001614,0,個人,2014-06-11,0
A001615,0,個人,2014-01-10,0
A001616,0,個人,2020-12-17,0
A001617,0,個人,2006-03-14,0
A001618,0,個人,2024-01-26,0
A001619,0,個人,2026-03-19,0
A001620,0,個人,2019-11-13,0
A001621,0,個人,2017-09-10,0
A001622,0,個人,2024-12-19,0
A001623,0,個人,2014-03-15,0
A001624,0,個人,2022-06-28,0
A001625,0,個人,2018-03-25,0
A001626,0,個人,2015-04-30,0
A001627,0,個人,2009-08-29,0
A001628,0,個人,2019-06-09,0
A001629,0,個人,2020-12-09,0
A001630,0,個人,2012-07-01,0
A001631,0,個人,2006-07-11,0
A001632,0,個人,2012-10-18,0
A001633,0,個人,2008-07-01,0
A001634,0,個人,2020-02-20,0
A001635,0,個人,2015-01-14,0
A001636,0,個人,2012-05-26,0
A001637,0,個人,2007-12-11,0
A001638,0,個人,2010-12-03,0
A001639,0,個人,2023-06-21,0
A001640,0,個人,2012-08-08,0
A001641,0,個人,2013-08-28,0
A001642,0,個人,2019-01-07,0
A001643,0,個人,2017-09-15,0
A001644,0,個人,2024-05-20,0
A001645,0,個人,2013-12-12,0
A001646,0,個人,2020-03-26,0
A001647,0,個人,2013-05-27,0
A001648,0,個人,2012-04-23,0
A001649,0,個人,2015-01-07,0
A001650,0,個人,2013-12-24,0
A001651,0,個人,2020-04-01,0
A001652,0,個人,2006-11-03,0
A001653,0,個人,2013-12-31,0
A001654,0,個人,2009-06-20,0
A001655,0,個人,2021-01-07,0
A001656,0,個人,2014-05-31,0
A001657,0,個人,2023-12-18,0
A001658,0,個人,2020-07-10,0
A001659,0,個人,2010-06-29,0
A001660,0,個人,2013-03-24,0
A001661,0,個人,2023-01-02,0
A001662,0,個人,2010-11-30,0
A001663,0,個人,2024-12-31,0
A001664,0,個人,2016-02-07,0
A001665,0,個人,2026-02-05,0
A001666,0,個人,2019-12-07,0
A001667,0,個人,2007-01-27,0
A001668,0,個人,2011-05-27,0
A001669,0,個人,2014-10-01,0
A001670,0,個人,2019-07-07,0
A001671,0,個人,2021-07-01,0
A001672,0,個人,2013-03-12,0
A001673,0,個人,2015-08-25,0
A001674,0,個人,2012-02-01,0
A001675,0,個人,2017-10-20,0
A001676,0,個人,2007-06-07,0
A001677,0,個人,2015-11-24,0
A001678,0,個人,2009-05-12,0
A001679,0,個人,2008-05-02,0
A001680,0,個人,2013-07-15,0
A001681,0,個人,2015-05-28,0
A001682,0,個人,2024-05-21,0
A001683,0,個人,2013-08-01,0
A001684,0,個人,2011-03-04,0
A001685,0,個人,2018-11-10,0
A001686,0,個人,2011-03-07,0
A001687,0,個人,2011-02-13,0
A001688,0,個人,2022-12-07,0
A001689,0,個人,2013-11-01,0
A001690,0,個人,2012-12-24,0
A001691,0,個人,2008-06-23,0
A001692,0,個人,2017-01-02,0
A001693,0,個人,2007-04-16,0
A001694,0,個人,2015-10-09,0
A001695,0,個人,2020-01-25,0
A001696,0,個人,2022-09-03,0
A001697,0,個人,2017-07-12,0
A001699,0,個人,2019-03-05,0
A001700,0,個人,2012-04-26,0
A001701,0,個人,2007-06-20,0
A001702,0,個人,2007-01-12,0
A001703,0,個人,2008-08-10,0
A001705,0,個人,2007-05-14,0
A001706,0,個人,2020-06-17,0
A001707,0,個人,2018-12-18,0
A001708,0,個人,2020-09-29,0
A001709,0,個人,2021-08-31,0
A001710,0,個人,2009-06-01,0
A001711,0,個人,2016-05-01,0
A001712,0,個人,2013-11-11,0
A001713,0,個人,2011-10-05,0
A001714,0,個人,2017-05-06,1777
A001715,0,個人,2008-09-20,0
A001716,0,個人,2020-02-12,0
A001717,0,個人,2022-08-14,0
A001718,0,個人,2022-06-19,0
A001719,0,個人,2015-01-27,0
A001720,0,個人,2010-12-09,0
A001721,0,個人,2014-06-27,0
A001722,0,個人,2018-01-30,0
A001723,0,個人,2007-03-07,0
A001724,0,個人,2010-07-21,0
A001725,0,個人,2020-07-25,0
A001726,0,個人,2011-11-14,0
A001727,0,個人,2012-10-06,0
A001728,0,個人,2021-12-01,0
A001729,0,個人,2013-11-07,0
A001730,0,個人,2016-05-31,0
A001731,0,個人,2011-09-11,0
A001732,0,個人,2021-02-17,0
A001733,0,個人,2007-07-28,0
A001734,0,個人,2006-08-16,0
A001735,0,個人,2019-02-28,0
A001736,0,個人,2022-09-29,0
A001738,0,個人,2006-03-20,0
A001739,0,個人,2007-07-11,0
A001740,0,個人,2009-12-01,0
A001741,0,個人,2026-03-04,0
A001742,0,個人,2024-03-10,0
A001743,0,個人,2009-12-13,0
A001744,0,個人,2020-05-30,0
A001745,0,個人,2015-08-24,0
A001746,0,個人,2006-03-20,0
A001747,0,個人,2024-06-03,0
A001748,0,個人,2013-05-16,0
A001749,0,個人,2023-09-25,0
A001750,0,個人,2020-08-14,0
A001751,0,個人,2017-12-27,0
A001752,0,個人,2026-02-27,0
A001753,0,個人,2022-05-13,0
A001754,0,個人,2019-01-02,0
A001755,0,個人,2011-09-18,0
A001756,0,個人,2007-01-03,0
A001757,0,個人,2021-09-27,0
A001758,0,個人,2014-02-10,0
A001759,0,個人,2026-02-15,0
A001760,0,個人,2024-10-18,0
A001761,0,個人,2013-12-28,0
A001762,0,個人,2018-06-07,0
A001763,0,個人,2016-11-25,0
A001764,0,個人,2019-04-02,0
A001765,0,個人,2020-05-17,0
A001766,0,個人,2021-02-06,0
A001767,0,個人,2006-02-09,0
A001768,0,個人,2011-08-16,0
A001769,0,個人,2010-11-15,0
A001770,0,個人,2026-03-08,0
A001771,0,個人,2022-09-13,0
A001772,0,個人,2021-11-09,0
A001773,0,個人,2019-08-02,0
A001774,0,個人,2009-05-15,0
A001775,0,個人,2007-06-28,0
A001776,0,個人,2020-10-02,0
A001777,0,個人,2007-03-23,0
A001778,0,個人,2012-01-15,0
A001779,0,個人,2020-05-01,0
A001780,0,個人,2006-11-17,0
A001781,0,個人,2021-04-05,0
A001782,0,個人,2008-03-18,0
A001783,0,個人,2012-05-30,0
A001784,0,個人,2007-09-18,0
A001785,0,個人,2009-08-14,0
A001786,0,個人,2010-12-23,0
A001787,0,個人,2020-06-10,0
A001788,0,個人,2017-04-03,0
A001789,0,個人,2023-03-31,0
A001790,0,個人,2024-05-01,0
A001791,0,個人,2013-06-08,0
A001793,0,個人,2013-05-31,0
A001794,0,個人,2008-12-06,0
A001795,0,個人,2015-05-24,0
A001796,0,個人,2021-10-19,0
A001797,0,個人,2022-11-01,0
A001798,0,個人,2017-10-07,0
A001799,0,個人,2018-06-05,0
A001800,0,個人,2023-05-23,0
A001801,0,個人,2008-04-18,0
A001802,0,個人,2023-10-09,0
A001803,0,個人,2011-07-22,0
A001804,0,個人,2007-10-22,0
A001805,0,個人,2007-04-02,0
A001806,0,個人,2011-07-05,0
A001807,0,個人,2022-06-28,0
A001808,0,個人,2023-10-10,0
A001809,0,個人,2008-09-19,0
A001810,0,個人,2015-02-12,0
A001811,0,個人,2023-01-28,0
A001812,0,個人,2020-07-23,0
A001813,0,個人,2016-07-22,0
A001814,0,個人,2024-09-18,0
A001815,0,個人,2006-04-26,0
A001816,0,個人,2013-08-02,0
A001818,0,個人,2020-10-11,0
A001819,0,個人,2011-01-16,0
A001820,0,個人,2012-08-16,0
A001821,0,個人,2010-04-14,0
A001822,0,個人,2026-01-10,0
A001823,0,個人,2017-07-28,0
A001824,0,個人,2019-07-02,0
A001825,0,個人,2024-10-12,0
A001826,0,個人,2016-12-09,0
A001827,0,個人,2024-03-23,0
A001828,0,個人,2021-05-19,0
A001829,0,個人,2022-11-17,0
A001830,0,個人,2010-09-02,0
A001831,0,個人,2024-10-19,0
A001832,0,個人,2014-04-26,0
A001833,0,個人,2011-05-01,0
A001834,0,個人,2014-09-02,0
A001835,0,個人,2020-11-24,0
A001836,0,個人,2012-12-18,0
A001837,0,個人,2020-12-07,0
A001838,0,個人,2017-06-06,0
A001839,0,個人,2006-01-30,0
A001841,0,個人,2008-07-12,0
A001842,0,個人,2012-01-20,0
A001843,0,個人,2006-02-27,0
A001844,0,個人,2026-02-15,0
A001845,0,個人,2018-09-25,0
A001846,0,個人,2019-07-01,0
A001847,0,個人,2017-02-15,0
A001848,0,個人,2012-09-14,0
A001849,0,個人,2012-11-26,0
A001850,0,個人,2009-01-18,0
A001851,0,個人,2021-06-20,0
A001852,0,個人,2023-03-02,0
A001853,0,個人,2019-09-28,0
A001854,0,個人,2021-09-14,0
A001855,0,個人,2012-01-05,0
A001856,0,個人,2012-08-03,0
A001857,0,個人,2023-04-19,0
A001858,0,個人,2018-07-11,0
A001859,0,個人,2014-08-02,0
A001860,0,個人,2019-02-26,0
A001861,0,個人,2010-07-17,0
A001862,0,個人,2008-01-09,0
A001863,0,個人,2017-02-17,0
A001864,0,個人,2023-09-11,0
A001865,0,個人,2022-11-18,0
A001866,0,個人,2018-01-07,0
A001867,0,個人,2022-01-29,0
A001868,0,個人,2018-02-22,0
A001869,0,個人,2012-03-13,0
A001870,0,個人,2012-06-04,707
A001871,0,個人,2023-01-27,0
A001872,0,個人,2006-04-01,0
A001873,0,個人,2017-12-27,0
A001874,0,個人,2024-01-30,0
A001875,0,個人,2013-03-21,0
A001876,0,個人,2016-03-26,0
A001877,0,個人,2006-05-06,0
A001878,0,個人,2018-07-30,0
A001879,0,個人,2006-04-10,0
A001880,0,個人,2022-12-10,1167
A001881,0,個人,2012-02-23,0
A001882,0,個人,2013-02-14,0
A001883,0,個人,2019-09-27,0
A001884,0,個人,2017-03-12,0
A001885,0,個人,2021-10-16,0
A001886,0,個人,2020-02-11,0
A001887,0,個人,2020-01-04,0
A001888,0,個人,2008-10-29,0
A001889,0,個人,2011-11-15,0
A001890,0,個人,2019-02-07,0
A001891,0,個人,2013-11-19,0
A001892,0,個人,2008-10-27,0
A001893,0,個人,2010-01-20,0
A001894,0,個人,2015-01-25,0
A001895,0,個人,2021-05-08,0
A001896,0,個人,2022-09-25,0
A001898,0,個人,2011-08-05,0
A001899,0,個人,2007-06-05,0
A001900,0,個人,2015-04-06,0
A001901,0,個人,2018-05-26,0
A001902,0,個人,2007-01-09,0
A001903,0,個人,2009-08-20,0
A001904,0,個人,2023-09-10,0
A001905,0,個人,2012-05-24,0
A001906,0,個人,2008-04-03,0
A001907,0,個人,2017-11-16,0
A001908,0,個人,2022-11-20,0
A001909,0,個人,2020-01-27,0
A001910,0,個人,2016-10-19,0
A001911,0,個人,2015-02-01,0
A001912,0,個人,2021-08-02,0
A001913,0,個人,2022-02-11,0
A001914,0,個人,2015-02-10,0
A001915,0,個人,2019-03-11,0
A001916,0,個人,2020-06-30,0
A001917,0,個人,2022-05-13,0
A001919,0,個人,2018-06-21,0
A001920,0,個人,2017-02-04,0
A001921,0,個人,2007-12-05,0
A001922,0,個人,2018-06-05,0
A001923,0,個人,2006-02-27,0
A001924,0,個人,2022-04-11,0
A001925,0,個人,2010-03-07,0
A001926,0,個人,2015-06-10,0
A001927,0,個人,2023-08-29,0
A001928,0,個人,2019-12-30,0
A001929,0,個人,2007-09-08,0
A001930,0,個人,2015-07-12,0
A001931,0,個人,2021-08-21,0
A001932,0,個人,2024-01-31,0
A001933,0,個人,2006-09-20,0
A001934,0,個人,2018-11-04,0
A001935,0,個人,2014-03-31,0
A001936,0,個人,2017-05-03,0
A001937,0,個人,2022-10-26,0
A001938,0,個人,2019-06-25,0
A001939,0,個人,2008-08-14,0
A001940,0,個人,2014-08-28,0
A001941,0,個人,2017-04-18,0
A001942,0,個人,2021-08-22,0
A001943,0,個人,2024-12-28,0
A001944,0,個人,2017-05-05,0
A001945,0,個人,2017-12-25,0
A001946,0,個人,2014-04-07,0
A001947,0,個人,2024-11-22,0
A001948,0,個人,2018-04-29,0
A001949,0,個人,2019-07-01,0
A001950,0,個人,2016-12-04,0
A001952,0,個人,2020-06-25,0
A001953,0,個人,2018-05-05,0
A001954,0,個人,2024-06-25,0
A001955,0,個人,2019-11-22,0
A001956,0,個人,2012-10-03,0
A001957,0,個人,2023-10-04,0
A001958,0,個人,2009-12-18,0
A001959,0,個人,2011-11-06,0
A001960,0,個人,2019-04-15,0
A001961,0,個人,2016-07-08,0
A001962,0,個人,2021-02-06,0
A001964,0,個人,2013-02-27,0
A001965,0,個人,2009-12-05,0
A001966,0,個人,2009-05-28,0
A001967,0,個人,2008-05-31,0
A001969,0,個人,2010-03-15,0
A001970,0,個人,2019-07-07,0
A001971,0,個人,2018-02-08,0
A001972,0,個人,2021-03-31,0
A001973,0,個人,2019-09-15,0
A001974,0,個人,2010-12-31,0
A001975,0,個人,2023-07-06,0
A001976,0,個人,2019-02-09,0
A001977,0,個人,2019-07-24,0
A001978,0,個人,2015-03-07,0
A001979,0,個人,2011-03-16,0
A001980,0,個人,2016-08-02,0
A001981,0,個人,2010-01-15,0
A001982,0,個人,2020-09-05,0
A001983,0,個人,2015-06-13,0
A001984,0,個人,2023-12-30,0
A001985,0,個人,2007-02-07,0
A001986,0,個人,2012-02-06,0
A001987,0,個人,2020-08-03,0
A001988,0,個人,2009-12-11,0
A001989,0,個人,2021-11-01,0
A001990,0,個人,2022-07-07,0
A001991,0,個人,2015-08-07,0
A001992,0,個人,2018-06-04,0
A001993,0,個人,2013-02-06,0
A001994,0,個人,2007-12-07,0
A001996,0,個人,2022-11-16,0
A001997,0,個人,2015-02-20,0
A001998,0,個人,2010-03-30,0
A001999,0,個人,2012-04-08,0
A002001,0,個人,2015-06-02,0
A002003,0,個人,2011-07-26,0
A002004,0,個人,2008-02-24,0
A002005,0,個人,2011-05-08,0
A002006,0,個人,2011-11-01,0
A002007,0,個人,2007-12-22,0
A002008,0,個人,2019-12-23,0
A002009,0,個人,2017-08-31,0
A002010,0,個人,2013-02-22,0
A002011,0,個人,2020-06-11,0
A002012,0,個人,2011-10-06,0
A002013,0,個人,2012-01-16,0
A002014,0,個人,2008-06-21,0
A002015,0,個人,2009-09-16,0
A002018,0,個人,2026-03-09,0
A002019,0,個人,2020-07-11,0
A002020,0,個人,2017-03-16,0
A002021,0,個人,2012-04-23,0
A002022,0,個人,2019-07-09,0
A002023,0,個人,2019-04-26,0
A002024,0,個人,2013-03-03,0
A002025,0,個人,2023-01-11,0
A002026,0,個人,2015-02-28,0
A002027,0,個人,2014-04-24,0
A002028,0,個人,2008-06-21,0
A002029,0,個人,2021-03-06,0
A002030,0,個人,2008-07-28,0
A002031,0,個人,2006-09-06,0
A002032,0,個人,2013-06-21,0
A002033,0,個人,2006-11-22,0
A002034,0,個人,2017-11-09,0
A002035,0,個人,2011-06-14,0
A002036,0,個人,2013-03-03,0
A002037,0,個人,2006-03-05,0
A002038,0,個人,2012-09-05,0
A002039,0,個人,2008-08-06,0
A002040,0,個人,2019-12-08,0
A002041,0,個人,2009-03-22,0
A002042,0,個人,2016-08-07,0
A002043,0,個人,2021-01-10,0
A002044,0,個人,2023-04-23,0
A002045,0,個人,2013-07-10,0
A002046,0,個人,2008-06-01,0
A002047,0,個人,2016-08-03,0
A002048,0,個人,2014-01-30,0
A002049,0,個人,2024-09-30,0
A002050,0,個人,2016-01-05,0
A002051,0,個人,2011-09-10,0
A002052,0,個人,2009-01-31,0
A002053,0,個人,2017-11-05,0
A002054,0,個人,2024-09-04,0
A002055,0,個人,2013-08-12,0
A002056,0,個人,2009-12-19,0
A002057,0,個人,2023-06-19,0
A002058,0,個人,2026-01-16,0
A002059,0,個人,2014-06-10,0
A002060,0,個人,2009-10-20,0
A002061,0,個人,2010-05-05,0
A002062,0,個人,2019-11-03,0
A002063,0,個人,2008-06-09,0
A002064,0,個人,2024-07-25,0
A002065,0,個人,2019-02-12,0
A002066,0,個人,2024-10-26,0
A002067,0,個人,2006-11-23,0
A002068,0,個人,2014-04-23,0
A002069,0,個人,2017-03-24,0
A002070,0,個人,2007-06-08,0
A002071,0,個人,2022-09-25,0
A002072,0,個人,2015-11-07,0
A002073,0,個人,2012-04-16,0
A002074,0,個人,2024-03-11,0
A002075,0,個人,2024-11-08,0
A002076,0,個人,2023-03-21,0
A002077,0,個人,2012-12-28,0
A002078,0,個人,2014-07-30,0
A002079,0,個人,2012-12-09,0
A002080,0,個人,2006-09-10,0
A002081,0,個人,2014-11-22,0
A002082,0,個人,2013-05-26,0
A002083,0,個人,2014-08-07,0
A002084,0,個人,2020-08-26,0
A002085,0,個人,2021-06-08,0
A002086,0,個人,2021-10-11,0
A002087,0,個人,2020-12-23,0
A002088,0,個人,2007-01-02,0
A002089,0,個人,2012-02-07,0
A002090,0,個人,2015-07-02,0
A002091,0,個人,2012-01-10,0
A002092,0,個人,2014-02-10,0
A002093,0,個人,2009-08-14,0
A002094,0,個人,2014-02-16,0
A002095,0,個人,2022-03-02,0
A002096,0,個人,2018-10-24,0
A002097,0,個人,2010-02-28,0
A002098,0,個人,2019-09-08,0
A002100,0,個人,2015-07-22,0
A002101,0,個人,2012-08-08,0
A002102,0,個人,2023-08-25,0
A002103,0,個人,2019-02-14,0
A002104,0,個人,2015-12-14,0
A002105,0,個人,2012-09-07,0
A002106,0,個人,2006-11-19,0
A002107,0,個人,2022-02-16,0
A002109,0,個人,2017-01-30,0
A002110,0,個人,2013-03-17,0
A002111,0,個人,2015-06-01,0
A002112,0,個人,2019-03-30,0
A002113,0,個人,2008-03-09,0
A002114,0,個人,2022-04-11,0
A002115,0,個人,2020-10-16,0
A002116,0,個人,2009-02-02,0
A002117,0,個人,2023-12-07,0
A002118,0,個人,2022-01-16,0
A002119,0,個人,2018-11-14,0
A002120,0,個人,2013-12-12,0
A002121,0,個人,2020-01-30,0
A002122,0,個人,2009-03-10,0
A002123,0,個人,2014-08-17,0
A002124,0,個人,2020-03-12,0
A002125,0,個人,2016-07-27,0
A002126,0,個人,2020-07-31,0
A002127,0,個人,2018-02-13,0
A002128,0,個人,2007-12-31,0
A002129,0,個人,2022-06-16,0
A002130,0,個人,2009-11-19,0
A002132,0,個人,2007-02-25,0
A002133,0,個人,2012-06-18,0
A002134,0,個人,2014-01-01,0
A002135,0,個人,2016-06-17,0
A002136,0,個人,2011-03-04,0
A002137,0,個人,2024-08-05,0
A002139,0,個人,2008-07-15,0
A002140,0,個人,2010-07-05,0
A002141,0,個人,2026-03-02,0
A002142,0,個人,2015-06-07,0
A002143,0,個人,2018-02-06,0
A002145,0,個人,2020-08-01,0
A002146,0,個人,2009-08-30,0
A002147,0,個人,2019-07-25,0
A002148,0,個人,2020-12-12,0
A002149,0,個人,2023-04-24,0
A002150,0,個人,2022-10-19,0
A002151,0,個人,2012-07-08,0
A002152,0,個人,2016-05-07,0
A002153,0,個人,2026-02-05,0
A002154,0,個人,2009-01-26,0
A002155,0,個人,2020-12-04,0
A002156,0,個人,2020-08-05,0
A002157,0,個人,2013-11-19,0
A002158,0,個人,2010-09-08,0
A002159,0,個人,2017-01-28,0
A002160,0,個人,2021-10-15,0
A002161,0,個人,2011-07-04,0
A002162,0,個人,2010-04-08,0
A002163,0,個人,2013-04-30,0
A002164,0,個人,2007-01-01,0
A002165,0,個人,2013-07-10,0
A002166,0,個人,2020-06-30,0
A002167,0,個人,2015-01-23,0
A002168,0,個人,2011-12-21,0
A002169,0,個人,2009-07-12,0
A002170,0,個人,2024-04-17,0
A002171,0,個人,2014-04-20,0
A002172,0,個人,2016-07-20,0
A002173,0,個人,2008-07-26,0
A002174,0,個人,2006-11-22,0
A002175,0,個人,2017-05-25,0
A002176,0,個人,2021-08-15,0
A002177,0,個人,2009-01-12,0
A002178,0,個人,2017-06-20,0
A002179,0,個人,2016-07-10,0
A002180,0,個人,2013-03-10,0
A002181,0,個人,2008-04-10,0
A002182,0,個人,2019-04-11,0
A002183,0,個人,2007-01-06,0
A002184,0,個人,2024-09-30,0
A002185,0,個人,2024-08-05,0
A002186,0,個人,2016-04-12,0
A002187,0,個人,2016-02-28,0
A002188,0,個人,2008-09-16,0
A002189,0,個人,2020-10-28,0
A002190,0,個人,2006-08-22,0
A002191,0,個人,2022-08-03,0
A002192,0,個人,2012-12-01,0
A002193,0,個人,2007-02-05,0
A002194,0,個人,2009-08-01,0
A002195,0,個人,2011-04-05,0
A002196,0,個人,2010-03-31,0
A002197,0,個人,2006-01-24,0
A002198,0,個人,2026-01-18,0
A002199,0,個人,2006-01-06,0
A002200,0,個人,2008-06-26,0
A002201,0,個人,2012-11-23,0
A002202,0,個人,2008-10-15,0
A002203,0,個人,2019-09-29,0
A002204,0,個人,2007-07-13,0
A002205,0,個人,2016-09-27,0
A002206,0,個人,2019-08-31,0
A002207,0,個人,2013-05-19,0
A002208,0,個人,2022-08-28,0
A002209,0,個人,2011-03-04,0
A002210,0,個人,2007-12-24,0
A002211,0,個人,2022-02-20,0
A002212,0,個人,2020-05-20,0
A002213,0,個人,2024-04-18,0
A002214,0,個人,2017-10-05,0
A002215,0,個人,2008-06-07,0
A002216,0,個人,2012-05-23,0
A002218,0,個人,2014-04-08,0
A002219,0,個人,2024-01-16,0
A002221,0,個人,2009-04-27,0
A002222,0,個人,2019-10-07,0
A002223,0,個人,2010-10-26,0
A002224,0,個人,2024-07-05,0
A002225,0,個人,2009-05-05,0
A002226,0,個人,2018-07-01,0
A002227,0,個人,2019-04-14,0
A002228,0,個人,2016-10-22,0
A002229,0,個人,2016-12-28,0
A002230,0,個人,2022-06-30,0
A002231,0,個人,2019-06-09,0
A002232,0,個人,2017-09-06,0
A002233,0,個人,2022-06-17,0
A002234,0,個人,2006-02-15,0
A002235,0,個人,2016-01-03,0
A002236,0,個人,2009-03-07,0
A002237,0,個人,2019-05-11,0
A002238,0,個人,2015-11-13,0
A002239,0,個人,2009-09-19,0
A002240,0,個人,2021-09-08,0
A002241,0,個人,2017-08-13,0
A002242,0,個人,2006-04-11,0
A002243,0,個人,2022-09-03,0
A002244,0,個人,2007-08-08,0
A002245,0,個人,2007-09-20,0
A002246,0,個人,2017-06-14,0
A002247,0,個人,2024-12-12,0
A002248,0,個人,2010-10-23,0
A002249,0,個人,2007-12-16,0
A002250,0,個人,2013-01-09,0
A002251,0,個人,2020-12-08,0
A002252,0,個人,2006-11-14,0
A002253,0,個人,2017-01-20,0
A002254,0,個人,2013-12-10,0
A002255,0,個人,2018-11-22,0
A002256,0,個人,2009-10-20,0
A002257,0,個人,2019-10-29,0
A002258,0,個人,2006-07-03,0
A002259,0,個人,2007-10-12,0
A002260,0,個人,2007-07-21,0
A002261,0,個人,2006-08-07,0
A002262,0,個人,2024-10-16,0
A002263,0,個人,2010-07-01,0
A002264,0,個人,2008-05-03,0
A002265,0,個人,2020-07-21,0
A002266,0,個人,2010-07-18,0
A002267,0,個人,2008-09-02,0
A002268,0,個人,2015-02-15,0
A002269,0,個人,2008-08-30,0
A002270,0,個人,2007-07-18,0
A002271,0,個人,2009-12-14,0
A002272,0,個人,2023-01-29,0
A002273,0,個人,2022-11-12,0
A002274,0,個人,2015-03-17,0
A002275,0,個人,2018-04-30,0
A002276,0,個人,2024-10-19,0
A002277,0,個人,2006-04-28,0
A002278,0,個人,2009-12-23,0
A002279,0,個人,2014-09-29,0
A002280,0,個人,2024-02-09,0
A002281,0,個人,2024-01-13,0
A002282,0,個人,2024-12-15,0
A002283,0,個人,2024-02-01,0
A002284,0,個人,2023-09-06,0
A002285,0,個人,2008-07-10,0
A002286,0,個人,2022-01-10,0
A002287,0,個人,2024-04-02,0
A002288,0,個人,2011-10-04,0
A002289,0,個人,2016-03-03,0
A002290,0,個人,2006-09-26,0
A002291,0,個人,2013-10-17,0
A002292,0,個人,2016-11-12,0
A002293,0,個人,2015-11-16,0
A002294,0,個人,2013-11-20,0
A002295,0,個人,2020-10-17,0
A002296,0,個人,2011-09-11,0
A002297,0,個人,2016-07-01,0
A002298,0,個人,2021-08-31,0
A002299,0,個人,2006-05-08,0
A002300,0,個人,2021-11-01,0
A002301,0,個人,2007-06-28,0
A002302,0,個人,2015-06-03,0
A002303,0,個人,2024-03-07,0
A002305,0,個人,2013-03-13,0
A002306,0,個人,2018-01-25,0
A002307,0,個人,2013-10-01,0
A002308,0,個人,2012-03-17,0
A002309,0,個人,2012-04-12,0
A002310,0,個人,2024-06-08,0
A002311,0,個人,2016-02-09,0
A002312,0,個人,2020-10-25,0
A002313,0,個人,2012-07-08,0
A002314,0,個人,2007-12-19,0
A002315,0,個人,2023-09-04,0
A002316,0,個人,2007-10-27,0
A002317,0,個人,2013-04-10,0
A002318,0,個人,2009-09-03,0
A002320,0,個人,2024-07-24,0
A002321,0,個人,2010-01-13,0
A002322,0,個人,2015-11-16,0
A002323,0,個人,2018-01-29,0
A002324,0,個人,2008-11-18,0
A002325,0,個人,2020-03-31,0
A002326,0,個人,2011-12-02,0
A002327,0,個人,2013-11-21,0
A002328,0,個人,2018-04-14,0
A002329,0,個人,2013-04-01,0
A002330,0,個人,2009-04-04,0
A002331,0,個人,2013-06-22,0
A002332,0,個人,2008-05-20,0
A002333,0,個人,2019-03-23,0
A002334,0,個人,2013-01-18,0
A002335,0,個人,2012-07-15,0
A002336,0,個人,2011-12-26,0
A002337,0,個人,2022-08-29,0
A002338,0,個人,2015-01-31,0
A002339,0,個人,2011-01-04,0
A002340,0,個人,2007-10-20,0
A002341,0,個人,2014-05-18,0
A002342,0,個人,2014-09-05,0
A002343,0,個人,2017-01-04,0
A002344,0,個人,2022-08-27,0
A002345,0,個人,2022-09-23,0
A002346,0,個人,2021-07-03,0
A002347,0,個人,2007-09-09,0
A002348,0,個人,2007-07-30,0
A002349,0,個人,2010-04-18,0
A002350,0,個人,2007-11-15,0
A002351,0,個人,2008-05-28,0
A002352,0,個人,2024-10-17,0
A002353,0,個人,2012-08-06,0
A002355,0,個人,2011-03-04,1083
A002356,0,個人,2017-09-22,0
A002357,0,個人,2019-05-04,0
A002358,0,個人,2011-09-07,0
A002359,0,個人,2015-10-11,0
A002360,0,個人,2009-10-04,0
A002361,0,個人,2021-03-13,0
A002362,0,個人,2023-12-27,0
A002363,0,個人,2016-01-22,0
A002364,0,個人,2023-12-12,0
A002365,0,個人,2022-01-26,0
A002366,0,個人,2014-11-28,0
A002367,0,個人,2020-04-28,0
A002368,0,個人,2010-01-23,0
A002369,0,個人,2014-10-31,0
A002370,0,個人,2008-10-01,0
A002371,0,個人,2017-04-07,0
A002372,0,個人,2012-12-15,0
A002373,0,個人,2006-09-30,0
A002374,0,個人,2009-12-15,0
A002375,0,個人,2006-08-20,0
A002376,0,個人,2016-07-26,0
A002377,0,個人,2006-07-19,0
A002378,0,個人,2018-10-31,0
A002380,0,個人,2015-01-16,0
A002381,0,個人,2021-11-30,0
A002382,0,個人,2015-08-26,0
A002383,0,個人,2018-12-07,0
A002384,0,個人,2013-11-08,0
A002385,0,個人,2014-06-25,0
A002386,0,個人,2024-05-04,0
A002387,0,個人,2019-06-16,0
A002388,0,個人,2018-04-17,0
A002389,0,個人,2011-08-02,0
A002390,0,個人,2010-05-30,0
A002391,0,個人,2020-12-17,0
A002392,0,個人,2017-05-26,0
A002393,0,個人,2015-11-25,0
A002394,0,個人,2013-09-07,0
A002395,0,個人,2013-01-21,0
A002396,0,個人,2020-02-21,0
A002397,0,個人,2021-05-05,0
A002398,0,個人,2011-07-11,0
A002399,0,個人,2009-07-08,0
A002401,0,個人,2016-04-29,0
A002402,0,個人,2026-01-30,0
A002403,0,個人,2020-07-30,0
A002404,0,個人,2011-01-14,0
A002405,0,個人,2022-06-08,0
A002406,0,個人,2020-08-08,0
A002407,0,個人,2015-01-27,0
A002408,0,個人,2021-02-12,0
A002409,0,個人,2024-04-03,0
A002410,0,個人,2016-05-03,0
A002411,0,個人,2010-07-22,0
A002413,0,個人,2011-07-08,0
A002414,0,個人,2023-03-25,0
A002416,0,個人,2006-09-30,0
A002417,0,個人,2022-10-17,0
A002418,0,個人,2020-11-11,0
A002419,0,個人,2021-09-14,0
A002420,0,個人,2020-06-03,0
A002421,0,個人,2009-09-20,0
A002422,0,個人,2024-07-18,0
A002423,0,個人,2022-02-08,0
A002424,0,個人,2017-02-20,0
A002425,0,個人,2018-05-11,0
A002426,0,個人,2017-02-11,0
A002427,0,個人,2018-07-20,0
A002428,0,個人,2022-11-06,0
A002429,0,個人,2010-05-10,0
A002430,0,個人,2006-02-03,0
A002431,0,個人,2026-01-07,0
A002432,0,個人,2014-01-23,0
A002433,0,個人,2019-07-29,0
A002434,0,個人,2017-08-04,0
A002435,0,個人,2020-02-11,0
A002436,0,個人,2013-07-05,0
A002437,0,個人,2018-08-12,0
A002438,0,個人,2022-08-05,0
A002439,0,個人,2006-08-11,0
A002440,0,個人,2014-05-09,0
A002441,0,個人,2017-11-22,0
A002442,0,個人,2009-12-12,0
A002443,0,個人,2018-11-05,0
A002444,0,個人,2007-09-07,0
A002445,0,個人,2016-12-07,0
A002446,0,個人,2011-02-17,0
A002447,0,個人,2014-05-10,0
A002448,0,個人,2026-01-24,0
A002449,0,個人,2007-03-13,0
A002450,0,個人,2023-04-11,0
A002451,0,個人,2018-07-21,0
A002452,0,個人,2023-02-17,0
A002453,0,個人,2019-01-21,0
A002455,0,個人,2014-03-01,0
A002456,0,個人,2023-06-28,0
A002457,0,個人,2010-01-25,0
A002458,0,個人,2011-12-14,0
A002459,0,個人,2012-07-14,0
A002460,0,個人,2024-09-10,0
A002461,0,個人,2010-09-19,0
A002462,0,個人,2013-06-24,0
A002463,0,個人,2006-05-11,0
A002464,0,個人,2021-11-15,0
A002465,0,個人,2020-03-03,0
A002466,0,個人,2020-07-31,0
A002467,0,個人,2022-09-05,0
A002468,0,個人,2019-11-17,0
A002469,0,個人,2011-10-21,0
A002470,0,個人,2010-03-25,0
A002471,0,個人,2007-08-16,0
A002472,0,個人,2008-05-09,0
A002473,0,個人,2018-04-04,0
A002474,0,個人,2017-05-31,0
A002475,0,個人,2019-03-18,0
A002476,0,個人,2023-02-24,0
A002477,0,個人,2013-04-08,0
A002479,0,個人,2023-01-04,0
A002480,0,個人,2015-06-20,0
A002481,0,個人,2019-02-07,0
A002482,0,個人,2016-02-15,0
A002483,0,個人,2018-12-03,0
A002484,0,個人,2018-03-10,0
A002485,0,個人,2010-10-29,0
A002486,0,個人,2013-09-23,0
A002487,0,個人,2012-12-16,0
A002488,0,個人,2018-06-13,0
A002489,0,個人,2011-04-08,0
A002490,0,個人,2019-01-06,0
A002491,0,個人,2022-10-29,0
A002492,0,個人,2008-12-01,0
A002493,0,個人,2022-10-23,0
A002494,0,個人,2014-08-29,0
A002495,0,個人,2019-04-10,0
A002496,0,個人,2023-12-07,0
A002497,0,個人,2014-10-31,0
A002498,0,個人,2020-06-18,0
A002499,0,個人,2008-03-15,0
A002500,0,個人,2017-07-26,0
A002501,0,個人,2013-09-14,0
A002502,0,個人,2007-08-11,0
A002503,0,個人,2010-06-25,0
A002504,0,個人,2015-07-29,0
A002505,0,個人,2022-08-03,0
A002506,0,個人,2014-12-14,0
A002507,0,個人,2023-11-11,0
A002508,0,個人,2015-09-04,0
A002509,0,個人,2015-02-03,0
A002510,0,個人,2014-08-30,0
A002511,0,個人,2021-05-04,0
A002512,0,個人,2023-12-08,0
A002513,0,個人,2014-09-16,0
A002514,0,個人,2014-09-27,0
A002515,0,個人,2011-11-16,0
A002516,0,個人,2015-12-21,0
A002517,0,個人,2014-03-24,0
A002518,0,個人,2007-12-30,0
A002519,0,個人,2010-12-21,0
A002520,0,個人,2009-08-21,0
A002521,0,個人,2006-03-08,0
A002522,0,個人,2026-02-06,0
A002523,0,個人,2013-11-26,0
A002524,0,個人,2007-01-11,0
A002525,0,個人,2019-10-21,0
A002526,0,個人,2008-11-16,0
A002527,0,個人,2024-07-09,0
A002528,0,個人,2017-06-20,0
A002529,0,個人,2009-09-12,0
A002530,0,個人,2009-05-04,0
A002531,0,個人,2024-04-18,0
A002532,0,個人,2006-10-26,0
A002533,0,個人,2026-01-27,0
A002534,0,個人,2016-08-31,0
A002535,0,個人,2006-11-05,0
A002536,0,個人,2026-03-04,0
A002537,0,個人,2017-02-08,0
A002538,0,個人,2006-04-25,0
A002540,0,個人,2020-04-20,0
A002541,0,個人,2008-01-05,0
A002542,0,個人,2014-04-24,0
A002543,0,個人,2022-11-21,0
A002544,0,個人,2021-02-05,0
A002545,0,個人,2019-08-02,0
A002546,0,個人,2017-05-10,0
A002547,0,個人,2009-12-29,0
A002548,0,個人,2021-02-08,0
A002549,0,個人,2022-06-28,0
A002550,0,個人,2014-07-18,0
A002551,0,個人,2007-03-23,0
A002552,0,個人,2017-10-15,0
A002553,0,個人,2006-10-08,0
A002554,0,個人,2016-09-04,0
A002555,0,個人,2022-01-23,0
A002556,0,個人,2024-01-23,0
A002557,0,個人,2009-07-27,0
A002558,0,個人,2022-06-23,0
A002559,0,個人,2011-08-09,0
A002560,0,個人,2026-01-10,0
A002561,0,個人,2009-05-27,0
A002562,0,個人,2015-10-17,0
A002563,0,個人,2016-04-08,0
A002564,0,個人,2011-12-31,0
A002565,0,個人,2007-11-09,0
A002566,0,個人,2019-03-13,0
A002567,0,個人,2017-09-10,0
A002568,0,個人,2009-05-22,0
A002569,0,個人,2016-09-08,0
A002570,0,個人,2021-10-15,0
A002571,0,個人,2017-06-13,0
A002572,0,個人,2006-07-31,0
A002574,0,個人,2017-12-16,0
A002576,0,個人,2009-10-23,0
A002577,0,個人,2014-09-30,0
A002578,0,個人,2007-09-26,0
A002579,0,個人,2021-05-20,0
A002580,0,個人,2011-10-05,0
A002581,0,個人,2021-04-12,0
A002582,0,個人,2009-11-28,0
A002583,0,個人,2010-08-02,0
A002584,0,個人,2006-09-04,490
A002585,0,個人,2020-12-29,0
A002586,0,個人,2014-05-12,0
A002587,0,個人,2012-12-21,0
A002588,0,個人,2013-09-12,0
A002589,0,個人,2021-12-08,0
A002590,0,個人,2014-12-12,0
A002591,0,個人,2022-09-03,0
A002592,0,個人,2016-08-21,0
A002593,0,個人,2006-09-19,0
A002594,0,個人,2022-06-11,0
A002595,0,個人,2024-10-04,0
A002596,0,個人,2023-05-23,0
A002597,0,個人,2014-05-29,0
A002598,0,個人,2015-08-15,0
A002599,0,個人,2021-01-28,0
A002600,0,個人,2010-10-05,0
A002601,0,個人,2018-03-10,0
A002602,0,個人,2017-01-22,0
A002603,0,個人,2014-09-15,0
A002604,0,個人,2020-05-11,0
A002605,0,個人,2012-09-08,0
A002606,0,個人,2016-04-26,0
A002607,0,個人,2007-01-19,0
A002608,0,個人,2022-03-07,0
A002609,0,個人,2021-05-27,0
A002610,0,個人,2017-03-03,0
A002611,0,個人,2006-07-07,0
A002612,0,個人,2017-04-05,0
A002613,0,個人,2026-01-27,0
A002614,0,個人,2022-10-22,0
A002615,0,個人,2010-07-10,0
A002616,0,個人,2009-03-09,0
A002617,0,個人,2009-06-16,0
A002618,0,個人,2017-10-19,0
A002619,0,個人,2012-05-03,0
A002620,0,個人,2015-12-03,0
A002621,0,個人,2011-07-17,0
A002624,0,個人,2007-07-21,0
A002625,0,個人,2019-01-02,0
A002626,0,個人,2007-08-03,0
A002627,0,個人,2017-03-24,0
A002628,0,個人,2013-10-01,0
A002629,0,個人,2013-06-02,0
A002630,0,個人,2019-07-06,0
A002631,0,個人,2012-02-12,0
A002632,0,個人,2010-03-27,0
A002633,0,個人,2018-02-22,0
A002634,0,個人,2010-08-14,0
A002635,0,個人,2019-03-22,0
A002637,0,個人,2024-03-02,0
A002638,0,個人,2007-04-17,0
A002639,0,個人,2022-03-26,0
A002640,0,個人,2018-11-02,0
A002641,0,個人,2007-11-01,0
A002642,0,個人,2015-01-05,0
A002643,0,個人,2008-06-10,0
A002644,0,個人,2013-07-15,0
A002645,0,個人,2011-06-05,0
A002646,0,個人,2016-08-31,0
A002647,0,個人,2016-08-27,0
A002648,0,個人,2017-10-29,0
A002649,0,個人,2018-07-23,0
A002650,0,個人,2018-10-07,0
A002651,0,個人,2016-04-09,0
A002652,0,個人,2020-04-11,0
A002653,0,個人,2014-07-03,0
A002654,0,個人,2023-02-09,0
A002655,0,個人,2016-02-28,0
A002656,0,個人,2014-04-24,0
A002657,0,個人,2012-01-21,0
A002658,0,個人,2021-09-22,0
A002659,0,個人,2021-07-22,0
A002660,0,個人,2012-11-06,0
A002661,0,個人,2021-10-23,0
A002662,0,個人,2010-11-11,0
A002663,0,個人,2018-06-17,0
A002664,0,個人,2026-02-02,0
A002665,0,個人,2015-01-01,0
A002666,0,個人,2014-07-24,0
A002667,0,個人,2021-10-27,0
A002668,0,個人,2026-02-19,0
A002669,0,個人,2016-02-28,0
A002670,0,個人,2016-02-23,0
A002671,0,個人,2019-11-08,0
A002672,0,個人,2026-03-04,0
A002673,0,個人,2024-02-03,0
A002674,0,個人,2018-02-22,0
A002675,0,個人,2013-09-23,0
A002676,0,個人,2024-12-01,0
A002677,0,個人,2009-11-05,0
A002678,0,個人,2024-12-14,0
A002679,0,個人,2012-01-19,0
A002680,0,個人,2015-04-02,0
A002681,0,個人,2006-09-26,0
A002682,0,個人,2006-07-21,0
A002683,0,個人,2019-11-07,0
A002684,0,個人,2008-03-01,0
A002685,0,個人,2007-05-21,0
A002686,0,個人,2015-08-28,0
A002687,0,個人,2008-07-13,0
A002688,0,個人,2010-01-03,0
A002689,0,個人,2014-07-30,0
A002690,0,個人,2012-09-11,0
A002691,0,個人,2013-05-31,0
A002692,0,個人,2008-03-31,0
A002694,0,個人,2024-06-30,0
A002695,0,個人,2007-08-17,0
A002696,0,個人,2008-12-10,0
A002697,0,個人,2008-09-03,0
A002698,0,個人,2015-08-02,0
A002699,0,個人,2007-05-28,0
A002700,0,個人,2015-08-19,0
A002701,0,個人,2017-05-15,0
A002702,0,個人,2011-12-13,0
A002703,0,個人,2014-07-02,0
A002704,0,個人,2024-04-20,0
A002705,0,個人,2008-02-24,0
A002706,0,個人,2024-01-16,0
A002707,0,個人,2022-04-12,0
A002708,0,個人,2018-05-12,0
A002709,0,個人,2009-07-23,0
A002710,0,個人,2018-02-19,0
A002712,0,個人,2011-12-16,0
A002713,0,個人,2016-08-20,0
A002714,0,個人,2010-09-13,0
A002715,0,個人,2023-02-16,0
A002716,0,個人,2020-07-14,0
A002717,0,個人,2015-06-25,0
A002719,0,個人,2016-03-13,0
A002720,0,個人,2017-10-11,0
A002721,0,個人,2019-08-16,0
A002723,0,個人,2014-05-14,0
A002724,0,個人,2018-12-30,0
A002725,0,個人,2012-02-01,0
A002727,0,個人,2021-09-04,0
A002728,0,個人,2021-06-29,0
A002729,0,個人,2016-08-18,0
A002730,0,個人,2022-03-18,0
A002731,0,個人,2009-02-24,0
A002732,0,個人,2015-08-05,0
A002733,0,個人,2019-08-20,0
A002734,0,個人,2019-11-12,0
A002736,0,個人,2018-05-26,0
A002737,0,個人,2023-07-11,0
A002738,0,個人,2013-11-04,0
A002739,0,個人,2019-01-08,0
A002740,0,個人,2006-11-20,0
A002741,0,個人,2013-07-23,0
A002742,0,個人,2017-04-13,0
A002743,0,個人,2019-04-12,0
A002744,0,個人,2021-04-25,0
A002745,0,個人,2006-01-25,0
A002746,0,個人,2016-04-12,0
A002747,0,個人,2018-04-18,0
A002748,0,個人,2011-07-20,0
A002749,0,個人,2012-08-21,0
A002750,0,個人,2020-06-10,0
A002751,0,個人,2021-10-03,0
A002752,0,個人,2010-04-04,0
A002753,0,個人,2017-04-19,0
A002754,0,個人,2015-02-05,0
A002755,0,個人,2013-12-23,0
A002756,0,個人,2020-09-08,0
A002757,0,個人,2012-02-25,0
A002758,0,個人,2009-05-09,0
A002759,0,個人,2014-05-01,0
A002760,0,個人,2023-06-09,0
A002761,0,個人,2016-10-22,0
A002762,0,個人,2009-09-09,0
A002763,0,個人,2009-01-20,0
A002764,0,個人,2021-10-08,0
A002765,0,個人,2026-02-18,0
A002766,0,個人,2019-11-29,0
A002767,0,個人,2019-12-31,0
A002768,0,個人,2014-06-21,0
A002769,0,個人,2018-03-25,0
A002770,0,個人,2018-11-30,0
A002771,0,個人,2009-08-23,0
A002772,0,個人,2024-09-18,0
A002773,0,個人,2014-04-13,0
A002774,0,個人,2021-12-19,0
A002775,0,個人,2009-07-15,0
A002776,0,個人,2011-08-24,0
A002777,0,個人,2014-02-16,1055
A002778,0,個人,2026-02-20,0
A002779,0,個人,2012-01-14,0
A002780,0,個人,2010-04-30,0
A002781,0,個人,2011-08-26,0
A002782,0,個人,2014-11-24,0
A002783,0,個人,2014-12-22,0
A002784,0,個人,2017-01-07,0
A002785,0,個人,2006-03-21,0
A002786,0,個人,2017-08-07,0
A002787,0,個人,2017-04-12,0
A002788,0,個人,2023-02-02,0
A002789,0,個人,2016-12-10,0
A002790,0,個人,2007-06-05,0
A002791,0,個人,2024-05-16,0
A002792,0,個人,2011-05-22,0
A002793,0,個人,2007-06-21,0
A002794,0,個人,2012-03-20,0
A002795,0,個人,2018-04-06,0
A002796,0,個人,2020-04-01,0
A002797,0,個人,2018-02-11,0
A002798,0,個人,2020-02-17,0
A002799,0,個人,2015-03-12,0
A002800,0,個人,2023-05-25,0
A002801,0,個人,2021-02-08,0
A002802,0,個人,2021-04-16,1674
A002803,0,個人,2010-01-13,0
A002804,0,個人,2009-03-07,0
A002805,0,個人,2010-11-05,0
A002806,0,個人,2015-12-31,0
A002807,0,個人,2006-03-05,0
A002808,0,個人,2023-12-08,0
A002809,0,個人,2007-11-11,0
A002810,0,個人,2021-06-26,0
A002811,0,個人,2010-04-09,0
A002812,0,個人,2009-11-09,0
A002813,0,個人,2013-08-20,0
A002814,0,個人,2011-05-04,0
A002815,0,個人,2019-10-07,0
A002816,0,個人,2016-10-11,0
A002817,0,個人,2013-12-27,0
A002818,0,個人,2011-06-14,0
A002819,0,個人,2015-07-09,0
A002820,0,個人,2014-08-31,0
A002821,0,個人,2021-08-23,0
A002822,0,個人,2007-10-27,0
A002824,0,個人,2026-02-23,0
A002825,0,個人,2009-01-27,0
A002826,0,個人,2012-03-04,0
A002827,0,個人,2026-01-22,0
A002828,0,個人,2011-03-17,0
A002829,0,個人,2019-07-06,0
A002830,0,個人,2015-09-28,0
A002832,0,個人,2006-02-06,0
A002833,0,個人,2010-07-11,0
A002834,0,個人,2014-10-02,0
A002835,0,個人,2009-05-31,0
A002836,0,個人,2013-02-13,0
A002837,0,個人,2015-04-13,0
A002838,0,個人,2008-06-19,0
A002839,0,個人,2021-06-06,0
A002840,0,個人,2026-01-24,0
A002841,0,個人,2006-06-09,0
A002842,0,個人,2014-01-04,0
A002843,0,個人,2014-12-25,0
A002844,0,個人,2018-10-27,0
A002845,0,個人,2007-04-11,0
A002846,0,個人,2014-07-08,0
A002847,0,個人,2026-03-20,0
A002849,0,個人,2023-07-24,0
A002850,0,個人,2019-06-04,0
A002851,0,個人,2023-12-26,0
A002852,0,個人,2016-11-09,0
A002853,0,個人,2018-09-26,0
A002854,0,個人,2018-10-03,0
A002855,0,個人,2014-01-01,0
A002856,0,個人,2020-07-10,0
A002857,0,個人,2023-10-17,0
A002858,0,個人,2010-02-16,0
A002859,0,個人,2010-04-28,0
A002861,0,個人,2009-05-30,0
A002862,0,個人,2013-07-29,0
A002863,0,個人,2006-03-09,0
A002864,0,個人,2017-03-10,0
A002865,0,個人,2009-04-22,0
A002866,0,個人,2010-06-08,0
A002867,0,個人,2022-09-11,0
A002868,0,個人,2007-01-25,0
A002869,0,個人,2019-11-26,0
A002870,0,個人,2019-03-09,0
A002871,0,個人,2007-05-04,0
A002872,0,個人,2010-06-16,0
A002873,0,個人,2013-08-09,0
A002874,0,個人,2006-06-17,0
A002875,0,個人,2013-02-24,0
A002877,0,個人,2010-07-31,0
A002878,0,個人,2018-11-24,0
A002880,0,個人,2018-07-31,0
A002881,0,個人,2017-05-25,0
A002882,0,個人,2023-02-19,0
A002883,0,個人,2011-11-21,0
A002884,0,個人,2016-12-18,0
A002885,0,個人,2010-11-01,0
A002886,0,個人,2012-11-11,0
A002887,0,個人,2010-09-24,0
A002888,0,個人,2026-02-13,0
A002889,0,個人,2026-01-30,0
A002890,0,個人,2016-12-09,0
A002891,0,個人,2007-02-22,0
A002892,0,個人,2007-02-11,0
A002893,0,個人,2020-04-17,0
A002894,0,個人,2011-05-15,0
A002895,0,個人,2018-01-22,0
A002896,0,個人,2018-09-11,0
A002897,0,個人,2022-04-07,0
A002898,0,個人,2015-01-17,0
A002899,0,個人,2022-03-18,0
A002900,0,個人,2024-01-05,0
A002901,0,個人,2024-06-08,0
A002902,0,個人,2022-03-14,0
A002903,0,個人,2023-05-06,0
A002904,0,個人,2018-08-16,0
A002905,0,個人,2008-01-25,0
A002906,0,個人,2021-09-28,0
A002907,0,個人,2024-09-16,0
A002908,0,個人,2008-01-11,0
A002909,0,個人,2009-06-05,0
A002910,0,個人,2013-05-10,0
A002912,0,個人,2022-08-23,0
A002913,0,個人,2012-02-12,0
A002914,0,個人,2026-01-03,0
A002915,0,個人,2008-01-10,0
A002916,0,個人,2010-07-20,0
A002917,0,個人,2009-12-08,0
A002918,0,個人,2019-06-08,0
A002919,0,個人,2019-03-16,0
A002920,0,個人,2024-06-24,0
A002921,0,個人,2014-04-11,0
A002922,0,個人,2021-05-16,0
A002924,0,個人,2020-06-04,0
A002926,0,個人,2014-05-09,0
A002927,0,個人,2008-03-31,0
A002928,0,個人,2024-02-03,0
A002929,0,個人,2016-08-13,0
A002930,0,個人,2009-02-07,0
A002931,0,個人,2016-12-15,0
A002932,0,個人,2011-12-07,0
A002933,0,個人,2014-12-05,0
A002935,0,個人,2006-11-11,0
A002936,0,個人,2021-03-19,0
A002937,0,個人,2017-02-04,0
A002938,0,個人,2023-06-07,0
A002939,0,個人,2014-04-07,0
A002940,0,個人,2026-03-07,0
A002941,0,個人,2020-12-13,0
A002942,0,個人,2021-08-03,0
A002943,0,個人,2021-06-14,0
A002944,0,個人,2015-12-18,0
A002945,0,個人,2024-12-11,0
A002946,0,個人,2014-07-17,0
A002947,0,個人,2019-03-12,0
A002948,0,個人,2024-06-27,0
A002949,0,個人,2023-02-28,0
A002950,0,個人,2017-06-22,0
A002952,0,個人,2017-04-29,0
A002953,0,個人,2024-11-27,0
A002954,0,個人,2007-11-23,0
A002955,0,個人,2014-03-31,0
A002956,0,個人,2019-08-14,0
A002957,0,個人,2009-06-13,0
A002958,0,個人,2015-05-03,0
A002959,0,個人,2008-12-20,0
A002960,0,個人,2026-01-21,0
A002961,0,個人,2007-03-07,0
A002962,0,個人,2007-11-23,0
A002963,0,個人,2026-02-22,0
A002964,0,個人,2022-02-20,0
A002965,0,個人,2016-06-03,0
A002966,0,個人,2020-04-01,0
A002967,0,個人,2010-11-02,0
A002968,0,個人,2013-02-22,0
A002969,0,個人,2021-09-09,0
A002970,0,個人,2010-08-22,0
A002971,0,個人,2015-07-11,0
A002972,0,個人,2023-05-18,0
A002973,0,個人,2014-04-05,0
A002974,0,個人,2010-07-24,0
A002975,0,個人,2023-03-14,0
A002976,0,個人,2008-08-16,0
A002977,0,個人,2022-08-01,0
A002978,0,個人,2014-06-07,0
A002979,0,個人,2023-06-07,0
A002980,0,個人,2019-09-07,0
A002981,0,個人,2021-09-06,0
A002982,0,個人,2012-05-26,0
A002983,0,個人,2013-07-22,0
A002984,0,個人,2016-03-17,0
A002985,0,個人,2023-06-07,0
A002986,0,個人,2012-12-24,0
A002987,0,個人,2017-06-15,0
A002988,0,個人,2008-02-08,0
A002989,0,個人,2006-10-06,0
A002990,0,個人,2020-04-01,0
A002992,0,個人,2007-11-08,0
A002993,0,個人,2007-04-18,0
A002994,0,個人,2022-07-20,0
A002995,0,個人,2021-02-21,0
A002996,0,個人,2007-01-10,0
A002997,0,個人,2015-02-09,0
A002998,0,個人,2009-07-18,0
A002999,0,個人,2009-08-20,0
A003000,0,個人,2023-09-05,0
A003001,0,個人,2016-10-17,0
A003002,0,個人,2014-01-27,0
A003003,0,個人,2007-08-28,0
A003004,0,個人,2016-07-16,0
A003005,0,個人,2015-04-07,0
A003006,0,個人,2015-06-09,0
A003007,0,個人,2007-07-04,0
A003008,0,個人,2023-11-06,0
A003009,0,個人,2011-05-02,0
A003010,0,個人,2015-05-16,0
A003011,0,個人,2006-05-05,0
A003012,0,個人,2017-01-16,0
A003013,0,個人,2008-06-07,0
A003014,0,個人,2019-01-27,0
A003015,0,個人,2022-04-29,0
A003016,0,個人,2015-10-23,0
A003017,0,個人,2018-07-26,0
A003018,0,個人,2007-07-08,0
A003019,0,個人,2022-08-14,0
A003020,0,個人,2026-01-09,0
A003021,0,個人,2011-06-22,0
A003022,0,個人,2020-08-12,0
A003023,0,個人,2007-08-03,0
A003024,0,個人,2006-05-09,0
A003025,0,個人,2020-07-14,0
A003026,0,個人,2016-12-14,0
A003027,0,個人,2016-12-18,0
A003028,0,個人,2021-11-22,0
A003029,0,個人,2023-10-09,0
A003030,0,個人,2024-02-03,0
A003031,0,個人,2009-11-18,0
A003032,0,個人,2017-03-06,0
A003033,0,個人,2021-07-01,0
A003034,0,個人,2020-05-15,0
A003035,0,個人,2019-08-28,0
A003036,0,個人,2021-11-29,0
A003037,0,個人,2026-02-01,0
A003038,0,個人,2022-08-14,0
A003039,0,個人,2009-02-09,0
A003040,0,個人,2024-06-24,0
A003041,0,個人,2013-11-14,0
A003042,0,個人,2016-06-28,0
A003043,0,個人,2019-03-15,0
A003044,0,個人,2022-12-23,0
A003045,0,個人,2014-12-15,0
A003046,0,個人,2008-02-20,0
A003047,0,個人,2021-08-16,0
A003048,0,個人,2020-11-02,0
A003049,0,個人,2008-01-17,0
A003050,0,個人,2009-06-23,0
A003051,0,個人,2018-02-25,0
A003052,0,個人,2012-04-11,0
A003053,0,個人,2023-08-14,0
A003054,0,個人,2017-08-10,0
A003055,0,個人,2013-05-13,0
A003056,0,個人,2022-04-16,0
A003057,0,個人,2018-11-19,0
A003058,0,個人,2023-04-05,0
A003059,0,個人,2017-10-11,0
A003061,0,個人,2016-06-03,0
A003062,0,個人,2022-12-03,0
A003063,0,個人,2021-10-04,0
A003064,0,個人,2012-07-30,0
A003065,0,個人,2013-12-01,0
A003066,0,個人,2012-02-23,0
A003067,0,個人,2017-01-29,0
A003068,0,個人,2019-08-22,0
A003069,0,個人,2016-06-02,0
A003070,0,個人,2009-09-01,0
A003071,0,個人,2024-12-13,0
A003072,0,個人,2014-12-17,0
A003073,0,個人,2010-01-03,0
A003074,0,個人,2009-05-09,0
A003075,0,個人,2024-10-23,0
A003077,0,個人,2021-05-23,0
A003078,0,個人,2019-04-30,0
A003079,0,個人,2008-10-04,0
A003080,0,個人,2022-11-22,0
A003081,0,個人,2013-12-29,0
A003082,0,個人,2015-08-01,0
A003083,0,個人,2019-02-09,0
A003084,0,個人,2012-12-22,0
A003085,0,個人,2010-02-19,0
A003086,0,個人,2010-02-16,0
A003087,0,個人,2009-09-09,0
A003088,0,個人,2020-10-18,0
A003089,0,個人,2024-01-21,0
A003090,0,個人,2009-09-26,0
A003091,0,個人,2021-05-20,0
A003092,0,個人,2006-10-28,0
A003093,0,個人,2023-09-17,0
A003094,0,個人,2013-02-15,0
A003095,0,個人,2024-11-19,0
A003096,0,個人,2024-08-02,0
A003097,0,個人,2024-05-26,0
A003098,0,個人,2022-08-09,0
A003099,0,個人,2011-01-06,0
A003100,0,個人,2026-02-01,0
A003101,0,個人,2009-12-13,0
A003102,0,個人,2026-03-02,0
A003103,0,個人,2017-02-11,0
A003104,0,個人,2008-03-01,0
A003105,0,個人,2022-04-08,0
A003106,0,個人,2015-12-10,0
A003107,0,個人,2020-10-12,0
A003108,0,個人,2017-08-18,0
A003109,0,個人,2008-05-06,0
A003110,0,個人,2007-04-12,0
A003111,0,個人,2018-11-29,0
A003112,0,個人,2015-10-13,0
A003113,0,個人,2009-03-07,0
A003114,0,個人,2013-07-28,0
A003115,0,個人,2014-07-01,0
A003116,0,個人,2016-07-07,0
A003117,0,個人,2013-02-08,0
A003118,0,個人,2023-02-20,0
A003119,0,個人,2007-08-16,0
A003120,0,個人,2006-01-17,0
A003121,0,個人,2012-02-15,0
A003122,0,個人,2010-02-26,0
A003123,0,個人,2008-03-09,0
A003124,0,個人,2012-09-20,0
A003125,0,個人,2010-04-05,0
A003126,0,個人,2018-04-25,0
A003127,0,個人,2011-04-10,0
A003128,0,個人,2006-08-02,0
A003129,0,個人,2018-11-07,0
A003130,0,個人,2009-03-21,0
A003132,0,個人,2024-02-12,0
A003133,0,個人,2018-10-24,0
A003134,0,個人,2021-06-24,0
A003135,0,個人,2024-10-01,0
A003136,0,個人,2021-09-23,0
A003137,0,個人,2021-07-28,0
A003138,0,個人,2006-03-19,0
A003139,0,個人,2023-11-17,0
A003140,0,個人,2006-07-16,266
A003141,0,個人,2006-01-07,0
A003142,0,個人,2013-08-29,0
A003143,0,個人,2012-11-10,0
A003144,0,個人,2020-07-06,0
A003145,0,個人,2015-01-28,0
A003146,0,個人,2022-08-31,0
A003147,0,個人,2009-07-16,0
A003148,0,個人,2024-04-18,0
A003149,0,個人,2013-01-25,0
A003150,0,個人,2019-07-03,0
A003151,0,個人,2021-10-08,0
A003152,0,個人,2017-12-31,0
A003153,0,個人,2011-07-24,0
A003154,0,個人,2008-04-29,0
A003155,0,個人,2016-09-04,0
A003156,0,個人,2007-02-27,0
A003157,0,個人,2023-05-25,0
A003158,0,個人,2021-12-27,0
A003159,0,個人,2009-03-14,0
A003160,0,個人,2017-11-05,0
A003161,0,個人,2006-05-17,0
A003162,0,個人,2024-03-30,0
A003163,0,個人,2016-09-03,0
A003164,0,個人,2006-07-18,0
A003165,0,個人,2015-04-30,0
A003166,0,個人,2019-09-17,0
A003167,0,個人,2020-10-10,0
A003168,0,個人,2018-09-27,0
A003169,0,個人,2021-05-20,0
A003170,0,個人,2009-12-13,0
A003171,0,個人,2011-12-15,0
A003172,0,個人,2021-04-02,0
A003173,0,個人,2014-04-08,0
A003174,0,個人,2013-07-18,0
A003175,0,個人,2013-03-08,0
A003176,0,個人,2012-07-25,0
A003177,0,個人,2007-06-28,0
A003178,0,個人,2021-02-09,0
A003179,0,個人,2024-06-01,0
A003180,0,個人,2007-04-25,0
A003181,0,個人,2012-09-04,0
A003182,0,個人,2006-03-20,0
A003184,0,個人,2017-08-12,0
A003185,0,個人,2014-05-06,0
A003186,0,個人,2008-07-13,0
A003187,0,個人,2024-12-04,0
A003188,0,個人,2024-08-14,0
A003189,0,個人,2024-03-21,0
A003190,0,個人,2008-01-29,0
A003191,0,個人,2010-08-11,0
A003192,0,個人,2023-08-05,0
A003193,0,個人,2019-11-03,0
A003194,0,個人,2021-04-22,0
A003195,0,個人,2011-04-20,0
A003196,0,個人,2017-09-07,0
A003197,0,個人,2026-01-13,0
A003198,0,個人,2017-03-15,0
A003199,0,個人,2017-10-24,0
A003200,0,個人,2016-09-18,0
A003202,0,個人,2026-02-09,0
A003203,0,個人,2006-06-05,0
A003204,0,個人,2010-12-03,0
A003205,0,個人,2016-12-21,0
A003206,0,個人,2008-10-07,0
A003207,0,個人,2009-04-04,0
A003208,0,個人,2012-03-13,0
A003209,0,個人,2016-01-29,0
A003210,0,個人,2022-09-16,0
A003212,0,個人,2024-06-07,0
A003213,0,個人,2019-01-19,0
A003214,0,個人,2021-05-17,0
A003215,0,個人,2021-08-27,0
A003217,0,個人,2026-01-30,0
A003218,0,個人,2019-08-11,0
A003219,0,個人,2008-05-25,0
A003220,0,個人,2023-04-25,0
A003221,0,個人,2006-03-26,283
A003222,0,個人,2014-08-11,0
A003223,0,個人,2024-12-09,0
A003224,0,個人,2021-12-19,0
A003225,0,個人,2015-10-08,0
A003226,0,個人,2023-01-26,0
A003227,0,個人,2015-11-01,0
A003228,0,個人,2022-09-01,0
A003229,0,個人,2021-12-30,0
A003230,0,個人,2016-01-14,0
A003231,0,個人,2017-10-05,0
A003232,0,個人,2019-05-15,0
A003233,0,個人,2018-08-23,0
A003234,0,個人,2007-08-20,0
A003235,0,個人,2010-12-16,0
A003236,0,個人,2024-09-14,0
A003237,0,個人,2013-02-04,0
A003238,0,個人,2024-08-31,0
A003239,0,個人,2013-01-06,0
A003240,0,個人,2018-05-04,0
A003241,0,個人,2009-09-24,0
A003242,0,個人,2010-07-01,0
A003243,0,個人,2009-09-15,0
A003244,0,個人,2024-03-04,0
A003245,0,個人,2012-10-18,0
A003246,0,個人,2012-08-30,0
A003247,0,個人,2013-08-26,0
A003248,0,個人,2021-12-03,0
A003249,0,個人,2017-05-28,0
A003250,0,個人,2017-10-24,0
A003251,0,個人,2019-06-09,0
A003252,0,個人,2026-01-25,0
A003253,0,個人,2020-12-07,0
A003254,0,個人,2010-10-29,0
A003255,0,個人,2010-12-08,0
A003256,0,個人,2018-04-08,0
A003257,0,個人,2024-09-09,0
A003258,0,個人,2013-11-05,0
A003259,0,個人,2008-05-23,0
A003260,0,個人,2015-12-24,0
A003261,0,個人,2022-10-28,0
A003262,0,個人,2014-06-22,0
A003263,0,個人,2008-09-24,0
A003264,0,個人,2021-03-03,0
A003265,0,個人,2007-01-21,0
A003266,0,個人,2014-03-21,0
A003267,0,個人,2019-06-04,0
A003268,0,個人,2013-02-16,0
A003269,0,個人,2012-03-03,0
A003270,0,個人,2007-05-14,0
A003271,0,個人,2016-07-17,0
A003272,0,個人,2010-03-30,0
A003273,0,個人,2023-03-08,0
A003274,0,個人,2023-05-04,0
A003275,0,個人,2021-11-25,0
A003276,0,個人,2012-07-25,0
A003277,0,個人,2018-09-25,0
A003278,0,個人,2008-10-28,0
A003279,0,個人,2006-11-08,0
A003280,0,個人,2024-09-27,0
A003281,0,個人,2018-05-03,0
A003282,0,個人,2024-09-26,0
A003283,0,個人,2021-11-25,0
A003284,0,個人,2013-08-15,0
A003285,0,個人,2016-03-04,0
A003287,0,個人,2014-09-06,0
A003288,0,個人,2015-06-21,0
A003289,0,個人,2010-02-04,0
A003290,0,個人,2007-10-12,0
A003291,0,個人,2016-08-23,0
A003292,0,個人,2017-01-24,0
A003293,0,個人,2026-02-23,0
A003294,0,個人,2009-12-09,0
A003295,0,個人,2016-06-23,0
A003296,0,個人,2018-01-15,0
A003297,0,個人,2013-01-21,0
A003298,0,個人,2009-04-15,0
A003299,0,個人,2019-02-10,0
A003300,0,個人,2024-10-15,0
A003301,0,個人,2021-04-03,0
A003302,0,個人,2014-09-17,0
A003303,0,個人,2018-08-31,0
A003304,0,個人,2018-04-23,0
A003305,0,個人,2012-10-16,0
A003306,0,個人,2010-09-13,0
A003307,0,個人,2021-07-17,0
A003308,0,個人,2012-08-30,0
A003309,0,個人,2013-01-14,0
A003310,0,個人,2021-12-23,0
A003311,0,個人,2021-05-27,0
A003312,0,個人,2022-05-21,0
A003313,0,個人,2017-05-28,0
A003314,0,個人,2019-11-08,0
A003315,0,個人,2020-03-21,0
A003316,0,個人,2009-03-01,0
A003317,0,個人,2011-06-14,0
A003318,0,個人,2015-07-02,0
A003319,0,個人,2011-05-08,0
A003320,0,個人,2012-10-16,0
A003321,0,個人,2009-09-03,0
A003322,0,個人,2021-11-03,0
A003323,0,個人,2012-12-26,0
A003324,0,個人,2015-12-13,0
A003325,0,個人,2010-07-13,0
A003326,0,個人,2008-04-10,1653
A003327,0,個人,2021-10-06,0
A003328,0,個人,2021-09-10,0
A003329,0,個人,2008-12-22,0
A003330,0,個人,2008-10-12,0
A003331,0,個人,2010-10-28,0
A003332,0,個人,2013-10-01,0
A003333,0,個人,2015-11-07,0
A003334,0,個人,2009-09-29,0
A003336,0,個人,2019-09-29,0
A003337,0,個人,2013-10-05,0
A003338,0,個人,2010-07-02,0
A003339,0,個人,2020-02-08,0
A003340,0,個人,2008-01-22,0
A003341,0,個人,2008-05-23,0
A003342,0,個人,2017-06-07,0
A003343,0,個人,2021-01-12,0
A003344,0,個人,2008-11-03,0
A003345,0,個人,2023-05-08,0
A003346,0,個人,2018-05-10,0
A003347,0,個人,2019-04-09,0
A003348,0,個人,2007-01-30,0
A003349,0,個人,2015-01-03,0
A003350,0,個人,2015-09-13,0
A003351,0,個人,2007-05-09,0
A003352,0,個人,2013-06-09,0
A003353,0,個人,2019-09-02,0
A003354,0,個人,2015-06-16,0
A003355,0,個人,2011-02-03,0
A003356,0,個人,2021-09-03,0
A003357,0,個人,2009-07-24,0
A003358,0,個人,2010-10-10,0
A003359,0,個人,2012-07-19,0
A003360,0,個人,2026-01-24,0
A003361,0,個人,2015-12-16,0
A003362,0,個人,2007-10-21,0
A003363,0,個人,2013-03-10,0
A003364,0,個人,2021-03-20,0
A003365,0,個人,2008-06-17,0
A003366,0,個人,2026-01-19,0
A003367,0,個人,2011-06-02,0
A003368,0,個人,2014-04-13,0
A003369,0,個人,2022-01-05,0
A003370,0,個人,2009-04-19,0
A003371,0,個人,2006-10-26,0
A003372,0,個人,2019-09-29,0
A003374,0,個人,2015-07-04,0
A003375,0,個人,2013-05-07,0
A003376,0,個人,2019-08-20,0
A003377,0,個人,2006-02-02,0
A003378,0,個人,2007-01-19,0
A003379,0,個人,2022-03-12,0
A003380,0,個人,2020-12-11,0
A003381,0,個人,2007-07-16,0
A003382,0,個人,2006-04-08,0
A003383,0,個人,2009-11-05,0
A003384,0,個人,2006-03-01,0
A003385,0,個人,2026-02-08,0
A003386,0,個人,2022-06-26,0
A003387,0,個人,2010-12-29,0
A003388,0,個人,2016-09-08,0
A003389,0,個人,2021-05-23,0
A003390,0,個人,2020-10-03,0
A003391,0,個人,2014-02-21,0
A003392,0,個人,2010-09-19,0
A003393,0,個人,2017-08-18,0
A003394,0,個人,2007-05-25,0
A003395,0,個人,2013-10-22,0
A003396,0,個人,2011-09-23,0
A003397,0,個人,2019-01-23,0
A003398,0,個人,2009-06-28,0
A003399,0,個人,2012-01-18,0
A003400,0,個人,2013-03-11,0
A003401,0,個人,2018-06-10,0
A003402,0,個人,2010-06-10,0
A003403,0,個人,2016-08-13,0
A003404,0,個人,2022-06-16,0
A003405,0,個人,2018-06-02,0
A003406,0,個人,2024-11-10,0
A003407,0,個人,2012-01-16,0
A003408,0,個人,2006-05-13,0
A003409,0,個人,2022-07-13,0
A003410,0,個人,2020-05-16,0
A003411,0,個人,2010-05-04,0
A003412,0,個人,2015-10-31,0
A003413,0,個人,2008-11-14,0
A003414,0,個人,2006-03-25,0
A003415,0,個人,2023-06-22,0
A003416,0,個人,2021-12-26,0
A003417,0,個人,2006-01-21,0
A003419,0,個人,2016-05-02,0
A003420,0,個人,2026-01-23,0
A003421,0,個人,2018-07-15,0
A003422,0,個人,2020-08-11,0
A003423,0,個人,2011-04-06,0
A003424,0,個人,2020-07-29,0
A003425,0,個人,2018-06-28,0
A003426,0,個人,2019-08-15,0
A003427,0,個人,2015-11-14,0
A003428,0,個人,2013-09-10,0
A003429,0,個人,2016-08-28,0
A003430,0,個人,2023-03-08,0
A003431,0,個人,2018-12-05,0
A003432,0,個人,2010-12-15,0
A003433,0,個人,2023-03-27,0
A003434,0,個人,2024-10-21,0
A003435,0,個人,2010-11-27,0
A003436,0,個人,2018-12-21,0
A003437,0,個人,2023-10-05,0
A003438,0,個人,2022-11-15,0
A003439,0,個人,2024-05-24,0
A003440,0,個人,2006-12-12,0
A003441,0,個人,2023-12-22,0
A003442,0,個人,2007-06-06,0
A003443,0,個人,2007-06-25,0
A003444,0,個人,2018-05-01,0
A003445,0,個人,2012-10-12,0
A003446,0,個人,2021-07-08,0
A003447,0,個人,2020-06-12,0
A003448,0,個人,2013-08-13,0
A003449,0,個人,2018-09-24,0
A003450,0,個人,2026-02-06,0
A003451,0,個人,2015-08-02,0
A003452,0,個人,2023-03-16,0
A003453,0,個人,2020-06-15,0
A003454,0,個人,2017-04-19,0
A003455,0,個人,2008-03-21,0
A003456,0,個人,2020-04-03,0
A003457,0,個人,2014-06-28,0
A003458,0,個人,2016-11-08,0
A003459,0,個人,2011-03-25,0
A003460,0,個人,2017-08-18,0
A003461,0,個人,2019-10-21,0
A003462,0,個人,2024-10-27,0
A003463,0,個人,2013-11-15,0
A003464,0,個人,2010-03-24,0
A003465,0,個人,2006-09-12,0
A003466,0,個人,2016-08-16,0
A003467,0,個人,2017-05-25,0
A003468,0,個人,2015-06-26,0
A003469,0,個人,2017-09-04,0
A003470,0,個人,2019-07-21,0
A003471,0,個人,2023-06-18,0
A003473,0,個人,2008-01-13,0
A003474,0,個人,2012-02-21,0
A003475,0,個人,2006-06-22,0
A003476,0,個人,2007-06-22,0
A003477,0,個人,2008-04-08,0
A003478,0,個人,2023-12-26,0
A003479,0,個人,2006-12-23,0
A003480,0,個人,2016-07-30,0
A003481,0,個人,2007-10-03,0
A003482,0,個人,2015-03-01,0
A003483,0,個人,2024-05-16,0
A003484,0,個人,2024-11-27,0
A003485,0,個人,2021-06-13,0
A003486,0,個人,2012-08-27,0
A003487,0,個人,2018-04-27,0
A003488,0,個人,2023-02-13,0
A003489,0,個人,2011-03-28,0
A003490,0,個人,2009-11-03,0
A003491,0,個人,2023-05-13,0
A003492,0,個人,2012-10-14,0
A003493,0,個人,2018-03-21,0
A003494,0,個人,2015-11-02,0
A003495,0,個人,2026-01-21,0
A003496,0,個人,2008-07-05,0
A003497,0,個人,2014-09-04,0
A003498,0,個人,2023-07-31,0
A003499,0,個人,2014-01-04,0
A003500,0,個人,2021-01-26,0
A003501,0,個人,2014-02-04,0
A003502,0,個人,2018-05-16,0
A003503,0,個人,2018-09-01,0
A003504,0,個人,2010-07-19,0
A003505,0,個人,2018-07-01,0
A003506,0,個人,2009-06-24,0
A003507,0,個人,2020-04-22,0
A003508,0,個人,2016-05-07,0
A003509,0,個人,2024-12-22,0
A003510,0,個人,2018-11-24,0
A003511,0,個人,2015-05-25,0
A003512,0,個人,2017-05-16,0
A003513,0,個人,2016-01-05,0
A003514,0,個人,2019-05-13,0
A003515,0,個人,2021-02-07,0
A003516,0,個人,2008-08-20,0
A003517,0,個人,2023-11-28,0
A003518,0,個人,2016-03-10,0
A003519,0,個人,2016-02-22,0
A003520,0,個人,2020-09-24,0
A003521,0,個人,2020-10-17,0
A003522,0,個人,2013-05-24,0
A003523,0,個人,2013-06-21,0
A003524,0,個人,2020-09-12,0
A003525,0,個人,2011-10-29,0
A003526,0,個人,2026-03-01,0
A003527,0,個人,2010-07-06,0
A003528,0,個人,2008-12-30,0
A003529,0,個人,2014-01-09,0
A003530,0,個人,2019-12-13,0
A003531,0,個人,2024-03-30,0
A003532,0,個人,2024-01-08,0
A003533,0,個人,2023-09-05,0
A003534,0,個人,2007-03-14,0
A003535,0,個人,2022-10-18,0
A003536,0,個人,2009-09-13,0
A003537,0,個人,2006-07-28,0
A003538,0,個人,2017-08-25,0
A003539,0,個人,2021-07-11,0
A003540,0,個人,2014-10-16,0
A003541,0,個人,2010-01-23,0
A003542,0,個人,2006-01-31,0
A003543,0,個人,2008-11-01,0
A003544,0,個人,2014-04-28,0
A003545,0,個人,2018-05-03,0
A003546,0,個人,2006-11-06,0
A003547,0,個人,2026-03-10,0
A003548,0,個人,2017-11-20,0
A003549,0,個人,2023-09-29,0
A003550,0,個人,2015-10-08,0
A003551,0,個人,2021-11-04,0
A003553,0,個人,2011-09-24,0
A003554,0,個人,2022-11-13,0
A003555,0,個人,2021-05-23,0
A003556,0,個人,2013-11-05,0
A003557,0,個人,2014-07-10,0
A003558,0,個人,2006-04-29,0
A003559,0,個人,2014-08-13,0
A003560,0,個人,2022-09-25,0
A003562,0,個人,2009-07-20,0
A003563,0,個人,2023-05-22,0
A003564,0,個人,2017-12-17,0
A003565,0,個人,2008-05-31,0
A003566,0,個人,2022-10-02,0
A003567,0,個人,2017-12-24,0
A003568,0,個人,2015-03-25,0
A003569,0,個人,2024-01-24,0
A003570,0,個人,2019-09-12,0
A003571,0,個人,2014-03-07,0
A003572,0,個人,2010-04-01,0
A003573,0,個人,2026-02-26,0
A003574,0,個人,2021-09-09,0
A003575,0,個人,2012-05-04,0
A003576,0,個人,2022-01-04,0
A003577,0,個人,2017-07-25,0
A003578,0,個人,2017-05-10,0
A003579,0,個人,2026-02-03,0
A003580,0,個人,2007-07-06,0
A003581,0,個人,2011-01-24,0
A003582,0,個人,2022-10-02,0
A003583,0,個人,2026-03-04,0
A003584,0,個人,2012-04-17,0
A003585,0,個人,2017-09-15,0
A003586,0,個人,2023-03-15,0
A003587,0,個人,2010-06-08,0
A003588,0,個人,2017-10-10,0
A003589,0,個人,2012-03-24,0
A003590,0,個人,2008-11-12,0
A003591,0,個人,2010-08-30,0
A003592,0,個人,2010-06-07,0
A003593,0,個人,2010-10-16,0
A003594,0,個人,2010-11-22,0
A003595,0,個人,2012-04-05,0
A003596,0,個人,2012-12-20,0
A003597,0,個人,2007-03-27,0
A003598,0,個人,2007-04-01,0
A003599,0,個人,2007-12-16,0
A003600,0,個人,2010-07-29,0
A003601,0,個人,2010-09-03,0
A003602,0,個人,2010-12-30,0
A003603,0,個人,2014-03-19,0
A003604,0,個人,2019-03-03,0
A003605,0,個人,2015-11-08,0
A003607,0,個人,2018-08-27,0
A003608,0,個人,2016-12-11,0
A003609,0,個人,2024-06-14,0
A003610,0,個人,2015-04-10,0
A003611,0,個人,2009-11-12,0
A003612,0,個人,2020-09-28,0
A003613,0,個人,2007-01-04,0
A003614,0,個人,2014-10-04,0
A003615,0,個人,2022-09-24,0
A003616,0,個人,2018-10-10,0
A003617,0,個人,2021-11-12,0
A003618,0,個人,2011-10-01,0
A003619,0,個人,2010-08-22,0
A003620,0,個人,2012-05-23,0
A003621,0,個人,2011-12-05,0
A003622,0,個人,2017-08-27,0
A003623,0,個人,2011-03-02,0
A003624,0,個人,2026-01-25,0
A003625,0,個人,2011-04-04,0
A003626,0,個人,2019-03-08,0
A003627,0,個人,2023-04-20,0
A003628,0,個人,2016-11-30,0
A003629,0,個人,2009-12-27,0
A003631,0,個人,2010-12-09,0
A003632,0,個人,2010-02-14,0
A003633,0,個人,2010-12-18,0
A003634,0,個人,2011-06-27,0
A003635,0,個人,2026-01-09,0
A003636,0,個人,2014-02-04,0
A003637,0,個人,2023-03-10,0
A003638,0,個人,2024-07-30,0
A003639,0,個人,2008-09-16,0
A003640,0,個人,2017-03-24,0
A003641,0,個人,2022-09-29,0
A003642,0,個人,2016-07-20,0
A003643,0,個人,2021-04-03,0
A003644,0,個人,2012-04-11,0
A003645,0,個人,2018-06-03,0
A003646,0,個人,2008-06-18,0
A003647,0,個人,2012-09-15,0
A003648,0,個人,2023-05-04,0
A003649,0,個人,2010-08-04,0
A003650,0,個人,2016-07-23,0
A003651,0,個人,2013-01-21,0
A003652,0,個人,2015-11-09,0
A003653,0,個人,2018-06-27,0
A003654,0,個人,2012-12-03,0
A003656,0,個人,2013-05-25,0
A003657,0,個人,2015-01-28,0
A003658,0,個人,2022-04-12,0
A003659,0,個人,2019-10-30,0
A003660,0,個人,2021-01-27,0
A003661,0,個人,2016-02-27,0
A003662,0,個人,2014-01-04,0
A003663,0,個人,2019-09-16,0
A003664,0,個人,2026-01-01,0
A003665,0,個人,2019-06-05,0
A003666,0,個人,2022-02-07,0
A003667,0,個人,2021-12-19,0
A003668,0,個人,2024-08-10,0
A003669,0,個人,2010-01-28,0
A003670,0,個人,2020-05-15,0
A003671,0,個人,2010-11-08,0
A003672,0,個人,2021-12-08,0
A003673,0,個人,2012-11-05,0
A003674,0,個人,2021-01-14,0
A003675,0,個人,2017-11-06,0
A003676,0,個人,2010-07-11,0
A003677,0,個人,2012-05-02,0
A003678,0,個人,2007-12-12,0
A003679,0,個人,2023-07-27,0
A003680,0,個人,2011-07-31,0
A003681,0,個人,2010-12-03,0
A003682,0,個人,2022-09-12,0
A003683,0,個人,2018-06-05,0
A003684,0,個人,2010-09-30,0
A003685,0,個人,2022-12-11,0
A003687,0,個人,2026-01-10,0
A003688,0,個人,2017-03-15,0
A003689,0,個人,2013-07-13,1657
A003691,0,個人,2007-05-09,0
A003692,0,個人,2013-05-03,0
A003693,0,個人,2010-01-14,0
A003694,0,個人,2007-02-11,0
A003695,0,個人,2009-01-26,0
A003696,0,個人,2014-04-13,0
A003697,0,個人,2013-01-24,0
A003698,0,個人,2022-11-09,0
A003699,0,個人,2020-07-12,0
A003700,0,個人,2014-04-18,0
A003701,0,個人,2016-11-30,0
A003702,0,個人,2008-05-22,0
A003703,0,個人,2013-11-03,0
A003704,0,個人,2023-08-29,0
A003705,0,個人,2006-06-17,0
A003706,0,個人,2015-10-03,0
A003707,0,個人,2010-07-04,0
A003708,0,個人,2006-08-15,0
A003709,0,個人,2015-09-13,0
A003710,0,個人,2009-05-15,0
A003711,0,個人,2008-03-16,0
A003712,0,個人,2014-03-03,0
A003713,0,個人,2014-01-26,0
A003714,0,個人,2008-05-06,0
A003715,0,個人,2007-04-15,0
A003716,0,個人,2023-11-10,0
A003717,0,個人,2013-05-29,0
A003718,0,個人,2018-10-14,0
A003719,0,個人,2013-12-07,0
A003720,0,個人,2012-11-03,0
A003721,0,個人,2015-12-15,0
A003722,0,個人,2020-02-11,0
A003723,0,個人,2009-07-11,0
A003724,0,個人,2010-07-02,0
A003725,0,個人,2022-08-26,0
A003726,0,個人,2011-11-20,0
A003727,0,個人,2012-03-12,0
A003729,0,個人,2009-12-13,0
A003730,0,個人,2013-08-14,0
A003731,0,個人,2009-11-27,0
A003732,0,個人,2012-06-23,0
A003733,0,個人,2020-08-30,0
A003734,0,個人,2023-04-09,0
A003735,0,個人,2006-08-22,0
A003736,0,個人,2012-11-27,0
A003737,0,個人,2011-12-20,0
A003738,0,個人,2010-06-17,0
A003739,0,個人,2018-05-15,0
A003740,0,個人,2017-02-02,0
A003741,0,個人,2024-10-01,0
A003742,0,個人,2008-01-30,0
A003743,0,個人,2008-05-27,0
A003744,0,個人,2009-03-05,0
A003745,0,個人,2015-12-09,0
A003746,0,個人,2008-01-06,0
A003747,0,個人,2009-01-27,0
A003748,0,個人,2011-08-20,0
A003749,0,個人,2006-10-23,0
A003750,0,個人,2014-10-08,0
A003751,0,個人,2007-02-08,0
A003752,0,個人,2008-04-23,0
A003753,0,個人,2007-02-01,0
A003754,0,個人,2010-05-26,0
A003755,0,個人,2009-12-29,0
A003756,0,個人,2015-04-26,0
A003757,0,個人,2020-03-26,0
A003758,0,個人,2020-07-16,0
A003759,0,個人,2014-07-22,0
A003760,0,個人,2016-06-26,0
A003761,0,個人,2021-01-25,0
A003762,0,個人,2019-06-27,0
A003763,0,個人,2017-12-09,0
A003764,0,個人,2018-02-21,0
A003765,0,個人,2010-04-04,0
A003766,0,個人,2013-12-20,0
A003767,0,個人,2012-06-23,0
A003768,0,個人,2023-04-09,0
A003769,0,個人,2013-10-04,0
A003770,0,個人,2008-06-10,0
A003771,0,個人,2017-11-26,0
A003772,0,個人,2009-03-21,0
A003773,0,個人,2007-10-24,0
A003774,0,個人,2010-12-22,0
A003775,0,個人,2023-11-12,0
A003776,0,個人,2007-04-21,0
A003777,0,個人,2019-01-12,0
A003778,0,個人,2019-10-22,0
A003779,0,個人,2011-03-22,0
A003780,0,個人,2024-01-19,0
A003781,0,個人,2015-07-05,0
A003782,0,個人,2009-10-26,0
A003783,0,個人,2012-01-29,0
A003784,0,個人,2016-06-19,0
A003785,0,個人,2015-03-17,0
A003786,0,個人,2019-04-01,0
A003787,0,個人,2020-10-15,0
A003788,0,個人,2022-12-23,0
A003789,0,個人,2015-11-09,0
A003790,0,個人,2024-03-16,0
A003791,0,個人,2016-12-05,0
A003792,0,個人,2008-10-17,0
A003793,0,個人,2012-07-06,0
A003795,0,個人,2009-09-19,0
A003796,0,個人,2024-06-02,0
A003797,0,個人,2026-02-16,0
A003798,0,個人,2023-04-18,0
A003799,0,個人,2015-05-22,0
A003800,0,個人,2013-12-15,0
A003801,0,個人,2017-07-16,0
A003802,0,個人,2013-11-15,0
A003803,0,個人,2007-06-11,0
A003804,0,個人,2008-12-05,0
A003805,0,個人,2018-02-07,0
A003806,0,個人,2016-01-11,0
A003807,0,個人,2022-11-27,0
A003808,0,個人,2013-06-29,0
A003809,0,個人,2017-08-14,0
A003810,0,個人,2006-01-12,0
A003811,0,個人,2017-06-27,0
A003812,0,個人,2019-02-23,0
A003813,0,個人,2016-05-08,0
A003814,0,個人,2008-03-25,0
A003816,0,個人,2011-11-25,0
A003817,0,個人,2024-10-23,0
A003818,0,個人,2009-04-16,0
A003819,0,個人,2010-04-29,0
A003820,0,個人,2022-02-27,0
A003822,0,個人,2011-01-21,0
A003823,0,個人,2015-06-08,0
A003824,0,個人,2010-06-14,0
A003825,0,個人,2017-01-17,0
A003826,0,個人,2022-07-30,0
A003827,0,個人,2018-03-10,0
A003828,0,個人,2019-06-24,0
A003829,0,個人,2023-04-29,0
A003830,0,個人,2017-11-14,0
A003831,0,個人,2009-09-28,0
A003832,0,個人,2011-05-25,0
A003833,0,個人,2023-08-14,0
A003834,0,個人,2017-10-15,0
A003836,0,個人,2013-11-23,0
A003837,0,個人,2008-06-01,0
A003838,0,個人,2026-03-06,0
A003839,0,個人,2017-02-03,0
A003840,0,個人,2019-06-24,0
A003841,0,個人,2008-12-21,0
A003843,0,個人,2026-03-04,0
A003844,0,個人,2016-12-20,0
A003845,0,個人,2007-08-30,0
A003846,0,個人,2012-06-20,0
A003847,0,個人,2022-03-28,0
A003848,0,個人,2018-09-27,0
A003849,0,個人,2014-08-05,0
A003850,0,個人,2017-08-04,0
A003851,0,個人,2010-05-03,0
A003852,0,個人,2018-06-27,0
A003853,0,個人,2026-03-02,0
A003854,0,個人,2011-01-11,0
A003855,0,個人,2010-05-01,0
A003856,0,個人,2020-09-17,0
A003857,0,個人,2013-03-03,0
A003858,0,個人,2026-01-31,0
A003859,0,個人,2016-12-01,0
A003860,0,個人,2014-11-17,0
A003861,0,個人,2014-04-27,0
A003862,0,個人,2020-10-25,0
A003863,0,個人,2013-06-25,0
A003864,0,個人,2022-10-08,0
A003865,0,個人,2023-05-05,0
A003867,0,個人,2019-06-18,0
A003868,0,個人,2016-02-02,0
A003869,0,個人,2019-02-05,0
A003870,0,個人,2021-03-29,0
A003871,0,個人,2006-11-21,0
A003872,0,個人,2007-07-31,0
A003873,0,個人,2013-03-10,0
A003874,0,個人,2009-03-06,0
A003875,0,個人,2015-12-20,0
A003876,0,個人,2023-10-26,0
A003877,0,個人,2007-09-28,0
A003878,0,個人,2007-08-28,0
A003879,0,個人,2020-09-28,0
A003880,0,個人,2015-10-03,0
A003881,0,個人,2022-08-27,0
A003882,0,個人,2023-09-01,0
A003883,0,個人,2013-02-28,0
A003884,0,個人,2013-08-18,0
A003886,0,個人,2014-04-10,0
A003887,0,個人,2022-11-27,0
A003888,0,個人,2017-11-25,0
A003889,0,個人,2012-06-27,0
A003890,0,個人,2018-07-28,0
A003891,0,個人,2019-10-31,0
A003892,0,個人,2019-04-29,0
A003893,0,個人,2018-09-23,0
A003895,0,個人,2010-11-13,0
A003896,0,個人,2015-05-06,0
A003897,0,個人,2014-04-14,0
A003898,0,個人,2020-08-30,0
A003899,0,個人,2009-07-20,0
A003900,0,個人,2019-06-24,0
A003901,0,個人,2012-11-17,0
A003902,0,個人,2013-06-15,0
A003904,0,個人,2011-09-17,0
A003905,0,個人,2015-06-03,0
A003906,0,個人,2022-03-18,0
A003907,0,個人,2011-10-03,0
A003908,0,個人,2014-08-11,0
A003909,0,個人,2015-07-18,0
A003910,0,個人,2018-02-22,0
A003912,0,個人,2022-11-19,0
A003913,0,個人,2026-01-01,0
A003914,0,個人,2020-03-18,0
A003915,0,個人,2014-11-08,0
A003916,0,個人,2020-02-20,0
A003917,0,個人,2011-02-24,0
A003918,0,個人,2009-01-03,0
A003919,0,個人,2022-06-17,0
A003920,0,個人,2020-10-31,0
A003921,0,個人,2009-06-23,0
A003922,0,個人,2023-05-24,0
A003923,0,個人,2019-11-08,0
A003924,0,個人,2023-04-11,0
A003925,0,個人,2022-06-17,0
A003926,0,個人,2026-02-26,0
A003927,0,個人,2021-08-09,0
A003928,0,個人,2017-11-24,0
A003929,0,個人,2012-12-03,0
A003930,0,個人,2008-05-20,0
A003931,0,個人,2009-10-02,0
A003932,0,個人,2013-06-11,0
A003933,0,個人,2014-01-20,0
A003934,0,個人,2014-08-17,0
A003935,0,個人,2026-01-21,0
A003936,0,個人,2026-03-15,0
A003937,0,個人,2007-12-26,0
A003938,0,個人,2012-04-29,0
A003939,0,個人,2015-02-05,0
A003940,0,個人,2007-10-01,0
A003941,0,個人,2015-12-13,0
A003942,0,個人,2022-10-18,0
A003943,0,個人,2009-07-25,0
A003944,0,個人,2017-11-27,0
A003945,0,個人,2020-05-13,0
A003946,0,個人,2022-11-21,0
A003947,0,個人,2021-03-21,0
A003949,0,個人,2022-01-10,0
A003950,0,個人,2023-11-11,0
A003951,0,個人,2024-12-22,0
A003952,0,個人,2007-12-28,0
A003953,0,個人,2016-02-20,0
A003954,0,個人,2018-11-06,0
A003955,0,個人,2017-06-10,0
A003956,0,個人,2011-08-11,0
A003957,0,個人,2022-02-21,0
A003958,0,個人,2023-11-14,0
A003959,0,個人,2015-03-10,0
A003960,0,個人,2016-04-20,0
A003961,0,個人,2012-05-20,0
A003962,0,個人,2012-11-12,0
A003963,0,個人,2016-10-09,0
A003964,0,個人,2008-11-24,0
A003965,0,個人,2011-12-13,0
A003966,0,個人,2020-11-13,0
A003967,0,個人,2017-02-28,0
A003968,0,個人,2021-12-14,0
A003969,0,個人,2012-11-18,0
A003970,0,個人,2013-06-28,0
A003973,0,個人,2011-07-14,0
A003974,0,個人,2009-02-15,0
A003975,0,個人,2007-12-11,0
A003976,0,個人,2024-02-06,0
A003977,0,個人,2008-05-05,0
A003978,0,個人,2010-12-08,0
A003979,0,個人,2020-04-04,0
A003980,0,個人,2022-08-29,0
A003981,0,個人,2014-08-31,0
A003982,0,個人,2021-05-21,0
A003983,0,個人,2006-06-10,0
A003984,0,個人,2020-01-09,0
A003985,0,個人,2018-03-12,0
A003986,0,個人,2008-06-17,0
A003987,0,個人,2016-01-29,0
A003988,0,個人,2021-12-27,0
A003989,0,個人,2020-06-12,0
A003990,0,個人,2019-11-26,0
A003991,0,個人,2023-12-12,0
A003993,0,個人,2024-04-25,0
A003994,0,個人,2022-02-17,0
A003995,0,個人,2012-04-12,0
A003996,0,個人,2021-12-15,0
A003997,0,個人,2018-04-22,0
A003998,0,個人,2016-08-14,0
A003999,0,個人,2019-08-24,0
A004000,0,個人,2022-08-09,0
A004001,0,個人,2026-02-28,0
A004002,0,個人,2018-06-23,0
A004003,0,個人,2017-08-17,0
A004004,0,個人,2012-07-20,0
A004005,0,個人,2024-08-02,0
A004006,0,個人,2017-12-05,0
A004007,0,個人,2023-02-09,0
A004008,0,個人,2014-09-06,0
A004009,0,個人,2020-05-20,0
A004010,0,個人,2020-08-12,0
A004011,0,個人,2014-12-21,0
A004012,0,個人,2006-07-21,0
A004013,0,個人,2019-06-02,0
A004014,0,個人,2007-12-29,0
A004015,0,個人,2021-04-03,0
A004016,0,個人,2017-01-31,0
A004017,0,個人,2024-07-03,0
A004018,0,個人,2007-07-19,0
A004019,0,個人,2021-11-02,0
A004020,0,個人,2019-06-27,0
A004021,0,個人,2009-10-13,0
A004022,0,個人,2014-06-02,0
A004023,0,個人,2012-12-27,0
A004024,0,個人,2015-10-08,0
A004025,0,個人,2008-05-08,0
A004026,0,個人,2010-05-04,0
A004027,0,個人,2008-08-18,0
A004028,0,個人,2021-09-30,0
A004029,0,個人,2014-08-10,0
A004030,0,個人,2014-12-29,0
A004031,0,個人,2023-03-25,0
A004032,0,個人,2020-03-13,0
A004033,0,個人,2016-12-25,0
A004034,0,個人,2019-04-12,0
A004035,0,個人,2007-07-26,0
A004036,0,個人,2017-10-20,0
A004037,0,個人,2007-03-28,0
A004038,0,個人,2020-11-08,0
A004039,0,個人,2010-01-01,0
A004040,0,個人,2014-03-25,0
A004041,0,個人,2016-11-19,0
A004042,0,個人,2016-02-04,0
A004043,0,個人,2008-02-23,0
A004044,0,個人,2026-02-27,0
A004045,0,個人,2020-06-21,0
A004046,0,個人,2018-03-08,0
A004047,0,個人,2011-07-05,0
A004048,0,個人,2015-04-23,0
A004049,0,個人,2021-02-17,0
A004050,0,個人,2026-02-04,0
A004051,0,個人,2024-04-22,0
A004052,0,個人,2021-01-15,0
A004053,0,個人,2011-09-29,0
A004054,0,個人,2009-06-22,0
A004055,0,個人,2012-04-14,0
A004058,0,個人,2014-11-08,0
A004059,0,個人,2009-01-26,0
A004060,0,個人,2019-05-24,0
A004061,0,個人,2021-06-28,0
A004062,0,個人,2010-02-16,0
A004063,0,個人,2006-10-27,0
A004064,0,個人,2016-01-14,0
A004065,0,個人,2007-07-17,0
A004066,0,個人,2017-08-30,0
A004067,0,個人,2007-03-12,0
A004068,0,個人,2024-12-18,0
A004069,0,個人,2012-04-06,0
A004070,0,個人,2006-06-26,0
A004071,0,個人,2026-03-15,0
A004072,0,個人,2023-03-08,0
A004073,0,個人,2014-09-03,0
A004074,0,個人,2022-02-01,0
A004075,0,個人,2011-11-28,0
A004076,0,個人,2007-03-29,0
A004077,0,個人,2024-12-11,0
A004078,0,個人,2009-06-13,0
A004079,0,個人,2006-10-14,0
A004080,0,個人,2024-03-15,0
A004081,0,個人,2019-11-14,0
A004082,0,個人,2020-11-03,0
A004083,0,個人,2022-06-10,0
A004084,0,個人,2014-06-18,0
A004085,0,個人,2022-03-11,0
A004086,0,個人,2021-11-16,0
A004087,0,個人,2018-03-02,0
A004088,0,個人,2020-04-19,0
A004089,0,個人,2007-04-04,0
A004090,0,個人,2023-08-06,0
A004091,0,個人,2007-05-11,0
A004092,0,個人,2007-02-19,0
A004093,0,個人,2008-03-31,0
A004094,0,個人,2019-01-23,0
A004095,0,個人,2020-01-28,0
A004096,0,個人,2019-10-28,0
A004097,0,個人,2018-11-28,0
A004098,0,個人,2023-05-24,0
A004099,0,個人,2023-12-01,0
A004100,0,個人,2007-11-09,0
A004101,0,個人,2013-10-01,0
A004102,0,個人,2006-10-29,0
A004103,0,個人,2007-09-24,0
A004104,0,個人,2020-08-29,0
A004105,0,個人,2008-09-19,0
A004106,0,個人,2014-01-07,0
A004107,0,個人,2013-09-17,0
A004108,0,個人,2014-10-02,0
A004109,0,個人,2009-11-25,0
A004110,0,個人,2019-12-02,0
A004111,0,個人,2016-05-06,0
A004112,0,個人,2011-08-17,0
A004113,0,個人,2008-04-23,0
A004114,0,個人,2020-06-28,0
A004115,0,個人,2019-10-16,0
A004116,0,個人,2015-02-06,1169
A004117,0,個人,2019-11-10,0
A004118,0,個人,2019-11-12,0
A004119,0,個人,2010-06-17,0
A004120,0,個人,2018-12-09,0
A004121,0,個人,2017-09-24,0
A004122,0,個人,2006-09-02,0
A004123,0,個人,2008-06-22,0
A004124,0,個人,2017-02-05,0
A004125,0,個人,2009-01-10,0
A004126,0,個人,2008-09-23,0
A004127,0,個人,2022-06-16,0
A004128,0,個人,2018-05-01,0
A004129,0,個人,2010-11-06,0
A004130,0,個人,2007-04-29,0
A004131,0,個人,2013-03-04,1128
A004132,0,個人,2009-10-14,0
A004133,0,個人,2018-06-03,0
A004134,0,個人,2010-01-29,0
A004136,0,個人,2021-11-26,0
A004138,0,個人,2012-10-14,0
A004139,0,個人,2008-08-17,0
A004140,0,個人,2008-12-26,0
A004141,0,個人,2026-03-07,0
A004142,0,個人,2022-04-08,0
A004143,0,個人,2020-11-10,0
A004144,0,個人,2023-11-14,0
A004145,0,個人,2009-11-18,0
A004146,0,個人,2013-08-01,0
A004147,0,個人,2011-07-07,0
A004148,0,個人,2023-12-28,0
A004150,0,個人,2026-02-07,0
A004151,0,個人,2015-07-28,0
A004153,0,個人,2008-02-05,0
A004154,0,個人,2019-02-12,0
A004155,0,個人,2017-09-24,0
A004156,0,個人,2024-05-04,0
A004158,0,個人,2018-08-29,0
A004159,0,個人,2014-01-19,0
A004160,0,個人,2009-02-13,0
A004162,0,個人,2021-06-04,0
A004163,0,個人,2007-09-11,0
A004164,0,個人,2010-10-03,0
A004165,0,個人,2017-04-10,0
A004166,0,個人,2022-08-02,0
A004167,0,個人,2014-01-02,0
A004168,0,個人,2009-06-23,0
A004169,0,個人,2013-08-16,0
A004170,0,個人,2015-11-12,0
A004171,0,個人,2018-08-19,0
A004172,0,個人,2018-05-20,0
A004173,0,個人,2021-10-25,0
A004174,0,個人,2007-03-21,0
A004175,0,個人,2017-10-25,0
A004176,0,個人,2016-06-10,0
A004177,0,個人,2009-02-15,0
A004178,0,個人,2007-01-18,0
A004179,0,個人,2024-05-05,0
A004180,0,個人,2016-09-01,0
A004181,0,個人,2006-12-11,0
A004182,0,個人,2007-05-04,0
A004183,0,個人,2023-05-04,0
A004184,0,個人,2012-03-01,0
A004185,0,個人,2014-02-10,0
A004186,0,個人,2016-02-05,0
A004187,0,個人,2014-01-27,0
A004188,0,個人,2022-12-19,0
A004189,0,個人,2021-06-10,0
A004190,0,個人,2010-01-17,0
A004191,0,個人,2007-02-12,0
A004192,0,個人,2013-04-10,0
A004193,0,個人,2012-08-16,0
A004194,0,個人,2009-04-25,0
A004195,0,個人,2023-07-18,0
A004196,0,個人,2019-10-27,0
A004197,0,個人,2011-07-19,0
A004198,0,個人,2019-12-02,0
A004199,0,個人,2024-08-18,0
A004200,0,個人,2013-09-15,0
A004201,0,個人,2016-07-13,0
A004202,0,個人,2023-10-04,0
A004203,0,個人,2020-11-08,0
A004204,0,個人,2006-12-28,0
A004205,0,個人,2021-07-12,0
A004206,0,個人,2022-01-17,0
A004208,0,個人,2024-10-20,0
A004209,0,個人,2023-06-24,0
A004210,0,個人,2023-02-12,0
A004211,0,個人,2016-06-30,0
A004212,0,個人,2021-07-24,0
A004213,0,個人,2012-12-07,0
A004214,0,個人,2008-03-11,0
A004215,0,個人,2014-10-03,0
A004216,0,個人,2016-10-19,0
A004217,0,個人,2022-10-26,0
A004218,0,個人,2011-02-25,0
A004219,0,個人,2020-07-23,0
A004220,0,個人,2014-03-18,0
A004221,0,個人,2020-09-08,0
A004222,0,個人,2009-03-09,0
A004223,0,個人,2008-10-24,0
A004224,0,個人,2010-02-09,0
A004225,0,個人,2018-12-09,0
A004226,0,個人,2016-09-22,0
A004227,0,個人,2010-01-10,0
A004228,0,個人,2011-07-24,0
A004229,0,個人,2007-04-11,0
A004230,0,個人,2014-04-20,0
A004231,0,個人,2011-04-11,0
A004232,0,個人,2008-08-18,0
A004233,0,個人,2012-02-26,0
A004234,0,個人,2020-01-09,0
A004235,0,個人,2020-12-08,0
A004237,0,個人,2006-05-24,0
A004238,0,個人,2017-09-03,0
A004239,0,個人,2008-06-14,0
A004240,0,個人,2010-04-30,0
A004241,0,個人,2024-08-16,0
A004242,0,個人,2024-02-23,0
A004243,0,個人,2016-02-07,0
A004244,0,個人,2017-01-08,0
A004245,0,個人,2011-01-16,0
A004246,0,個人,2011-08-04,0
A004247,0,個人,2018-08-27,0
A004248,0,個人,2008-12-27,0
A004249,0,個人,2009-08-14,0
A004251,0,個人,2022-05-12,0
A004252,0,個人,2006-08-07,0
A004253,0,個人,2007-05-23,0
A004254,0,個人,2018-07-22,0
A004255,0,個人,2006-08-24,0
A004256,0,個人,2014-03-30,0
A004257,0,個人,2008-03-16,0
A004258,0,個人,2015-02-05,0
A004259,0,個人,2009-10-06,0
A004260,0,個人,2024-09-06,0
A004261,0,個人,2017-07-27,0
A004262,0,個人,2019-01-14,0
A004263,0,個人,2019-06-07,0
A004264,0,個人,2023-03-29,0
A004265,0,個人,2015-09-19,0
A004266,0,個人,2014-10-05,0
A004267,0,個人,2015-06-01,0
A004268,0,個人,2020-04-15,0
A004269,0,個人,2013-05-22,0
A004270,0,個人,2006-02-10,0
A004271,0,個人,2007-11-20,0
A004272,0,個人,2007-02-09,0
A004273,0,個人,2022-12-07,0
A004274,0,個人,2020-07-19,0
A004275,0,個人,2020-12-07,0
A004276,0,個人,2018-09-11,0
A004277,0,個人,2011-05-07,0
A004278,0,個人,2021-08-01,0
A004279,0,個人,2022-09-13,0
A004280,0,個人,2012-04-23,0
A004281,0,個人,2019-10-09,0
A004282,0,個人,2023-10-06,0
A004283,0,個人,2021-03-27,0
A004284,0,個人,2007-10-05,0
A004285,0,個人,2015-06-22,0
A004286,0,個人,2012-09-22,0
A004287,0,個人,2018-07-26,0
A004288,0,個人,2015-03-17,0
A004289,0,個人,2016-01-05,0
A004290,0,個人,2020-11-10,0
A004291,0,個人,2024-01-11,0
A004292,0,個人,2022-04-30,0
A004293,0,個人,2009-05-21,0
A004295,0,個人,2008-07-03,0
A004296,0,個人,2015-06-18,0
A004297,0,個人,2020-02-27,0
A004298,0,個人,2013-02-09,0
A004299,0,個人,2024-12-20,0
A004300,0,個人,2018-04-21,0
A004301,0,個人,2022-10-10,0
A004302,0,個人,2008-03-29,0
A004303,0,個人,2021-01-06,0
A004304,0,個人,2012-05-07,0
A004305,0,個人,2019-11-06,0
A004306,0,個人,2020-10-18,0
A004307,0,個人,2008-03-27,0
A004308,0,個人,2018-07-09,0
A004309,0,個人,2014-04-15,0
A004310,0,個人,2012-03-17,0
A004311,0,個人,2009-08-04,0
A004312,0,個人,2007-05-02,0
A004313,0,個人,2010-11-12,0
A004314,0,個人,2015-10-29,0
A004315,0,個人,2011-07-22,0
A004316,0,個人,2023-10-14,0
A004317,0,個人,2022-08-26,0
A004318,0,個人,2008-03-22,0
A004319,0,個人,2024-11-18,0
A004320,0,個人,2017-12-26,0
A004321,0,個人,2019-04-01,0
A004322,0,個人,2019-06-20,0
A004323,0,個人,2007-10-05,0
A004324,0,個人,2016-10-03,0
A004325,0,個人,2024-02-22,0
A004326,0,個人,2020-09-14,0
A004327,0,個人,2006-07-22,0
A004328,0,個人,2018-07-21,0
A004329,0,個人,2009-07-14,0
A004330,0,個人,2010-04-13,0
A004331,0,個人,2009-04-30,0
A004332,0,個人,2023-10-24,0
A004333,0,個人,2015-11-13,0
A004334,0,個人,2019-02-09,0
A004335,0,個人,2020-07-24,0
A004336,0,個人,2021-07-07,0
A004337,0,個人,2023-08-21,0
A004339,0,個人,2019-09-30,0
A004340,0,個人,2020-04-26,0
A004341,0,個人,2014-11-01,0
A004342,0,個人,2010-07-04,0
A004344,0,個人,2023-08-12,0
A004345,0,個人,2016-08-16,0
A004346,0,個人,2014-03-23,0
A004347,0,個人,2010-06-30,0
A004348,0,個人,2023-10-21,0
A004349,0,個人,2009-11-15,0
A004350,0,個人,2026-02-16,0
A004351,0,個人,2010-05-01,0
A004352,0,個人,2008-06-08,0
A004353,0,個人,2020-11-19,0
A004354,0,個人,2023-02-12,0
A004355,0,個人,2023-03-28,0
A004356,0,個人,2026-01-29,0
A004357,0,個人,2023-08-10,0
A004358,0,個人,2026-01-31,0
A004359,0,個人,2011-11-13,0
A004360,0,個人,2024-07-13,0
A004361,0,個人,2022-08-03,0
A004362,0,個人,2009-06-26,0
A004363,0,個人,2017-07-05,0
A004364,0,個人,2022-08-07,0
A004366,0,個人,2011-07-23,0
A004367,0,個人,2009-10-26,0
A004368,0,個人,2006-04-25,0
A004369,0,個人,2022-09-18,0
A004370,0,個人,2014-07-21,0
A004371,0,個人,2020-11-25,0
A004372,0,個人,2024-04-29,0
A004373,0,個人,2011-08-20,0
A004374,0,個人,2015-11-03,0
A004376,0,個人,2013-07-14,0
A004377,0,個人,2007-07-08,0
A004378,0,個人,2007-06-13,0
A004379,0,個人,2006-08-26,0
A004380,0,個人,2022-09-12,0
A004381,0,個人,2007-10-12,0
A004382,0,個人,2008-03-25,0
A004383,0,個人,2020-02-22,0
A004385,0,個人,2011-12-25,0
A004386,0,個人,2021-08-20,0
A004387,0,個人,2016-02-19,0
A004388,0,個人,2016-04-16,0
A004389,0,個人,2012-05-06,0
A004390,0,個人,2007-03-14,0
A004391,0,個人,2008-11-25,0
A004392,0,個人,2012-01-21,0
A004393,0,個人,2014-05-07,0
A004394,0,個人,2022-05-30,0
A004395,0,個人,2007-09-08,0
A004396,0,個人,2013-06-29,0
A004397,0,個人,2020-10-23,0
A004398,0,個人,2008-01-12,0
A004399,0,個人,2020-02-18,0
A004400,0,個人,2007-07-02,0
A004401,0,個人,2023-08-20,0
A004402,0,個人,2009-05-17,0
A004403,0,個人,2017-10-31,0
A004404,0,個人,2008-11-03,0
A004405,0,個人,2017-12-14,0
A004406,0,個人,2006-04-27,0
A004408,0,個人,2012-07-29,0
A004409,0,個人,2014-05-03,0
A004411,0,個人,2012-01-05,0
A004412,0,個人,2020-03-09,0
A004413,0,個人,2011-02-27,0
A004414,0,個人,2020-08-26,0
A004415,0,個人,2006-05-11,0
A004416,0,個人,2019-07-05,0
A004417,0,個人,2023-07-10,0
A004418,0,個人,2020-10-30,0
A004419,0,個人,2012-09-22,0
A004420,0,個人,2014-06-25,0
A004421,0,個人,2007-12-19,0
A004422,0,個人,2007-03-02,0
A004423,0,個人,2013-09-21,0
A004424,0,個人,2022-03-21,0
A004425,0,個人,2024-03-26,0
A004426,0,個人,2006-04-19,0
A004427,0,個人,2011-06-01,0
A004428,0,個人,2017-01-25,0
A004429,0,個人,2008-09-10,0
A004430,0,個人,2021-09-28,0
A004431,0,個人,2018-03-29,0
A004432,0,個人,2013-05-21,0
A004433,0,個人,2009-09-23,0
A004434,0,個人,2006-08-31,0
A004435,0,個人,2019-05-27,0
A004436,0,個人,2011-01-01,0
A004437,0,個人,2023-01-31,0
A004438,0,個人,2011-05-13,0
A004439,0,個人,2026-02-09,0
A004440,0,個人,2014-11-26,0
A004441,0,個人,2017-02-21,0
A004442,0,個人,2017-02-15,0
A004444,0,個人,2007-11-27,0
A004445,0,個人,2018-03-09,0
A004446,0,個人,2014-01-02,0
A004447,0,個人,2015-02-21,0
A004448,0,個人,2017-04-12,0
A004449,0,個人,2012-11-29,0
A004450,0,個人,2015-04-08,0
A004451,0,個人,2011-03-16,0
A004452,0,個人,2021-11-13,0
A004454,0,個人,2010-03-23,0
A004455,0,個人,2022-06-24,0
A004456,0,個人,2010-02-13,0
A004457,0,個人,2011-11-20,0
A004458,0,個人,2012-07-17,0
A004459,0,個人,2022-06-04,0
A004460,0,個人,2024-10-22,0
A004461,0,個人,2017-08-21,0
A004462,0,個人,2017-02-28,0
A004463,0,個人,2015-04-10,0
A004464,0,個人,2007-02-28,0
A004466,0,個人,2018-12-30,0
A004467,0,個人,2012-02-13,0
A004468,0,個人,2023-10-26,0
A004469,0,個人,2007-04-17,0
A004470,0,個人,2006-03-02,0
A004471,0,個人,2026-02-09,0
A004472,0,個人,2012-05-16,0
A004473,0,個人,2018-11-08,0
A004474,0,個人,2012-02-22,0
A004475,0,個人,2006-11-16,0
A004476,0,個人,2022-10-31,0
A004477,0,個人,2012-02-06,0
A004478,0,個人,2024-10-14,0
A004479,0,個人,2010-06-04,0
A004480,0,個人,2022-05-06,0
A004481,0,個人,2016-01-24,0
A004482,0,個人,2017-04-23,0
A004483,0,個人,2007-03-29,0
A004484,0,個人,2009-01-07,0
A004485,0,個人,2012-08-30,0
A004486,0,個人,2006-03-15,0
A004487,0,個人,2012-02-05,0
A004489,0,個人,2007-12-05,0
A004490,0,個人,2006-07-05,0
A004491,0,個人,2020-09-09,0
A004492,0,個人,2007-12-03,0
A004493,0,個人,2024-12-23,0
A004494,0,個人,2020-04-08,0
A004495,0,個人,2017-07-24,0
A004496,0,個人,2016-12-02,0
A004497,0,個人,2014-10-26,0
A004498,0,個人,2011-11-12,0
A004499,0,個人,2016-01-17,0
A004500,0,個人,2008-07-17,0
A004501,0,個人,2010-12-17,0
A004502,0,個人,2021-05-21,0
A004503,0,個人,2015-12-23,0
A004504,0,個人,2022-01-08,0
A004505,0,個人,2022-08-16,0
A004506,0,個人,2016-09-16,0
A004507,0,個人,2019-12-27,0
A004508,0,個人,2013-03-06,0
A004509,0,個人,2008-03-26,0
A004510,0,個人,2008-03-01,0
A004511,0,個人,2013-04-03,0
A004512,0,個人,2015-12-15,0
A004513,0,個人,2006-07-23,0
A004514,0,個人,2009-09-20,0
A004515,0,個人,2016-01-24,0
A004516,0,個人,2008-04-04,0
A004517,0,個人,2015-09-05,0
A004518,0,個人,2024-10-20,0
A004520,0,個人,2022-08-04,0
A004521,0,個人,2022-12-19,0
A004522,0,個人,2014-12-25,0
A004523,0,個人,2010-01-11,0
A004524,0,個人,2020-04-29,0
A004526,0,個人,2016-10-31,0
A004527,0,個人,2018-05-11,0
A004528,0,個人,2018-03-05,0
A004529,0,個人,2009-06-01,0
A004530,0,個人,2015-06-09,0
A004531,0,個人,2022-08-15,0
A004532,0,個人,2022-03-12,0
A004533,0,個人,2014-09-10,0
A004534,0,個人,2017-03-30,0
A004535,0,個人,2012-07-02,0
A004536,0,個人,2018-03-27,0
A004537,0,個人,2019-09-12,0
A004538,0,個人,2010-07-05,0
A004539,0,個人,2022-03-30,0
A004543,0,個人,2018-08-03,0
A004544,0,個人,2018-11-05,0
A004545,0,個人,2008-08-18,0
A004546,0,個人,2014-01-02,0
A004547,0,個人,2020-07-19,0
A004548,0,個人,2009-09-25,0
A004549,0,個人,2019-12-05,0
A004550,0,個人,2018-06-16,0
A004551,0,個人,2011-02-10,0
A004552,0,個人,2014-07-26,0
A004554,0,個人,2007-12-20,0
A004555,0,個人,2018-06-18,0
A004556,0,個人,2012-09-24,0
A004557,0,個人,2019-09-30,0
A004558,0,個人,2012-04-11,0
A004560,0,個人,2019-07-23,0
A004561,0,個人,2010-09-16,0
A004562,0,個人,2019-06-19,0
A004563,0,個人,2024-08-16,0
A004564,0,個人,2012-06-06,0
A004565,0,個人,2020-11-09,0
A004566,0,個人,2016-07-01,0
A004567,0,個人,2020-03-08,0
A004568,0,個人,2018-02-23,0
A004569,0,個人,2013-12-23,0
A004570,0,個人,2009-06-18,0
A004571,0,個人,2021-04-09,0
A004572,0,個人,2015-04-05,0
A004573,0,個人,2012-10-21,0
A004574,0,個人,2008-01-10,0
A004575,0,個人,2019-03-07,0
A004576,0,個人,2018-06-18,0
A004577,0,個人,2022-03-27,0
A004579,0,個人,2020-05-16,0
A004580,0,個人,2019-05-30,0
A004581,0,個人,2007-02-19,0
A004582,0,個人,2013-03-29,0
A004583,0,個人,2016-11-03,0
A004584,0,個人,2014-01-28,0
A004585,0,個人,2026-01-21,0
A004586,0,個人,2024-03-13,0
A004587,0,個人,2023-12-17,0
A004588,0,個人,2012-10-18,0
A004589,0,個人,2008-11-23,0
A004590,0,個人,2013-06-09,0
A004591,0,個人,2020-03-03,0
A004592,0,個人,2014-04-09,0
A004593,0,個人,2023-07-22,0
A004594,0,個人,2010-02-11,0
A004595,0,個人,2009-01-18,0
A004597,0,個人,2021-04-11,0
A004598,0,個人,2019-06-23,0
A004599,0,個人,2022-08-20,0
A004600,0,個人,2021-10-29,0
A004601,0,個人,2010-06-12,0
A004602,0,個人,2023-03-06,0
A004603,0,個人,2014-07-14,0
A004605,0,個人,2017-01-25,0
A004606,0,個人,2007-03-13,0
A004608,0,個人,2023-01-01,0
A004609,0,個人,2010-05-11,0
A004610,0,個人,2020-02-12,0
A004611,0,個人,2020-01-15,0
A004612,0,個人,2006-01-12,0
A004613,0,個人,2023-11-21,0
A004614,0,個人,2010-10-16,0
A004615,0,個人,2011-01-26,0
A004616,0,個人,2019-07-31,0
A004617,0,個人,2008-01-01,0
A004618,0,個人,2009-06-08,0
A004619,0,個人,2006-05-30,0
A004621,0,個人,2007-06-23,0
A004622,0,個人,2011-04-18,0
A004623,0,個人,2006-04-09,0
A004624,0,個人,2016-10-13,0
A004625,0,個人,2024-12-11,0
A004626,0,個人,2018-03-19,0
A004627,0,個人,2011-01-22,0
A004628,0,個人,2020-06-05,0
A004629,0,個人,2013-02-23,0
A004630,0,個人,2021-04-29,0
A004631,0,個人,2006-09-24,658
A004632,0,個人,2022-07-11,0
A004633,0,個人,2017-10-05,0
A004634,0,個人,2006-04-26,0
A004635,0,個人,2022-04-25,0
A004636,0,個人,2015-10-31,0
A004637,0,個人,2014-10-14,0
A004638,0,個人,2013-12-16,0
A004639,0,個人,2012-11-02,0
A004640,0,個人,2017-10-30,0
A004641,0,個人,2026-02-24,0
A004642,0,個人,2026-03-20,0
A004643,0,個人,2011-11-14,0
A004644,0,個人,2014-09-23,0
A004645,0,個人,2021-11-22,0
A004646,0,個人,2007-07-01,0
A004647,0,個人,2020-10-12,0
A004648,0,個人,2008-11-10,0
A004649,0,個人,2020-11-29,0
A004650,0,個人,2021-10-25,0
A004651,0,個人,2017-01-12,0
A004652,0,個人,2009-06-11,0
A004653,0,個人,2008-03-01,0
A004654,0,個人,2026-02-01,0
A004655,0,個人,2013-10-25,0
A004656,0,個人,2009-02-09,0
A004657,0,個人,2006-04-11,0
A004658,0,個人,2021-08-15,0
A004659,0,個人,2019-09-12,0
A004660,0,個人,2016-02-04,0
A004661,0,個人,2011-08-14,0
A004662,0,個人,2019-11-29,0
A004663,0,個人,2009-12-31,0
A004664,0,個人,2013-11-11,0
A004665,0,個人,2006-01-09,0
A004666,0,個人,2020-09-17,0
A004667,0,個人,2010-03-22,0
A004668,0,個人,2007-01-18,0
A004669,0,個人,2016-02-14,0
A004670,0,個人,2006-08-04,0
A004671,0,個人,2019-02-19,0
A004672,0,個人,2008-11-28,0
A004673,0,個人,2012-09-19,0
A004674,0,個人,2006-06-28,0
A004675,0,個人,2006-03-28,0
A004676,0,個人,2009-10-06,0
A004677,0,個人,2009-06-15,0
A004678,0,個人,2010-05-06,0
A004679,0,個人,2022-07-17,0
A004680,0,個人,2011-11-27,0
A004681,0,個人,2024-02-18,0
A004682,0,個人,2013-01-12,0
A004683,0,個人,2010-04-17,0
A004684,0,個人,2024-10-08,0
A004685,0,個人,2016-12-11,0
A004686,0,個人,2015-03-31,0
A004687,0,個人,2013-02-07,0
A004688,0,個人,2013-10-26,0
A004689,0,個人,2006-01-22,0
A004690,0,個人,2022-02-05,0
A004692,0,個人,2011-08-31,0
A004693,0,個人,2010-07-15,0
A004694,0,個人,2008-01-12,0
A004695,0,個人,2020-07-31,0
A004696,0,個人,2017-04-03,0
A004697,0,個人,2020-12-02,0
A004698,0,個人,2016-10-03,0
A004699,0,個人,2011-11-16,0
A004700,0,個人,2013-11-27,0
A004701,0,個人,2022-12-08,0
A004702,0,個人,2019-11-12,0
A004703,0,個人,2016-12-18,0
A004704,0,個人,2007-07-06,0
A004705,0,個人,2013-10-02,0
A004706,0,個人,2013-10-13,0
A004707,0,個人,2014-10-07,0
A004708,0,個人,2014-07-12,0
A004709,0,個人,2017-10-23,0
A004710,0,個人,2013-09-27,0
A004711,0,個人,2023-06-03,0
A004712,0,個人,2006-04-24,0
A004713,0,個人,2022-07-11,0
A004714,0,個人,2020-08-26,0
A004715,0,個人,2012-07-23,0
A004716,0,個人,2017-07-26,0
A004717,0,個人,2014-06-01,0
A004718,0,個人,2017-03-18,0
A004719,0,個人,2017-08-05,0
A004720,0,個人,2021-09-08,0
A004721,0,個人,2019-12-23,0
A004722,0,個人,2011-09-07,0
A004723,0,個人,2023-01-04,0
A004724,0,個人,2019-11-21,0
A004725,0,個人,2026-03-05,0
A004726,0,個人,2024-07-14,1632
A004727,0,個人,2023-05-13,0
A004728,0,個人,2024-08-29,0
A004729,0,個人,2015-11-08,0
A004730,0,個人,2011-03-17,0
A004731,0,個人,2015-06-21,0
A004732,0,個人,2016-03-20,0
A004733,0,個人,2024-11-15,0
A004734,0,個人,2011-04-15,0
A004735,0,個人,2007-07-14,0
A004736,0,個人,2018-03-08,0
A004737,0,個人,2018-09-12,0
A004738,0,個人,2021-03-15,0
A004739,0,個人,2007-09-12,0
A004740,0,個人,2008-05-04,0
A004741,0,個人,2013-03-07,0
A004742,0,個人,2017-02-10,0
A004743,0,個人,2026-03-13,0
A004744,0,個人,2026-01-25,0
A004745,0,個人,2015-06-05,0
A004746,0,個人,2024-04-14,0
A004747,0,個人,2017-07-21,0
A004748,0,個人,2009-08-12,0
A004749,0,個人,2009-11-04,0
A004751,0,個人,2008-12-16,0
A004752,0,個人,2023-01-28,0
A004753,0,個人,2024-10-13,0
A004754,0,個人,2014-06-19,0
A004755,0,個人,2013-03-14,0
A004756,0,個人,2014-04-07,0
A004757,0,個人,2023-03-17,0
A004758,0,個人,2013-10-03,0
A004759,0,個人,2009-06-04,0
A004760,0,個人,2008-08-31,0
A004761,0,個人,2010-09-05,0
A004762,0,個人,2014-04-24,0
A004763,0,個人,2017-04-18,0
A004764,0,個人,2022-03-18,0
A004765,0,個人,2012-12-10,0
A004766,0,個人,2012-05-04,0
A004767,0,個人,2019-04-26,0
A004768,0,個人,2015-05-14,0
A004769,0,個人,2011-09-16,0
A004770,0,個人,2022-06-29,0
A004771,0,個人,2011-01-21,0
A004772,0,個人,2022-11-22,0
A004773,0,個人,2016-02-06,0
A004774,0,個人,2017-04-23,0
A004775,0,個人,2014-11-05,0
A004776,0,個人,2009-02-22,0
A004777,0,個人,2010-07-02,0
A004778,0,個人,2013-05-11,0
A004779,0,個人,2017-12-03,0
A004780,0,個人,2018-09-11,0
A004781,0,個人,2020-06-16,0
A004783,0,個人,2024-05-28,0
A004784,0,個人,2020-12-31,0
A004785,0,個人,2015-01-08,0
A004786,0,個人,2011-09-26,0
A004787,0,個人,2019-06-04,0
A004788,0,個人,2007-02-10,0
A004789,0,個人,2015-06-05,0
A004790,0,個人,2019-12-31,0
A004791,0,個人,2012-12-27,0
A004792,0,個人,2026-01-01,0
A004793,0,個人,2019-06-11,0
A004794,0,個人,2014-09-08,0
A004795,0,個人,2016-01-28,0
A004796,0,個人,2014-07-19,0
A004798,0,個人,2018-12-18,0
A004799,0,個人,2017-11-08,0
A004800,0,個人,2006-05-04,0
A004801,0,個人,2022-04-15,0
A004803,0,個人,2017-04-21,1006
A004804,0,個人,2009-05-10,0
A004805,0,個人,2014-08-31,0
A004806,0,個人,2012-06-26,0
A004807,0,個人,2014-03-23,0
A004808,0,個人,2014-09-06,0
A004809,0,個人,2019-03-10,0
A004810,0,個人,2007-02-02,0
A004811,0,個人,2020-10-07,0
A004812,0,個人,2009-10-13,0
A004813,0,個人,2022-07-11,0
A004814,0,個人,2008-09-13,0
A004815,0,個人,2006-03-24,0
A004816,0,個人,2023-01-30,0
A004817,0,個人,2019-04-04,0
A004818,0,個人,2008-11-15,0
A004820,0,個人,2008-05-17,0
A004821,0,個人,2008-11-19,0
A004822,0,個人,2024-09-22,0
A004823,0,個人,2015-06-02,0
A004824,0,個人,2026-01-03,0
A004825,0,個人,2023-01-08,0
A004826,0,個人,2008-10-14,0
A004827,0,個人,2019-02-26,0
A004828,0,個人,2024-10-25,0
A004829,0,個人,2012-01-21,0
A004830,0,個人,2013-06-18,0
A004831,0,個人,2010-01-12,0
A004832,0,個人,2010-07-13,0
A004833,0,個人,2009-10-11,0
A004834,0,個人,2020-05-27,0
A004835,0,個人,2017-10-18,0
A004836,0,個人,2022-12-07,0
A004837,0,個人,2009-05-28,0
A004839,0,個人,2009-12-16,0
A004840,0,個人,2012-12-18,0
A004841,0,個人,2020-12-25,0
A004842,0,個人,2008-10-06,0
A004843,0,個人,2014-01-22,0
A004844,0,個人,2020-03-05,0
A004846,0,個人,2016-04-23,0
A004848,0,個人,2024-06-14,0
A004849,0,個人,2010-10-27,0
A004850,0,個人,2018-02-12,0
A004851,0,個人,2019-04-21,0
A004852,0,個人,2012-11-15,0
A004853,0,個人,2014-06-07,0
A004854,0,個人,2010-01-21,0
A004855,0,個人,2019-02-17,0
A004856,0,個人,2009-04-28,0
A004857,0,個人,2008-09-08,0
A004858,0,個人,2008-10-21,0
A004859,0,個人,2016-11-09,0
A004860,0,個人,2017-03-30,0
A004861,0,個人,2009-08-21,0
A004862,0,個人,2021-12-02,0
A004863,0,個人,2008-01-31,0
A004864,0,個人,2012-04-09,0
A004865,0,個人,2009-09-06,0
A004866,0,個人,2012-02-07,0
A004868,0,個人,2008-04-22,0
A004869,0,個人,2006-07-18,0
A004870,0,個人,2024-09-18,0
A004871,0,個人,2020-02-10,0
A004872,0,個人,2010-03-24,0
A004873,0,個人,2019-07-29,0
A004874,0,個人,2014-10-16,0
A004875,0,個人,2021-05-21,0
A004876,0,個人,2009-02-23,0
A004877,0,個人,2022-11-04,0
A004878,0,個人,2017-02-05,0
A004879,0,個人,2014-01-04,0
A004880,0,個人,2021-03-15,0
A004881,0,個人,2006-03-29,0
A004882,0,個人,2014-12-17,0
A004883,0,個人,2020-01-01,0
A004884,0,個人,2016-12-02,0
A004885,0,個人,2006-06-28,0
A004886,0,個人,2018-12-19,0
A004887,0,個人,2007-10-04,0
A004888,0,個人,2020-09-05,0
A004889,0,個人,2022-01-16,0
A004890,0,個人,2021-06-27,0
A004891,0,個人,2021-03-19,0
A004893,0,個人,2010-03-21,0
A004894,0,個人,2018-02-25,0
A004895,0,個人,2022-10-26,0
A004896,0,個人,2024-07-06,0
A004897,0,個人,2010-07-22,0
A004898,0,個人,2010-06-01,0
A004899,0,個人,2006-02-16,0
A004900,0,個人,2007-08-04,0
A004901,0,個人,2011-05-28,0
A004902,0,個人,2013-02-08,0
A004903,0,個人,2024-05-11,0
A004904,0,個人,2014-03-06,0
A004905,0,個人,2007-09-14,0
A004906,0,個人,2011-05-09,0
A004907,0,個人,2014-01-08,0
A004908,0,個人,2007-07-02,0
A004909,0,個人,2021-07-03,0
A004910,0,個人,2020-09-01,0
A004911,0,個人,2012-01-26,0
A004912,0,個人,2021-08-05,0
A004913,0,個人,2024-06-22,0
A004914,0,個人,2007-02-25,0
A004915,0,個人,2021-08-13,0
A004916,0,個人,2007-07-20,0
A004918,0,個人,2016-02-02,0
A004919,0,個人,2024-04-26,0
A004920,0,個人,2014-06-18,0
A004921,0,個人,2009-02-14,0
A004922,0,個人,2013-03-13,0
A004923,0,個人,2020-05-28,0
A004924,0,個人,2018-06-02,0
A004925,0,個人,2023-04-21,0
A004926,0,個人,2006-05-02,0
A004927,0,個人,2022-07-27,0
A004928,0,個人,2007-08-27,0
A004929,0,個人,2011-07-21,0
A004930,0,個人,2013-10-26,0
A004931,0,個人,2022-11-02,0
A004932,0,個人,2008-06-29,0
A004933,0,個人,2007-02-28,0
A004934,0,個人,2024-10-26,0
A004935,0,個人,2021-02-03,0
A004936,0,個人,2023-09-03,0
A004937,0,個人,2024-06-23,0
A004938,0,個人,2020-10-19,0
A004939,0,個人,2017-08-18,0
A004940,0,個人,2021-03-13,0
A004941,0,個人,2019-10-28,0
A004942,0,個人,2006-12-25,0
A004943,0,個人,2026-01-08,0
A004944,0,個人,2007-06-06,0
A004945,0,個人,2006-05-08,0
A004947,0,個人,2020-06-23,0
A004948,0,個人,2009-04-14,0
A004949,0,個人,2019-02-24,0
A004950,0,個人,2010-07-27,0
A004951,0,個人,2018-11-22,0
A004952,0,個人,2023-07-20,0
A004953,0,個人,2008-05-13,0
A004954,0,個人,2020-08-16,0
A004955,0,個人,2012-03-06,0
A004956,0,個人,2010-01-18,0
A004957,0,個人,2018-09-21,0
A004958,0,個人,2012-02-18,0
A004959,0,個人,2013-01-24,0
A004960,0,個人,2009-11-26,0
A004961,0,個人,2007-06-25,0
A004962,0,個人,2011-01-16,0
A004963,0,個人,2016-07-12,0
A004964,0,個人,2011-06-15,0
A004965,0,個人,2018-05-26,0
A004966,0,個人,2011-01-13,0
A004967,0,個人,2010-07-09,0
A004968,0,個人,2012-05-26,0
A004969,0,個人,2023-01-31,0
A004970,0,個人,2009-07-17,0
A004971,0,個人,2022-10-02,0
A004972,0,個人,2020-01-25,0
A004973,0,個人,2024-03-19,0
A004974,0,個人,2016-06-25,0
A004975,0,個人,2017-10-10,0
A004976,0,個人,2012-07-15,0
A004977,0,個人,2018-02-24,0
A004978,0,個人,2008-05-06,0
A004979,0,個人,2018-03-15,0
A004980,0,個人,2013-12-02,0
A004981,0,個人,2026-02-24,0
A004982,0,個人,2020-09-17,0
A004983,0,個人,2012-08-22,0
A004984,0,個人,2022-02-17,0
A004985,0,個人,2006-08-21,0
A004986,0,個人,2016-03-18,0
A004987,0,個人,2024-01-10,0
A004990,0,個人,2019-01-04,0
A004991,0,個人,2022-05-29,0
A004992,0,個人,2021-10-29,0
A004993,0,個人,2019-06-12,0
A004994,0,個人,2024-12-19,0
A004995,0,個人,2011-09-10,0
A004996,0,個人,2019-05-15,0
A004997,0,個人,2015-11-15,0
A004998,0,個人,2022-10-06,0
A004999,0,個人,2021-06-16,0
A005000,0,個人,2020-10-08,0
A005001,0,個人,2013-01-30,0
A005002,0,個人,2006-06-13,0
A005003,0,個人,2021-11-28,0
A005004,0,個人,2011-10-30,0
A005005,0,個人,2008-11-04,0
A005006,0,個人,2009-01-24,0
A005007,0,個人,2009-11-19,0
A005008,0,個人,2022-05-05,0
A005009,0,個人,2012-11-09,0
A005010,0,個人,2016-11-06,0
A005011,0,個人,2015-08-17,0
A005012,0,個人,2011-07-17,0
A005014,0,個人,2024-11-30,0
A005015,0,個人,2012-11-20,0
A005016,0,個人,2012-09-17,0
A005017,0,個人,2011-10-17,0
A005018,0,個人,2014-12-06,0
A005020,0,個人,2009-07-02,0
A005021,0,個人,2023-06-12,0
A005022,0,個人,2012-06-06,0
A005023,0,個人,2006-05-02,0
A005024,0,個人,2009-09-23,0
A005025,0,個人,2017-05-10,0
A005026,0,個人,2012-06-07,0
A005027,0,個人,2013-06-30,0
A005028,0,個人,2018-07-12,0
A005029,0,個人,2023-02-07,0
A005030,0,個人,2016-11-02,0
A005031,0,個人,2024-05-18,0
A005032,0,個人,2006-10-27,0
A005033,0,個人,2008-11-09,0
A005034,0,個人,2023-06-25,0
A005035,0,個人,2015-09-03,0
A005036,0,個人,2022-06-21,0
A005037,0,個人,2020-11-09,0
A005038,0,個人,2019-12-30,0
A005039,0,個人,2026-01-06,0
A005040,0,個人,2017-02-16,0
A005041,0,個人,2015-10-22,0
A005042,0,個人,2021-01-21,0
A005043,0,個人,2015-05-10,0
A005044,0,個人,2013-01-31,0
A005045,0,個人,2006-08-22,0
A005046,0,個人,2023-04-19,0
A005047,0,個人,2018-10-09,0
A005048,0,個人,2024-08-02,0
A005049,0,個人,2010-12-17,0
A005050,0,個人,2022-05-18,0
A005051,0,個人,2006-10-27,0
A005052,0,個人,2020-03-24,0
A005053,0,個人,2023-03-06,0
A005054,0,個人,2012-06-10,0
A005056,0,個人,2013-11-05,0
A005057,0,個人,2020-02-25,0
A005058,0,個人,2022-12-22,0
A005059,0,個人,2019-11-09,0
A005060,0,個人,2008-07-02,0
A005061,0,個人,2020-01-02,0
A005062,0,個人,2018-11-22,0
A005063,0,個人,2006-10-11,0
A005064,0,個人,2021-11-26,0
A005065,0,個人,2019-08-04,0
A005066,0,個人,2019-08-26,0
A005067,0,個人,2020-01-03,0
A005068,0,個人,2023-04-11,0
A005069,0,個人,2009-04-21,0
A005070,0,個人,2012-05-02,0
A005071,0,個人,2020-06-22,0
A005072,0,個人,2008-07-11,0
A005073,0,個人,2015-09-11,0
A005074,0,個人,2021-12-28,0
A005075,0,個人,2023-01-24,0
A005076,0,個人,2018-07-04,0
A005077,0,個人,2008-06-19,0
A005078,0,個人,2007-06-07,0
A005079,0,個人,2006-07-19,0
A005080,0,個人,2015-08-25,0
A005081,0,個人,2019-07-18,0
A005082,0,個人,2017-07-21,0
A005083,0,個人,2020-06-23,0
A005084,0,個人,2024-02-12,0
A005085,0,個人,2019-02-15,0
A005086,0,個人,2024-03-19,0
A005087,0,個人,2013-11-22,0
A005088,0,個人,2006-08-19,0
A005089,0,個人,2016-03-28,0
A005090,0,個人,2008-08-07,0
A005091,0,個人,2022-01-24,0
A005092,0,個人,2020-08-02,0
A005093,0,個人,2018-02-05,0
A005094,0,個人,2011-03-28,0
A005095,0,個人,2014-08-29,0
A005097,0,個人,2019-10-20,0
A005098,0,個人,2021-12-18,0
A005099,0,個人,2008-09-22,0
A005100,0,個人,2015-01-08,0
A005101,0,個人,2013-07-18,0
A005102,0,個人,2010-05-16,0
A005103,0,個人,2013-08-13,0
A005104,0,個人,2007-02-15,0
A005105,0,個人,2014-06-05,0
A005106,0,個人,2024-02-25,0
A005107,0,個人,2024-05-24,0
A005108,0,個人,2007-11-22,0
A005109,0,個人,2015-02-03,0
A005110,0,個人,2022-06-09,0
A005111,0,個人,2016-07-31,0
A005112,0,個人,2008-10-05,0
A005113,0,個人,2012-07-26,0
A005114,0,個人,2014-04-29,0
A005115,0,個人,2007-06-15,0
A005116,0,個人,2017-10-03,0
A005117,0,個人,2006-09-22,0
A005118,0,個人,2011-05-06,0
A005119,0,個人,2019-02-13,0
A005120,0,個人,2012-04-14,0
A005121,0,個人,2026-02-26,0
A005122,0,個人,2006-10-21,0
A005123,0,個人,2026-01-09,0
A005124,0,個人,2018-12-18,0
A005125,0,個人,2006-02-02,0
A005126,0,個人,2017-10-29,0
A005127,0,個人,2006-02-10,0
A005128,0,個人,2011-01-21,0
A005130,0,個人,2017-12-08,0
A005131,0,個人,2013-06-10,0
A005132,0,個人,2022-10-09,0
A005133,0,個人,2020-03-16,0
A005134,0,個人,2010-04-07,0
A005135,0,個人,2021-12-12,0
A005136,0,個人,2018-10-18,0
A005137,0,個人,2008-05-22,0
A005138,0,個人,2019-05-31,0
A005139,0,個人,2008-04-03,0
A005140,0,個人,2014-12-12,0
A005141,0,個人,2024-07-24,0
A005142,0,個人,2009-02-20,0
A005143,0,個人,2007-04-20,0
A005144,0,個人,2024-11-29,0
A005145,0,個人,2012-04-27,0
A005146,0,個人,2007-03-07,0
A005147,0,個人,2023-10-06,0
A005148,0,個人,2022-04-29,0
A005149,0,個人,2015-10-08,0
A005150,0,個人,2017-01-23,0
A005151,0,個人,2024-09-16,0
A005152,0,個人,2012-11-29,0
A005153,0,個人,2015-10-02,0
A005155,0,個人,2015-04-01,0
A005156,0,個人,2014-07-11,0
A005157,0,個人,2019-01-28,0
A005158,0,個人,2013-04-16,0
A005159,0,個人,2020-11-03,0
A005160,0,個人,2021-08-20,0
A005161,0,個人,2016-05-15,0
A005162,0,個人,2015-09-07,0
A005163,0,個人,2024-07-13,0
A005164,0,個人,2013-01-04,0
A005165,0,個人,2011-08-15,0
A005166,0,個人,2021-02-03,0
A005167,0,個人,2012-02-14,0
A005168,0,個人,2007-06-04,0
A005169,0,個人,2020-03-20,0
A005170,0,個人,2012-11-07,0
A005171,0,個人,2020-08-03,0
A005172,0,個人,2014-08-14,0
A005173,0,個人,2016-04-28,0
A005174,0,個人,2007-07-18,0
A005175,0,個人,2011-05-02,0
A005176,0,個人,2012-04-16,0
A005177,0,個人,2006-11-27,0
A005178,0,個人,2010-11-28,0
A005179,0,個人,2012-03-08,0
A005180,0,個人,2008-06-20,0
A005181,0,個人,2006-05-14,0
A005182,0,個人,2022-08-20,0
A005183,0,個人,2011-10-16,0
A005185,0,個人,2010-05-11,0
A005186,0,個人,2017-11-09,0
A005187,0,個人,2012-05-05,0
A005188,0,個人,2014-09-21,0
A005189,0,個人,2008-01-03,0
A005190,0,個人,2022-01-26,0
A005191,0,個人,2011-09-14,0
A005192,0,個人,2008-10-29,0
A005193,0,個人,2006-11-09,0
A005194,0,個人,2022-03-04,0
A005195,0,個人,2019-03-27,0
A005196,0,個人,2007-12-09,0
A005197,0,個人,2019-09-05,0
A005198,0,個人,2021-12-15,0
A005199,0,個人,2010-08-05,0
A005200,0,個人,2024-09-22,0
A005201,0,個人,2009-09-10,0
A005202,0,個人,2012-12-31,0
A005203,0,個人,2018-12-27,0
A005204,0,個人,2014-10-15,0
A005205,0,個人,2020-05-18,0
A005206,0,個人,2019-12-16,0
A005207,0,個人,2016-04-26,0
A005208,0,個人,2021-02-22,0
A005209,0,個人,2021-01-17,0
A005210,0,個人,2012-01-10,0
A005211,0,個人,2010-10-18,0
A005212,0,個人,2014-02-21,0
A005214,0,個人,2021-11-07,0
A005215,0,個人,2021-09-07,0
A005216,0,個人,2018-05-24,0
A005217,0,個人,2010-10-29,0
A005218,0,個人,2019-11-01,0
A005219,0,個人,2018-04-01,0
A005220,0,個人,2015-02-06,0
A005221,0,個人,2012-10-24,0
A005222,0,個人,2026-03-08,0
A005223,0,個人,2026-01-22,0
A005224,0,個人,2017-09-04,0
A005225,0,個人,2010-02-20,0
A005226,0,個人,2012-01-24,0
A005227,0,個人,2017-05-18,0
A005228,0,個人,2019-08-01,0
A005229,0,個人,2022-12-23,0
A005230,0,個人,2022-05-16,0
A005231,0,個人,2014-11-20,0
A005232,0,個人,2007-12-23,0
A005234,0,個人,2018-11-13,0
A005235,0,個人,2024-10-25,0
A005236,0,個人,2018-05-19,0
A005237,0,個人,2016-11-19,0
A005238,0,個人,2013-01-05,0
A005239,0,個人,2010-04-27,0
A005240,0,個人,2014-03-21,0
A005241,0,個人,2015-01-15,0
A005242,0,個人,2019-11-07,0
A005243,0,個人,2024-07-04,0
A005244,0,個人,2022-04-03,0
A005245,0,個人,2018-03-14,0
A005246,0,個人,2016-06-07,0
A005247,0,個人,2021-02-15,0
A005248,0,個人,2016-02-05,0
A005249,0,個人,2016-03-02,0
A005250,0,個人,2014-01-14,0
A005251,0,個人,2024-06-08,0
A005252,0,個人,2009-08-11,0
A005253,0,個人,2007-07-12,0
A005254,0,個人,2023-06-02,0
A005255,0,個人,2007-12-06,0
A005256,0,個人,2008-12-18,0
A005257,0,個人,2015-05-11,0
A005259,0,個人,2023-05-08,0
A005260,0,個人,2017-02-15,0
A005261,0,個人,2015-11-21,0
A005262,0,個人,2022-12-25,0
A005263,0,個人,2016-01-06,0
A005264,0,個人,2013-03-07,0
A005265,0,個人,2016-06-30,0
A005266,0,個人,2018-12-18,0
A005267,0,個人,2022-04-09,0
A005269,0,個人,2007-06-24,0
A005270,0,個人,2021-04-05,0
A005271,0,個人,2013-06-14,0
A005272,0,個人,2020-11-01,0
A005273,0,個人,2010-07-04,0
A005274,0,個人,2008-07-24,0
A005275,0,個人,2013-09-24,0
A005276,0,個人,2016-03-13,0
A005277,0,個人,2014-11-22,0
A005278,0,個人,2021-08-06,0
A005279,0,個人,2013-10-13,0
A005280,0,個人,2020-01-27,0
A005281,0,個人,2009-08-04,0
A005282,0,個人,2016-05-03,0
A005283,0,個人,2024-12-27,0
A005284,0,個人,2017-04-21,0
A005285,0,個人,2024-10-10,0
A005286,0,個人,2023-05-17,0
A005287,0,個人,2018-08-19,0
A005288,0,個人,2024-10-21,0
A005289,0,個人,2018-02-13,0
A005290,0,個人,2010-03-20,0
A005291,0,個人,2013-04-21,0
A005292,0,個人,2012-08-11,0
A005293,0,個人,2009-03-08,0
A005295,0,個人,2011-09-16,0
A005296,0,個人,2023-01-18,0
A005297,0,個人,2020-05-11,0
A005298,0,個人,2011-08-12,0
A005299,0,個人,2007-03-14,0
A005300,0,個人,2011-04-05,0
A005301,0,個人,2015-08-29,0
A005302,0,個人,2008-05-18,0
A005303,0,個人,2009-12-03,0
A005304,0,個人,2015-12-12,0
A005305,0,個人,2022-12-24,0
A005306,0,個人,2015-01-16,0
A005307,0,個人,2022-08-14,0
A005308,0,個人,2017-12-23,0
A005309,0,個人,2017-03-01,0
A005310,0,個人,2021-03-06,0
A005312,0,個人,2009-01-08,0
A005313,0,個人,2011-01-04,0
A005314,0,個人,2018-04-04,0
A005315,0,個人,2012-08-01,0
A005316,0,個人,2016-11-16,0
A005317,0,個人,2011-06-02,0
A005318,0,個人,2008-07-05,0
A005319,0,個人,2023-10-08,0
A005320,0,個人,2013-06-10,0
A005321,0,個人,2014-12-08,0
A005322,0,個人,2018-03-03,0
A005323,0,個人,2014-05-26,0
A005324,0,個人,2021-04-10,0
A005325,0,個人,2018-05-18,0
A005326,0,個人,2015-12-06,0
A005327,0,個人,2015-11-15,0
A005328,0,個人,2013-02-27,0
A005329,0,個人,2015-01-04,0
A005330,0,個人,2016-07-06,0
A005331,0,個人,2011-03-27,0
A005332,0,個人,2018-02-10,0
A005333,0,個人,2016-12-05,0
A005334,0,個人,2007-09-09,0
A005335,0,個人,2006-08-28,0
A005336,0,個人,2011-10-22,0
A005337,0,個人,2011-11-05,0
A005339,0,個人,2020-07-07,0
A005340,0,個人,2018-08-19,0
A005341,0,個人,2016-06-18,0
A005342,0,個人,2011-06-16,0
A005343,0,個人,2026-02-03,0
A005344,0,個人,2016-01-01,0
A005345,0,個人,2020-12-08,0
A005347,0,個人,2010-07-21,0
A005348,0,個人,2009-07-18,0
A005349,0,個人,2018-03-25,0
A005350,0,個人,2013-11-09,0
A005351,0,個人,2007-08-06,0
A005352,0,個人,2008-06-22,0
A005353,0,個人,2016-07-18,0
A005354,0,個人,2019-02-04,0
A005355,0,個人,2019-04-16,0
A005356,0,個人,2014-08-24,0
A005357,0,個人,2019-05-12,0
A005358,0,個人,2021-08-02,0
A005359,0,個人,2017-05-01,0
A005360,0,個人,2006-05-11,0
A005361,0,個人,2020-08-10,0
A005362,0,個人,2012-08-06,0
A005363,0,個人,2019-12-26,0
A005364,0,個人,2012-07-12,0
A005365,0,個人,2012-07-17,0
A005366,0,個人,2016-11-13,0
A005367,0,個人,2012-11-18,0
A005368,0,個人,2013-05-06,0
A005369,0,個人,2012-04-06,0
A005370,0,個人,2014-11-25,0
A005371,0,個人,2017-05-11,0
A005372,0,個人,2010-05-21,0
A005373,0,個人,2026-02-27,0
A005374,0,個人,2007-12-29,0
A005375,0,個人,2018-12-11,0
A005376,0,個人,2015-09-06,0
A005377,0,個人,2020-09-01,0
A005378,0,個人,2016-04-28,0
A005379,0,個人,2007-05-02,0
A005380,0,個人,2009-09-08,0
A005381,0,個人,2013-10-31,0
A005382,0,個人,2012-07-27,0
A005383,0,個人,2009-04-26,0
A005384,0,個人,2008-12-05,0
A005385,0,個人,2010-02-16,0
A005386,0,個人,2014-03-20,0
A005387,0,個人,2011-03-08,0
A005388,0,個人,2024-12-04,0
A005389,0,個人,2007-02-25,0
A005390,0,個人,2020-04-22,0
A005391,0,個人,2007-07-09,0
A005392,0,個人,2015-05-16,0
A005393,0,個人,2019-12-24,0
A005394,0,個人,2007-11-23,0
A005395,0,個人,2008-09-22,0
A005396,0,個人,2011-04-12,0
A005397,0,個人,2006-07-13,0
A005398,0,個人,2015-01-08,0
A005399,0,個人,2014-06-05,0
A005400,0,個人,2012-07-22,0
A005401,0,個人,2024-05-21,0
A005402,0,個人,2019-08-23,0
A005403,0,個人,2019-05-15,0
A005404,0,個人,2007-05-21,0
A005405,0,個人,2018-06-07,0
A005406,0,個人,2021-05-09,0
A005407,0,個人,2021-12-02,0
A005408,0,個人,2010-12-05,0
A005409,0,個人,2016-09-21,0
A005410,0,個人,2015-05-01,0
A005411,0,個人,2007-10-14,0
A005412,0,個人,2013-05-07,0
A005413,0,個人,2006-12-04,0
A005414,0,個人,2012-03-28,0
A005415,0,個人,2015-12-14,0
A005416,0,個人,2014-10-12,0
A005417,0,個人,2017-07-02,0
A005418,0,個人,2014-04-15,0
A005419,0,個人,2021-12-07,0
A005420,0,個人,2024-03-21,0
A005421,0,個人,2012-04-26,0
A005422,0,個人,2023-05-24,0
A005423,0,個人,2006-04-18,0
A005424,0,個人,2008-11-19,0
A005425,0,個人,2018-08-05,0
A005426,0,個人,2023-09-10,0
A005427,0,個人,2006-10-22,0
A005428,0,個人,2016-11-25,0
A005429,0,個人,2009-11-22,0
A005430,0,個人,2009-05-24,0
A005431,0,個人,2013-09-09,0
A005432,0,個人,2015-06-19,0
A005433,0,個人,2008-03-30,0
A005434,0,個人,2020-10-03,0
A005435,0,個人,2019-02-10,0
A005436,0,個人,2010-09-20,0
A005437,0,個人,2021-07-26,0
A005438,0,個人,2014-09-21,0
A005439,0,個人,2015-05-30,0
A005440,0,個人,2020-05-05,0
A005441,0,個人,2024-05-01,0
A005442,0,個人,2021-08-17,0
A005443,0,個人,2011-04-23,0
A005444,0,個人,2016-09-01,0
A005445,0,個人,2016-07-16,0
A005446,0,個人,2017-02-15,0
A005447,0,個人,2011-05-05,0
A005448,0,個人,2014-11-14,0
A005449,0,個人,2023-06-16,0
A005450,0,個人,2023-07-04,0
A005451,0,個人,2021-03-25,0
A005452,0,個人,2010-06-03,0
A005453,0,個人,2009-08-05,0
A005454,0,個人,2022-09-07,0
A005455,0,個人,2018-05-15,0
A005456,0,個人,2011-04-30,0
A005457,0,個人,2022-01-24,0
A005458,0,個人,2016-11-21,0
A005459,0,個人,2010-08-04,0
A005460,0,個人,2011-09-14,0
A005461,0,個人,2018-09-14,0
A005462,0,個人,2023-12-25,0
A005463,0,個人,2022-02-20,0
A005464,0,個人,2008-05-01,0
A005465,0,個人,2015-08-10,0
A005466,0,個人,2014-06-09,0
A005467,0,個人,2016-09-17,0
A005468,0,個人,2011-03-09,0
A005469,0,個人,2021-01-03,0
A005470,0,個人,2020-03-27,0
A005471,0,個人,2007-03-31,0
A005472,0,個人,2007-08-07,0
A005473,0,個人,2013-07-14,0
A005474,0,個人,2024-05-12,0
A005475,0,個人,2006-07-09,0
A005476,0,個人,2016-01-21,0
A005477,0,個人,2023-10-27,0
A005478,0,個人,2022-03-22,0
A005479,0,個人,2016-08-31,0
A005480,0,個人,2009-03-09,0
A005481,0,個人,2010-02-13,0
A005482,0,個人,2017-11-03,0
A005483,0,個人,2021-07-28,0
A005484,0,個人,2017-08-17,0
A005485,0,個人,2017-04-18,0
A005486,0,個人,2021-12-27,0
A005487,0,個人,2007-10-30,0
A005488,0,個人,2019-07-31,0
A005489,0,個人,2017-10-10,0
A005490,0,個人,2011-05-01,0
A005491,0,個人,2017-01-26,0
A005492,0,個人,2020-08-21,0
A005493,0,個人,2026-03-12,0
A005494,0,個人,2024-08-24,0
A005495,0,個人,2021-08-19,0
A005496,0,個人,2014-03-26,0
A005497,0,個人,2017-09-28,0
A005498,0,個人,2013-09-29,0
A005499,0,個人,2024-10-16,0
A005500,0,個人,2011-03-25,0
A005501,0,個人,2011-04-06,0
A005502,0,個人,2023-12-22,0
A005503,0,個人,2013-02-02,0
A005504,0,個人,2023-04-12,0
A005505,0,個人,2010-11-06,0
A005506,0,個人,2015-03-02,0
A005507,0,個人,2012-12-29,0
A005508,0,個人,2010-05-11,0
A005509,0,個人,2006-06-25,0
A005510,0,個人,2022-04-01,0
A005511,0,個人,2014-01-18,0
A005512,0,個人,2024-01-17,0
A005513,0,個人,2022-08-15,0
A005514,0,個人,2010-11-11,0
A005515,0,個人,2014-08-26,0
A005516,0,個人,2010-08-25,0
A005517,0,個人,2023-06-30,0
A005518,0,個人,2021-02-01,0
A005519,0,個人,2013-06-15,0
A005520,0,個人,2023-04-08,0
A005521,0,個人,2023-09-04,0
A005522,0,個人,2015-08-09,0
A005523,0,個人,2006-11-16,0
A005524,0,個人,2010-05-23,0
A005525,0,個人,2010-07-08,0
A005526,0,個人,2012-05-09,0
A005527,0,個人,2010-01-13,0
A005528,0,個人,2009-09-02,0
A005529,0,個人,2016-02-28,0
A005530,0,個人,2015-08-13,0
A005531,0,個人,2015-05-26,0
A005532,0,個人,2024-03-11,0
A005533,0,個人,2008-01-30,0
A005534,0,個人,2016-04-21,0
A005535,0,個人,2014-06-22,0
A005536,0,個人,2011-10-30,0
A005537,0,個人,2023-10-10,0
A005538,0,個人,2006-09-04,0
A005539,0,個人,2012-08-01,0
A005540,0,個人,2023-04-21,0
A005541,0,個人,2011-01-31,0
A005542,0,個人,2009-07-12,0
A005543,0,個人,2007-11-15,0
A005544,0,個人,2015-02-27,0
A005545,0,個人,2026-02-18,0
A005546,0,個人,2015-10-29,0
A005547,0,個人,2006-06-14,0
A005548,0,個人,2021-03-10,0
A005549,0,個人,2020-01-21,0
A005550,0,個人,2015-01-12,0
A005551,0,個人,2017-06-27,0
A005552,0,個人,2010-05-22,0
A005553,0,個人,2009-04-23,0
A005554,0,個人,2007-10-07,0
A005555,0,個人,2023-06-10,0
A005556,0,個人,2019-08-03,0
A005557,0,個人,2017-10-29,0
A005558,0,個人,2023-11-04,0
A005559,0,個人,2012-03-14,0
A005560,0,個人,2021-09-01,0
A005561,0,個人,2010-03-03,0
A005562,0,個人,2017-07-16,0
A005563,0,個人,2023-10-28,0
A005564,0,個人,2009-01-09,0
A005565,0,個人,2022-02-25,0
A005566,0,個人,2010-10-24,0
A005567,0,個人,2018-06-30,0
A005568,0,個人,2021-09-06,0
A005569,0,個人,2008-09-29,0
A005570,0,個人,2011-10-14,0
A005571,0,個人,2009-12-01,0
A005572,0,個人,2011-12-22,0
A005573,0,個人,2014-09-04,0
A005574,0,個人,2010-10-20,0
A005575,0,個人,2007-02-15,0
A005576,0,個人,2009-06-27,0
A005577,0,個人,2008-01-15,0
A005578,0,個人,2024-01-20,0
A005579,0,個人,2020-04-13,0
A005580,0,個人,2006-12-07,0
A005581,0,個人,2019-10-06,0
A005582,0,個人,2023-07-05,0
A005583,0,個人,2013-07-07,0
A005584,0,個人,2015-02-02,0
A005586,0,個人,2022-02-17,0
A005587,0,個人,2017-04-16,0
A005588,0,個人,2010-11-21,0
A005589,0,個人,2013-09-12,0
A005590,0,個人,2024-07-13,0
A005591,0,個人,2018-09-19,0
A005592,0,個人,2019-07-21,0
A005593,0,個人,2008-01-30,0
A005594,0,個人,2020-05-01,0
A005595,0,個人,2020-10-17,0
A005596,0,個人,2014-07-03,0
A005597,0,個人,2019-12-04,0
A005598,0,個人,2009-10-26,0
A005599,0,個人,2023-03-28,0
A005600,0,個人,2019-03-25,0
A005601,0,個人,2012-12-16,0
A005603,0,個人,2015-05-08,0
A005604,0,個人,2016-12-12,0
A005605,0,個人,2021-08-30,0
A005606,0,個人,2018-02-23,0
A005607,0,個人,2018-04-05,0
A005608,0,個人,2009-06-08,0
A005609,0,個人,2009-02-19,0
A005610,0,個人,2026-02-11,0
A005611,0,個人,2018-06-12,0
A005612,0,個人,2011-07-17,0
A005614,0,個人,2012-04-18,0
A005615,0,個人,2012-05-17,0
A005616,0,個人,2016-04-15,0
A005617,0,個人,2011-01-10,0
A005618,0,個人,2006-07-26,0
A005619,0,個人,2021-10-02,0
A005620,0,個人,2016-06-16,0
A005621,0,個人,2008-11-28,0
A005622,0,個人,2019-10-01,0
A005623,0,個人,2015-01-15,0
A005624,0,個人,2019-01-14,0
A005625,0,個人,2020-10-21,0
A005626,0,個人,2018-10-05,0
A005627,0,個人,2011-12-27,0
A005628,0,個人,2024-03-19,0
A005629,0,個人,2015-08-25,0
A005630,0,個人,2021-06-15,0
A005631,0,個人,2023-03-04,0
A005632,0,個人,2015-07-29,0
A005633,0,個人,2024-12-18,0
A005634,0,個人,2024-10-16,0
A005635,0,個人,2017-03-23,0
A005636,0,個人,2008-08-20,0
A005637,0,個人,2016-05-15,0
A005638,0,個人,2011-04-06,0
A005639,0,個人,2021-04-27,0
A005640,0,個人,2017-01-29,0
A005641,0,個人,2011-08-28,0
A005642,0,個人,2018-08-20,0
A005643,0,個人,2016-02-29,0
A005644,0,個人,2024-05-09,0
A005645,0,個人,2013-05-07,0
A005646,0,個人,2011-09-09,0
A005647,0,個人,2024-06-01,0
A005648,0,個人,2016-11-10,0
A005649,0,個人,2018-07-18,0
A005650,0,個人,2012-06-23,0
A005651,0,個人,2007-09-19,0
A005652,0,個人,2017-11-11,0
A005653,0,個人,2017-07-18,0
A005654,0,個人,2009-10-08,0
A005655,0,個人,2021-04-19,0
A005656,0,個人,2009-02-09,0
A005658,0,個人,2013-10-05,0
A005659,0,個人,2013-05-28,0
A005660,0,個人,2018-12-07,0
A005661,0,個人,2019-08-06,0
A005662,0,個人,2016-07-19,0
A005663,0,個人,2012-09-12,0
A005664,0,個人,2008-10-03,0
A005666,0,個人,2012-11-01,0
A005667,0,個人,2013-07-11,0
A005668,0,個人,2007-11-14,0
A005669,0,個人,2018-04-25,0
A005670,0,個人,2009-09-27,0
A005671,0,個人,2009-06-23,0
A005672,0,個人,2015-02-09,0
A005673,0,個人,2016-10-22,0
A005674,0,個人,2018-01-31,0
A005675,0,個人,2026-01-10,0
A005676,0,個人,2013-06-22,0
A005677,0,個人,2015-09-26,0
A005678,0,個人,2011-12-18,0
A005680,0,個人,2012-05-04,0
A005681,0,個人,2014-03-30,0
A005682,0,個人,2019-07-24,0
A005683,0,個人,2016-10-12,0
A005684,0,個人,2017-08-01,0
A005685,0,個人,2021-04-28,0
A005686,0,個人,2008-05-12,0
A005687,0,個人,2013-03-07,0
A005688,0,個人,2016-04-30,0
A005690,0,個人,2020-07-11,0
A005691,0,個人,2016-09-03,0
A005692,0,個人,2020-01-07,0
A005693,0,個人,2018-01-12,0
A005694,0,個人,2020-11-09,0
A005695,0,個人,2006-04-07,0
A005696,0,個人,2009-01-08,0
A005697,0,個人,2018-03-12,0
A005698,0,個人,2016-02-11,0
A005699,0,個人,2013-12-11,0
A005700,0,個人,2006-07-19,0
A005701,0,個人,2022-05-14,0
A005702,0,個人,2018-03-09,0
A005703,0,個人,2006-03-27,0
A005704,0,個人,2012-04-21,0
A005705,0,個人,2006-02-18,0
A005706,0,個人,2012-04-19,0
A005707,0,個人,2013-12-06,0
A005708,0,個人,2026-01-29,0
A005710,0,個人,2022-10-03,0
A005711,0,個人,2015-03-26,0
A005712,0,個人,2021-09-30,0
A005713,0,個人,2010-12-11,0
A005714,0,個人,2019-12-08,0
A005715,0,個人,2016-09-25,0
A005717,0,個人,2018-01-09,0
A005718,0,個人,2009-12-16,0
A005719,0,個人,2023-06-20,0
A005720,0,個人,2012-06-20,0
A005721,0,個人,2013-04-17,0
A005722,0,個人,2023-05-30,0
A005724,0,個人,2007-01-29,0
A005725,0,個人,2008-11-08,0
A005726,0,個人,2013-07-22,0
A005727,0,個人,2023-09-27,0
A005728,0,個人,2019-04-20,0
A005730,0,個人,2012-04-04,0
A005731,0,個人,2016-10-02,0
A005732,0,個人,2023-01-02,0
A005733,0,個人,2006-01-10,0
A005734,0,個人,2012-10-10,0
A005735,0,個人,2014-02-18,0
A005736,0,個人,2008-08-23,0
A005737,0,個人,2017-07-17,0
A005738,0,個人,2023-07-06,0
A005739,0,個人,2018-12-14,0
A005740,0,個人,2021-10-23,0
A005741,0,個人,2008-02-24,0
A005742,0,個人,2008-09-18,0
A005744,0,個人,2015-04-19,0
A005745,0,個人,2012-02-29,0
A005746,0,個人,2013-05-29,0
A005747,0,個人,2020-07-20,0
A005748,0,個人,2022-06-22,0
A005749,0,個人,2012-07-20,0
A005750,0,個人,2008-06-23,0
A005751,0,個人,2015-09-05,0
A005752,0,個人,2020-11-10,0
A005753,0,個人,2022-03-14,0
A005754,0,個人,2014-03-01,0
A005755,0,個人,2015-02-25,0
A005757,0,個人,2023-01-09,0
A005758,0,個人,2012-03-11,0
A005759,0,個人,2007-06-22,0
A005760,0,個人,2017-02-01,0
A005761,0,個人,2020-05-06,0
A005762,0,個人,2016-10-25,0
A005763,0,個人,2006-10-11,0
A005764,0,個人,2018-01-03,0
A005765,0,個人,2012-01-23,0
A005766,0,個人,2014-11-17,0
A005767,0,個人,2010-12-21,0
A005768,0,個人,2006-02-06,0
A005769,0,個人,2018-08-17,0
A005770,0,個人,2026-03-12,0
A005771,0,個人,2008-02-06,0
A005772,0,個人,2018-11-07,0
A005773,0,個人,2017-02-11,0
A005774,0,個人,2009-11-17,0
A005775,0,個人,2006-02-16,0
A005776,0,個人,2013-06-03,0
A005777,0,個人,2010-11-05,0
A005778,0,個人,2021-11-01,0
A005779,0,個人,2013-12-19,0
A005780,0,個人,2014-08-11,0
A005781,0,個人,2007-11-15,0
A005782,0,個人,2023-09-24,0
A005783,0,個人,2020-05-25,0
A005784,0,個人,2017-04-04,0
A005785,0,個人,2022-03-18,0
A005786,0,個人,2024-05-29,0
A005787,0,個人,2015-07-24,0
A005789,0,個人,2022-05-17,0
A005790,0,個人,2020-01-27,0
A005791,0,個人,2007-11-07,0
A005792,0,個人,2020-11-12,0
A005793,0,個人,2024-04-18,0
A005794,0,個人,2024-11-04,0
A005795,0,個人,2015-02-09,0
A005797,0,個人,2007-01-04,0
A005798,0,個人,2014-04-22,0
A005799,0,個人,2019-08-28,0
A005800,0,個人,2014-01-30,0
A005802,0,個人,2018-12-22,0
A005803,0,個人,2021-12-23,0
A005804,0,個人,2016-03-10,0
A005805,0,個人,2017-03-15,0
A005806,0,個人,2015-02-27,0
A005807,0,個人,2006-09-30,0
A005808,0,個人,2006-05-13,0
A005810,0,個人,2019-09-18,0
A005811,0,個人,2018-03-21,0
A005812,0,個人,2014-08-30,0
A005813,0,個人,2016-04-12,0
A005814,0,個人,2012-05-07,0
A005815,0,個人,2007-11-22,0
A005816,0,個人,2007-05-31,0
A005817,0,個人,2008-01-21,0
A005818,0,個人,2020-11-27,0
A005819,0,個人,2010-11-12,0
A005820,0,個人,2016-10-28,0
A005821,0,個人,2011-11-26,0
A005822,0,個人,2020-02-05,0
A005823,0,個人,2022-06-12,0
A005824,0,個人,2021-05-04,0
A005825,0,個人,2013-11-12,0
A005826,0,個人,2010-01-20,0
A005827,0,個人,2011-05-21,0
A005828,0,個人,2023-05-31,0
A005829,0,個人,2012-01-10,0
A005830,0,個人,2009-10-01,0
A005831,0,個人,2013-01-28,0
A005832,0,個人,2019-01-17,0
A005833,0,個人,2009-10-03,0
A005834,0,個人,2015-09-11,0
A005835,0,個人,2016-03-07,0
A005836,0,個人,2007-12-28,0
A005837,0,個人,2010-02-07,0
A005838,0,個人,2013-09-02,0
A005839,0,個人,2023-01-12,0
A005840,0,個人,2017-04-09,0
A005841,0,個人,2007-10-10,0
A005842,0,個人,2006-04-14,0
A005843,0,個人,2023-02-24,0
A005844,0,個人,2022-09-12,0
A005845,0,個人,2011-09-05,0
A005846,0,個人,2021-08-30,0
A005847,0,個人,2016-07-31,0
A005848,0,個人,2007-06-27,0
A005849,0,個人,2007-01-06,0
A005850,0,個人,2019-07-21,0
A005851,0,個人,2017-09-07,0
A005852,0,個人,2012-03-08,0
A005853,0,個人,2012-07-12,0
A005854,0,個人,2016-09-14,0
A005855,0,個人,2018-10-08,0
A005856,0,個人,2017-05-07,0
A005857,0,個人,2012-03-08,0
A005858,0,個人,2022-05-13,0
A005859,0,個人,2024-02-17,0
A005860,0,個人,2014-06-07,0
A005861,0,個人,2023-05-31,0
A005862,0,個人,2009-02-11,0
A005863,0,個人,2014-09-04,0
A005864,0,個人,2019-02-11,0
A005865,0,個人,2024-01-01,0
A005866,0,個人,2006-04-06,0
A005867,0,個人,2023-06-03,0
A005868,0,個人,2011-10-06,0
A005869,0,個人,2008-10-29,0
A005870,0,個人,2023-09-03,0
A005871,0,個人,2008-09-15,0
A005872,0,個人,2022-02-23,0
A005873,0,個人,2008-06-21,0
A005876,0,個人,2016-05-28,0
A005877,0,個人,2021-03-27,0
A005878,0,個人,2020-11-27,0
A005879,0,個人,2008-03-01,0
A005880,0,個人,2023-05-27,0
A005882,0,個人,2024-03-19,0
A005883,0,個人,2013-11-13,0
A005884,0,個人,2013-10-15,0
A005885,0,個人,2009-09-29,0
A005886,0,個人,2020-10-05,0
A005887,0,個人,2020-07-30,0
A005888,0,個人,2014-08-02,0
A005889,0,個人,2009-06-29,0
A005890,0,個人,2026-01-31,0
A005891,0,個人,2024-09-29,0
A005892,0,個人,2022-08-24,0
A005893,0,個人,2023-02-15,0
A005894,0,個人,2020-10-21,0
A005895,0,個人,2013-07-16,0
A005896,0,個人,2015-09-28,0
A005897,0,個人,2020-09-01,0
A005898,0,個人,2014-04-07,0
A005899,0,個人,2011-07-02,0
A005900,0,個人,2013-04-15,0
A005901,0,個人,2016-06-07,0
A005902,0,個人,2019-12-05,0
A005903,0,個人,2010-02-23,0
A005904,0,個人,2009-02-04,0
A005906,0,個人,2014-02-12,0
A005907,0,個人,2013-04-19,0
A005908,0,個人,2012-10-03,0
A005909,0,個人,2017-07-22,0
A005910,0,個人,2019-04-20,0
A005911,0,個人,2008-05-06,0
A005912,0,個人,2021-01-09,0
A005913,0,個人,2013-10-28,0
A005914,0,個人,2018-07-03,0
A005915,0,個人,2022-01-16,0
A005916,0,個人,2012-02-06,0
A005917,0,個人,2007-11-05,0
A005918,0,個人,2009-08-25,0
A005919,0,個人,2013-07-10,0
A005921,0,個人,2010-02-15,0
A005922,0,個人,2026-01-29,0
A005923,0,個人,2007-05-25,0
A005924,0,個人,2008-04-09,0
A005925,0,個人,2023-11-16,0
A005926,0,個人,2022-10-03,0
A005927,0,個人,2018-03-30,0
A005928,0,個人,2008-12-25,0
A005929,0,個人,2019-09-28,0
A005930,0,個人,2014-04-12,0
A005931,0,個人,2011-03-28,0
A005932,0,個人,2007-04-11,0
A005933,0,個人,2013-10-03,0
A005934,0,個人,2011-09-02,0
A005935,0,個人,2018-10-07,0
A005936,0,個人,2010-02-06,0
A005937,0,個人,2007-10-19,0
A005938,0,個人,2010-04-28,0
A005939,0,個人,2011-07-21,0
A005940,0,個人,2006-12-08,0
A005941,0,個人,2018-10-15,0
A005942,0,個人,2008-01-14,0
A005943,0,個人,2020-03-17,0
A005944,0,個人,2022-07-15,0
A005945,0,個人,2024-06-19,0
A005946,0,個人,2006-12-07,0
A005947,0,個人,2012-01-01,0
A005948,0,個人,2006-04-26,0
A005949,0,個人,2017-12-11,0
A005950,0,個人,2011-08-03,0
A005951,0,個人,2008-05-24,0
A005952,0,個人,2016-11-19,0
A005953,0,個人,2008-03-18,0
A005954,0,個人,2006-08-19,0
A005955,0,個人,2006-02-09,0
A005956,0,個人,2015-06-15,0
A005957,0,個人,2014-04-07,0
A005958,0,個人,2023-05-07,0
A005959,0,個人,2013-07-10,0
A005960,0,個人,2011-03-02,0
A005961,0,個人,2007-09-23,0
A005962,0,個人,2011-02-17,0
A005963,0,個人,2019-08-15,0
A005964,0,個人,2021-04-18,0
A005965,0,個人,2006-09-03,0
A005966,0,個人,2020-03-11,0
A005967,0,個人,2013-05-22,0
A005968,0,個人,2022-11-29,0
A005969,0,個人,2024-12-15,0
A005970,0,個人,2013-12-23,0
A005971,0,個人,2023-04-13,0
A005972,0,個人,2011-07-29,0
A005973,0,個人,2022-05-02,0
A005974,0,個人,2013-08-02,0
A005975,0,個人,2012-06-29,0
A005976,0,個人,2026-02-08,0
A005977,0,個人,2007-02-19,0
A005978,0,個人,2026-01-27,0
A005979,0,個人,2022-02-06,0
A005980,0,個人,2026-03-02,0
A005981,0,個人,2009-12-19,0
A005982,0,個人,2008-06-01,0
A005983,0,個人,2011-02-01,0
A005984,0,個人,2021-07-01,0
A005985,0,個人,2015-12-27,0
A005986,0,個人,2022-07-02,0
A005987,0,個人,2020-04-12,0
A005988,0,個人,2017-05-05,0
A005989,0,個人,2007-08-28,0
A005990,0,個人,2018-05-29,0
A005991,0,個人,2015-10-02,0
A005992,0,個人,2026-03-15,0
A005993,0,個人,2020-02-14,0
A005994,0,個人,2006-09-24,0
A005995,0,個人,2014-10-24,0
A005996,0,個人,2024-09-24,0
A005997,0,個人,2017-05-29,0
A005998,0,個人,2012-03-18,0
A006000,0,個人,2007-04-19,0
A006001,0,個人,2013-10-06,0
A006002,0,個人,2023-10-01,0
A006003,0,個人,2017-12-29,0
A006004,0,個人,2018-10-18,0
A006005,0,個人,2011-03-05,0
A006007,0,個人,2019-03-06,0
A006008,0,個人,2017-07-26,0
A006009,0,個人,2017-08-05,0
A006010,0,個人,2023-09-23,0
A006011,0,個人,2022-09-27,0
A006012,0,個人,2013-01-05,0
A006013,0,個人,2024-10-25,0
A006014,0,個人,2024-08-03,0
A006015,0,個人,2008-08-20,0
A006016,0,個人,2014-03-28,0
A006017,0,個人,2009-07-12,0
A006018,0,個人,2015-07-07,0
A006019,0,個人,2022-12-22,0
A006020,0,個人,2007-09-13,0
A006021,0,個人,2018-07-04,0
A006022,0,個人,2008-04-20,0
A006023,0,個人,2012-10-07,0
A006024,0,個人,2006-02-01,0
A006025,0,個人,2016-05-29,0
A006026,0,個人,2024-03-23,0
A006027,0,個人,2009-07-19,0
A006028,0,個人,2021-09-23,0
A006029,0,個人,2007-10-07,0
A006030,0,個人,2015-06-01,0
A006031,0,個人,2010-12-26,0
A006032,0,個人,2023-08-26,0
A006033,0,個人,2019-11-01,0
A006034,0,個人,2015-01-24,0
A006035,0,個人,2008-06-27,0
A006036,0,個人,2012-02-20,0
A006037,0,個人,2024-04-10,0
A006038,0,個人,2022-02-02,0
A006039,0,個人,2024-03-21,0
A006040,0,個人,2013-05-07,0
A006041,0,個人,2022-04-25,0
A006042,0,個人,2026-02-21,0
A006043,0,個人,2020-06-14,0
A006044,0,個人,2010-05-21,0
A006045,0,個人,2023-01-24,0
A006046,0,個人,2008-05-28,0
A006047,0,個人,2024-01-08,0
A006048,0,個人,2020-04-10,0
A006049,0,個人,2023-02-25,0
A006050,0,個人,2009-01-06,0
A006051,0,個人,2021-11-23,0
A006052,0,個人,2021-07-21,0
A006053,0,個人,2019-01-18,0
A006054,0,個人,2014-11-07,0
A006055,0,個人,2009-09-16,0
A006056,0,個人,2014-08-02,0
A006057,0,個人,2011-12-25,0
A006058,0,個人,2009-07-20,0
A006059,0,個人,2019-07-12,0
A006060,0,個人,2020-01-23,0
A006061,0,個人,2006-07-28,0
A006063,0,個人,2020-10-13,0
A006064,0,個人,2011-10-09,0
A006065,0,個人,2012-09-05,0
A006066,0,個人,2017-03-07,0
A006068,0,個人,2013-12-18,0
A006069,0,個人,2011-05-31,0
A006071,0,個人,2014-10-04,0
A006072,0,個人,2026-03-15,0
A006073,0,個人,2016-09-01,0
A006074,0,個人,2014-01-27,0
A006075,0,個人,2017-11-12,0
A006076,0,個人,2009-01-03,0
A006079,0,個人,2006-09-24,0
A006080,0,個人,2020-06-24,0
A006081,0,個人,2020-02-10,0
A006082,0,個人,2016-12-02,0
A006083,0,個人,2009-07-08,0
A006084,0,個人,2007-09-17,0
A006085,0,個人,2014-02-01,0
A006086,0,個人,2026-01-26,0
A006087,0,個人,2016-01-25,0
A006088,0,個人,2021-03-25,0
A006089,0,個人,2020-06-30,0
A006090,0,個人,2006-06-15,0
A006091,0,個人,2018-11-05,0
A006092,0,個人,2011-06-15,0
A006093,0,個人,2008-01-19,0
A006094,0,個人,2006-04-10,0
A006095,0,個人,2013-12-25,0
A006096,0,個人,2017-03-20,0
A006097,0,個人,2013-06-05,0
A006098,0,個人,2009-05-14,0
A006100,0,個人,2019-08-29,0
A006101,0,個人,2012-03-14,0
A006102,0,個人,2010-09-07,0
A006103,0,個人,2024-11-22,0
A006104,0,個人,2022-04-08,0
A006105,0,個人,2008-12-28,0
A006106,0,個人,2008-11-23,0
A006107,0,個人,2006-09-24,0
A006108,0,個人,2022-09-26,0
A006109,0,個人,2020-10-14,0
A006110,0,個人,2015-12-31,0
A006111,0,個人,2009-05-06,0
A006112,0,個人,2018-11-13,0
A006113,0,個人,2006-12-25,0
A006114,0,個人,2006-09-14,0
A006115,0,個人,2024-12-14,0
A006116,0,個人,2020-08-06,0
A006117,0,個人,2011-03-10,0
A006118,0,個人,2006-09-06,0
A006119,0,個人,2008-01-05,0
A006120,0,個人,2018-02-19,0
A006121,0,個人,2007-08-19,0
A006122,0,個人,2007-11-04,0
A006123,0,個人,2016-05-20,0
A006124,0,個人,2012-09-11,0
A006125,0,個人,2015-07-20,0
A006126,0,個人,2008-12-09,0
A006127,0,個人,2022-08-17,0
A006128,0,個人,2019-07-02,0
A006129,0,個人,2013-09-15,0
A006130,0,個人,2020-06-10,0
A006131,0,個人,2006-08-05,0
A006132,0,個人,2013-07-06,0
A006133,0,個人,2007-01-07,0
A006134,0,個人,2026-03-03,0
A006135,0,個人,2009-05-16,0
A006136,0,個人,2017-03-11,0
A006137,0,個人,2012-03-10,0
A006138,0,個人,2014-11-07,0
A006139,0,個人,2008-10-13,0
A006140,0,個人,2019-04-20,0
A006141,0,個人,2023-06-08,0
A006142,0,個人,2022-02-09,0
A006143,0,個人,2015-05-06,0
A006144,0,個人,2015-02-19,0
A006145,0,個人,2026-02-10,0
A006146,0,個人,2026-03-19,0
A006147,0,個人,2009-10-21,0
A006148,0,個人,2014-10-20,0
A006149,0,個人,2013-04-18,0
A006150,0,個人,2009-11-29,0
A006151,0,個人,2022-03-11,0
A006152,0,個人,2009-12-28,0
A006153,0,個人,2011-08-25,0
A006154,0,個人,2019-08-28,0
A006155,0,個人,2021-01-04,0
A006156,0,個人,2017-05-29,0
A006157,0,個人,2019-03-16,0
A006158,0,個人,2021-12-05,0
A006159,0,個人,2008-04-13,0
A006160,0,個人,2023-05-12,0
A006161,0,個人,2013-06-24,0
A006162,0,個人,2012-11-15,0
A006163,0,個人,2023-01-21,0
A006164,0,個人,2016-12-25,0
A006165,0,個人,2024-03-19,0
A006167,0,個人,2013-04-19,0
A006168,0,個人,2008-09-02,0
A006169,0,個人,2007-05-29,0
A006170,0,個人,2006-02-12,0
A006171,0,個人,2024-10-31,0
A006172,0,個人,2013-05-06,0
A006173,0,個人,2008-07-13,0
A006175,0,個人,2008-03-14,0
A006176,0,個人,2017-12-08,0
A006177,0,個人,2008-11-02,0
A006178,0,個人,2011-06-19,0
A006179,0,個人,2006-04-08,0
A006180,0,個人,2016-10-02,0
A006183,0,個人,2018-03-30,0
A006184,0,個人,2012-12-05,0
A006185,0,個人,2015-10-28,0
A006186,0,個人,2010-11-26,0
A006187,0,個人,2019-06-29,0
A006188,0,個人,2024-03-30,0
A006189,0,個人,2017-11-02,0
A006190,0,個人,2018-11-20,0
A006191,0,個人,2018-02-26,0
A006192,0,個人,2006-04-30,0
A006193,0,個人,2007-09-19,0
A006194,0,個人,2022-09-29,0
A006195,0,個人,2017-03-01,0
A006196,0,個人,2022-06-03,0
A006197,0,個人,2014-02-11,0
A006198,0,個人,2019-09-12,0
A006199,0,個人,2021-01-10,0
A006200,0,個人,2010-08-27,0
A006201,0,個人,2008-01-22,0
A006202,0,個人,2010-11-25,0
A006204,0,個人,2021-05-16,0
A006205,0,個人,2022-07-07,0
A006206,0,個人,2018-04-20,0
A006207,0,個人,2008-02-09,0
A006208,0,個人,2013-03-16,0
A006209,0,個人,2021-04-06,0
A006210,0,個人,2020-08-18,0
A006211,0,個人,2018-01-05,0
A006213,0,個人,2009-06-25,0
A006214,0,個人,2023-06-12,0
A006215,0,個人,2019-01-09,0
A006216,0,個人,2024-01-23,0
A006217,0,個人,2010-02-03,0
A006218,0,個人,2011-02-07,0
A006219,0,個人,2008-06-05,0
A006220,0,個人,2009-01-04,0
A006221,0,個人,2016-04-12,0
A006222,0,個人,2010-05-10,0
A006223,0,個人,2021-10-06,0
A006224,0,個人,2011-06-02,0
A006225,0,個人,2010-02-28,0
A006226,0,個人,2021-11-10,0
A006227,0,個人,2017-09-15,0
A006228,0,個人,2009-09-25,0
A006229,0,個人,2017-02-06,0
A006230,0,個人,2011-07-29,0
A006231,0,個人,2014-08-18,0
A006232,0,個人,2011-05-03,0
A006233,0,個人,2020-04-11,0
A006234,0,個人,2010-11-24,0
A006235,0,個人,2011-06-15,0
A006236,0,個人,2016-06-08,0
A006237,0,個人,2022-02-06,0
A006238,0,個人,2020-06-07,0
A006239,0,個人,2008-08-07,0
A006240,0,個人,2008-11-17,0
A006241,0,個人,2026-03-17,0
A006243,0,個人,2016-08-24,0
A006244,0,個人,2006-07-03,0
A006245,0,個人,2009-11-21,0
A006246,0,個人,2016-12-27,0
A006247,0,個人,2012-03-18,0
A006248,0,個人,2012-02-15,0
A006249,0,個人,2019-09-06,0
A006250,0,個人,2008-07-30,0
A006252,0,個人,2019-01-17,0
A006253,0,個人,2007-02-26,0
A006254,0,個人,2013-04-26,0
A006255,0,個人,2015-01-15,0
A006256,0,個人,2007-03-16,0
A006257,0,個人,2007-11-23,0
A006258,0,個人,2012-10-26,0
A006259,0,個人,2011-01-13,0
A006260,0,個人,2024-12-07,0
A006261,0,個人,2008-11-01,0
A006262,0,個人,2023-02-22,0
A006263,0,個人,2017-07-15,0
A006264,0,個人,2017-04-19,0
A006265,0,個人,2023-02-03,0
A006266,0,個人,2006-01-09,0
A006267,0,個人,2015-12-09,0
A006268,0,個人,2007-10-21,0
A006269,0,個人,2010-03-04,0
A006270,0,個人,2012-02-15,0
A006271,0,個人,2012-09-02,0
A006272,0,個人,2019-07-03,0
A006273,0,個人,2016-04-29,0
A006274,0,個人,2024-09-26,0
A006275,0,個人,2024-02-24,0
A006276,0,個人,2007-12-04,0
A006277,0,個人,2019-04-22,0
A006278,0,個人,2011-02-10,0
A006279,0,個人,2020-09-04,0
A006280,0,個人,2020-01-29,0
A006281,0,個人,2015-04-01,0
A006282,0,個人,2017-03-12,0
A006283,0,個人,2006-11-25,0
A006284,0,個人,2018-08-30,0
A006285,0,個人,2016-04-01,0
A006286,0,個人,2019-11-09,0
A006287,0,個人,2018-01-13,0
A006288,0,個人,2017-04-10,0
A006289,0,個人,2020-06-24,0
A006290,0,個人,2012-06-01,0
A006291,0,個人,2006-11-08,0
A006292,0,個人,2016-01-30,0
A006294,0,個人,2013-01-14,0
A006295,0,個人,2020-09-02,0
A006296,0,個人,2023-12-13,0
A006297,0,個人,2026-02-19,0
A006298,0,個人,2009-01-03,0
A006299,0,個人,2011-09-18,0
A006300,0,個人,2018-04-29,0
A006301,0,個人,2017-07-04,0
A006302,0,個人,2021-10-24,0
A006303,0,個人,2006-11-23,0
A006304,0,個人,2026-03-16,0
A006305,0,個人,2015-03-25,0
A006306,0,個人,2023-09-04,0
A006309,0,個人,2016-11-10,0
A006310,0,個人,2022-10-23,0
A006311,0,個人,2014-03-03,0
A006312,0,個人,2010-10-23,0
A006313,0,個人,2014-05-27,0
A006314,0,個人,2017-03-26,0
A006315,0,個人,2011-01-02,0
A006316,0,個人,2012-08-16,0
A006317,0,個人,2020-03-18,0
A006318,0,個人,2016-09-20,0
A006319,0,個人,2022-01-01,0
A006320,0,個人,2013-10-24,0
A006321,0,個人,2013-11-23,0
A006322,0,個人,2009-03-14,0
A006323,0,個人,2007-01-16,0
A006324,0,個人,2011-11-27,0
A006325,0,個人,2009-11-21,0
A006326,0,個人,2023-05-19,0
A006327,0,個人,2013-12-16,0
A006328,0,個人,2018-01-29,0
A006329,0,個人,2021-04-10,0
A006330,0,個人,2010-08-08,0
A006331,0,個人,2012-07-01,0
A006334,0,個人,2021-04-30,0
A006335,0,個人,2011-02-01,0
A006336,0,個人,2023-07-22,0
A006337,0,個人,2012-07-18,0
A006338,0,個人,2014-04-18,0
A006339,0,個人,2021-05-25,0
A006340,0,個人,2014-10-22,0
A006341,0,個人,2020-08-24,0
A006342,0,個人,2012-04-27,0
A006343,0,個人,2010-10-06,0
A006344,0,個人,2013-06-08,0
A006345,0,個人,2010-07-16,0
A006346,0,個人,2019-05-31,1536
A006347,0,個人,2013-10-20,0
A006349,0,個人,2010-12-11,0
A006350,0,個人,2019-03-25,0
A006351,0,個人,2011-07-28,0
A006352,0,個人,2019-03-21,0
A006353,0,個人,2026-02-08,0
A006354,0,個人,2024-06-26,0
A006355,0,個人,2019-11-09,0
A006356,0,個人,2013-02-26,0
A006357,0,個人,2024-06-20,0
A006358,0,個人,2018-04-13,0
A006359,0,個人,2007-02-12,0
A006360,0,個人,2014-01-12,0
A006361,0,個人,2021-07-09,0
A006363,0,個人,2021-11-09,0
A006364,0,個人,2006-11-14,0
A006365,0,個人,2015-11-09,0
A006367,0,個人,2014-04-05,0
A006368,0,個人,2023-06-13,0
A006369,0,個人,2015-02-10,0
A006370,0,個人,2007-03-01,0
A006371,0,個人,2018-03-30,0
A006372,0,個人,2026-01-31,0
A006373,0,個人,2015-04-01,0
A006374,0,個人,2024-08-17,0
A006375,0,個人,2024-05-07,0
A006376,0,個人,2014-11-17,0
A006377,0,個人,2023-09-28,0
A006378,0,個人,2021-08-04,0
A006379,0,個人,2006-04-02,0
A006380,0,個人,2006-04-02,0
A006381,0,個人,2026-01-18,0
A006382,0,個人,2017-07-18,0
A006383,0,個人,2007-05-06,0
A006384,0,個人,2012-12-16,0
A006385,0,個人,2013-08-16,0
A006386,0,個人,2015-09-30,0
A006387,0,個人,2010-01-10,0
A006388,0,個人,2016-01-12,0
A006389,0,個人,2013-08-29,0
A006390,0,個人,2015-04-11,0
A006391,0,個人,2012-11-25,0
A006392,0,個人,2013-03-12,0
A006393,0,個人,2007-07-22,0
A006394,0,個人,2010-02-05,0
A006395,0,個人,2021-08-27,0
A006396,0,個人,2017-11-09,0
A006397,0,個人,2017-11-29,0
A006398,0,個人,2021-07-13,0
A006399,0,個人,2017-06-11,0
A006400,0,個人,2024-08-05,0
A006401,0,個人,2007-01-24,0
A006402,0,個人,2012-12-26,0
A006404,0,個人,2024-10-21,0
A006405,0,個人,2026-01-20,0
A006406,0,個人,2013-07-24,0
A006407,0,個人,2022-05-27,0
A006408,0,個人,2017-10-02,0
A006409,0,個人,2011-01-21,0
A006410,0,個人,2017-05-08,0
A006412,0,個人,2021-03-08,0
A006413,0,個人,2013-03-16,0
A006414,0,個人,2011-04-05,0
A006415,0,個人,2012-09-13,0
A006416,0,個人,2021-08-01,0
A006417,0,個人,2008-11-08,0
A006418,0,個人,2026-02-14,0
A006419,0,個人,2019-06-25,0
A006421,0,個人,2018-06-27,0
A006422,0,個人,2018-05-06,0
A006423,0,個人,2010-11-11,0
A006424,0,個人,2020-08-22,0
A006425,0,個人,2014-08-11,0
A006426,0,個人,2024-02-10,0
A006427,0,個人,2014-06-30,0
A006428,0,個人,2011-06-25,0
A006429,0,個人,2011-07-19,0
A006430,0,個人,2023-09-02,0
A006432,0,個人,2022-10-23,0
A006433,0,個人,2016-12-28,0
A006434,0,個人,2026-01-22,0
A006435,0,個人,2021-02-01,0
A006436,0,個人,2019-06-29,0
A006437,0,個人,2024-02-28,0
A006438,0,個人,2024-02-23,0
A006439,0,個人,2021-07-11,0
A006440,0,個人,2014-04-06,0
A006441,0,個人,2014-03-22,0
A006442,0,個人,2014-11-10,0
A006443,0,個人,2013-01-26,0
A006444,0,個人,2015-05-01,0
A006445,0,個人,2016-06-16,0
A006446,0,個人,2019-03-14,0
A006447,0,個人,2020-12-14,0
A006448,0,個人,2011-08-04,0
A006449,0,個人,2023-06-07,0
A006450,0,個人,2011-07-10,0
A006451,0,個人,2023-11-21,0
A006452,0,個人,2011-07-12,0
A006453,0,個人,2023-12-29,0
A006454,0,個人,2014-06-06,0
A006455,0,個人,2007-12-26,0
A006456,0,個人,2018-03-01,0
A006457,0,個人,2024-05-29,0
A006458,0,個人,2023-02-13,0
A006459,0,個人,2010-05-28,0
A006460,0,個人,2019-11-05,0
A006461,0,個人,2011-12-30,0
A006462,0,個人,2023-09-26,0
A006463,0,個人,2013-02-02,0
A006464,0,個人,2024-02-26,0
A006465,0,個人,2013-09-02,0
A006466,0,個人,2012-05-05,0
A006467,0,個人,2014-03-05,0
A006468,0,個人,2024-06-08,0
A006469,0,個人,2012-05-01,0
A006470,0,個人,2018-06-07,0
A006471,0,個人,2008-05-23,0
A006472,0,個人,2006-10-07,0
A006473,0,個人,2008-11-09,0
A006474,0,個人,2016-02-23,0
A006475,0,個人,2018-10-08,0
A006476,0,個人,2020-03-03,0
A006477,0,個人,2017-01-17,0
A006478,0,個人,2023-05-25,0
A006479,0,個人,2012-06-17,0
A006480,0,個人,2010-01-29,0
A006481,0,個人,2022-06-01,0
A006482,0,個人,2016-07-26,0
A006483,0,個人,2009-08-24,0
A006484,0,個人,2014-01-25,0
A006485,0,個人,2024-04-27,0
A006486,0,個人,2022-03-02,0
A006487,0,個人,2018-04-30,0
A006488,0,個人,2018-07-27,0
A006489,0,個人,2016-04-17,0
A006490,0,個人,2024-10-31,0
A006492,0,個人,2007-07-30,0
A006493,0,個人,2006-03-02,0
A006494,0,個人,2016-06-17,0
A006495,0,個人,2012-11-01,0
A006496,0,個人,2013-05-14,0
A006497,0,個人,2026-01-31,0
A006498,0,個人,2022-12-23,0
A006499,0,個人,2014-01-28,0
A006500,0,個人,2017-04-08,0
A006501,0,個人,2018-02-19,0
A006502,0,個人,2024-08-11,0
A006503,0,個人,2017-12-09,0
A006504,0,個人,2024-11-25,0
A006505,0,個人,2014-03-26,0
A006506,0,個人,2026-03-17,0
A006507,0,個人,2016-02-09,0
A006508,0,個人,2006-04-17,0
A006509,0,個人,2022-05-08,0
A006510,0,個人,2011-02-04,0
A006511,0,個人,2023-10-17,0
A006512,0,個人,2013-06-07,0
A006513,0,個人,2013-04-06,0
A006514,0,個人,2016-03-26,0
A006515,0,個人,2010-12-06,0
A006516,0,個人,2022-04-23,0
A006517,0,個人,2023-07-31,0
A006518,0,個人,2023-05-29,0
A006519,0,個人,2016-07-26,0
A006520,0,個人,2017-05-26,0
A006521,0,個人,2018-01-11,0
A006522,0,個人,2015-06-06,0
A006523,0,個人,2007-09-07,0
A006524,0,個人,2020-01-15,0
A006525,0,個人,2017-11-12,0
A006527,0,個人,2023-07-19,0
A006528,0,個人,2014-07-18,0
A006529,0,個人,2017-10-17,0
A006530,0,個人,2017-05-12,0
A006531,0,個人,2013-01-06,0
A006532,0,個人,2019-03-16,0
A006533,0,個人,2008-11-13,0
A006534,0,個人,2011-12-19,0
A006535,0,個人,2016-10-25,0
A006536,0,個人,2020-04-03,0
A006537,0,個人,2024-05-08,0
A006538,0,個人,2014-03-18,0
A006539,0,個人,2009-03-26,0
A006540,0,個人,2022-08-24,0
A006541,0,個人,2023-08-29,0
A006542,0,個人,2013-03-01,0
A006543,0,個人,2007-12-17,0
A006544,0,個人,2022-11-01,0
A006545,0,個人,2015-09-11,0
A006546,0,個人,2010-10-17,0
A006547,0,個人,2026-01-02,0
A006548,0,個人,2021-06-21,0
A006549,0,個人,2012-07-14,0
A006550,0,個人,2022-07-09,0
A006551,0,個人,2013-09-07,0
A006552,0,個人,2017-07-02,0
A006553,0,個人,2015-09-22,0
A006554,0,個人,2019-12-06,0
A006555,0,個人,2021-06-29,0
A006556,0,個人,2009-02-18,0
A006557,0,個人,2007-08-11,0
A006558,0,個人,2020-05-12,0
A006559,0,個人,2009-08-10,0
A006560,0,個人,2020-11-30,0
A006561,0,個人,2022-09-15,0
A006562,0,個人,2024-08-02,0
A006563,0,個人,2010-03-06,0
A006564,0,個人,2011-08-21,0
A006565,0,個人,2008-11-08,0
A006566,0,個人,2017-01-18,0
A006567,0,個人,2017-07-08,0
A006568,0,個人,2024-08-17,0
A006569,0,個人,2013-10-11,0
A006570,0,個人,2018-09-23,0
A006571,0,個人,2006-05-07,0
A006572,0,個人,2018-09-09,0
A006573,0,個人,2010-12-30,0
A006574,0,個人,2008-10-20,0
A006575,0,個人,2013-07-20,0
A006576,0,個人,2006-05-19,0
A006577,0,個人,2021-10-23,0
A006578,0,個人,2018-01-10,0
A006579,0,個人,2013-11-25,0
A006580,0,個人,2013-05-04,0
A006581,0,個人,2020-03-11,0
A006582,0,個人,2007-01-31,0
A006583,0,個人,2006-03-30,0
A006584,0,個人,2008-06-16,0
A006585,0,個人,2009-01-14,0
A006586,0,個人,2017-06-19,0
A006587,0,個人,2026-03-21,0
A006588,0,個人,2008-01-14,0
A006589,0,個人,2008-10-21,0
A006590,0,個人,2023-06-26,0
A006591,0,個人,2008-12-12,0
A006592,0,個人,2015-10-20,0
A006593,0,個人,2013-07-24,0
A006594,0,個人,2021-01-08,0
A006595,0,個人,2022-09-25,0
A006596,0,個人,2013-07-17,0
A006597,0,個人,2016-02-23,0
A006598,0,個人,2024-10-25,0
A006599,0,個人,2013-04-16,0
A006600,0,個人,2008-11-29,0
A006601,0,個人,2024-02-26,0
A006602,0,個人,2023-08-06,0
A006603,0,個人,2018-11-15,0
A006604,0,個人,2016-03-26,0
A006605,0,個人,2012-06-24,0
A006606,0,個人,2011-03-21,0
A006607,0,個人,2006-09-05,0
A006608,0,個人,2016-07-17,0
A006609,0,個人,2014-09-04,0
A006610,0,個人,2007-02-28,0
A006611,0,個人,2009-06-07,0
A006612,0,個人,2018-05-28,0
A006613,0,個人,2009-04-03,0
A006615,0,個人,2024-08-28,0
A006616,0,個人,2012-10-09,0
A006617,0,個人,2013-02-16,0
A006618,0,個人,2006-08-11,0
A006619,0,個人,2011-02-05,0
A006620,0,個人,2008-05-19,0
A006621,0,個人,2019-11-28,0
A006622,0,個人,2023-04-28,0
A006623,0,個人,2021-08-22,0
A006624,0,個人,2013-02-22,0
A006625,0,個人,2016-04-03,0
A006626,0,個人,2023-06-16,0
A006627,0,個人,2023-02-21,0
A006628,0,個人,2023-03-02,0
A006629,0,個人,2021-09-01,0
A006630,0,個人,2012-03-02,0
A006631,0,個人,2019-05-31,0
A006632,0,個人,2016-02-08,0
A006633,0,個人,2024-08-26,0
A006635,0,個人,2016-09-12,0
A006636,0,個人,2019-02-03,0
A006637,0,個人,2009-03-03,0
A006638,0,個人,2019-01-10,0
A006639,0,個人,2023-08-06,0
A006640,0,個人,2016-03-02,0
A006641,0,個人,2019-03-07,0
A006642,0,個人,2016-04-10,0
A006643,0,個人,2012-02-20,0
A006644,0,個人,2010-05-01,0
A006645,0,個人,2018-10-14,0
A006646,0,個人,2017-05-16,0
A006647,0,個人,2007-10-04,0
A006648,0,個人,2021-02-25,0
A006649,0,個人,2009-08-14,0
A006650,0,個人,2016-11-08,0
A006651,0,個人,2023-06-19,0
A006652,0,個人,2019-05-11,0
A006653,0,個人,2021-09-10,0
A006654,0,個人,2020-12-25,0
A006656,0,個人,2023-09-11,0
A006657,0,個人,2007-06-08,0
A006658,0,個人,2022-01-31,0
A006659,0,個人,2021-08-06,0
A006660,0,個人,2024-10-26,0
A006661,0,個人,2012-12-17,0
A006662,0,個人,2025-01-01,0
A006663,0,個人,2024-01-06,0
A006664,0,個人,2020-02-29,0
A006665,0,個人,2019-12-20,0
A006666,0,個人,2009-08-18,0
A006667,0,個人,2013-11-07,0
A006668,0,個人,2011-01-08,0
A006669,0,個人,2011-07-30,0
A006670,0,個人,2009-11-13,0
A006671,0,個人,2017-01-25,0
A006672,0,個人,2013-04-28,0
A006673,0,個人,2011-03-27,0
A006674,0,個人,2018-02-15,0
A006675,0,個人,2008-02-06,0
A006676,0,個人,2012-05-04,0
A006677,0,個人,2016-05-13,0
A006678,0,個人,2009-02-27,0
A006679,0,個人,2026-02-18,0
A006680,0,個人,2018-05-08,0
A006681,0,個人,2020-07-17,0
A006682,0,個人,2021-11-13,0
A006683,0,個人,2023-07-14,0
A006684,0,個人,2022-10-02,0
A006685,0,個人,2022-12-22,0
A006686,0,個人,2023-11-28,0
A006687,0,個人,2013-10-02,0
A006688,0,個人,2010-07-11,0
A006689,0,個人,2017-08-20,0
A006690,0,個人,2009-05-05,0
A006691,0,個人,2020-10-07,0
A006692,0,個人,2011-10-04,0
A006693,0,個人,2015-09-30,0
A006694,0,個人,2009-01-11,0
A006695,0,個人,2006-05-20,0
A006696,0,個人,2006-08-28,0
A006697,0,個人,2011-12-14,0
A006698,0,個人,2016-12-18,0
A006699,0,個人,2017-10-22,0
A006700,0,個人,2009-07-29,0
A006701,0,個人,2006-11-25,0
A006702,0,個人,2012-04-08,0
A006703,0,個人,2021-05-20,0
A006704,0,個人,2026-02-24,0
A006705,0,個人,2018-05-10,0
A006706,0,個人,2009-03-27,0
A006707,0,個人,2022-09-27,0
A006708,0,個人,2011-06-20,0
A006709,0,個人,2011-04-27,0
A006710,0,個人,2010-07-15,0
A006711,0,個人,2008-06-19,0
A006712,0,個人,2006-06-12,0
A006713,0,個人,2022-01-15,0
A006715,0,個人,2018-02-03,0
A006717,0,個人,2021-04-14,0
A006718,0,個人,2017-10-19,0
A006719,0,個人,2022-08-30,0
A006720,0,個人,2009-02-08,0
A006721,0,個人,2011-09-28,0
A006722,0,個人,2010-10-24,0
A006723,0,個人,2008-08-16,0
A006724,0,個人,2020-03-07,914
A006725,0,個人,2014-10-17,0
A006726,0,個人,2020-09-30,0
A006727,0,個人,2015-11-02,0
A006728,0,個人,2015-06-10,0
A006729,0,個人,2015-03-12,0
A006730,0,個人,2009-04-20,0
A006731,0,個人,2006-06-04,0
A006732,0,個人,2013-02-24,0
A006733,0,個人,2021-12-05,0
A006734,0,個人,2024-12-06,0
A006736,0,個人,2012-03-15,0
A006737,0,個人,2007-12-05,0
A006738,0,個人,2026-01-14,0
A006739,0,個人,2007-04-19,0
A006740,0,個人,2009-06-20,0
A006741,0,個人,2011-02-23,0
A006742,0,個人,2009-03-16,0
A006743,0,個人,2019-05-23,0
A006744,0,個人,2020-08-03,0
A006745,0,個人,2015-02-09,0
A006746,0,個人,2021-10-01,0
A006747,0,個人,2014-11-23,0
A006748,0,個人,2008-09-11,0
A006749,0,個人,2015-07-06,0
A006750,0,個人,2019-04-19,0
A006751,0,個人,2016-01-20,0
A006752,0,個人,2026-01-01,0
A006753,0,個人,2021-12-23,0
A006754,0,個人,2017-07-15,0
A006755,0,個人,2021-07-04,0
A006756,0,個人,2008-06-02,0
A006757,0,個人,2022-09-03,0
A006758,0,個人,2012-11-04,0
A006759,0,個人,2006-03-08,0
A006760,0,個人,2010-09-14,0
A006761,0,個人,2018-01-25,0
A006762,0,個人,2012-06-15,0
A006763,0,個人,2014-08-02,0
A006764,0,個人,2006-05-26,0
A006765,0,個人,2024-03-23,0
A006766,0,個人,2017-11-17,0
A006767,0,個人,2016-04-03,0
A006768,0,個人,2012-01-30,0
A006769,0,個人,2015-07-06,0
A006770,0,個人,2015-07-09,0
A006771,0,個人,2024-02-09,0
A006772,0,個人,2018-05-16,0
A006773,0,個人,2013-07-03,0
A006774,0,個人,2008-02-04,0
A006775,0,個人,2026-01-28,0
A006776,0,個人,2019-08-01,0
A006777,0,個人,2015-01-22,0
A006778,0,個人,2014-12-09,0
A006779,0,個人,2016-04-16,0
A006780,0,個人,2014-07-17,0
A006781,0,個人,2013-09-03,0
A006782,0,個人,2024-01-06,0
A006783,0,個人,2011-12-30,0
A006784,0,個人,2009-10-20,0
A006785,0,個人,2007-06-30,0
A006786,0,個人,2020-02-29,0
A006787,0,個人,2014-03-24,0
A006788,0,個人,2013-09-02,0
A006789,0,個人,2015-11-23,242
A006790,0,個人,2014-03-11,0
A006791,0,個人,2015-05-21,0
A006792,0,個人,2013-12-12,0
A006793,0,個人,2019-06-14,0
A006794,0,個人,2017-06-23,0
A006795,0,個人,2019-07-09,0
A006797,0,個人,2007-08-19,0
A006798,0,個人,2020-05-08,0
A006799,0,個人,2006-02-07,0
A006800,0,個人,2018-04-26,0
A006801,0,個人,2006-04-07,0
A006802,0,個人,2006-11-05,0
A006803,0,個人,2021-09-08,0
A006804,0,個人,2008-07-14,0
A006805,0,個人,2008-11-23,0
A006806,0,個人,2020-07-07,0
A006807,0,個人,2011-11-26,0
A006808,0,個人,2006-09-17,0
A006809,0,個人,2016-09-15,0
A006810,0,個人,2024-12-21,0
A006811,0,個人,2020-03-02,0
A006812,0,個人,2007-09-12,0
A006813,0,個人,2010-08-01,0
A006814,0,個人,2011-09-14,0
A006815,0,個人,2006-11-13,0
A006816,0,個人,2017-01-17,0
A006817,0,個人,2010-05-09,0
A006818,0,個人,2024-10-20,0
A006819,0,個人,2011-09-15,0
A006820,0,個人,2024-07-28,0
A006821,0,個人,2020-07-11,0
A006822,0,個人,2020-01-24,0
A006823,0,個人,2018-08-20,0
A006824,0,個人,2008-06-28,0
A006825,0,個人,2008-10-08,0
A006826,0,個人,2013-05-17,0
A006827,0,個人,2016-04-18,0
A006828,0,個人,2024-06-17,0
A006829,0,個人,2012-06-28,0
A006830,0,個人,2019-07-09,0
A006831,0,個人,2008-07-25,0
A006832,0,個人,2018-03-22,0
A006833,0,個人,2017-05-25,0
A006834,0,個人,2007-06-13,0
A006835,0,個人,2010-06-07,0
A006836,0,個人,2007-02-17,0
A006837,0,個人,2006-02-23,1543
A006838,0,個人,2016-07-21,0
A006839,0,個人,2016-07-12,0
A006840,0,個人,2013-06-13,0
A006841,0,個人,2006-12-31,0
A006842,0,個人,2009-04-28,0
A006843,0,個人,2013-06-24,0
A006844,0,個人,2023-07-27,0
A006845,0,個人,2018-11-06,0
A006846,0,個人,2022-08-12,0
A006847,0,個人,2007-08-27,0
A006848,0,個人,2016-02-23,0
A006849,0,個人,2011-03-16,0
A006850,0,個人,2022-12-04,0
A006851,0,個人,2013-03-27,0
A006852,0,個人,2016-07-19,0
A006853,0,個人,2026-03-15,0
A006854,0,個人,2012-05-21,0
A006855,0,個人,2014-10-01,0
A006856,0,個人,2008-02-19,0
A006857,0,個人,2015-07-25,0
A006858,0,個人,2020-05-13,0
A006860,0,個人,2010-03-12,0
A006861,0,個人,2024-01-23,0
A006862,0,個人,2013-06-13,0
A006863,0,個人,2014-02-26,0
A006864,0,個人,2019-11-21,0
A006865,0,個人,2026-02-05,0
A006866,0,個人,2013-03-11,0
A006867,0,個人,2016-04-27,0
A006868,0,個人,2013-07-20,0
A006869,0,個人,2011-02-24,0
A006870,0,個人,2010-02-06,0
A006871,0,個人,2018-12-26,0
A006872,0,個人,2022-04-24,0
A006873,0,個人,2012-07-09,0
A006874,0,個人,2025-01-01,0
A006875,0,個人,2026-02-09,0
A006876,0,個人,2009-05-09,0
A006877,0,個人,2011-03-13,0
A006879,0,個人,2011-04-13,0
A006880,0,個人,2011-08-08,0
A006881,0,個人,2018-08-11,0
A006882,0,個人,2012-05-04,0
A006883,0,個人,2019-11-28,0
A006884,0,個人,2010-01-28,0
A006885,0,個人,2006-11-28,0
A006886,0,個人,2016-03-15,0
A006887,0,個人,2016-09-15,0
A006888,0,個人,2014-01-23,0
A006889,0,個人,2026-02-27,0
A006890,0,個人,2021-05-05,0
A006891,0,個人,2014-01-23,0
A006892,0,個人,2011-08-28,0
A006893,0,個人,2017-02-15,0
A006894,0,個人,2007-12-06,0
A006895,0,個人,2016-02-10,0
A006896,0,個人,2020-02-02,0
A006897,0,個人,2023-06-14,0
A006898,0,個人,2009-05-05,0
A006899,0,個人,2011-04-14,0
A006901,0,個人,2015-04-04,0
A006902,0,個人,2015-01-26,0
A006903,0,個人,2017-01-19,0
A006904,0,個人,2026-02-13,0
A006905,0,個人,2016-08-05,0
A006906,0,個人,2008-12-02,0
A006907,0,個人,2007-08-25,0
A006908,0,個人,2023-12-13,0
A006909,0,個人,2018-01-24,0
A006910,0,個人,2024-07-02,0
A006911,0,個人,2007-02-13,0
A006912,0,個人,2008-07-31,0
A006913,0,個人,2016-12-13,0
A006914,0,個人,2015-04-02,0
A006916,0,個人,2021-02-26,0
A006917,0,個人,2022-01-13,0
A006919,0,個人,2006-01-28,0
A006920,0,個人,2021-10-30,0
A006921,0,個人,2015-01-31,0
A006922,0,個人,2009-09-05,0
A006923,0,個人,2021-08-09,0
A006924,0,個人,2006-07-13,0
A006925,0,個人,2021-09-13,0
A006926,0,個人,2013-11-21,0
A006927,0,個人,2009-07-10,0
A006928,0,個人,2014-04-09,0
A006929,0,個人,2017-01-14,0
A006930,0,個人,2020-01-24,0
A006931,0,個人,2011-11-18,0
A006932,0,個人,2015-11-17,0
A006933,0,個人,2006-10-12,0
A006934,0,個人,2018-09-04,0
A006935,0,個人,2013-06-07,0
A006936,0,個人,2022-07-19,0
A006937,0,個人,2022-06-17,0
A006938,0,個人,2021-06-26,0
A006939,0,個人,2014-06-04,0
A006940,0,個人,2008-07-06,0
A006941,0,個人,2006-04-01,0
A006942,0,個人,2019-02-15,0
A006943,0,個人,2024-06-15,0
A006944,0,個人,2015-08-04,0
A006945,0,個人,2015-12-23,0
A006946,0,個人,2014-11-17,0
A006947,0,個人,2015-10-30,0
A006948,0,個人,2013-01-14,0
A006949,0,個人,2026-03-20,0
A006950,0,個人,2010-03-08,0
A006951,0,個人,2017-11-08,0
A006952,0,個人,2007-04-28,0
A006953,0,個人,2013-09-21,0
A006954,0,個人,2017-10-24,0
A006955,0,個人,2026-03-08,0
A006956,0,個人,2012-05-14,0
A006957,0,個人,2011-06-14,0
A006959,0,個人,2009-10-06,0
A006960,0,個人,2010-10-09,0
A006961,0,個人,2026-01-12,0
A006962,0,個人,2006-11-08,0
A006963,0,個人,2016-12-30,0
A006964,0,個人,2017-07-24,0
A006965,0,個人,2012-01-18,0
A006966,0,個人,2007-01-01,0
A006967,0,個人,2010-10-29,0
A006968,0,個人,2017-01-28,0
A006969,0,個人,2014-08-24,0
A006970,0,個人,2018-02-18,0
A006971,0,個人,2006-05-26,0
A006972,0,個人,2018-06-30,0
A006973,0,個人,2023-05-26,0
A006974,0,個人,2016-02-13,0
A006975,0,個人,2024-09-06,0
A006976,0,個人,2022-02-10,0
A006977,0,個人,2024-05-12,0
A006978,0,個人,2007-12-13,0
A006979,0,個人,2022-08-10,0
A006980,0,個人,2021-10-31,0
A006981,0,個人,2011-10-24,0
A006982,0,個人,2012-10-06,0
A006983,0,個人,2010-12-13,0
A006984,0,個人,2010-03-14,0
A006985,0,個人,2022-06-07,0
A006986,0,個人,2009-04-25,0
A006987,0,個人,2006-11-15,0
A006988,0,個人,2008-11-04,0
A006989,0,個人,2020-05-24,0
A006990,0,個人,2012-11-13,0
A006991,0,個人,2016-09-07,0
A006992,0,個人,2012-04-12,0
A006993,0,個人,2012-11-01,0
A006994,0,個人,2008-12-23,0
A006995,0,個人,2018-06-01,0
A006996,0,個人,2018-03-05,0
A006997,0,個人,2021-11-21,0
A006998,0,個人,2010-01-15,0
A006999,0,個人,2007-05-31,0
A007000,0,個人,2017-12-27,0
A007001,0,個人,2021-04-18,0
A007002,0,個人,2020-10-05,0
A007003,0,個人,2009-11-29,0
A007004,0,個人,2018-06-05,0
A007005,0,個人,2014-03-02,0
A007006,0,個人,2020-05-04,0
A007007,0,個人,2023-10-04,0
A007009,0,個人,2024-06-15,0
A007010,0,個人,2011-09-09,0
A007011,0,個人,2021-12-30,0
A007012,0,個人,2006-12-05,0
A007013,0,個人,2007-04-21,0
A007014,0,個人,2017-11-10,0
A007015,0,個人,2006-10-20,0
A007016,0,個人,2008-05-30,0
A007017,0,個人,2016-09-25,0
A007018,0,個人,2008-03-07,0
A007020,0,個人,2014-08-26,0
A007021,0,個人,2019-11-14,0
A007022,0,個人,2010-03-29,0
A007023,0,個人,2013-03-17,0
A007024,0,個人,2009-03-15,0
A007025,0,個人,2014-03-04,0
A007026,0,個人,2018-11-22,0
A007027,0,個人,2016-08-11,0
A007028,0,個人,2006-03-25,0
A007029,0,個人,2010-05-01,0
A007030,0,個人,2023-11-04,0
A007031,0,個人,2022-06-22,0
A007032,0,個人,2018-03-12,0
A007033,0,個人,2019-11-07,0
A007034,0,個人,2014-09-09,0
A007035,0,個人,2015-07-14,0
A007036,0,個人,2023-05-10,0
A007037,0,個人,2018-05-03,0
A007038,0,個人,2024-12-09,0
A007039,0,個人,2017-10-02,0
A007040,0,個人,2013-08-03,0
A007041,0,個人,2015-11-03,0
A007042,0,個人,2020-04-13,0
A007043,0,個人,2026-02-02,0
A007044,0,個人,2024-06-04,0
A007045,0,個人,2015-08-22,0
A007046,0,個人,2018-08-25,0
A007047,0,個人,2022-04-19,0
A007048,0,個人,2012-07-21,0
A007049,0,個人,2016-04-24,0
A007050,0,個人,2024-01-21,0
A007051,0,個人,2007-09-03,0
A007052,0,個人,2013-07-24,0
A007053,0,個人,2008-05-10,0
A007054,0,個人,2015-04-12,0
A007055,0,個人,2017-10-02,0
A007056,0,個人,2019-05-18,0
A007057,0,個人,2019-04-13,0
A007058,0,個人,2015-08-19,0
A007059,0,個人,2009-03-09,0
A007060,0,個人,2023-01-13,0
A007061,0,個人,2014-04-27,0
A007062,0,個人,2017-04-01,0
A007063,0,個人,2009-03-24,0
A007064,0,個人,2023-09-10,0
A007065,0,個人,2024-03-06,0
A007066,0,個人,2009-03-06,0
A007067,0,個人,2019-05-22,0
A007068,0,個人,2024-11-17,0
A007069,0,個人,2011-03-17,0
A007070,0,個人,2020-06-29,0
A007071,0,個人,2022-02-24,0
A007072,0,個人,2012-01-12,0
A007073,0,個人,2019-09-06,0
A007074,0,個人,2023-09-24,0
A007075,0,個人,2022-07-26,0
A007076,0,個人,2012-10-01,0
A007077,0,個人,2006-05-29,0
A007078,0,個人,2020-06-15,0
A007079,0,個人,2008-12-27,0
A007080,0,個人,2010-03-05,0
A007081,0,個人,2009-10-17,0
A007082,0,個人,2016-12-30,0
A007083,0,個人,2010-05-04,0
A007084,0,個人,2010-03-24,0
A007085,0,個人,2014-06-19,0
A007086,0,個人,2015-11-11,0
A007087,0,個人,2011-07-07,0
A007088,0,個人,2017-09-28,0
A007089,0,個人,2007-06-21,0
A007090,0,個人,2009-07-09,0
A007091,0,個人,2016-06-16,0
A007092,0,個人,2020-11-07,0
A007093,0,個人,2020-12-27,0
A007094,0,個人,2014-12-14,0
A007095,0,個人,2013-09-09,0
A007096,0,個人,2007-11-17,0
A007097,0,個人,2006-09-18,0
A007098,0,個人,2019-04-02,0
A007099,0,個人,2020-06-04,0
A007100,0,個人,2024-04-26,0
A007101,0,個人,2018-10-03,0
A007102,0,個人,2008-04-08,0
A007103,0,個人,2008-10-08,0
A007104,0,個人,2008-04-27,0
A007105,0,個人,2010-02-16,0
A007106,0,個人,2019-01-06,0
A007107,0,個人,2021-05-11,0
A007108,0,個人,2014-04-11,0
A007109,0,個人,2014-10-10,0
A007110,0,個人,2026-01-10,0
A007111,0,個人,2017-08-21,0
A007112,0,個人,2011-04-27,0
A007113,0,個人,2011-06-28,0
A007114,0,個人,2007-01-01,0
A007115,0,個人,2011-05-20,0
A007116,0,個人,2021-10-11,0
A007117,0,個人,2008-01-31,0
A007118,0,個人,2023-06-28,0
A007119,0,個人,2011-12-16,0
A007120,0,個人,2017-08-19,0
A007121,0,個人,2026-03-18,0
A007122,0,個人,2008-02-07,0
A007123,0,個人,2014-07-22,0
A007124,0,個人,2014-08-03,0
A007125,0,個人,2019-10-30,0
A007126,0,個人,2010-10-13,0
A007127,0,個人,2023-06-11,0
A007128,0,個人,2019-11-19,0
A007129,0,個人,2014-12-02,0
A007130,0,個人,2012-09-20,0
A007131,0,個人,2021-09-22,0
A007132,0,個人,2014-09-26,0
A007133,0,個人,2020-01-18,0
A007134,0,個人,2010-08-31,0
A007136,0,個人,2022-02-16,0
A007137,0,個人,2023-02-13,0
A007138,0,個人,2011-06-19,0
A007139,0,個人,2010-11-15,0
A007140,0,個人,2013-02-14,0
A007141,0,個人,2010-12-08,0
A007142,0,個人,2019-12-27,0
A007143,0,個人,2008-11-16,0
A007144,0,個人,2006-07-22,0
A007145,0,個人,2010-05-07,0
A007146,0,個人,2012-10-30,0
A007147,0,個人,2016-11-20,0
A007148,0,個人,2010-05-09,0
A007149,0,個人,2016-05-16,0
A007150,0,個人,2026-01-21,0
A007151,0,個人,2023-05-08,0
A007152,0,個人,2013-03-26,0
A007153,0,個人,2009-10-22,0
A007154,0,個人,2007-09-02,0
A007155,0,個人,2023-01-21,0
A007156,0,個人,2020-11-07,0
A007157,0,個人,2018-02-21,0
A007158,0,個人,2010-04-28,0
A007159,0,個人,2020-04-22,0
A007160,0,個人,2026-01-15,0
A007161,0,個人,2017-06-05,0
A007162,0,個人,2010-03-05,0
A007163,0,個人,2014-03-06,0
A007164,0,個人,2010-05-17,0
A007165,0,個人,2017-07-26,0
A007166,0,個人,2015-10-04,0
A007167,0,個人,2011-02-26,0
A007168,0,個人,2014-02-01,0
A007169,0,個人,2006-01-13,0
A007170,0,個人,2013-10-20,0
A007171,0,個人,2007-05-14,0
A007172,0,個人,2026-03-06,0
A007173,0,個人,2006-12-01,0
A007174,0,個人,2023-04-04,0
A007175,0,個人,2006-06-20,0
A007176,0,個人,2022-01-11,0
A007177,0,個人,2019-09-06,0
A007178,0,個人,2018-07-11,0
A007179,0,個人,2016-08-28,0
A007180,0,個人,2009-04-22,0
A007181,0,個人,2015-01-29,0
A007182,0,個人,2014-05-23,0
A007184,0,個人,2021-07-10,0
A007185,0,個人,2014-12-06,0
A007186,0,個人,2011-08-06,0
A007187,0,個人,2007-06-20,0
A007188,0,個人,2015-01-29,0
A007189,0,個人,2020-01-04,0
A007190,0,個人,2007-01-26,0
A007191,0,個人,2010-02-22,0
A007192,0,個人,2022-09-26,0
A007193,0,個人,2021-06-30,0
A007195,0,個人,2008-02-13,0
A007196,0,個人,2009-04-28,0
A007197,0,個人,2014-04-27,0
A007198,0,個人,2011-07-30,0
A007199,0,個人,2026-01-21,899
A007200,0,個人,2022-04-04,0
A007201,0,個人,2015-02-06,0
A007202,0,個人,2007-05-25,0
A007203,0,個人,2024-01-07,0
A007204,0,個人,2019-09-14,0
A007205,0,個人,2010-04-22,0
A007206,0,個人,2026-02-21,0
A007207,0,個人,2026-01-15,0
A007208,0,個人,2008-06-10,0
A007209,0,個人,2021-10-14,0
A007210,0,個人,2019-08-22,0
A007211,0,個人,2008-07-17,0
A007212,0,個人,2020-07-11,0
A007213,0,個人,2009-06-28,0
A007214,0,個人,2012-10-06,0
A007215,0,個人,2014-08-14,0
A007216,0,個人,2017-04-01,0
A007217,0,個人,2007-08-03,0
A007218,0,個人,2024-01-08,0
A007219,0,個人,2019-11-27,0
A007220,0,個人,2021-04-29,0
A007221,0,個人,2024-09-27,0
A007223,0,個人,2021-05-28,0
A007224,0,個人,2016-12-17,0
A007225,0,個人,2009-02-09,0
A007226,0,個人,2021-07-18,0
A007227,0,個人,2006-01-06,0
A007228,0,個人,2022-10-20,0
A007230,0,個人,2020-11-26,0
A007231,0,個人,2022-08-05,0
A007232,0,個人,2021-11-14,0
A007234,0,個人,2018-08-08,0
A007235,0,個人,2015-12-02,0
A007236,0,個人,2016-06-01,0
A007237,0,個人,2012-08-27,0
A007238,0,個人,2006-09-24,0
A007239,0,個人,2019-10-23,0
A007240,0,個人,2011-04-14,0
A007241,0,個人,2014-06-22,0
A007242,0,個人,2008-04-17,0
A007243,0,個人,2020-04-01,0
A007244,0,個人,2009-05-24,0
A007245,0,個人,2016-05-24,0
A007246,0,個人,2006-05-02,0
A007247,0,個人,2020-08-19,0
A007248,0,個人,2014-07-29,0
A007249,0,個人,2018-05-07,0
A007250,0,個人,2024-04-16,0
A007251,0,個人,2026-01-05,0
A007252,0,個人,2017-09-11,0
A007254,0,個人,2026-02-19,0
A007255,0,個人,2020-06-18,0
A007256,0,個人,2008-03-16,0
A007257,0,個人,2021-12-27,0
A007258,0,個人,2006-04-07,0
A007259,0,個人,2026-02-24,0
A007260,0,個人,2012-04-21,0
A007261,0,個人,2026-02-07,0
A007262,0,個人,2014-08-08,0
A007263,0,個人,2026-03-15,0
A007264,0,個人,2007-10-28,0
A007266,0,個人,2010-12-07,0
A007267,0,個人,2009-10-24,0
A007268,0,個人,2012-03-02,0
A007269,0,個人,2009-12-31,0
A007270,0,個人,2023-11-14,0
A007271,0,個人,2023-03-28,0
A007272,0,個人,2010-09-17,0
A007273,0,個人,2020-02-11,0
A007274,0,個人,2026-02-02,0
A007275,0,個人,2010-02-24,0
A007276,0,個人,2011-08-22,0
A007277,0,個人,2013-11-04,0
A007278,0,個人,2022-09-09,0
A007280,0,個人,2007-02-18,0
A007281,0,個人,2014-08-04,0
A007282,0,個人,2011-12-19,0
A007283,0,個人,2016-12-05,0
A007284,0,個人,2013-04-29,0
A007285,0,個人,2006-11-14,0
A007286,0,個人,2020-12-09,0
A007287,0,個人,2015-09-06,0
A007288,0,個人,2019-06-01,0
A007289,0,個人,2023-01-17,0
A007290,0,個人,2011-11-07,0
A007291,0,個人,2007-08-31,0
A007292,0,個人,2014-02-07,447
A007293,0,個人,2011-04-07,0
A007294,0,個人,2014-04-27,0
A007295,0,個人,2008-06-29,0
A007296,0,個人,2013-11-26,0
A007297,0,個人,2023-11-11,0
A007298,0,個人,2024-07-25,0
A007299,0,個人,2022-06-30,0
A007300,0,個人,2008-10-07,0
A007301,0,個人,2008-10-01,0
A007302,0,個人,2016-05-03,0
A007303,0,個人,2022-04-16,0
A007304,0,個人,2012-11-26,0
A007305,0,個人,2020-11-15,0
A007306,0,個人,2019-02-07,0
A007307,0,個人,2007-04-22,0
A007308,0,個人,2012-09-09,0
A007309,0,個人,2008-12-19,0
A007310,0,個人,2015-07-08,0
A007311,0,個人,2015-05-25,0
A007312,0,個人,2021-08-19,0
A007313,0,個人,2011-11-28,0
A007315,0,個人,2012-06-19,0
A007316,0,個人,2018-05-27,0
A007317,0,個人,2014-11-28,0
A007318,0,個人,2026-02-28,0
A007319,0,個人,2008-05-10,0
A007320,0,個人,2012-05-17,0
A007322,0,個人,2020-05-06,0
A007323,0,個人,2018-11-26,0
A007324,0,個人,2015-09-12,0
A007325,0,個人,2017-11-19,0
A007326,0,個人,2007-06-20,0
A007328,0,個人,2021-08-24,0
A007329,0,個人,2009-03-13,0
A007330,0,個人,2014-05-31,0
A007331,0,個人,2017-02-27,0
A007333,0,個人,2019-07-27,0
A007334,0,個人,2014-01-20,0
A007335,0,個人,2015-06-27,0
A007336,0,個人,2017-09-10,0
A007337,0,個人,2013-07-11,0
A007338,0,個人,2026-02-11,0
A007339,0,個人,2021-04-20,0
A007340,0,個人,2016-10-17,0
A007341,0,個人,2026-03-12,0
A007342,0,個人,2019-09-17,0
A007343,0,個人,2007-07-06,0
A007344,0,個人,2010-06-26,0
A007345,0,個人,2015-12-26,0
A007346,0,個人,2010-09-01,0
A007347,0,個人,2006-11-26,0
A007348,0,個人,2007-10-09,0
A007349,0,個人,2011-02-06,0
A007350,0,個人,2026-01-18,0
A007351,0,個人,2011-03-17,0
A007352,0,個人,2013-10-29,0
A007353,0,個人,2012-10-03,0
A007354,0,個人,2023-10-20,0
A007355,0,個人,2021-01-28,0
A007356,0,個人,2023-06-12,0
A007357,0,個人,2006-05-04,0
A007358,0,個人,2012-07-28,0
A007359,0,個人,2014-01-05,0
A007360,0,個人,2010-01-28,0
A007361,0,個人,2024-10-14,0
A007362,0,個人,2024-11-14,0
A007363,0,個人,2018-03-20,0
A007364,0,個人,2008-01-08,0
A007365,0,個人,2016-02-04,0
A007366,0,個人,2012-03-13,0
A007367,0,個人,2015-07-06,0
A007368,0,個人,2022-08-27,0
A007369,0,個人,2006-08-25,0
A007370,0,個人,2018-08-03,0
A007371,0,個人,2014-05-03,0
A007372,0,個人,2013-03-12,0
A007373,0,個人,2022-09-12,0
A007374,0,個人,2007-08-02,0
A007375,0,個人,2008-04-22,0
A007376,0,個人,2018-11-23,0
A007377,0,個人,2008-01-11,0
A007378,0,個人,2011-10-23,0
A007379,0,個人,2013-04-09,0
A007380,0,個人,2012-08-16,0
A007381,0,個人,2013-06-05,0
A007382,0,個人,2007-11-24,0
A007383,0,個人,2010-12-23,0
A007384,0,個人,2022-09-18,0
A007385,0,個人,2006-09-03,0
A007386,0,個人,2024-10-03,0
A007387,0,個人,2019-09-07,0
A007388,0,個人,2014-04-24,0
A007389,0,個人,2009-04-19,0
A007390,0,個人,2010-03-17,0
A007391,0,個人,2010-10-22,0
A007392,0,個人,2014-06-05,0
A007393,0,個人,2007-02-16,0
A007394,0,個人,2020-04-06,0
A007395,0,個人,2020-04-04,0
A007396,0,個人,2006-08-19,0
A007397,0,個人,2008-12-28,0
A007398,0,個人,2026-02-19,0
A007399,0,個人,2022-05-09,0
A007400,0,個人,2021-07-11,0
A007401,0,個人,2016-02-10,0
A007402,0,個人,2013-11-15,0
A007403,0,個人,2024-02-02,0
A007404,0,個人,2007-06-23,0
A007405,0,個人,2014-12-11,0
A007406,0,個人,2019-01-03,0
A007407,0,個人,2026-02-28,0
A007408,0,個人,2022-07-28,0
A007409,0,個人,2026-02-11,0
A007410,0,個人,2016-05-29,0
A007411,0,個人,2023-01-31,0
A007412,0,個人,2021-05-07,0
A007413,0,個人,2007-04-19,0
A007414,0,個人,2021-03-05,0
A007415,0,個人,2009-06-05,0
A007416,0,個人,2008-10-18,0
A007418,0,個人,2011-06-17,0
A007419,0,個人,2010-03-06,0
A007421,0,個人,2015-08-14,0
A007422,0,個人,2019-06-02,0
A007423,0,個人,2016-06-12,0
A007424,0,個人,2015-08-03,0
A007425,0,個人,2012-09-05,0
A007426,0,個人,2019-03-19,0
A007427,0,個人,2009-12-06,0
A007428,0,個人,2013-04-22,0
A007429,0,個人,2026-02-08,0
A007430,0,個人,2021-05-07,0
A007431,0,個人,2014-04-12,0
A007432,0,個人,2010-10-23,0
A007433,0,個人,2021-08-27,0
A007434,0,個人,2023-04-09,0
A007435,0,個人,2016-06-03,0
A007436,0,個人,2007-01-03,0
A007437,0,個人,2017-06-01,0
A007438,0,個人,2017-04-02,0
A007439,0,個人,2011-04-02,0
A007440,0,個人,2009-10-31,0
A007441,0,個人,2023-10-15,0
A007442,0,個人,2007-08-19,0
A007443,0,個人,2020-05-12,0
A007444,0,個人,2008-03-31,0
A007445,0,個人,2013-04-20,0
A007446,0,個人,2017-06-25,0
A007447,0,個人,2022-01-21,0
A007448,0,個人,2017-02-20,0
A007449,0,個人,2010-07-25,0
A007450,0,個人,2015-06-23,0
A007451,0,個人,2018-07-14,0
A007452,0,個人,2017-12-28,0
A007453,0,個人,2021-09-23,0
A007454,0,個人,2017-12-16,0
A007455,0,個人,2009-05-22,0
A007456,0,個人,2015-10-13,0
A007457,0,個人,2008-11-26,0
A007458,0,個人,2019-10-09,0
A007459,0,個人,2024-02-29,0
A007460,0,個人,2018-03-23,0
A007461,0,個人,2007-04-30,0
A007462,0,個人,2023-03-18,0
A007463,0,個人,2011-02-14,0
A007464,0,個人,2021-07-13,0
A007465,0,個人,2006-06-15,0
A007466,0,個人,2007-06-01,0
A007467,0,個人,2018-07-24,0
A007468,0,個人,2008-11-04,0
A007469,0,個人,2023-08-10,0
A007470,0,個人,2009-06-18,0
A007471,0,個人,2012-12-23,0
A007472,0,個人,2013-11-22,0
A007473,0,個人,2024-12-05,0
A007474,0,個人,2009-11-20,0
A007475,0,個人,2022-11-26,0
A007476,0,個人,2023-05-07,0
A007477,0,個人,2016-07-03,0
A007478,0,個人,2008-10-17,0
A007479,0,個人,2011-10-21,0
A007480,0,個人,2006-03-02,0
A007481,0,個人,2008-12-05,0
A007482,0,個人,2023-08-22,0
A007483,0,個人,2010-06-08,0
A007484,0,個人,2018-05-10,0
A007485,0,個人,2011-10-23,0
A007486,0,個人,2020-10-31,0
A007487,0,個人,2007-02-09,0
A007488,0,個人,2011-05-05,0
A007489,0,個人,2012-08-24,0
A007490,0,個人,2019-10-15,0
A007491,0,個人,2016-10-28,0
A007492,0,個人,2019-01-24,0
A007493,0,個人,2014-05-25,0
A007494,0,個人,2023-09-09,0
A007495,0,個人,2015-06-28,0
A007496,0,個人,2022-03-25,0
A007497,0,個人,2022-09-21,0
A007498,0,個人,2020-01-08,0
A007499,0,個人,2012-11-02,0
A007500,0,個人,2007-09-25,0
A007502,0,個人,2021-08-19,0
A007503,0,個人,2018-09-01,0
A007504,0,個人,2022-03-11,0
A007505,0,個人,2014-01-10,0
A007506,0,個人,2015-12-15,0
A007507,0,個人,2006-11-19,0
A007508,0,個人,2026-03-20,0
A007509,0,個人,2014-02-20,0
A007510,0,個人,2012-08-13,0
A007511,0,個人,2020-08-06,0
A007512,0,個人,2026-02-21,0
A007513,0,個人,2009-04-13,0
A007514,0,個人,2018-07-21,0
A007515,0,個人,2016-11-03,0
A007516,0,個人,2014-11-24,0
A007517,0,個人,2026-01-03,0
A007518,0,個人,2019-02-14,0
A007519,0,個人,2020-12-20,0
A007520,0,個人,2020-02-18,0
A007521,0,個人,2019-12-29,0
A007522,0,個人,2007-01-21,0
A007523,0,個人,2023-12-29,0
A007524,0,個人,2017-11-13,0
A007525,0,個人,2018-09-04,0
A007526,0,個人,2018-08-04,0
A007527,0,個人,2021-03-16,0
A007528,0,個人,2014-03-29,0
A007529,0,個人,2014-10-11,0
A007530,0,個人,2010-08-07,0
A007532,0,個人,2021-01-26,0
A007533,0,個人,2024-09-21,0
A007535,0,個人,2019-02-22,0
A007536,0,個人,2023-04-10,0
A007537,0,個人,2016-08-05,0
A007538,0,個人,2019-10-16,0
A007539,0,個人,2012-06-22,0
A007540,0,個人,2021-09-28,0
A007541,0,個人,2009-08-31,0
A007542,0,個人,2020-07-25,0
A007543,0,個人,2024-01-26,0
A007544,0,個人,2017-10-01,0
A007545,0,個人,2021-09-20,0
A007546,0,個人,2026-02-14,0
A007547,0,個人,2020-07-13,0
A007548,0,個人,2011-02-18,0
A007549,0,個人,2024-06-04,0
A007550,0,個人,2008-03-26,0
A007551,0,個人,2006-05-05,0
A007552,0,個人,2013-03-10,0
A007553,0,個人,2019-06-28,0
A007554,0,個人,2019-01-23,0
A007555,0,個人,2019-04-08,0
A007556,0,個人,2015-11-28,0
A007557,0,個人,2022-11-02,0
A007558,0,個人,2022-05-16,0
A007559,0,個人,2019-01-12,0
A007560,0,個人,2019-09-04,0
A007561,0,個人,2014-05-28,0
A007562,0,個人,2012-06-06,0
A007563,0,個人,2012-11-04,0
A007564,0,個人,2006-10-01,0
A007565,0,個人,2024-11-29,0
A007566,0,個人,2026-01-13,0
A007567,0,個人,2019-12-04,0
A007569,0,個人,2011-04-02,0
A007571,0,個人,2015-08-04,0
A007572,0,個人,2012-08-05,0
A007573,0,個人,2024-11-15,0
A007574,0,個人,2019-01-26,0
A007575,0,個人,2010-05-14,0
A007576,0,個人,2014-02-11,0
A007577,0,個人,2012-03-18,0
A007579,0,個人,2009-06-28,0
A007580,0,個人,2016-07-08,0
A007581,0,個人,2010-01-12,0
A007582,0,個人,2008-04-25,0
A007583,0,個人,2012-03-05,0
A007584,0,個人,2020-06-01,0
A007585,0,個人,2015-02-23,0
A007586,0,個人,2014-02-15,0
A007587,0,個人,2017-06-27,0
A007588,0,個人,2006-10-24,0
A007589,0,個人,2012-06-05,0
A007590,0,個人,2020-04-13,0
A007591,0,個人,2021-01-16,0
A007592,0,個人,2010-09-24,0
A007593,0,個人,2013-10-21,0
A007594,0,個人,2008-10-14,0
A007595,0,個人,2021-07-15,0
A007596,0,個人,2015-09-03,0
A007597,0,個人,2023-11-08,0
A007598,0,個人,2008-06-02,0
A007599,0,個人,2006-06-07,0
A007600,0,個人,2022-08-01,0
A007601,0,個人,2010-06-23,0
A007602,0,個人,2013-04-16,0
A007603,0,個人,2021-10-27,0
A007604,0,個人,2017-10-10,0
A007605,0,個人,2008-09-05,0
A007606,0,個人,2010-11-18,0
A007607,0,個人,2019-08-08,0
A007608,0,個人,2014-11-30,0
A007609,0,個人,2017-01-21,0
A007610,0,個人,2017-09-04,0
A007611,0,個人,2015-02-13,0
A007612,0,個人,2020-06-06,0
A007613,0,個人,2022-06-10,0
A007614,0,個人,2024-11-23,0
A007615,0,個人,2012-10-25,0
A007616,0,個人,2021-02-17,0
A007617,0,個人,2014-02-18,0
A007618,0,個人,2007-01-21,0
A007619,0,個人,2021-08-31,0
A007620,0,個人,2012-09-08,0
A007621,0,個人,2014-02-13,0
A007622,0,個人,2019-04-01,0
A007623,0,個人,2006-05-04,0
A007624,0,個人,2007-05-18,0
A007625,0,個人,2016-07-06,0
A007626,0,個人,2017-06-22,0
A007627,0,個人,2007-11-16,0
A007628,0,個人,2020-01-08,0
A007629,0,個人,2015-08-21,0
A007630,0,個人,2006-03-17,0
A007631,0,個人,2016-02-04,0
A007632,0,個人,2007-05-17,0
A007633,0,個人,2018-01-06,0
A007634,0,個人,2017-10-31,0
A007635,0,個人,2016-11-12,0
A007636,0,個人,2011-04-06,0
A007637,0,個人,2021-09-09,0
A007638,0,個人,2008-06-24,0
A007639,0,個人,2006-07-05,0
A007640,0,個人,2021-08-12,0
A007641,0,個人,2012-05-19,0
A007642,0,個人,2018-12-17,0
A007643,0,個人,2008-10-28,0
A007644,0,個人,2024-07-19,0
A007645,0,個人,2006-03-16,0
A007646,0,個人,2014-06-01,0
A007647,0,個人,2017-02-28,0
A007649,0,個人,2020-09-17,0
A007650,0,個人,2016-11-11,0
A007651,0,個人,2015-02-22,0
A007652,0,個人,2013-05-14,0
A007653,0,個人,2021-05-21,0
A007654,0,個人,2013-07-03,0
A007655,0,個人,2020-01-28,0
A007656,0,個人,2023-02-10,0
A007657,0,個人,2020-10-24,0
A007658,0,個人,2009-02-14,0
A007659,0,個人,2017-11-20,0
A007660,0,個人,2017-12-11,0
A007661,0,個人,2011-04-23,0
A007662,0,個人,2021-06-25,0
A007663,0,個人,2006-02-22,0
A007664,0,個人,2019-07-03,0
A007665,0,個人,2009-12-30,0
A007666,0,個人,2014-03-22,0
A007667,0,個人,2021-04-06,0
A007668,0,個人,2012-10-26,0
A007669,0,個人,2014-11-14,0
A007670,0,個人,2021-04-06,0
A007671,0,個人,2008-07-27,0
A007672,0,個人,2007-09-03,0
A007673,0,個人,2011-07-22,0
A007674,0,個人,2015-04-04,0
A007675,0,個人,2019-04-11,0
A007676,0,個人,2020-01-19,0
A007677,0,個人,2026-03-05,0
A007678,0,個人,2012-06-27,0
A007679,0,個人,2006-02-06,0
A007680,0,個人,2016-02-26,0
A007681,0,個人,2014-06-07,0
A007682,0,個人,2010-05-03,990
A007683,0,個人,2007-05-29,0
A007684,0,個人,2024-08-04,0
A007685,0,個人,2012-04-18,0
A007686,0,個人,2018-06-10,0
A007687,0,個人,2023-01-14,0
A007688,0,個人,2014-05-07,0
A007689,0,個人,2010-08-28,0
A007690,0,個人,2015-10-08,0
A007691,0,個人,2015-03-10,0
A007692,0,個人,2016-01-29,0
A007693,0,個人,2008-06-30,0
A007694,0,個人,2006-08-25,0
A007695,0,個人,2019-10-10,0
A007696,0,個人,2013-08-18,0
A007697,0,個人,2009-10-31,0
A007698,0,個人,2009-11-09,0
A007699,0,個人,2014-03-03,0
A007700,0,個人,2013-06-14,0
A007701,0,個人,2017-04-08,0
A007702,0,個人,2026-02-11,0
A007703,0,個人,2013-08-28,0
A007704,0,個人,2024-11-17,0
A007705,0,個人,2024-02-14,0
A007706,0,個人,2006-05-15,0
A007707,0,個人,2020-05-12,0
A007708,0,個人,2015-09-23,0
A007709,0,個人,2022-11-23,0
A007710,0,個人,2008-10-13,0
A007711,0,個人,2019-01-17,0
A007712,0,個人,2014-09-06,0
A007714,0,個人,2009-11-17,0
A007715,0,個人,2021-08-31,0
A007716,0,個人,2020-05-20,0
A007717,0,個人,2009-08-11,0
A007718,0,個人,2015-09-19,0
A007720,0,個人,2018-09-09,0
A007721,0,個人,2006-01-12,0
A007722,0,個人,2018-05-26,0
A007723,0,個人,2009-09-06,0
A007724,0,個人,2016-12-28,0
A007725,0,個人,2006-03-09,0
A007726,0,個人,2011-03-15,0
A007727,0,個人,2017-11-05,0
A007728,0,個人,2026-03-01,0
A007729,0,個人,2007-03-08,0
A007730,0,個人,2010-08-08,0
A007732,0,個人,2014-07-22,0
A007733,0,個人,2022-02-10,0
A007734,0,個人,2008-01-30,0
A007735,0,個人,2009-11-30,0
A007736,0,個人,2011-05-17,0
A007738,0,個人,2019-08-16,0
A007739,0,個人,2014-02-13,0
A007740,0,個人,2010-10-09,0
A007741,0,個人,2015-04-22,0
A007742,0,個人,2016-01-26,0
A007743,0,個人,2013-09-17,0
A007744,0,個人,2007-11-22,0
A007745,0,個人,2023-09-24,0
A007746,0,個人,2019-12-26,0
A007747,0,個人,2010-02-01,0
A007748,0,個人,2018-07-02,0
A007749,0,個人,2023-12-17,0
A007750,0,個人,2019-03-31,0
A007751,0,個人,2009-03-27,0
A007752,0,個人,2026-02-12,0
A007753,0,個人,2014-09-20,0
A007754,0,個人,2021-08-29,0
A007755,0,個人,2021-11-23,0
A007756,0,個人,2026-02-28,0
A007757,0,個人,2026-01-11,0
A007758,0,個人,2024-05-02,0
A007759,0,個人,2023-03-07,0
A007760,0,個人,2018-11-27,0
A007761,0,個人,2007-11-25,0
A007762,0,個人,2010-01-10,0
A007763,0,個人,2007-08-22,0
A007764,0,個人,2008-01-27,0
A007765,0,個人,2006-11-17,0
A007766,0,個人,2017-03-02,0
A007767,0,個人,2017-10-09,0
A007768,0,個人,2012-04-24,0
A007769,0,個人,2023-05-29,0
A007770,0,個人,2019-04-09,0
A007771,0,個人,2023-03-14,0
A007772,0,個人,2015-04-15,0
A007773,0,個人,2008-03-08,0
A007774,0,個人,2006-08-11,0
A007775,0,個人,2016-09-12,0
A007776,0,個人,2012-06-06,0
A007777,0,個人,2013-03-10,0
A007778,0,個人,2022-09-16,0
A007779,0,個人,2023-07-28,0
A007780,0,個人,2023-08-08,0
A007781,0,個人,2011-10-12,0
A007782,0,個人,2007-07-31,0
A007783,0,個人,2013-04-14,0
A007784,0,個人,2020-01-27,0
A007785,0,個人,2009-02-05,0
A007786,0,個人,2008-06-01,0
A007787,0,個人,2019-11-23,0
A007788,0,個人,2008-02-15,0
A007789,0,個人,2014-03-22,0
A007790,0,個人,2011-10-25,0
A007791,0,個人,2018-10-12,0
A007792,0,個人,2024-06-02,0
A007793,0,個人,2016-04-06,0
A007794,0,個人,2013-01-15,0
A007795,0,個人,2019-07-11,0
A007796,0,個人,2018-09-22,0
A007797,0,個人,2018-06-06,0
A007798,0,個人,2020-02-14,0
A007799,0,個人,2011-11-23,0
A007800,0,個人,2013-06-07,0
A007801,0,個人,2014-06-22,0
A007802,0,個人,2019-11-17,0
A007803,0,個人,2017-01-09,0
A007804,0,個人,2017-03-20,0
A007805,0,個人,2022-01-22,0
A007806,0,個人,2011-04-28,0
A007807,0,個人,2022-03-17,0
A007808,0,個人,2022-10-01,0
A007809,0,個人,2023-09-06,0
A007810,0,個人,2012-11-13,0
A007811,0,個人,2019-03-25,0
A007812,0,個人,2012-06-18,0
A007813,0,個人,2016-08-24,0
A007814,0,個人,2021-10-02,0
A007816,0,個人,2020-11-20,0
A007817,0,個人,2014-12-31,0
A007818,0,個人,2019-04-06,0
A007819,0,個人,2013-08-09,0
A007820,0,個人,2006-03-24,0
A007821,0,個人,2012-01-21,0
A007822,0,個人,2024-04-13,0
A007823,0,個人,2022-09-25,0
A007824,0,個人,2013-10-11,0
A007825,0,個人,2015-04-23,0
A007826,0,個人,2013-10-21,0
A007827,0,個人,2018-08-15,0
A007828,0,個人,2008-09-20,0
A007829,0,個人,2007-10-11,0
A007830,0,個人,2021-03-08,0
A007831,0,個人,2015-02-11,0
A007832,0,個人,2014-08-08,0
A007833,0,個人,2021-11-25,0
A007834,0,個人,2016-04-18,0
A007835,0,個人,2012-12-20,0
A007836,0,個人,2022-09-01,0
A007837,0,個人,2008-10-01,0
A007838,0,個人,2017-06-01,0
A007839,0,個人,2016-08-06,0
A007840,0,個人,2021-11-01,0
A007841,0,個人,2015-12-11,0
A007842,0,個人,2010-09-30,0
A007843,0,個人,2014-04-14,0
A007844,0,個人,2021-02-28,0
A007845,0,個人,2018-04-12,0
A007846,0,個人,2019-06-03,0
A007847,0,個人,2024-03-22,0
A007848,0,個人,2013-05-24,0
A007849,0,個人,2008-02-10,0
A007850,0,個人,2017-08-28,0
A007851,0,個人,2011-06-02,0
A007852,0,個人,2009-12-15,0
A007853,0,個人,2015-04-21,0
A007854,0,個人,2020-04-08,0
A007855,0,個人,2013-05-21,0
A007856,0,個人,2024-01-20,0
A007857,0,個人,2019-06-08,0
A007858,0,個人,2008-08-04,0
A007859,0,個人,2024-08-03,0
A007860,0,個人,2015-08-14,0
A007861,0,個人,2012-08-10,0
A007862,0,個人,2026-02-07,0
A007863,0,個人,2024-04-01,0
A007864,0,個人,2014-10-26,0
A007865,0,個人,2008-08-27,0
A007866,0,個人,2014-08-07,0
A007867,0,個人,2016-01-16,0
A007868,0,個人,2015-09-12,0
A007870,0,個人,2018-12-21,0
A007871,0,個人,2006-02-27,0
A007872,0,個人,2013-10-29,0
A007873,0,個人,2015-03-20,0
A007874,0,個人,2011-08-30,0
A007875,0,個人,2014-09-01,0
A007876,0,個人,2023-11-12,0
A007877,0,個人,2006-05-24,0
A007878,0,個人,2015-01-10,0
A007879,0,個人,2026-02-07,0
A007880,0,個人,2012-09-06,0
A007881,0,個人,2006-02-03,0
A007882,0,個人,2026-03-08,0
A007883,0,個人,2015-05-03,0
A007884,0,個人,2009-07-13,0
A007885,0,個人,2023-06-24,0
A007886,0,個人,2016-12-25,0
A007887,0,個人,2008-12-21,0
A007888,0,個人,2013-02-13,0
A007889,0,個人,2011-03-08,0
A007892,0,個人,2007-03-19,0
A007893,0,個人,2009-02-16,0
A007894,0,個人,2023-07-03,0
A007895,0,個人,2015-06-24,0
A007896,0,個人,2022-11-23,0
A007897,0,個人,2024-03-10,0
A007898,0,個人,2014-03-31,0
A007899,0,個人,2020-01-28,0
A007900,0,個人,2021-04-12,0
A007901,0,個人,2023-05-18,0
A007902,0,個人,2018-07-07,0
A007903,0,個人,2023-07-09,0
A007904,0,個人,2014-03-19,0
A007905,0,個人,2018-05-09,0
A007906,0,個人,2019-02-07,0
A007907,0,個人,2023-03-31,0
A007908,0,個人,2012-09-15,0
A007909,0,個人,2026-02-12,0
A007910,0,個人,2007-12-13,0
A007911,0,個人,2019-03-24,0
A007912,0,個人,2022-05-10,0
A007913,0,個人,2020-08-11,0
A007914,0,個人,2020-08-12,0
A007915,0,個人,2019-03-03,0
A007916,0,個人,2022-03-03,0
A007917,0,個人,2013-03-24,0
A007918,0,個人,2021-08-10,0
A007919,0,個人,2008-04-10,0
A007920,0,個人,2008-08-27,0
A007921,0,個人,2011-12-26,0
A007922,0,個人,2014-02-14,0
A007925,0,個人,2015-03-09,0
A007926,0,個人,2017-11-30,0
A007927,0,個人,2016-11-03,0
A007928,0,個人,2013-08-08,0
A007929,0,個人,2024-10-12,0
A007930,0,個人,2008-08-18,0
A007931,0,個人,2014-04-16,0
A007932,0,個人,2006-03-22,0
A007933,0,個人,2011-05-16,0
A007934,0,個人,2022-08-17,0
A007935,0,個人,2015-07-04,0
A007936,0,個人,2010-06-18,0
A007937,0,個人,2024-09-14,0
A007938,0,個人,2013-02-21,0
A007939,0,個人,2007-06-22,0
A007940,0,個人,2018-04-08,0
A007941,0,個人,2019-07-31,0
A007942,0,個人,2023-01-17,0
A007943,0,個人,2006-03-30,0
A007944,0,個人,2006-08-04,0
A007946,0,個人,2010-11-25,0
A007947,0,個人,2019-08-08,0
A007948,0,個人,2012-12-24,0
A007949,0,個人,2018-08-22,0
A007950,0,個人,2019-05-23,0
A007951,0,個人,2016-01-25,0
A007952,0,個人,2015-11-18,0
A007953,0,個人,2022-08-27,0
A007954,0,個人,2008-02-28,0
A007955,0,個人,2014-01-07,0
A007956,0,個人,2020-07-04,0
A007957,0,個人,2019-07-18,0
A007958,0,個人,2018-09-13,0
A007959,0,個人,2022-04-12,0
A007960,0,個人,2013-10-10,0
A007961,0,個人,2011-10-11,0
A007962,0,個人,2015-04-30,0
A007963,0,個人,2017-07-17,0
A007964,0,個人,2020-10-23,0
A007965,0,個人,2010-04-16,0
A007966,0,個人,2017-10-20,0
A007968,0,個人,2013-05-05,0
A007969,0,個人,2020-04-03,0
A007970,0,個人,2009-01-03,0
A007971,0,個人,2015-08-01,0
A007972,0,個人,2016-03-25,0
A007973,0,個人,2022-02-19,0
A007974,0,個人,2021-10-16,0
A007975,0,個人,2009-09-08,0
A007976,0,個人,2024-09-16,0
A007977,0,個人,2012-05-10,0
A007978,0,個人,2020-12-06,0
A007979,0,個人,2020-11-09,0
A007980,0,個人,2015-08-10,0
A007981,0,個人,2006-12-03,0
A007982,0,個人,2007-08-25,0
A007983,0,個人,2009-08-05,0
A007984,0,個人,2021-02-09,0
A007985,0,個人,2017-07-28,0
A007986,0,個人,2021-06-29,0
A007987,0,個人,2021-01-13,0
A007988,0,個人,2026-01-02,0
A007989,0,個人,2016-10-09,0
A007990,0,個人,2022-11-26,0
A007991,0,個人,2010-05-20,0
A007992,0,個人,2023-02-08,0
A007993,0,個人,2015-09-07,0
A007994,0,個人,2007-06-04,0
A007995,0,個人,2008-07-03,0
A007996,0,個人,2024-12-03,0
A007997,0,個人,2009-11-24,0
A007998,0,個人,2007-07-11,0
A007999,0,個人,2008-02-06,0
A008000,0,個人,2021-11-02,0
A008001,0,個人,2012-11-12,0
A008002,0,個人,2013-02-08,0
A008003,0,個人,2024-09-01,0
A008004,0,個人,2015-07-12,0
A008005,0,個人,2012-11-03,0
A008006,0,個人,2016-12-26,0
A008007,0,個人,2017-03-14,0
A008008,0,個人,2007-05-27,0
A008009,0,個人,2012-11-23,0
A008010,0,個人,2011-08-01,0
A008011,0,個人,2009-01-23,0
A008012,0,個人,2019-01-11,0
A008013,0,個人,2020-06-26,0
A008014,0,個人,2023-03-20,0
A008015,0,個人,2017-10-23,0
A008016,0,個人,2018-06-13,0
A008017,0,個人,2022-05-07,0
A008018,0,個人,2014-07-19,0
A008019,0,個人,2016-06-13,0
A008020,0,個人,2009-09-08,0
A008021,0,個人,2021-11-06,0
A008022,0,個人,2022-08-14,0
A008023,0,個人,2006-03-28,0
A008024,0,個人,2008-03-26,0
A008025,0,個人,2011-04-26,0
A008026,0,個人,2013-11-10,0
A008027,0,個人,2010-01-17,0
A008028,0,個人,2024-06-20,0
A008029,0,個人,2022-10-12,0
A008030,0,個人,2021-04-03,0
A008031,0,個人,2023-01-18,0
A008032,0,個人,2020-09-29,0
A008033,0,個人,2021-12-31,0
A008034,0,個人,2010-06-09,0
A008035,0,個人,2012-07-22,0
A008036,0,個人,2023-08-11,0
A008037,0,個人,2011-02-02,0
A008038,0,個人,2009-06-15,0
A008039,0,個人,2015-02-15,0
A008040,0,個人,2026-01-18,0
A008041,0,個人,2016-10-07,0
A008043,0,個人,2020-04-24,0
A008045,0,個人,2016-09-18,0
A008046,0,個人,2017-09-14,0
A008047,0,個人,2009-01-13,0
A008048,0,個人,2015-10-20,0
A008049,0,個人,2006-11-26,0
A008051,0,個人,2006-02-07,0
A008052,0,個人,2013-04-04,0
A008053,0,個人,2023-10-09,0
A008054,0,個人,2012-10-30,0
A008055,0,個人,2008-04-22,0
A008056,0,個人,2021-07-09,0
A008057,0,個人,2019-08-19,0
A008058,0,個人,2015-03-30,0
A008059,0,個人,2008-06-23,0
A008060,0,個人,2020-03-22,0
A008061,0,個人,2011-05-13,0
A008062,0,個人,2020-03-20,0
A008063,0,個人,2013-09-27,0
A008064,0,個人,2026-03-18,0
A008065,0,個人,2010-01-01,0
A008066,0,個人,2020-09-17,0
A008067,0,個人,2012-01-27,0
A008068,0,個人,2021-08-16,0
A008069,0,個人,2014-01-04,0
A008070,0,個人,2022-02-20,0
A008071,0,個人,2017-03-03,0
A008072,0,個人,2022-10-02,0
A008073,0,個人,2008-05-06,0
A008074,0,個人,2017-06-19,0
A008075,0,個人,2014-05-10,0
A008076,0,個人,2022-05-08,0
A008077,0,個人,2018-06-11,0
A008078,0,個人,2021-08-23,0
A008079,0,個人,2011-03-26,0
A008080,0,個人,2009-05-14,0
A008081,0,個人,2018-02-19,0
A008082,0,個人,2006-09-13,0
A008083,0,個人,2008-06-17,0
A008084,0,個人,2013-09-30,0
A008086,0,個人,2007-11-30,0
A008088,0,個人,2021-04-28,0
A008090,0,個人,2015-04-22,0
A008091,0,個人,2019-06-25,0
A008092,0,個人,2006-07-13,0
A008093,0,個人,2014-01-13,0
A008094,0,個人,2015-01-22,0
A008095,0,個人,2006-12-30,0
A008096,0,個人,2014-07-05,0
A008097,0,個人,2015-01-27,0
A008098,0,個人,2020-02-03,0
A008100,0,個人,2017-10-02,0
A008101,0,個人,2022-04-18,0
A008102,0,個人,2022-06-10,0
A008103,0,個人,2016-05-23,0
A008104,0,個人,2018-07-03,0
A008105,0,個人,2019-08-05,0
A008107,0,個人,2022-05-17,0
A008108,0,個人,2015-09-15,0
A008109,0,個人,2018-04-01,0
A008110,0,個人,2012-01-03,0
A008111,0,個人,2006-12-25,0
A008112,0,個人,2015-11-12,0
A008113,0,個人,2019-07-26,0
A008114,0,個人,2020-03-15,0
A008115,0,個人,2023-08-12,0
A008116,0,個人,2014-04-21,0
A008117,0,個人,2008-07-08,0
A008118,0,個人,2018-12-18,0
A008119,0,個人,2006-08-22,0
A008120,0,個人,2012-02-18,0
A008121,0,個人,2017-06-18,0
A008122,0,個人,2024-03-31,0
A008123,0,個人,2019-05-27,0
A008124,0,個人,2009-09-15,0
A008125,0,個人,2007-09-04,0
A008126,0,個人,2008-09-18,0
A008127,0,個人,2006-11-14,0
A008128,0,個人,2016-11-10,0
A008129,0,個人,2019-06-20,0
A008130,0,個人,2016-01-14,0
A008131,0,個人,2016-06-05,0
A008132,0,個人,2009-05-18,0
A008133,0,個人,2019-02-17,0
A008134,0,個人,2009-06-15,0
A008135,0,個人,2022-01-04,0
A008136,0,個人,2006-02-17,0
A008137,0,個人,2008-05-16,0
A008139,0,個人,2019-02-21,0
A008140,0,個人,2018-03-24,0
A008141,0,個人,2019-08-18,0
A008142,0,個人,2010-10-31,0
A008143,0,個人,2008-12-09,0
A008144,0,個人,2023-06-07,0
A008145,0,個人,2024-01-30,0
A008146,0,個人,2020-12-11,0
A008147,0,個人,2023-08-07,0
A008148,0,個人,2007-04-07,0
A008149,0,個人,2007-07-12,0
A008150,0,個人,2024-02-23,0
A008151,0,個人,2011-02-16,0
A008152,0,個人,2020-02-20,0
A008154,0,個人,2009-10-02,0
A008155,0,個人,2013-10-01,0
A008156,0,個人,2009-03-16,0
A008157,0,個人,2015-09-08,0
A008158,0,個人,2008-03-10,0
A008159,0,個人,2010-04-05,0
A008160,0,個人,2014-03-18,0
A008161,0,個人,2011-04-23,0
A008162,0,個人,2026-03-16,0
A008163,0,個人,2010-11-13,0
A008164,0,個人,2019-08-27,0
A008165,0,個人,2013-04-20,0
A008166,0,個人,2019-11-25,0
A008167,0,個人,2013-07-02,0
A008168,0,個人,2023-06-30,0
A008169,0,個人,2010-06-09,0
A008170,0,個人,2024-11-22,0
A008171,0,個人,2012-11-05,0
A008172,0,個人,2021-08-08,0
A008173,0,個人,2016-11-18,0
A008174,0,個人,2023-04-27,0
A008176,0,個人,2024-04-04,0
A008177,0,個人,2016-11-23,0
A008178,0,個人,2026-02-22,0
A008179,0,個人,2020-01-06,0
A008180,0,個人,2013-04-25,0
A008181,0,個人,2013-07-08,0
A008182,0,個人,2026-02-08,0
A008183,0,個人,2019-08-17,0
A008184,0,個人,2026-01-18,0
A008185,0,個人,2010-10-23,0
A008186,0,個人,2020-11-09,0
A008187,0,個人,2023-11-26,0
A008188,0,個人,2007-01-17,0
A008189,0,個人,2017-11-25,0
A008191,0,個人,2012-07-17,0
A008192,0,個人,2016-10-22,0
A008193,0,個人,2008-04-22,0
A008194,0,個人,2022-10-29,0
A008195,0,個人,2007-07-24,0
A008196,0,個人,2021-11-22,0
A008197,0,個人,2006-10-23,0
A008198,0,個人,2015-07-01,0
A008199,0,個人,2012-05-12,0
A008200,0,個人,2017-05-20,0
A008202,0,個人,2016-06-26,0
A008203,0,個人,2010-03-28,0
A008204,0,個人,2007-10-25,0
A008205,0,個人,2010-09-30,0
A008206,0,個人,2020-11-27,0
A008207,0,個人,2018-09-03,0
A008208,0,個人,2007-09-03,0
A008209,0,個人,2014-04-04,0
A008210,0,個人,2009-11-05,0
A008211,0,個人,2023-05-04,0
A008212,0,個人,2010-04-28,0
A008213,0,個人,2021-03-10,0
A008214,0,個人,2012-06-02,0
A008215,0,個人,2022-08-20,0
A008216,0,個人,2022-10-31,0
A008217,0,個人,2011-08-30,0
A008218,0,個人,2022-05-27,0
A008219,0,個人,2013-03-06,0
A008220,0,個人,2022-03-19,0
A008221,0,個人,2017-07-29,0
A008222,0,個人,2018-08-06,0
A008223,0,個人,2010-07-06,0
A008224,0,個人,2017-05-25,0
A008225,0,個人,2010-02-06,0
A008226,0,個人,2016-05-02,0
A008227,0,個人,2017-09-10,0
A008229,0,個人,2013-08-16,0
A008230,0,個人,2024-03-05,0
A008231,0,個人,2019-12-02,0
A008232,0,個人,2018-02-06,0
A008233,0,個人,2021-09-11,0
A008234,0,個人,2020-05-19,0
A008235,0,個人,2024-03-24,0
A008236,0,個人,2008-07-15,0
A008237,0,個人,2019-10-31,0
A008238,0,個人,2021-07-21,0
A008239,0,個人,2017-11-18,0
A008240,0,個人,2015-06-22,0
A008241,0,個人,2006-06-15,0
A008242,0,個人,2008-07-16,0
A008243,0,個人,2021-05-08,0
A008244,0,個人,2021-05-04,0
A008245,0,個人,2018-03-17,0
A008246,0,個人,2023-12-19,0
A008247,0,個人,2010-04-14,0
A008248,0,個人,2013-06-17,0
A008249,0,個人,2019-09-28,0
A008250,0,個人,2013-12-21,0
A008251,0,個人,2023-06-05,0
A008252,0,個人,2026-01-23,0
A008253,0,個人,2019-04-30,0
A008254,0,個人,2008-08-08,0
A008255,0,個人,2010-01-31,0
A008256,0,個人,2018-09-04,0
A008257,0,個人,2014-08-10,0
A008258,0,個人,2010-12-22,0
A008259,0,個人,2009-09-20,0
A008260,0,個人,2017-10-06,0
A008261,0,個人,2006-04-08,0
A008262,0,個人,2021-05-22,0
A008263,0,個人,2018-11-01,0
A008264,0,個人,2006-10-23,0
A008265,0,個人,2024-10-24,0
A008266,0,個人,2006-10-13,0
A008267,0,個人,2010-01-26,0
A008268,0,個人,2012-12-14,0
A008269,0,個人,2006-12-13,0
A008270,0,個人,2009-05-14,0
A008271,0,個人,2011-09-16,0
A008272,0,個人,2007-12-26,0
A008273,0,個人,2026-01-22,0
A008274,0,個人,2018-09-22,0
A008275,0,個人,2018-08-25,0
A008276,0,個人,2026-02-06,0
A008277,0,個人,2023-04-17,0
A008278,0,個人,2007-05-17,0
A008279,0,個人,2009-03-08,0
A008280,0,個人,2022-06-02,0
A008281,0,個人,2009-07-23,0
A008282,0,個人,2008-10-05,0
A008283,0,個人,2007-09-27,0
A008284,0,個人,2010-05-23,0
A008285,0,個人,2008-09-03,0
A008286,0,個人,2012-02-01,0
A008287,0,個人,2007-02-07,0
A008288,0,個人,2011-02-25,0
A008289,0,個人,2007-07-17,0
A008290,0,個人,2015-11-29,0
A008291,0,個人,2021-10-29,0
A008292,0,個人,2016-11-15,0
A008293,0,個人,2007-11-15,0
A008294,0,個人,2006-06-07,0
A008295,0,個人,2024-05-13,0
A008296,0,個人,2026-02-11,0
A008297,0,個人,2024-03-07,0
A008298,0,個人,2011-12-14,0
A008299,0,個人,2022-05-02,0
A008300,0,個人,2026-02-05,0
A008301,0,個人,2010-09-09,0
A008302,0,個人,2013-08-22,0
A008303,0,個人,2014-01-14,0
A008304,0,個人,2024-04-27,0
A008305,0,個人,2016-08-14,0
A008306,0,個人,2011-04-16,0
A008307,0,個人,2013-03-12,0
A008308,0,個人,2024-01-20,0
A008309,0,個人,2010-08-18,0
A008310,0,個人,2018-07-24,0
A008311,0,個人,2020-10-11,0
A008312,0,個人,2021-03-19,0
A008313,0,個人,2011-03-26,0
A008314,0,個人,2015-09-07,0
A008315,0,個人,2022-02-27,0
A008316,0,個人,2023-04-21,0
A008317,0,個人,2015-05-05,0
A008318,0,個人,2023-09-06,0
A008319,0,個人,2006-11-19,0
A008320,0,個人,2019-06-01,0
A008321,0,個人,2022-09-05,0
A008322,0,個人,2019-06-13,0
A008323,0,個人,2023-06-03,0
A008324,0,個人,2007-10-12,0
A008325,0,個人,2009-02-07,0
A008326,0,個人,2022-08-18,0
A008327,0,個人,2020-03-12,0
A008328,0,個人,2020-12-16,0
A008329,0,個人,2019-10-16,0
A008330,0,個人,2015-01-07,0
A008331,0,個人,2023-07-06,0
A008332,0,個人,2021-01-27,0
A008333,0,個人,2024-05-14,0
A008334,0,個人,2024-02-15,0
A008335,0,個人,2017-04-12,0
A008336,0,個人,2023-04-08,0
A008337,0,個人,2010-05-24,0
A008338,0,個人,2021-06-07,0
A008339,0,個人,2006-03-16,0
A008340,0,個人,2014-12-19,0
A008342,0,個人,2007-05-21,0
A008343,0,個人,2011-09-10,0
A008344,0,個人,2018-04-11,0
A008345,0,個人,2016-05-29,0
A008346,0,個人,2019-12-09,0
A008347,0,個人,2015-02-12,0
A008348,0,個人,2017-12-11,0
A008349,0,個人,2007-01-19,0
A008350,0,個人,2007-05-25,0
A008351,0,個人,2006-09-06,0
A008352,0,個人,2018-11-07,0
A008353,0,個人,2008-03-05,0
A008355,0,個人,2021-08-06,0
A008356,0,個人,2011-09-02,0
A008357,0,個人,2013-03-28,0
A008358,0,個人,2009-02-13,0
A008359,0,個人,2026-02-09,0
A008360,0,個人,2008-05-22,0
A008361,0,個人,2009-08-03,0
A008362,0,個人,2007-09-06,0
A008363,0,個人,2008-02-02,0
A008364,0,個人,2018-07-26,0
A008365,0,個人,2018-11-01,0
A008366,0,個人,2009-11-14,0
A008367,0,個人,2012-03-24,0
A008368,0,個人,2015-05-31,0
A008369,0,個人,2016-01-05,0
A008370,0,個人,2009-05-27,0
A008371,0,個人,2024-10-24,0
A008372,0,個人,2015-05-19,0
A008373,0,個人,2017-07-25,0
A008375,0,個人,2013-12-08,0
A008376,0,個人,2012-01-08,0
A008377,0,個人,2010-06-04,0
A008379,0,個人,2007-05-12,0
A008380,0,個人,2017-12-03,0
A008381,0,個人,2017-07-27,0
A008382,0,個人,2014-05-10,0
A008383,0,個人,2008-04-16,0
A008384,0,個人,2014-04-03,0
A008385,0,個人,2021-11-04,0
A008386,0,個人,2012-04-03,0
A008387,0,個人,2009-03-18,0
A008389,0,個人,2006-04-29,0
A008390,0,個人,2024-06-08,0
A008391,0,個人,2021-01-19,0
A008392,0,個人,2023-10-15,0
A008393,0,個人,2021-07-13,0
A008394,0,個人,2016-08-06,0
A008395,0,個人,2022-10-16,0
A008396,0,個人,2024-05-28,0
A008397,0,個人,2021-04-05,0
A008398,0,個人,2019-04-10,0
A008399,0,個人,2007-04-16,0
A008400,0,個人,2023-08-27,0
A008401,0,個人,2015-10-23,0
A008402,0,個人,2020-07-04,0
A008403,0,個人,2008-02-29,0
A008405,0,個人,2015-08-20,0
A008406,0,個人,2010-07-16,0
A008407,0,個人,2013-02-25,0
A008408,0,個人,2023-01-13,0
A008409,0,個人,2013-03-11,0
A008411,0,個人,2018-05-26,0
A008412,0,個人,2016-08-15,0
A008413,0,個人,2015-12-27,0
A008414,0,個人,2009-07-21,0
A008415,0,個人,2020-01-25,0
A008416,0,個人,2011-01-19,0
A008418,0,個人,2009-03-21,0
A008419,0,個人,2012-05-08,0
A008420,0,個人,2011-09-04,0
A008421,0,個人,2024-02-27,0
A008422,0,個人,2010-12-05,0
A008423,0,個人,2015-05-16,0
A008424,0,個人,2006-11-02,0
A008425,0,個人,2013-01-29,0
A008426,0,個人,2021-08-04,0
A008427,0,個人,2022-07-03,0
A008428,0,個人,2009-01-23,0
A008429,0,個人,2014-09-17,0
A008431,0,個人,2007-08-02,0
A008432,0,個人,2013-08-03,0
A008433,0,個人,2012-09-07,0
A008434,0,個人,2016-01-11,0
A008435,0,個人,2019-02-08,0
A008436,0,個人,2022-08-12,0
A008437,0,個人,2017-07-28,0
A008438,0,個人,2007-06-17,0
A008439,0,個人,2006-11-04,0
A008440,0,個人,2018-10-14,0
A008441,0,個人,2010-10-04,0
A008442,0,個人,2008-09-07,0
A008444,0,個人,2006-08-19,0
A008445,0,個人,2016-04-22,0
A008446,0,個人,2018-10-11,0
A008447,0,個人,2008-08-06,0
A008448,0,個人,2006-11-18,0
A008449,0,個人,2007-08-21,0
A008450,0,個人,2023-05-04,0
A008451,0,個人,2012-05-21,0
A008452,0,個人,2014-12-07,0
A008453,0,個人,2015-05-02,0
A008454,0,個人,2026-03-19,0
A008455,0,個人,2020-06-28,0
A008457,0,個人,2007-06-21,0
A008458,0,個人,2023-09-25,0
A008459,0,個人,2026-03-04,0
A008460,0,個人,2022-04-07,0
A008462,0,個人,2012-08-02,0
A008463,0,個人,2016-11-26,0
A008464,0,個人,2014-05-29,0
A008465,0,個人,2009-02-08,0
A008466,0,個人,2021-07-27,0
A008467,0,個人,2013-05-21,0
A008468,0,個人,2018-09-20,0
A008469,0,個人,2026-01-15,0
A008470,0,個人,2012-07-05,0
A008471,0,個人,2016-10-28,0
A008472,0,個人,2018-03-14,0
A008473,0,個人,2010-05-15,0
A008474,0,個人,2014-01-27,0
A008475,0,個人,2015-04-01,0
A008476,0,個人,2007-07-01,0
A008477,0,個人,2018-10-14,0
A008478,0,個人,2009-02-10,0
A008479,0,個人,2016-11-30,0
A008480,0,個人,2021-10-09,0
A008481,0,個人,2019-07-23,0
A008482,0,個人,2010-12-24,0
A008483,0,個人,2019-06-21,0
A008486,0,個人,2015-04-21,0
A008487,0,個人,2019-11-12,0
A008488,0,個人,2008-10-12,0
A008489,0,個人,2010-11-12,0
A008490,0,個人,2019-05-13,0
A008491,0,個人,2006-05-15,0
A008492,0,個人,2023-01-04,0
A008493,0,個人,2006-01-23,0
A008494,0,個人,2013-05-21,0
A008495,0,個人,2020-07-29,0
A008496,0,個人,2010-12-12,0
A008497,0,個人,2015-07-04,0
A008498,0,個人,2020-04-18,0
A008499,0,個人,2015-01-14,0
A008500,0,個人,2019-08-01,0
A008501,0,個人,2006-09-04,0
A008502,0,個人,2021-09-02,0
A008503,0,個人,2023-09-19,0
A008504,0,個人,2018-10-24,0
A008505,0,個人,2024-09-20,0
A008506,0,個人,2008-09-04,0
A008507,0,個人,2012-01-09,0
A008508,0,個人,2024-02-02,0
A008509,0,個人,2021-08-23,0
A008510,0,個人,2021-04-06,0
A008511,0,個人,2010-03-20,0
A008512,0,個人,2011-10-13,0
A008513,0,個人,2018-08-04,0
A008514,0,個人,2021-09-09,0
A008515,0,個人,2020-10-11,0
A008516,0,個人,2010-02-14,0
A008517,0,個人,2008-10-03,0
A008518,0,個人,2009-10-13,0
A008519,0,個人,2010-01-15,0
A008520,0,個人,2016-10-10,0
A008521,0,個人,2008-05-26,0
A008523,0,個人,2013-07-03,0
A008524,0,個人,2017-12-18,0
A008525,0,個人,2013-06-13,0
A008526,0,個人,2010-01-03,0
A008527,0,個人,2006-10-15,0
A008528,0,個人,2022-11-09,0
A008529,0,個人,2008-10-07,0
A008530,0,個人,2026-02-19,0
A008531,0,個人,2015-12-10,0
A008532,0,個人,2023-02-28,0
A008533,0,個人,2006-07-21,0
A008534,0,個人,2011-01-11,0
A008535,0,個人,2024-10-29,0
A008536,0,個人,2006-06-11,0
A008537,0,個人,2023-08-25,0
A008538,0,個人,2011-06-19,0
A008539,0,個人,2006-03-11,0
A008540,0,個人,2006-01-20,0
A008541,0,個人,2013-10-19,0
A008542,0,個人,2006-08-12,0
A008543,0,個人,2022-09-26,0
A008544,0,個人,2009-12-22,0
A008545,0,個人,2017-01-18,0
A008546,0,個人,2015-08-29,0
A008547,0,個人,2012-09-04,0
A008548,0,個人,2007-09-24,0
A008549,0,個人,2008-09-29,0
A008550,0,個人,2009-07-13,0
A008551,0,個人,2022-10-11,0
A008552,0,個人,2015-12-12,0
A008553,0,個人,2026-03-07,0
A008554,0,個人,2009-09-26,0
A008555,0,個人,2011-06-16,0
A008556,0,個人,2022-07-26,0
A008557,0,個人,2013-12-26,0
A008558,0,個人,2011-07-11,0
A008559,0,個人,2022-05-22,0
A008560,0,個人,2009-07-14,0
A008561,0,個人,2010-02-10,0
A008562,0,個人,2008-12-21,0
A008563,0,個人,2018-08-31,0
A008564,0,個人,2008-03-25,0
A008565,0,個人,2026-01-11,0
A008566,0,個人,2016-12-11,0
A008567,0,個人,2013-12-24,0
A008568,0,個人,2014-09-21,0
A008569,0,個人,2014-12-04,0
A008570,0,個人,2007-08-03,0
A008571,0,個人,2016-08-26,0
A008572,0,個人,2014-12-03,0
A008573,0,個人,2020-12-29,0
A008574,0,個人,2009-04-08,0
A008575,0,個人,2009-02-24,0
A008576,0,個人,2009-05-02,0
A008577,0,個人,2007-09-20,0
A008579,0,個人,2011-03-07,0
A008580,0,個人,2022-04-04,0
A008581,0,個人,2024-02-05,0
A008582,0,個人,2022-01-03,0
A008583,0,個人,2019-04-04,0
A008584,0,個人,2012-01-07,0
A008586,0,個人,2018-12-16,0
A008587,0,個人,2016-02-13,0
A008588,0,個人,2011-06-09,0
A008589,0,個人,2012-07-13,0
A008590,0,個人,2023-07-28,0
A008591,0,個人,2008-10-03,0
A008592,0,個人,2021-04-05,0
A008593,0,個人,2006-12-12,0
A008594,0,個人,2017-11-03,0
A008595,0,個人,2021-11-30,0
A008596,0,個人,2006-05-03,0
A008597,0,個人,2010-11-27,0
A008598,0,個人,2024-07-04,0
A008599,0,個人,2007-12-16,0
A008600,0,個人,2008-10-06,0
A008601,0,個人,2018-08-09,0
A008602,0,個人,2008-07-02,0
A008603,0,個人,2017-04-20,0
A008604,0,個人,2021-06-18,0
A008605,0,個人,2023-12-28,0
A008606,0,個人,2022-10-31,0
A008607,0,個人,2019-12-08,0
A008608,0,個人,2024-04-04,0
A008609,0,個人,2012-09-23,0
A008610,0,個人,2023-08-16,0
A008611,0,個人,2010-08-28,0
A008612,0,個人,2016-03-14,0
A008613,0,個人,2014-08-06,0
A008614,0,個人,2014-03-24,0
A008615,0,個人,2021-02-13,0
A008616,0,個人,2022-03-22,0
A008617,0,個人,2019-01-11,0
A008618,0,個人,2018-07-06,0
A008619,0,個人,2012-03-24,0
A008620,0,個人,2011-10-19,0
A008621,0,個人,2013-01-27,0
A008622,0,個人,2007-02-19,0
A008623,0,個人,2007-05-08,0
A008624,0,個人,2021-03-06,0
A008625,0,個人,2018-09-18,0
A008626,0,個人,2018-09-18,0
A008627,0,個人,2018-02-07,0
A008628,0,個人,2024-03-01,0
A008629,0,個人,2008-06-20,0
A008630,0,個人,2012-12-22,0
A008631,0,個人,2010-11-26,0
A008632,0,個人,2014-01-18,0
A008633,0,個人,2011-04-27,0
A008634,0,個人,2024-09-03,0
A008635,0,個人,2018-08-30,0
A008636,0,個人,2026-03-02,0
A008637,0,個人,2012-01-09,0
A008638,0,個人,2018-12-09,0
A008639,0,個人,2017-07-05,0
A008640,0,個人,2018-03-17,0
A008641,0,個人,2017-06-10,0
A008642,0,個人,2018-12-24,0
A008643,0,個人,2011-05-30,0
A008644,0,個人,2009-09-01,0
A008645,0,個人,2019-11-24,0
A008646,0,個人,2021-11-08,0
A008647,0,個人,2015-04-25,0
A008648,0,個人,2022-09-13,0
A008649,0,個人,2012-01-17,0
A008650,0,個人,2011-07-13,0
A008651,0,個人,2008-09-01,0
A008652,0,個人,2006-08-27,0
A008653,0,個人,2022-02-21,0
A008654,0,個人,2018-05-18,0
A008655,0,個人,2016-02-14,0
A008656,0,個人,2017-01-22,0
A008657,0,個人,2019-12-12,0
A008659,0,個人,2015-02-16,0
A008660,0,個人,2012-05-16,0
A008661,0,個人,2024-03-25,0
A008662,0,個人,2010-06-26,0
A008663,0,個人,2022-06-21,0
A008664,0,個人,2021-03-19,0
A008665,0,個人,2012-01-10,0
A008666,0,個人,2020-02-22,0
A008667,0,個人,2020-08-19,0
A008668,0,個人,2008-12-18,0
A008669,0,個人,2021-02-24,0
A008670,0,個人,2014-08-12,0
A008672,0,個人,2006-03-27,0
A008673,0,個人,2012-09-10,0
A008674,0,個人,2012-08-21,0
A008675,0,個人,2016-04-30,0
A008676,0,個人,2019-03-29,0
A008677,0,個人,2011-10-20,0
A008678,0,個人,2021-01-08,0
A008679,0,個人,2019-06-20,0
A008680,0,個人,2022-06-11,0
A008681,0,個人,2021-07-04,0
A008682,0,個人,2024-03-24,0
A008684,0,個人,2017-11-13,0
A008685,0,個人,2008-01-26,0
A008686,0,個人,2020-11-19,0
A008687,0,個人,2008-02-21,0
A008688,0,個人,2010-09-29,0
A008689,0,個人,2022-05-27,0
A008690,0,個人,2013-06-14,0
A008691,0,個人,2011-12-13,0
A008692,0,個人,2019-11-17,0
A008693,0,個人,2024-10-25,0
A008694,0,個人,2009-08-17,0
A008695,0,個人,2013-10-17,0
A008696,0,個人,2020-06-17,0
A008697,0,個人,2006-12-02,0
A008698,0,個人,2016-09-18,0
A008699,0,個人,2017-04-12,0
A008700,0,個人,2021-12-25,0
A008701,0,個人,2021-11-21,0
A008702,0,個人,2009-07-24,0
A008703,0,個人,2010-05-23,0
A008704,0,個人,2014-02-20,0
A008705,0,個人,2010-03-22,0
A008706,0,個人,2009-05-31,0
A008707,0,個人,2018-05-06,0
A008708,0,個人,2011-06-04,0
A008709,0,個人,2007-11-24,0
A008710,0,個人,2024-09-16,0
A008712,0,個人,2014-02-12,0
A008713,0,個人,2009-03-25,0
A008714,0,個人,2024-12-16,0
A008715,0,個人,2024-12-16,0
A008716,0,個人,2022-02-09,0
A008717,0,個人,2022-11-07,0
A008718,0,個人,2024-02-23,0
A008719,0,個人,2013-04-21,0
A008721,0,個人,2021-10-09,0
A008722,0,個人,2013-02-05,0
A008723,0,個人,2024-02-11,0
A008724,0,個人,2011-12-24,0
A008725,0,個人,2021-05-01,0
A008726,0,個人,2006-05-28,0
A008727,0,個人,2009-01-31,0
A008728,0,個人,2017-01-21,0
A008729,0,個人,2011-05-25,0
A008730,0,個人,2017-04-27,0
A008731,0,個人,2010-05-25,0
A008732,0,個人,2007-08-14,0
A008733,0,個人,2012-07-16,0
A008734,0,個人,2010-09-04,0
A008735,0,個人,2016-07-04,0
A008736,0,個人,2008-10-28,0
A008737,0,個人,2007-07-09,0
A008738,0,個人,2018-06-29,0
A008739,0,個人,2008-05-23,0
A008740,0,個人,2022-08-26,0
A008741,0,個人,2017-09-12,0
A008742,0,個人,2026-01-17,0
A008743,0,個人,2007-08-30,0
A008744,0,個人,2011-11-10,0
A008745,0,個人,2021-12-03,0
A008746,0,個人,2018-10-06,0
A008747,0,個人,2022-06-25,0
A008748,0,個人,2019-09-19,0
A008749,0,個人,2015-06-10,0
A008751,0,個人,2012-03-29,0
A008752,0,個人,2009-03-03,0
A008753,0,個人,2010-05-21,0
A008754,0,個人,2016-05-29,0
A008755,0,個人,2016-07-17,0
A008756,0,個人,2009-08-30,0
A008757,0,個人,2009-07-09,0
A008758,0,個人,2011-06-03,0
A008759,0,個人,2007-05-01,0
A008760,0,個人,2016-03-15,0
A008761,0,個人,2021-06-23,0
A008762,0,個人,2019-09-01,0
A008763,0,個人,2023-03-23,0
A008764,0,個人,2009-02-16,0
A008765,0,個人,2014-09-13,0
A008766,0,個人,2013-07-08,0
A008767,0,個人,2024-11-27,0
A008768,0,個人,2024-12-12,0
A008769,0,個人,2008-01-29,0
A008770,0,個人,2022-07-26,0
A008771,0,個人,2010-05-01,0
A008772,0,個人,2008-05-10,0
A008773,0,個人,2016-02-12,0
A008775,0,個人,2015-04-05,0
A008776,0,個人,2014-04-01,0
A008777,0,個人,2019-07-01,0
A008778,0,個人,2011-10-26,0
A008779,0,個人,2023-03-19,0
A008780,0,個人,2011-03-28,0
A008781,0,個人,2006-02-22,0
A008782,0,個人,2022-01-20,0
A008783,0,個人,2011-12-05,0
A008784,0,個人,2026-01-22,0
A008787,0,個人,2019-11-05,0
A008788,0,個人,2011-01-21,0
A008789,0,個人,2016-10-17,0
A008790,0,個人,2026-02-02,0
A008791,0,個人,2020-01-11,0
A008792,0,個人,2018-11-15,0
A008793,0,個人,2021-07-31,0
A008794,0,個人,2016-12-10,0
A008795,0,個人,2022-06-27,0
A008797,0,個人,2020-11-27,0
A008798,0,個人,2011-01-13,0
A008799,0,個人,2009-02-27,0
A008800,0,個人,2013-01-02,0
A008801,0,個人,2012-07-28,0
A008802,0,個人,2013-03-20,0
A008803,0,個人,2006-09-11,0
A008804,0,個人,2006-09-19,0
A008805,0,個人,2009-03-08,0
A008806,0,個人,2010-08-05,0
A008807,0,個人,2013-11-07,0
A008808,0,個人,2006-10-19,0
A008809,0,個人,2016-05-04,0
A008810,0,個人,2007-01-29,0
A008811,0,個人,2011-07-26,0
A008812,0,個人,2010-04-07,0
A008813,0,個人,2021-07-23,0
A008814,0,個人,2011-01-17,0
A008815,0,個人,2017-06-10,0
A008816,0,個人,2010-01-10,0
A008817,0,個人,2009-12-02,0
A008818,0,個人,2022-10-10,0
A008819,0,個人,2013-09-12,0
A008820,0,個人,2020-10-17,0
A008821,0,個人,2010-09-18,0
A008822,0,個人,2014-01-20,0
A008823,0,個人,2015-06-04,0
A008824,0,個人,2007-02-11,0
A008825,0,個人,2022-04-19,0
A008826,0,個人,2010-08-19,0
A008827,0,個人,2018-02-18,0
A008828,0,個人,2023-08-08,0
A008829,0,個人,2015-02-13,0
A008830,0,個人,2006-10-12,0
A008831,0,個人,2020-09-04,0
A008832,0,個人,2015-03-27,0
A008833,0,個人,2010-04-13,0
A008834,0,個人,2015-05-27,0
A008835,0,個人,2011-03-31,0
A008836,0,個人,2020-12-03,0
A008837,0,個人,2006-10-11,0
A008838,0,個人,2021-11-10,0
A008839,0,個人,2015-01-21,0
A008840,0,個人,2024-01-01,0
A008841,0,個人,2014-07-27,0
A008842,0,個人,2017-03-21,0
A008843,0,個人,2019-03-22,0
A008844,0,個人,2010-10-24,0
A008845,0,個人,2007-08-10,0
A008846,0,個人,2013-03-10,0
A008847,0,個人,2008-12-07,0
A008848,0,個人,2019-12-14,0
A008849,0,個人,2013-09-03,0
A008850,0,個人,2015-05-22,0
A008851,0,個人,2015-07-29,0
A008852,0,個人,2007-05-18,0
A008853,0,個人,2009-08-22,0
A008854,0,個人,2018-05-28,0
A008855,0,個人,2012-02-10,0
A008856,0,個人,2016-06-19,0
A008857,0,個人,2024-07-09,0
A008858,0,個人,2020-05-28,0
A008859,0,個人,2024-11-20,0
A008860,0,個人,2023-06-07,0
A008861,0,個人,2009-10-18,0
A008862,0,個人,2012-09-07,0
A008863,0,個人,2016-11-16,0
A008864,0,個人,2008-06-04,0
A008865,0,個人,2018-10-02,0
A008866,0,個人,2020-12-12,0
A008867,0,個人,2014-08-14,0
A008869,0,個人,2012-08-09,0
A008870,0,個人,2021-01-02,0
A008871,0,個人,2023-12-22,0
A008872,0,個人,2008-11-09,0
A008873,0,個人,2016-02-07,0
A008874,0,個人,2022-08-03,0
A008875,0,個人,2009-03-17,0
A008876,0,個人,2013-06-01,0
A008877,0,個人,2012-03-22,0
A008878,0,個人,2024-02-03,0
A008879,0,個人,2008-05-05,0
A008880,0,個人,2018-04-14,0
A008881,0,個人,2007-03-06,0
A008882,0,個人,2023-02-08,0
A008883,0,個人,2013-11-03,0
A008884,0,個人,2009-04-24,0
A008885,0,個人,2020-09-04,0
A008886,0,個人,2008-11-03,0
A008887,0,個人,2012-01-02,0
A008888,0,個人,2012-09-12,0
A008889,0,個人,2007-07-30,0
A008890,0,個人,2006-08-17,0
A008891,0,個人,2019-10-03,0
A008892,0,個人,2015-05-24,0
A008893,0,個人,2014-04-15,0
A008895,0,個人,2023-01-31,0
A008896,0,個人,2011-08-07,0
A008897,0,個人,2013-09-17,0
A008898,0,個人,2023-12-02,0
A008899,0,個人,2019-08-02,0
A008900,0,個人,2013-08-17,0
A008901,0,個人,2006-12-11,0
A008902,0,個人,2020-12-25,0
A008903,0,個人,2022-08-26,0
A008904,0,個人,2011-05-08,0
A008905,0,個人,2015-12-22,0
A008906,0,個人,2019-07-22,0
A008907,0,個人,2016-01-02,0
A008908,0,個人,2024-08-16,0
A008910,0,個人,2011-08-26,0
A008911,0,個人,2023-04-06,0
A008913,0,個人,2013-09-17,0
A008914,0,個人,2009-08-11,0
A008915,0,個人,2018-03-11,0
A008916,0,個人,2021-02-28,0
A008917,0,個人,2022-10-14,0
A008918,0,個人,2008-02-09,0
A008919,0,個人,2023-05-19,0
A008920,0,個人,2007-10-09,0
A008921,0,個人,2021-11-09,0
A008922,0,個人,2008-10-30,0
A008923,0,個人,2022-01-22,0
A008924,0,個人,2021-08-09,0
A008925,0,個人,2011-11-10,0
A008926,0,個人,2012-10-07,0
A008927,0,個人,2009-01-23,0
A008928,0,個人,2008-02-15,0
A008929,0,個人,2014-12-29,0
A008930,0,個人,2019-12-23,0
A008931,0,個人,2008-08-01,0
A008932,0,個人,2019-07-02,0
A008933,0,個人,2012-11-19,0
A008934,0,個人,2019-09-25,0
A008935,0,個人,2018-04-15,0
A008937,0,個人,2023-05-13,0
A008938,0,個人,2024-09-02,0
A008939,0,個人,2018-01-08,0
A008940,0,個人,2014-02-10,0
A008941,0,個人,2013-01-01,0
A008942,0,個人,2006-04-14,0
A008943,0,個人,2018-03-16,0
A008944,0,個人,2021-01-19,0
A008945,0,個人,2008-02-15,0
A008946,0,個人,2011-07-15,0
A008948,0,個人,2006-12-21,0
A008949,0,個人,2012-08-03,0
A008950,0,個人,2021-02-10,0
A008951,0,個人,2008-07-02,0
A008952,0,個人,2006-09-18,0
A008953,0,個人,2011-06-22,0
A008954,0,個人,2024-07-30,0
A008955,0,個人,2019-08-01,0
A008956,0,個人,2012-02-06,0
A008957,0,個人,2021-07-22,0
A008958,0,個人,2010-12-14,0
A008959,0,個人,2014-02-08,0
A008960,0,個人,2017-07-12,0
A008961,0,個人,2007-02-16,0
A008962,0,個人,2017-02-27,0
A008963,0,個人,2016-10-01,0
A008964,0,個人,2019-10-04,0
A008966,0,個人,2017-06-18,0
A008967,0,個人,2017-04-07,0
A008968,0,個人,2023-04-15,0
A008969,0,個人,2007-03-01,0
A008970,0,個人,2009-01-07,0
A008971,0,個人,2020-11-15,0
A008972,0,個人,2023-02-02,0
A008973,0,個人,2018-10-26,0
A008974,0,個人,2018-05-07,0
A008975,0,個人,2022-11-25,0
A008976,0,個人,2008-11-19,0
A008977,0,個人,2019-11-04,0
A008978,0,個人,2011-07-02,0
A008979,0,個人,2012-02-24,0
A008980,0,個人,2014-03-16,0
A008981,0,個人,2015-10-05,0
A008982,0,個人,2024-10-09,0
A008983,0,個人,2022-01-31,0
A008984,0,個人,2007-02-16,0
A008985,0,個人,2017-03-14,0
A008986,0,個人,2024-10-22,0
A008987,0,個人,2016-03-19,0
A008988,0,個人,2018-02-23,0
A008989,0,個人,2023-09-11,0
A008990,0,個人,2016-04-16,0
A008991,0,個人,2011-09-19,0
A008992,0,個人,2013-09-27,0
A008993,0,個人,2024-02-15,0
A008994,0,個人,2009-12-20,0
A008995,0,個人,2023-06-26,0
A008996,0,個人,2010-08-07,0
A008997,0,個人,2007-03-01,0
A008998,0,個人,2007-11-20,0
A008999,0,個人,2022-08-19,0
A009000,0,個人,2020-10-01,0
A009001,0,個人,2015-11-25,0
A009002,0,個人,2023-02-07,0
A009003,0,個人,2018-01-16,0
A009004,0,個人,2018-04-16,0
A009005,0,個人,2020-11-02,0
A009006,0,個人,2020-05-02,0
A009007,0,個人,2016-09-04,0
A009008,0,個人,2023-05-23,0
A009010,0,個人,2022-07-02,0
A009011,0,個人,2009-02-28,0
A009013,0,個人,2018-08-24,0
A009014,0,個人,2017-03-22,0
A009015,0,個人,2008-12-08,0
A009016,0,個人,2009-10-18,0
A009017,0,個人,2017-05-29,0
A009018,0,個人,2023-10-07,0
A009019,0,個人,2007-01-21,0
A009020,0,個人,2006-07-10,0
A009021,0,個人,2007-09-06,0
A009022,0,個人,2018-08-06,0
A009023,0,個人,2014-03-12,0
A009024,0,個人,2006-02-24,0
A009025,0,個人,2011-06-16,0
A009026,0,個人,2019-02-16,0
A009027,0,個人,2021-12-03,0
A009028,0,個人,2009-05-23,0
A009029,0,個人,2024-01-05,0
A009030,0,個人,2018-12-30,0
A009031,0,個人,2023-12-08,0
A009032,0,個人,2021-03-15,0
A009033,0,個人,2019-06-07,0
A009034,0,個人,2010-05-13,0
A009035,0,個人,2013-03-09,0
A009036,0,個人,2008-07-06,0
A009037,0,個人,2014-02-13,0
A009038,0,個人,2010-11-08,0
A009039,0,個人,2024-09-18,0
A009040,0,個人,2013-11-13,0
A009042,0,個人,2007-11-12,0
A009043,0,個人,2009-07-22,0
A009044,0,個人,2015-05-26,0
A009045,0,個人,2007-05-06,0
A009046,0,個人,2013-01-06,0
A009047,0,個人,2024-01-11,0
A009048,0,個人,2018-04-02,0
A009049,0,個人,2008-06-06,0
A009050,0,個人,2016-10-25,0
A009051,0,個人,2012-03-27,0
A009052,0,個人,2022-04-22,0
A009053,0,個人,2016-08-19,0
A009054,0,個人,2019-02-18,0
A009056,0,個人,2026-03-13,0
A009057,0,個人,2014-02-02,0
A009058,0,個人,2026-01-04,0
A009059,0,個人,2026-01-11,0
A009060,0,個人,2017-06-21,0
A009061,0,個人,2013-10-07,0
A009062,0,個人,2012-11-07,0
A009063,0,個人,2021-06-04,0
A009065,0,個人,2010-08-07,0
A009066,0,個人,2013-10-28,0
A009067,0,個人,2017-08-14,0
A009068,0,個人,2013-07-11,0
A009069,0,個人,2020-08-25,0
A009070,0,個人,2014-04-10,0
A009071,0,個人,2020-08-13,0
A009072,0,個人,2013-03-30,0
A009073,0,個人,2012-07-20,0
A009074,0,個人,2016-09-25,0
A009075,0,個人,2008-09-13,0
A009076,0,個人,2016-02-22,0
A009077,0,個人,2018-05-22,0
A009078,0,個人,2015-10-24,0
A009079,0,個人,2026-02-24,0
A009080,0,個人,2017-02-19,0
A009081,0,個人,2023-06-26,0
A009082,0,個人,2008-09-27,0
A009083,0,個人,2017-01-11,0
A009084,0,個人,2022-03-17,0
A009085,0,個人,2016-07-30,0
A009086,0,個人,2010-04-04,0
A009087,0,個人,2019-12-18,0
A009088,0,個人,2023-09-05,0
A009089,0,個人,2024-04-30,0
A009090,0,個人,2022-02-20,0
A009091,0,個人,2010-12-04,0
A009092,0,個人,2019-10-15,0
A009093,0,個人,2007-02-03,0
A009094,0,個人,2012-04-24,0
A009095,0,個人,2020-04-10,0
A009096,0,個人,2006-07-04,0
A009097,0,個人,2017-11-22,0
A009098,0,個人,2020-08-07,0
A009099,0,個人,2020-05-23,0
A009100,0,個人,2012-02-16,0
A009101,0,個人,2011-05-21,0
A009102,0,個人,2018-10-26,0
A009103,0,個人,2021-04-14,0
A009104,0,個人,2015-02-17,0
A009105,0,個人,2008-05-06,0
A009106,0,個人,2023-11-24,0
A009107,0,個人,2014-08-16,0
A009108,0,個人,2022-04-16,0
A009109,0,個人,2010-05-03,0
A009110,0,個人,2022-05-07,0
A009111,0,個人,2014-08-15,0
A009112,0,個人,2019-02-08,0
A009113,0,個人,2017-08-02,0
A009114,0,個人,2011-01-26,0
A009115,0,個人,2016-09-22,0
A009116,0,個人,2009-08-14,0
A009117,0,個人,2022-01-25,0
A009118,0,個人,2022-01-23,0
A009119,0,個人,2014-08-07,0
A009120,0,個人,2023-09-16,0
A009121,0,個人,2009-01-01,0
A009122,0,個人,2026-02-01,0
A009123,0,個人,2018-02-18,0
A009124,0,個人,2022-08-04,0
A009125,0,個人,2015-02-28,0
A009126,0,個人,2007-11-20,0
A009127,0,個人,2012-11-13,0
A009128,0,個人,2007-08-17,0
A009129,0,個人,2021-03-18,0
A009130,0,個人,2006-12-31,0
A009131,0,個人,2013-07-06,0
A009132,0,個人,2008-02-07,0
A009133,0,個人,2020-07-29,0
A009134,0,個人,2018-11-08,0
A009135,0,個人,2020-01-09,0
A009136,0,個人,2015-05-26,0
A009137,0,個人,2021-05-01,0
A009138,0,個人,2020-01-26,0
A009139,0,個人,2024-08-21,0
A009140,0,個人,2018-11-18,0
A009141,0,個人,2014-12-16,0
A009142,0,個人,2016-07-04,0
A009143,0,個人,2011-09-20,0
A009144,0,個人,2011-05-28,0
A009145,0,個人,2023-06-07,0
A009146,0,個人,2022-10-03,0
A009147,0,個人,2018-01-01,0
A009148,0,個人,2008-12-08,0
A009149,0,個人,2023-10-27,0
A009150,0,個人,2007-04-15,0
A009151,0,個人,2007-01-01,0
A009152,0,個人,2017-04-11,0
A009153,0,個人,2015-09-25,0
A009154,0,個人,2012-11-05,0
A009155,0,個人,2020-09-19,0
A009156,0,個人,2021-04-07,0
A009157,0,個人,2012-01-06,0
A009158,0,個人,2008-07-10,0
A009159,0,個人,2014-01-05,0
A009160,0,個人,2007-01-29,0
A009161,0,個人,2013-06-18,0
A009162,0,個人,2013-03-16,0
A009163,0,個人,2013-02-28,0
A009164,0,個人,2010-07-16,0
A009165,0,個人,2019-03-24,0
A009166,0,個人,2020-09-12,0
A009167,0,個人,2015-02-27,0
A009168,0,個人,2021-11-12,0
A009169,0,個人,2014-12-05,0
A009170,0,個人,2013-09-04,0
A009171,0,個人,2010-06-19,0
A009172,0,個人,2020-09-16,0
A009173,0,個人,2026-02-11,0
A009174,0,個人,2013-08-03,0
A009175,0,個人,2014-03-12,0
A009176,0,個人,2021-06-10,0
A009177,0,個人,2024-02-02,0
A009178,0,個人,2021-04-29,0
A009179,0,個人,2013-01-15,0
A009180,0,個人,2021-01-29,0
A009181,0,個人,2014-10-17,0
A009182,0,個人,2009-11-14,0
A009183,0,個人,2011-05-17,0
A009184,0,個人,2019-06-29,0
A009185,0,個人,2013-02-27,0
A009186,0,個人,2019-01-23,0
A009187,0,個人,2020-11-10,0
A009188,0,個人,2018-03-02,0
A009189,0,個人,2022-05-15,0
A009190,0,個人,2023-11-08,0
A009191,0,個人,2010-11-19,0
A009192,0,個人,2017-05-16,0
A009193,0,個人,2010-04-22,0
A009194,0,個人,2024-10-10,0
A009195,0,個人,2015-09-18,0
A009196,0,個人,2008-10-29,0
A009197,0,個人,2010-03-10,0
A009198,0,個人,2008-06-22,0
A009199,0,個人,2026-01-27,0
A009200,0,個人,2012-08-21,0
A009201,0,個人,2019-09-27,0
A009202,0,個人,2016-07-20,0
A009203,0,個人,2013-09-15,0
A009204,0,個人,2013-02-17,0
A009205,0,個人,2008-11-24,0
A009206,0,個人,2010-03-01,0
A009207,0,個人,2026-02-03,0
A009208,0,個人,2010-07-06,0
A009210,0,個人,2018-08-26,0
A009211,0,個人,2020-05-29,0
A009212,0,個人,2007-03-09,0
A009213,0,個人,2024-04-09,0
A009215,0,個人,2010-07-05,0
A009216,0,個人,2015-10-27,0
A009217,0,個人,2020-08-30,0
A009218,0,個人,2012-03-12,0
A009219,0,個人,2024-02-21,0
A009220,0,個人,2012-05-08,0
A009221,0,個人,2012-02-22,0
A009222,0,個人,2014-09-24,0
A009223,0,個人,2011-01-30,0
A009224,0,個人,2013-07-09,0
A009225,0,個人,2022-01-06,0
A009226,0,個人,2020-05-02,0
A009227,0,個人,2006-05-03,0
A009228,0,個人,2013-11-23,0
A009229,0,個人,2009-08-24,0
A009230,0,個人,2007-04-26,0
A009231,0,個人,2010-12-15,0
A009232,0,個人,2008-08-29,0
A009233,0,個人,2024-12-19,0
A009234,0,個人,2009-10-14,0
A009236,0,個人,2016-02-18,0
A009237,0,個人,2019-03-25,0
A009238,0,個人,2016-10-07,0
A009239,0,個人,2017-07-18,0
A009240,0,個人,2017-05-15,0
A009241,0,個人,2008-03-20,0
A009242,0,個人,2024-12-08,0
A009243,0,個人,2010-09-02,0
A009244,0,個人,2016-06-09,0
A009245,0,個人,2017-09-28,0
A009246,0,個人,2009-06-26,0
A009247,0,個人,2014-09-12,0
A009249,0,個人,2020-09-25,0
A009250,0,個人,2020-06-24,0
A009251,0,個人,2014-02-25,0
A009252,0,個人,2020-01-15,0
A009253,0,個人,2013-05-23,0
A009254,0,個人,2020-10-07,0
A009255,0,個人,2008-06-29,0
A009256,0,個人,2013-05-28,0
A009257,0,個人,2016-08-30,0
A009258,0,個人,2011-07-13,0
A009259,0,個人,2023-02-19,0
A009261,0,個人,2009-10-09,0
A009262,0,個人,2020-04-30,0
A009263,0,個人,2013-07-22,0
A009264,0,個人,2019-12-11,0
A009265,0,個人,2020-06-05,0
A009266,0,個人,2011-01-24,0
A009267,0,個人,2017-03-08,0
A009268,0,個人,2008-08-24,0
A009269,0,個人,2016-07-28,0
A009270,0,個人,2015-07-18,0
A009271,0,個人,2009-07-02,0
A009272,0,個人,2014-08-24,0
A009273,0,個人,2022-04-22,0
A009274,0,個人,2026-01-16,0
A009275,0,個人,2024-12-25,0
A009276,0,個人,2023-08-08,0
A009277,0,個人,2021-03-21,0
A009278,0,個人,2015-11-13,0
A009279,0,個人,2007-01-26,0
A009280,0,個人,2011-01-18,0
A009281,0,個人,2009-06-23,0
A009282,0,個人,2012-03-04,0
A009283,0,個人,2006-07-01,0
A009284,0,個人,2015-07-27,0
A009285,0,個人,2018-06-30,0
A009286,0,個人,2008-05-18,0
A009287,0,個人,2015-09-10,0
A009288,0,個人,2020-02-03,0
A009289,0,個人,2016-06-07,0
A009290,0,個人,2007-04-14,0
A009291,0,個人,2023-09-09,0
A009292,0,個人,2006-09-06,0
A009293,0,個人,2017-10-19,0
A009294,0,個人,2012-11-09,0
A009295,0,個人,2012-08-07,0
A009296,0,個人,2011-04-08,0
A009297,0,個人,2015-02-14,0
A009298,0,個人,2007-09-18,0
A009299,0,個人,2021-05-19,0
A009300,0,個人,2015-09-18,0
A009301,0,個人,2007-12-21,0
A009302,0,個人,2019-02-28,0
A009303,0,個人,2015-11-11,0
A009304,0,個人,2018-07-07,0
A009305,0,個人,2010-06-10,0
A009306,0,個人,2006-07-29,0
A009307,0,個人,2026-02-08,0
A009308,0,個人,2011-01-16,0
A009309,0,個人,2014-04-12,0
A009310,0,個人,2015-01-28,0
A009311,0,個人,2017-01-03,0
A009312,0,個人,2009-06-07,0
A009313,0,個人,2016-03-17,0
A009314,0,個人,2021-10-26,0
A009315,0,個人,2013-07-24,0
A009316,0,個人,2008-06-17,0
A009317,0,個人,2018-02-16,0
A009319,0,個人,2018-09-14,0
A009320,0,個人,2006-03-11,0
A009321,0,個人,2017-09-08,0
A009322,0,個人,2015-06-10,0
A009323,0,個人,2009-10-01,0
A009324,0,個人,2022-11-29,0
A009325,0,個人,2013-06-15,0
A009327,0,個人,2023-01-23,0
A009328,0,個人,2011-12-20,0
A009329,0,個人,2016-04-27,0
A009330,0,個人,2006-05-30,0
A009331,0,個人,2015-07-24,0
A009332,0,個人,2006-03-18,0
A009333,0,個人,2013-08-24,0
A009334,0,個人,2021-09-22,0
A009335,0,個人,2013-09-22,0
A009336,0,個人,2016-08-18,0
A009337,0,個人,2011-06-17,0
A009338,0,個人,2013-07-07,0
A009339,0,個人,2007-07-22,0
A009340,0,個人,2010-12-14,0
A009341,0,個人,2012-02-12,0
A009342,0,個人,2009-05-28,0
A009343,0,個人,2026-02-12,0
A009344,0,個人,2009-04-12,0
A009345,0,個人,2009-09-23,0
A009346,0,個人,2013-11-05,0
A009347,0,個人,2018-07-03,0
A009348,0,個人,2018-08-18,0
A009349,0,個人,2023-02-24,0
A009350,0,個人,2008-08-24,0
A009351,0,個人,2015-06-29,0
A009352,0,個人,2020-07-09,0
A009353,0,個人,2009-02-12,0
A009354,0,個人,2014-03-17,0
A009355,0,個人,2018-06-08,0
A009356,0,個人,2023-01-07,0
A009357,0,個人,2017-05-29,0
A009358,0,個人,2006-10-26,0
A009359,0,個人,2013-11-10,0
A009360,0,個人,2007-03-04,0
A009362,0,個人,2021-09-07,0
A009363,0,個人,2015-11-04,0
A009364,0,個人,2007-11-06,0
A009365,0,個人,2024-02-20,0
A009366,0,個人,2008-01-08,0
A009367,0,個人,2006-07-06,0
A009368,0,個人,2019-06-15,0
A009369,0,個人,2006-04-29,0
A009370,0,個人,2006-03-19,0
A009371,0,個人,2019-09-30,0
A009372,0,個人,2017-07-13,0
A009373,0,個人,2021-01-07,0
A009374,0,個人,2022-03-27,0
A009375,0,個人,2024-01-11,0
A009376,0,個人,2016-04-25,0
A009377,0,個人,2012-10-01,0
A009378,0,個人,2023-03-25,0
A009379,0,個人,2011-04-10,0
A009380,0,個人,2018-01-09,0
A009381,0,個人,2021-01-15,0
A009382,0,個人,2008-04-29,0
A009383,0,個人,2016-02-14,0
A009384,0,個人,2006-12-19,0
A009385,0,個人,2020-08-09,0
A009386,0,個人,2022-08-12,0
A009387,0,個人,2009-05-23,0
A009388,0,個人,2022-02-15,0
A009389,0,個人,2013-08-27,0
A009390,0,個人,2018-07-24,0
A009391,0,個人,2011-02-20,0
A009392,0,個人,2012-03-19,0
A009393,0,個人,2023-05-20,0
A009394,0,個人,2010-08-31,0
A009396,0,個人,2007-11-13,0
A009397,0,個人,2014-02-15,0
A009398,0,個人,2016-02-19,0
A009399,0,個人,2015-11-30,0
A009400,0,個人,2015-07-09,0
A009401,0,個人,2016-01-29,0
A009402,0,個人,2015-04-29,0
A009403,0,個人,2006-04-30,0
A009404,0,個人,2011-12-26,0
A009405,0,個人,2018-02-08,0
A009406,0,個人,2016-01-09,0
A009407,0,個人,2018-10-21,0
A009408,0,個人,2023-02-12,0
A009409,0,個人,2014-02-10,0
A009410,0,個人,2015-11-25,0
A009411,0,個人,2006-03-05,0
A009412,0,個人,2011-07-25,0
A009414,0,個人,2017-09-28,0
A009415,0,個人,2020-03-27,0
A009416,0,個人,2022-01-19,0
A009417,0,個人,2015-10-10,0
A009419,0,個人,2019-10-05,0
A009420,0,個人,2022-03-12,0
A009421,0,個人,2012-07-04,0
A009422,0,個人,2024-03-29,0
A009423,0,個人,2020-01-24,0
A009424,0,個人,2017-08-16,0
A009425,0,個人,2008-10-18,0
A009426,0,個人,2014-08-09,0
A009427,0,個人,2013-12-28,0
A009428,0,個人,2012-06-13,0
A009429,0,個人,2006-12-06,0
A009430,0,個人,2020-01-24,0
A009431,0,個人,2017-01-20,0
A009432,0,個人,2008-06-13,0
A009433,0,個人,2008-11-10,0
A009434,0,個人,2024-12-18,0
A009435,0,個人,2019-10-05,0
A009436,0,個人,2022-11-03,0
A009437,0,個人,2019-08-05,0
A009438,0,個人,2023-05-07,0
A009439,0,個人,2012-02-23,0
A009440,0,個人,2012-10-28,0
A009441,0,個人,2016-12-15,0
A009442,0,個人,2012-12-26,0
A009443,0,個人,2026-03-15,0
A009444,0,個人,2008-01-30,0
A009445,0,個人,2008-10-05,0
A009446,0,個人,2024-10-17,0
A009447,0,個人,2026-01-30,0
A009448,0,個人,2012-08-20,0
A009449,0,個人,2022-06-23,0
A009450,0,個人,2008-02-10,0
A009451,0,個人,2017-06-16,0
A009452,0,個人,2006-01-16,0
A009453,0,個人,2009-04-21,0
A009454,0,個人,2023-12-23,0
A009455,0,個人,2020-01-11,0
A009456,0,個人,2006-11-30,0
A009457,0,個人,2023-12-29,0
A009458,0,個人,2015-03-15,0
A009459,0,個人,2016-08-05,0
A009460,0,個人,2013-11-28,0
A009461,0,個人,2016-04-26,0
A009462,0,個人,2023-11-27,0
A009463,0,個人,2020-07-09,0
A009464,0,個人,2008-12-11,0
A009465,0,個人,2012-04-12,0
A009466,0,個人,2009-12-22,0
A009467,0,個人,2008-03-17,0
A009468,0,個人,2010-10-26,0
A009469,0,個人,2017-09-16,0
A009470,0,個人,2006-08-02,0
A009471,0,個人,2006-09-04,0
A009472,0,個人,2018-01-30,0
A009473,0,個人,2010-10-11,0
A009474,0,個人,2020-07-21,0
A009475,0,個人,2019-03-10,0
A009476,0,個人,2018-03-17,0
A009477,0,個人,2019-12-12,0
A009478,0,個人,2018-03-23,0
A009479,0,個人,2006-09-07,0
A009480,0,個人,2017-07-31,0
A009481,0,個人,2007-12-04,0
A009482,0,個人,2026-03-10,0
A009483,0,個人,2020-11-20,0
A009484,0,個人,2017-08-21,0
A009485,0,個人,2018-05-21,0
A009486,0,個人,2006-05-08,0
A009487,0,個人,2012-05-18,0
A009488,0,個人,2012-01-18,0
A009489,0,個人,2020-09-10,0
A009490,0,個人,2013-03-21,0
A009491,0,個人,2014-09-23,0
A009492,0,個人,2006-02-14,0
A009493,0,個人,2009-01-05,0
A009494,0,個人,2013-01-09,0
A009495,0,個人,2020-10-10,0
A009496,0,個人,2016-10-31,0
A009497,0,個人,2009-05-10,0
A009498,0,個人,2021-05-06,0
A009499,0,個人,2023-11-22,0
A009500,0,個人,2023-12-18,0
A009501,0,個人,2024-06-07,0
A009502,0,個人,2007-07-19,0
A009503,0,個人,2018-03-10,0
A009504,0,個人,2006-03-15,0
A009505,0,個人,2007-12-04,0
A009506,0,個人,2022-02-14,0
A009507,0,個人,2014-04-03,0
A009508,0,個人,2018-01-01,0
A009509,0,個人,2019-04-22,0
A009511,0,個人,2023-08-27,0
A009512,0,個人,2007-09-27,0
A009513,0,個人,2019-10-08,0
A009515,0,個人,2014-05-09,0
A009516,0,個人,2007-10-09,0
A009517,0,個人,2018-03-30,0
A009518,0,個人,2010-04-14,0
A009519,0,個人,2010-03-21,0
A009520,0,個人,2020-06-16,0
A009521,0,個人,2015-04-06,0
A009522,0,個人,2017-08-06,0
A009523,0,個人,2017-09-27,0
A009524,0,個人,2024-11-18,0
A009525,0,個人,2022-10-07,0
A009526,0,個人,2017-03-15,0
A009527,0,個人,2020-01-13,0
A009528,0,個人,2006-02-08,0
A009529,0,個人,2014-06-21,0
A009530,0,個人,2023-02-15,0
A009531,0,個人,2014-11-04,0
A009532,0,個人,2013-11-11,0
A009533,0,個人,2021-04-10,0
A009534,0,個人,2021-11-12,0
A009535,0,個人,2019-03-20,0
A009536,0,個人,2012-04-18,0
A009537,0,個人,2019-08-31,0
A009538,0,個人,2014-01-17,0
A009539,0,個人,2017-06-03,0
A009540,0,個人,2008-07-25,0
A009541,0,個人,2013-01-28,0
A009542,0,個人,2021-10-13,0
A009543,0,個人,2023-04-09,0
A009544,0,個人,2024-04-23,0
A009545,0,個人,2024-06-12,0
A009546,0,個人,2010-06-18,0
A009547,0,個人,2011-08-29,0
A009549,0,個人,2022-11-28,0
A009550,0,個人,2020-07-23,0
A009551,0,個人,2010-07-16,0
A009552,0,個人,2017-06-18,0
A009553,0,個人,2013-05-15,0
A009554,0,個人,2012-08-30,0
A009555,0,個人,2017-08-04,0
A009556,0,個人,2009-10-26,0
A009557,0,個人,2013-02-12,0
A009558,0,個人,2008-08-17,0
A009559,0,個人,2007-01-02,0
A009560,0,個人,2021-03-07,0
A009561,0,個人,2023-11-01,0
A009562,0,個人,2023-04-07,0
A009563,0,個人,2007-08-15,0
A009564,0,個人,2018-04-12,0
A009565,0,個人,2009-01-17,0
A009566,0,個人,2006-01-26,0
A009567,0,個人,2013-01-29,0
A009568,0,個人,2009-10-31,0
A009569,0,個人,2021-08-02,0
A009570,0,個人,2021-01-19,0
A009571,0,個人,2013-11-17,0
A009572,0,個人,2010-02-04,0
A009573,0,個人,2015-12-29,0
A009574,0,個人,2008-06-17,0
A009575,0,個人,2019-10-29,0
A009576,0,個人,2014-08-15,0
A009577,0,個人,2022-01-14,0
A009578,0,個人,2017-02-20,0
A009579,0,個人,2011-04-01,0
A009580,0,個人,2020-09-24,0
A009581,0,個人,2007-02-22,0
A009582,0,個人,2016-10-24,0
A009583,0,個人,2024-06-14,0
A009584,0,個人,2015-12-18,0
A009585,0,個人,2009-11-02,0
A009586,0,個人,2011-03-26,0
A009587,0,個人,2019-09-29,0
A009588,0,個人,2020-06-22,0
A009589,0,個人,2016-07-21,0
A009590,0,個人,2008-06-18,0
A009591,0,個人,2015-03-21,0
A009592,0,個人,2019-04-26,0
A009593,0,個人,2006-12-20,0
A009594,0,個人,2007-07-23,0
A009595,0,個人,2015-07-09,0
A009596,0,個人,2010-02-24,0
A009597,0,個人,2013-02-17,0
A009598,0,個人,2017-03-18,0
A009599,0,個人,2016-06-17,0
A009600,0,個人,2006-11-15,0
A009601,0,個人,2018-12-30,0
A009602,0,個人,2009-06-22,0
A009603,0,個人,2022-09-06,0
A009604,0,個人,2010-03-01,0
A009605,0,個人,2011-10-13,0
A009607,0,個人,2022-11-23,0
A009608,0,個人,2015-12-10,0
A009609,0,個人,2024-05-09,0
A009610,0,個人,2015-09-01,0
A009611,0,個人,2006-07-14,0
A009612,0,個人,2014-08-11,0
A009613,0,個人,2008-10-01,0
A009614,0,個人,2011-06-28,0
A009615,0,個人,2017-01-19,0
A009616,0,個人,2019-10-16,0
A009617,0,個人,2010-05-12,0
A009618,0,個人,2021-07-22,0
A009619,0,個人,2018-06-24,0
A009620,0,個人,2006-04-04,0
A009621,0,個人,2018-02-05,0
A009622,0,個人,2006-05-05,0
A009623,0,個人,2021-04-07,0
A009624,0,個人,2012-07-30,0
A009625,0,個人,2010-04-25,0
A009626,0,個人,2017-01-21,0
A009627,0,個人,2018-08-07,0
A009628,0,個人,2021-05-11,0
A009629,0,個人,2023-09-03,0
A009630,0,個人,2026-03-06,0
A009631,0,個人,2015-07-12,0
A009632,0,個人,2020-10-21,0
A009634,0,個人,2019-02-22,0
A009635,0,個人,2019-10-16,0
A009636,0,個人,2022-09-14,0
A009637,0,個人,2018-03-08,0
A009638,0,個人,2008-03-09,0
A009639,0,個人,2023-11-17,0
A009640,0,個人,2010-11-24,0
A009641,0,個人,2007-08-10,0
A009642,0,個人,2012-12-01,0
A009643,0,個人,2021-07-13,0
A009644,0,個人,2026-02-28,0
A009645,0,個人,2018-06-30,0
A009646,0,個人,2017-12-21,0
A009647,0,個人,2008-08-02,0
A009648,0,個人,2021-06-28,0
A009649,0,個人,2010-11-04,0
A009650,0,個人,2024-12-16,0
A009651,0,個人,2010-08-18,0
A009652,0,個人,2007-07-13,0
A009653,0,個人,2011-05-17,0
A009654,0,個人,2009-02-15,0
A009655,0,個人,2011-02-23,0
A009656,0,個人,2011-02-09,0
A009657,0,個人,2011-01-19,0
A009658,0,個人,2011-04-04,0
A009659,0,個人,2010-08-12,0
A009661,0,個人,2015-09-18,0
A009662,0,個人,2021-10-10,0
A009663,0,個人,2021-10-16,0
A009664,0,個人,2021-02-27,0
A009665,0,個人,2014-11-05,0
A009666,0,個人,2008-04-16,0
A009667,0,個人,2006-02-22,0
A009668,0,個人,2015-02-27,0
A009669,0,個人,2013-12-15,0
A009670,0,個人,2007-04-25,0
A009671,0,個人,2009-11-09,0
A009672,0,個人,2008-10-14,0
A009673,0,個人,2008-12-12,0
A009674,0,個人,2009-09-30,0
A009675,0,個人,2021-09-10,0
A009676,0,個人,2017-12-31,0
A009677,0,個人,2010-06-14,0
A009678,0,個人,2007-11-13,0
A009679,0,個人,2012-09-22,0
A009680,0,個人,2021-11-14,0
A009681,0,個人,2006-12-19,0
A009682,0,個人,2019-10-30,0
A009683,0,個人,2023-09-22,0
A009684,0,個人,2022-06-26,0
A009685,0,個人,2023-04-21,0
A009686,0,個人,2009-01-31,0
A009687,0,個人,2006-01-14,0
A009688,0,個人,2012-12-13,0
A009689,0,個人,2017-12-15,0
A009690,0,個人,2022-10-24,0
A009691,0,個人,2013-04-24,0
A009692,0,個人,2019-09-07,0
A009693,0,個人,2014-03-29,0
A009694,0,個人,2014-09-30,0
A009695,0,個人,2008-10-13,0
A009696,0,個人,2015-09-24,0
A009697,0,個人,2014-02-14,0
A009698,0,個人,2024-01-21,0
A009699,0,個人,2021-02-08,0
A009700,0,個人,2021-08-20,0
A009701,0,個人,2011-06-03,0
A009702,0,個人,2006-05-24,0
A009703,0,個人,2021-08-02,0
A009704,0,個人,2020-10-13,0
A009705,0,個人,2013-06-05,0
A009706,0,個人,2011-12-10,0
A009707,0,個人,2024-08-19,0
A009708,0,個人,2022-02-10,0
A009710,0,個人,2007-09-17,0
A009711,0,個人,2019-11-27,0
A009712,0,個人,2023-05-31,0
A009713,0,個人,2015-02-10,0
A009714,0,個人,2020-04-13,0
A009715,0,個人,2023-07-22,0
A009716,0,個人,2018-03-31,0
A009718,0,個人,2023-07-25,0
A009719,0,個人,2018-11-13,0
A009720,0,個人,2017-04-22,0
A009721,0,個人,2018-04-06,0
A009722,0,個人,2010-07-17,0
A009723,0,個人,2011-03-24,0
A009724,0,個人,2009-12-25,0
A009725,0,個人,2015-10-04,0
A009726,0,個人,2020-01-30,0
A009727,0,個人,2007-02-07,0
A009728,0,個人,2021-07-26,0
A009729,0,個人,2016-05-11,0
A009730,0,個人,2024-01-01,0
A009731,0,個人,2015-04-05,0
A009732,0,個人,2009-11-04,0
A009733,0,個人,2010-12-05,0
A009734,0,個人,2011-03-24,0
A009735,0,個人,2013-02-27,0
A009736,0,個人,2008-01-03,0
A009737,0,個人,2010-09-18,0
A009738,0,個人,2017-09-19,0
A009739,0,個人,2023-04-04,0
A009740,0,個人,2019-07-30,0
A009741,0,個人,2010-10-06,0
A009742,0,個人,2019-08-25,0
A009743,0,個人,2017-01-25,0
A009745,0,個人,2014-08-24,0
A009746,0,個人,2011-12-13,0
A009747,0,個人,2012-08-14,0
A009748,0,個人,2017-05-15,0
A009749,0,個人,2023-02-28,0
A009750,0,個人,2019-06-26,0
A009751,0,個人,2024-04-25,0
A009752,0,個人,2023-05-02,0
A009753,0,個人,2012-04-02,0
A009754,0,個人,2008-11-12,0
A009755,0,個人,2009-04-25,0
A009756,0,個人,2009-02-18,0
A009757,0,個人,2014-09-11,0
A009758,0,個人,2016-10-29,0
A009759,0,個人,2007-05-10,0
A009760,0,個人,2015-03-15,0
A009761,0,個人,2023-03-15,0
A009762,0,個人,2021-05-27,0
A009763,0,個人,2011-04-04,0
A009764,0,個人,2011-04-15,0
A009765,0,個人,2017-08-13,0
A009766,0,個人,2020-11-22,0
A009767,0,個人,2013-06-04,0
A009768,0,個人,2019-11-17,0
A009769,0,個人,2018-12-10,0
A009770,0,個人,2007-03-22,0
A009771,0,個人,2021-04-30,0
A009772,0,個人,2021-07-14,0
A009773,0,個人,2018-07-21,0
A009774,0,個人,2016-06-25,0
A009775,0,個人,2013-06-09,0
A009776,0,個人,2017-05-19,0
A009777,0,個人,2019-02-06,0
A009778,0,個人,2014-10-04,0
A009779,0,個人,2011-11-28,0
A009780,0,個人,2021-03-13,0
A009781,0,個人,2006-05-10,0
A009782,0,個人,2010-05-02,0
A009783,0,個人,2018-01-12,0
A009784,0,個人,2008-09-09,0
A009785,0,個人,2007-09-28,0
A009786,0,個人,2020-06-15,0
A009787,0,個人,2006-11-03,0
A009788,0,個人,2006-04-18,0
A009789,0,個人,2009-04-17,0
A009790,0,個人,2009-10-01,0
A009791,0,個人,2024-02-19,0
A009792,0,個人,2022-12-07,0
A009793,0,個人,2019-11-26,0
A009794,0,個人,2023-05-23,0
A009795,0,個人,2014-07-04,0
A009796,0,個人,2009-03-14,0
A009797,0,個人,2018-04-02,0
A009798,0,個人,2015-12-21,0
A009799,0,個人,2006-03-11,0
A009800,0,個人,2008-08-06,0
A009801,0,個人,2009-01-06,0
A009802,0,個人,2016-02-19,0
A009803,0,個人,2009-04-26,0
A009805,0,個人,2020-01-17,0
A009806,0,個人,2010-01-05,0
A009808,0,個人,2019-04-12,0
A009809,0,個人,2013-09-20,0
A009810,0,個人,2007-10-19,0
A009811,0,個人,2013-05-06,0
A009812,0,個人,2026-01-27,0
A009813,0,個人,2020-01-04,0
A009814,0,個人,2022-01-05,0
A009815,0,個人,2015-02-18,0
A009816,0,個人,2023-02-02,0
A009817,0,個人,2010-12-05,0
A009818,0,個人,2020-11-30,0
A009819,0,個人,2022-10-11,0
A009820,0,個人,2014-10-25,0
A009821,0,個人,2011-03-27,0
A009822,0,個人,2018-01-14,0
A009823,0,個人,2015-01-03,0
A009824,0,個人,2024-06-01,0
A009825,0,個人,2015-10-29,0
A009826,0,個人,2012-06-30,0
A009827,0,個人,2022-10-05,0
A009828,0,個人,2024-04-04,0
A009829,0,個人,2022-11-26,0
A009830,0,個人,2015-06-09,0
A009831,0,個人,2009-05-20,0
A009832,0,個人,2011-09-04,0
A009833,0,個人,2019-03-24,0
A009834,0,個人,2010-02-17,0
A009835,0,個人,2015-05-11,0
A009836,0,個人,2022-01-20,0
A009837,0,個人,2021-10-20,0
A009838,0,個人,2013-03-08,0
A009839,0,個人,2022-08-14,0
A009840,0,個人,2011-02-15,0
A009841,0,個人,2016-02-01,0
A009842,0,個人,2017-05-08,0
A009843,0,個人,2008-06-28,0
A009844,0,個人,2024-09-11,0
A009845,0,個人,2006-07-20,0
A009846,0,個人,2016-09-24,0
A009847,0,個人,2014-08-16,0
A009848,0,個人,2011-02-21,0
A009849,0,個人,2010-11-10,0
A009850,0,個人,2024-01-06,0
A009851,0,個人,2015-02-13,0
A009852,0,個人,2016-02-13,0
A009853,0,個人,2022-11-14,0
A009854,0,個人,2015-03-25,0
A009855,0,個人,2019-09-10,0
A009856,0,個人,2010-08-05,0
A009857,0,個人,2021-04-17,0
A009858,0,個人,2021-11-14,0
A009859,0,個人,2017-11-07,0
A009860,0,個人,2026-03-12,0
A009861,0,個人,2013-12-21,0
A009862,0,個人,2010-01-18,0
A009863,0,個人,2015-04-25,0
A009864,0,個人,2022-03-05,0
A009865,0,個人,2013-07-15,0
A009866,0,個人,2012-05-24,0
A009867,0,個人,2023-05-04,0
A009868,0,個人,2017-01-24,0
A009869,0,個人,2018-12-07,0
A009870,0,個人,2020-10-21,0
A009871,0,個人,2018-02-08,0
A009872,0,個人,2009-05-08,0
A009873,0,個人,2022-11-28,0
A009874,0,個人,2018-01-29,0
A009875,0,個人,2007-12-23,0
A009876,0,個人,2017-06-24,0
A009877,0,個人,2017-04-15,0
A009878,0,個人,2020-04-01,0
A009879,0,個人,2019-01-19,0
A009880,0,個人,2022-01-21,0
A009881,0,個人,2009-04-02,0
A009882,0,個人,2019-06-26,0
A009883,0,個人,2007-10-31,0
A009885,0,個人,2024-04-13,0
A009886,0,個人,2006-03-20,0
A009887,0,個人,2014-10-28,0
A009888,0,個人,2009-09-03,0
A009889,0,個人,2010-11-25,0
A009890,0,個人,2012-12-28,0
A009891,0,個人,2008-11-20,0
A009892,0,個人,2020-02-21,0
A009893,0,個人,2017-09-05,0
A009894,0,個人,2011-03-21,0
A009895,0,個人,2020-03-19,0
A009896,0,個人,2011-08-21,0
A009897,0,個人,2008-01-03,0
A009898,0,個人,2011-06-15,0
A009899,0,個人,2022-01-09,0
A009900,0,個人,2018-10-16,0
A009901,0,個人,2021-03-10,0
A009902,0,個人,2022-05-29,0
A009903,0,個人,2011-05-28,0
A009904,0,個人,2010-02-10,0
A009905,0,個人,2019-05-25,0
A009906,0,個人,2008-04-22,0
A009907,0,個人,2016-12-03,0
A009908,0,個人,2010-06-25,0
A009909,0,個人,2010-06-15,0
A009910,0,個人,2008-10-01,0
A009911,0,個人,2024-01-14,0
A009912,0,個人,2010-11-28,0
A009913,0,個人,2020-11-30,0
A009914,0,個人,2023-03-01,0
A009915,0,個人,2019-06-27,0
A009916,0,個人,2020-04-23,0
A009917,0,個人,2012-10-21,0
A009918,0,個人,2019-08-04,0
A009919,0,個人,2015-05-22,0
A009920,0,個人,2014-03-11,0
A009921,0,個人,2026-02-27,0
A009922,0,個人,2008-05-22,0
A009923,0,個人,2026-02-19,0
A009924,0,個人,2009-12-20,0
A009925,0,個人,2015-10-11,0
A009926,0,個人,2022-01-18,0
A009927,0,個人,2024-09-17,0
A009928,0,個人,2020-01-17,0
A009929,0,個人,2012-09-30,0
A009930,0,個人,2010-01-06,0
A009931,0,個人,2010-12-01,0
A009932,0,個人,2024-05-03,0
A009933,0,個人,2018-02-13,0
A009934,0,個人,2017-01-29,0
A009935,0,個人,2021-03-10,0
A009936,0,個人,2017-03-05,0
A009937,0,個人,2021-08-10,0
A009938,0,個人,2023-03-25,0
A009939,0,個人,2019-05-05,0
A009940,0,個人,2009-08-01,0
A009941,0,個人,2019-01-10,0
A009942,0,個人,2012-04-08,0
A009943,0,個人,2021-07-11,0
A009944,0,個人,2023-04-11,0
A009945,0,個人,2015-07-20,0
A009946,0,個人,2024-03-11,0
A009947,0,個人,2024-09-28,0
A009948,0,個人,2019-01-23,0
A009949,0,個人,2021-01-15,0
A009950,0,個人,2009-05-20,0
A009951,0,個人,2023-09-23,0
A009952,0,個人,2024-02-04,0
A009953,0,個人,2016-12-15,0
A009954,0,個人,2013-09-16,0
A009955,0,個人,2006-02-01,0
A009956,0,個人,2012-09-07,0
A009957,0,個人,2026-01-01,0
A009958,0,個人,2014-10-21,0
A009959,0,個人,2018-03-24,0
A009960,0,個人,2024-04-08,0
A009961,0,個人,2013-09-07,0
A009962,0,個人,2019-05-16,0
A009963,0,個人,2021-02-23,0
A009964,0,個人,2012-01-30,0
A009965,0,個人,2010-06-29,0
A009966,0,個人,2020-04-15,0
A009967,0,個人,2015-01-23,0
A009968,0,個人,2022-05-13,0
A009969,0,個人,2019-02-23,0
A009970,0,個人,2012-11-08,0
A009971,0,個人,2023-12-20,0
A009972,0,個人,2026-01-25,0
A009973,0,個人,2013-09-16,0
A009974,0,個人,2018-02-28,0
A009975,0,個人,2014-08-16,0
A009977,0,個人,2015-06-17,0
A009978,0,個人,2016-09-21,0
A009979,0,個人,2007-12-24,0
A009980,0,個人,2006-09-10,0
A009981,0,個人,2022-10-05,0
A009982,0,個人,2010-03-31,0
A009983,0,個人,2009-02-10,0
A009984,0,個人,2021-12-18,0
A009985,0,個人,2006-12-23,0
A009986,0,個人,2018-04-03,0
A009987,0,個人,2006-05-24,0
A009988,0,個人,2012-07-31,0
A009989,0,個人,2016-08-31,0
A009990,0,個人,2006-07-09,0
A009991,0,個人,2008-12-25,0
A009992,0,個人,2015-10-18,0
A009993,0,個人,2026-02-07,0
A009994,0,個人,2007-07-08,0
A009995,0,個人,2023-08-01,0
A009996,0,個人,2012-12-26,0
A009997,0,個人,2017-12-04,0
A009998,0,個人,2009-07-03,0
A009999,0,個人,2009-09-17,0
A010000,0,個人,2012-10-30,0
A010001,0,個人,2014-07-09,0
A010002,0,個人,2017-10-16,0
A010003,0,個人,2008-05-13,0
A010004,0,個人,2010-04-17,0
A010005,0,個人,2010-05-22,0
A010006,0,個人,2020-02-07,0
A010007,0,個人,2018-05-27,0
A010008,0,個人,2016-05-28,0
A010009,0,個人,2026-02-19,0
A010011,0,個人,2015-11-28,0
A010012,0,個人,2022-05-12,0
A010013,0,個人,2020-05-30,0
A010014,0,個人,2006-01-26,0
A010015,0,個人,2014-10-25,0
A010016,0,個人,2013-10-27,0
A010017,0,個人,2020-06-26,0
A010018,0,個人,2013-11-19,0
A010019,0,個人,2014-07-14,0
A010020,0,個人,2013-01-08,0
A010021,0,個人,2010-09-08,0
A010022,0,個人,2006-11-03,0
A010023,0,個人,2012-03-29,0
A010024,0,個人,2021-02-11,0
A010025,0,個人,2007-01-28,0
A010026,0,個人,2018-08-30,0
A010027,0,個人,2009-10-06,0
A010028,0,個人,2013-09-11,0
A010029,0,個人,2017-06-05,0
A010030,0,個人,2008-01-29,0
A010031,0,個人,2016-11-22,0
A010032,0,個人,2023-08-12,0
A010033,0,個人,2010-05-06,0
A010034,0,個人,2024-02-20,0
A010035,0,個人,2016-03-10,0
A010037,0,個人,2009-07-25,0
A010038,0,個人,2010-04-01,0
A010039,0,個人,2016-08-22,0
A010040,0,個人,2018-10-05,0
A010041,0,個人,2019-01-01,0
A010042,0,個人,2020-10-23,0
A010043,0,個人,2006-06-24,0
A010045,0,個人,2010-07-30,0
A010046,0,個人,2007-03-17,0
A010047,0,個人,2017-02-02,0
A010048,0,個人,2008-10-11,0
A010049,0,個人,2022-09-18,0
A010050,0,個人,2007-09-22,0
A010051,0,個人,2019-05-16,0
A010052,0,個人,2012-07-22,0
A010053,0,個人,2018-08-19,0
A010054,0,個人,2021-08-17,0
A010055,0,個人,2014-05-26,0
A010056,0,個人,2018-01-04,0
A010057,0,個人,2013-12-22,0
A010058,0,個人,2009-02-14,0
A010059,0,個人,2015-07-06,0
A010060,0,個人,2012-02-01,0
A010062,0,個人,2007-02-28,0
A010063,0,個人,2013-03-06,0
A010064,0,個人,2018-12-23,0
A010066,0,個人,2008-05-22,0
A010067,0,個人,2013-04-12,0
A010068,0,個人,2012-11-06,0
A010069,0,個人,2013-12-02,0
A010070,0,個人,2011-03-04,0
A010071,0,個人,2014-09-06,0
A010072,0,個人,2019-04-23,0
A010073,0,個人,2026-01-31,0
A010074,0,個人,2013-02-23,0
A010075,0,個人,2021-01-13,0
A010076,0,個人,2024-07-21,0
A010077,0,個人,2026-01-25,0
A010078,0,個人,2021-04-07,0
A010079,0,個人,2006-05-05,0
A010080,0,個人,2026-02-01,0
A010081,0,個人,2007-09-01,0
A010082,0,個人,2021-05-21,0
A010083,0,個人,2016-06-15,0
A010084,0,個人,2006-10-25,0
A010085,0,個人,2024-10-04,0
A010086,0,個人,2014-10-11,0
A010087,0,個人,2015-10-24,1191
A010088,0,個人,2015-06-03,0
A010089,0,個人,2006-12-17,0
A010090,0,個人,2009-10-15,0
A010091,0,個人,2008-02-11,0
A010092,0,個人,2019-06-09,0
A010093,0,個人,2020-01-13,0
A010094,0,個人,2016-03-09,0
A010095,0,個人,2011-07-12,0
A010096,0,個人,2006-11-28,0
A010097,0,個人,2013-10-19,0
A010098,0,個人,2010-04-09,0
A010099,0,個人,2012-02-24,0
A010100,0,個人,2010-03-07,0
A010101,0,個人,2021-10-13,0
A010102,0,個人,2026-02-23,0
A010103,0,個人,2022-10-21,0
A010104,0,個人,2009-01-21,0
A010105,0,個人,2023-06-19,0
A010106,0,個人,2011-09-24,0
A010107,0,個人,2023-04-07,0
A010109,0,個人,2020-01-17,0
A010110,0,個人,2021-02-01,0
A010111,0,個人,2024-06-10,0
A010112,0,個人,2016-04-15,0
A010113,0,個人,2017-09-05,0
A010114,0,個人,2011-09-11,0
A010115,0,個人,2007-05-13,0
A010117,0,個人,2009-12-06,0
A010118,0,個人,2010-12-19,0
A010119,0,個人,2019-12-21,0
A010120,0,個人,2023-02-07,0
A010121,0,個人,2020-02-29,0
A010122,0,個人,2010-09-23,0
A010123,0,個人,2015-04-07,0
A010124,0,個人,2022-07-09,0
A010125,0,個人,2017-06-12,1716
A010126,0,個人,2013-09-24,0
A010127,0,個人,2023-09-13,0
A010128,0,個人,2013-05-12,0
A010129,0,個人,2013-07-18,0
A010130,0,個人,2024-02-05,0
A010131,0,個人,2013-10-08,0
A010132,0,個人,2008-10-15,0
A010133,0,個人,2013-03-16,0
A010134,0,個人,2019-10-01,0
A010135,0,個人,2022-10-10,0
A010137,0,個人,2021-11-04,0
A010139,0,個人,2022-08-04,0
A010140,0,個人,2013-08-10,0
A010141,0,個人,2012-01-12,0
A010142,0,個人,2017-06-05,0
A010143,0,個人,2023-12-22,0
A010144,0,個人,2015-05-30,0
A010145,0,個人,2014-08-14,0
A010146,0,個人,2012-04-14,0
A010147,0,個人,2024-02-29,0
A010149,0,個人,2010-08-16,0
A010150,0,個人,2012-11-03,0
A010151,0,個人,2021-05-04,0
A010152,0,個人,2023-03-24,0
A010153,0,個人,2024-10-27,0
A010154,0,個人,2018-08-09,0
A010155,0,個人,2019-05-03,0
A010156,0,個人,2011-01-08,0
A010157,0,個人,2011-03-28,0
A010158,0,個人,2012-08-09,0
A010159,0,個人,2007-04-18,0
A010160,0,個人,2008-02-13,0
A010161,0,個人,2018-04-20,0
A010162,0,個人,2013-06-16,0
A010163,0,個人,2020-12-16,0
A010164,0,個人,2010-04-04,0
A010165,0,個人,2008-07-08,0
A010166,0,個人,2011-06-18,0
A010167,0,個人,2017-11-08,0
A010168,0,個人,2018-03-06,0
A010169,0,個人,2023-04-14,0
A010170,0,個人,2018-03-31,0
A010171,0,個人,2007-05-30,0
A010172,0,個人,2009-07-30,0
A010173,0,個人,2018-11-16,0
A010174,0,個人,2012-11-25,0
A010175,0,個人,2006-12-02,0
A010176,0,個人,2012-01-13,0
A010177,0,個人,2012-02-06,0
A010178,0,個人,2007-10-30,0
A010179,0,個人,2022-04-30,0
A010180,0,個人,2017-03-06,0
A010181,0,個人,2024-04-11,0
A010182,0,個人,2022-06-28,0
A010183,0,個人,2006-02-16,0
A010184,0,個人,2006-05-25,0
A010185,0,個人,2009-04-07,0
A010186,0,個人,2013-05-21,0
A010187,0,個人,2013-02-22,0
A010188,0,個人,2013-05-06,0
A010189,0,個人,2018-07-18,0
A010190,0,個人,2007-06-23,0
A010191,0,個人,2026-03-13,0
A010192,0,個人,2013-08-09,0
A010193,0,個人,2007-12-15,0
A010194,0,個人,2024-08-20,0
A010195,0,個人,2022-09-23,0
A010196,0,個人,2007-02-12,0
A010197,0,個人,2008-01-18,0
A010199,0,個人,2007-01-28,0
A010200,0,個人,2019-10-30,0
A010201,0,個人,2013-04-06,0
A010202,0,個人,2008-02-21,0
A010203,0,個人,2019-10-08,0
A010204,0,個人,2016-11-12,0
A010205,0,個人,2018-03-02,0
A010206,0,個人,2008-08-01,0
A010207,0,個人,2017-10-27,0
A010208,0,個人,2019-03-23,0
A010210,0,個人,2024-09-15,0
A010211,0,個人,2024-07-15,0
A010212,0,個人,2009-08-29,0
A010213,0,個人,2008-01-18,0
A010214,0,個人,2012-12-14,0
A010215,0,個人,2006-12-04,0
A010216,0,個人,2013-12-24,0
A010217,0,個人,2021-08-09,0
A010218,0,個人,2016-02-23,0
A010219,0,個人,2026-01-01,0
A010220,0,個人,2011-06-14,0
A010221,0,個人,2006-08-29,0
A010222,0,個人,2019-09-30,0
A010223,0,個人,2026-01-29,0
A010224,0,個人,2023-03-23,0
A010225,0,個人,2014-12-06,0
A010226,0,個人,2021-03-13,0
A010227,0,個人,2011-03-15,0
A010228,0,個人,2014-07-17,0
A010229,0,個人,2017-07-19,0
A010230,0,個人,2017-12-31,0
A010231,0,個人,2018-09-07,0
A010232,0,個人,2017-04-09,0
A010233,0,個人,2015-02-26,0
A010234,0,個人,2022-05-17,0
A010235,0,個人,2011-01-19,0
A010236,0,個人,2007-06-03,0
A010237,0,個人,2015-06-20,0
A010238,0,個人,2019-09-06,0
A010239,0,個人,2006-06-27,0
A010240,0,個人,2020-10-12,0
A010242,0,個人,2012-04-09,0
A010243,0,個人,2023-08-22,0
A010244,0,個人,2023-07-20,0
A010245,0,個人,2019-11-25,0
A010246,0,個人,2021-06-04,0
A010247,0,個人,2026-01-24,0
A010248,0,個人,2008-04-20,0
A010249,0,個人,2015-02-24,0
A010250,0,個人,2026-02-23,0
A010251,0,個人,2020-07-30,0
A010252,0,個人,2022-12-02,0
A010253,0,個人,2026-01-25,0
A010255,0,個人,2006-12-18,0
A010256,0,個人,2006-10-21,0
A010257,0,個人,2009-10-29,0
A010258,0,個人,2018-04-15,0
A010259,0,個人,2020-02-22,0
A010260,0,個人,2007-11-29,0
A010261,0,個人,2016-06-11,0
A010262,0,個人,2012-09-16,0
A010263,0,個人,2016-03-14,0
A010264,0,個人,2011-10-19,0
A010265,0,個人,2018-07-02,0
A010266,0,個人,2020-03-17,0
A010267,0,個人,2016-07-12,0
A010268,0,個人,2022-12-09,0
A010269,0,個人,2007-08-31,0
A010270,0,個人,2007-02-26,0
A010271,0,個人,2013-06-12,0
A010272,0,個人,2023-06-19,0
A010273,0,個人,2013-03-24,0
A010274,0,個人,2008-04-10,0
A010275,0,個人,2010-08-28,0
A010276,0,個人,2018-04-02,0
A010277,0,個人,2023-07-04,0
A010278,0,個人,2021-03-25,0
A010279,0,個人,2011-05-14,0
A010280,0,個人,2017-06-12,0
A010281,0,個人,2024-04-06,0
A010282,0,個人,2016-07-20,0
A010283,0,個人,2012-02-08,0
A010284,0,個人,2021-06-19,0
A010285,0,個人,2020-03-17,0
A010286,0,個人,2012-02-17,0
A010287,0,個人,2017-10-26,0
A010288,0,個人,2022-11-02,0
A010289,0,個人,2013-10-28,0
A010290,0,個人,2012-04-17,0
A010291,0,個人,2006-09-09,0
A010292,0,個人,2017-05-29,0
A010293,0,個人,2026-02-09,0
A010294,0,個人,2012-07-05,0
A010295,0,個人,2017-07-06,0
A010296,0,個人,2006-01-16,0
A010297,0,個人,2017-12-28,0
A010298,0,個人,2006-05-18,0
A010299,0,個人,2015-04-22,0
A010300,0,個人,2021-07-31,0
A010301,0,個人,2007-01-28,0
A010302,0,個人,2018-11-28,0
A010303,0,個人,2011-01-18,0
A010304,0,個人,2010-05-20,0
A010305,0,個人,2012-04-21,0
A010306,0,個人,2010-04-29,0
A010307,0,個人,2008-02-03,0
A010308,0,個人,2016-09-24,0
A010309,0,個人,2013-06-06,0
A010310,0,個人,2022-07-30,0
A010311,0,個人,2026-02-06,0
A010312,0,個人,2014-05-22,0
A010313,0,個人,2006-11-28,0
A010314,0,個人,2013-06-23,0
A010315,0,個人,2012-05-18,0
A010316,0,個人,2011-10-07,0
A010317,0,個人,2021-02-11,0
A010318,0,個人,2009-07-10,0
A010319,0,個人,2012-03-28,0
A010320,0,個人,2021-09-25,0
A010321,0,個人,2014-09-20,0
A010322,0,個人,2017-12-19,0
A010323,0,個人,2021-06-05,0
A010324,0,個人,2023-07-27,0
A010325,0,個人,2022-04-12,0
A010326,0,個人,2010-04-26,0
A010327,0,個人,2022-12-11,0
A010328,0,個人,2014-12-09,0
A010329,0,個人,2011-07-16,0
A010330,0,個人,2024-05-18,0
A010331,0,個人,2024-11-03,0
A010332,0,個人,2016-09-24,0
A010334,0,個人,2020-11-20,0
A010335,0,個人,2012-12-05,0
A010336,0,個人,2026-02-27,0
A010337,0,個人,2007-09-19,0
A010338,0,個人,2022-04-05,0
A010339,0,個人,2009-04-21,0
A010340,0,個人,2013-07-30,0
A010342,0,個人,2020-12-26,0
A010343,0,個人,2018-01-09,0
A010344,0,個人,2017-05-30,0
A010345,0,個人,2020-10-24,0
A010346,0,個人,2009-12-12,0
A010347,0,個人,2016-04-05,0
A010348,0,個人,2018-02-12,0
A010349,0,個人,2024-12-19,0
A010351,0,個人,2010-02-28,0
A010352,0,個人,2019-08-21,0
A010353,0,個人,2018-04-12,0
A010354,0,個人,2010-10-07,0
A010355,0,個人,2016-01-22,0
A010356,0,個人,2017-10-22,0
A010357,0,個人,2008-05-02,0
A010358,0,個人,2010-07-05,0
A010359,0,個人,2008-03-23,0
A010360,0,個人,2006-11-03,0
A010361,0,個人,2015-11-18,0
A010362,0,個人,2010-09-15,0
A010363,0,個人,2023-05-04,0
A010364,0,個人,2018-04-16,0
A010365,0,個人,2007-12-07,0
A010366,0,個人,2019-04-17,0
A010367,0,個人,2021-03-30,0
A010368,0,個人,2010-09-10,0
A010369,0,個人,2019-04-04,0
A010372,0,個人,2021-04-07,0
A010373,0,個人,2016-06-21,0
A010374,0,個人,2019-05-25,0
A010375,0,個人,2017-01-31,0
A010376,0,個人,2024-08-23,0
A010377,0,個人,2013-03-12,0
A010378,0,個人,2007-02-16,0
A010379,0,個人,2014-12-06,0
A010380,0,個人,2021-11-04,0
A010381,0,個人,2014-06-20,0
A010382,0,個人,2007-01-27,0
A010383,0,個人,2016-03-29,0
A010384,0,個人,2026-01-26,0
A010385,0,個人,2021-07-02,0
A010386,0,個人,2007-11-15,0
A010387,0,個人,2015-05-09,0
A010388,0,個人,2021-08-26,0
A010389,0,個人,2006-04-10,0
A010390,0,個人,2014-07-28,0
A010391,0,個人,2026-02-11,0
A010392,0,個人,2020-09-29,0
A010393,0,個人,2007-06-15,0
A010394,0,個人,2006-09-29,0
A010395,0,個人,2026-02-16,0
A010396,0,個人,2024-01-16,0
A010397,0,個人,2024-02-21,0
A010398,0,個人,2014-07-04,0
A010399,0,個人,2020-04-18,0
A010400,0,個人,2024-03-05,0
A010401,0,個人,2009-12-07,0
A010402,0,個人,2015-06-13,0
A010403,0,個人,2013-11-27,0
A010404,0,個人,2010-10-14,0
A010405,0,個人,2018-12-18,0
A010406,0,個人,2018-02-26,0
A010407,0,個人,2018-11-10,0
A010408,0,個人,2022-09-04,0
A010409,0,個人,2019-06-08,0
A010410,0,個人,2017-12-22,0
A010411,0,個人,2022-10-29,0
A010412,0,個人,2019-08-20,0
A010413,0,個人,2014-04-06,0
A010414,0,個人,2008-11-15,0
A010415,0,個人,2026-01-03,0
A010416,0,個人,2016-02-17,0
A010417,0,個人,2009-07-07,0
A010418,0,個人,2023-11-25,0
A010419,0,個人,2016-09-13,0
A010420,0,個人,2022-06-13,0
A010421,0,個人,2012-07-08,0
A010422,0,個人,2023-12-27,0
A010423,0,個人,2023-09-05,0
A010424,0,個人,2010-08-15,0
A010425,0,個人,2018-05-19,0
A010426,0,個人,2020-05-24,0
A010427,0,個人,2021-09-29,0
A010428,0,個人,2017-10-05,0
A010429,0,個人,2019-12-03,0
A010430,0,個人,2023-07-16,0
A010431,0,個人,2011-01-21,0
A010432,0,個人,2011-10-29,0
A010433,0,個人,2020-07-08,0
A010434,0,個人,2011-05-18,0
A010435,0,個人,2013-10-31,0
A010436,0,個人,2022-06-10,0
A010437,0,個人,2006-10-14,0
A010438,0,個人,2010-11-14,441
A010439,0,個人,2009-04-21,0
A010440,0,個人,2012-02-09,0
A010441,0,個人,2013-08-20,0
A010442,0,個人,2022-10-27,0
A010443,0,個人,2008-07-18,0
A010444,0,個人,2023-03-03,0
A010445,0,個人,2011-07-03,0
A010446,0,個人,2024-03-18,0
A010447,0,個人,2006-05-23,0
A010448,0,個人,2007-05-16,0
A010449,0,個人,2023-02-27,0
A010450,0,個人,2007-04-26,0
A010451,0,個人,2007-05-26,0
A010452,0,個人,2019-03-01,0
A010455,0,個人,2007-01-28,0
A010456,0,個人,2024-11-06,0
A010457,0,個人,2024-08-17,0
A010458,0,個人,2013-06-28,0
A010459,0,個人,2024-09-17,0
A010460,0,個人,2018-03-18,0
A010461,0,個人,2018-09-04,0
A010462,0,個人,2021-05-10,0
A010463,0,個人,2008-12-10,0
A010464,0,個人,2019-06-22,0
A010465,0,個人,2010-09-09,0
A010466,0,個人,2007-06-24,0
A010467,0,個人,2009-04-24,0
A010468,0,個人,2007-10-17,0
A010469,0,個人,2022-05-01,0
A010470,0,個人,2014-07-26,0
A010471,0,個人,2019-04-14,0
A010472,0,個人,2010-12-18,0
A010474,0,個人,2019-01-11,0
A010475,0,個人,2017-09-08,0
A010476,0,個人,2011-05-06,0
A010477,0,個人,2022-10-09,0
A010478,0,個人,2006-07-25,0
A010479,0,個人,2013-11-09,0
A010480,0,個人,2011-06-23,0
A010481,0,個人,2008-06-17,0
A010482,0,個人,2023-01-14,0
A010483,0,個人,2008-05-05,0
A010484,0,個人,2006-09-28,0
A010485,0,個人,2011-08-14,0
A010486,0,個人,2018-02-22,0
A010487,0,個人,2016-10-24,0
A010488,0,個人,2018-11-01,0
A010489,0,個人,2008-07-02,0
A010490,0,個人,2024-08-13,0
A010491,0,個人,2023-01-15,0
A010492,0,個人,2017-07-04,0
A010493,0,個人,2021-09-19,0
A010494,0,個人,2022-02-05,0
A010495,0,個人,2018-05-07,0
A010496,0,個人,2015-02-16,0
A010497,0,個人,2016-06-16,0
A010498,0,個人,2021-05-29,0
A010500,0,個人,2011-09-22,0
A010501,0,個人,2017-04-29,0
A010502,0,個人,2024-01-22,0
A010503,0,個人,2016-02-17,0
A010504,0,個人,2020-10-30,0
A010505,0,個人,2013-05-09,0
A010506,0,個人,2010-08-13,0
A010507,0,個人,2021-03-06,0
A010508,0,個人,2017-02-15,0
A010509,0,個人,2012-09-20,0
A010510,0,個人,2014-05-16,0
A010511,0,個人,2026-01-09,0
A010512,0,個人,2006-07-12,0
A010513,0,個人,2026-01-25,0
A010514,0,個人,2012-04-03,0
A010515,0,個人,2010-11-27,0
A010516,0,個人,2019-05-18,0
A010517,0,個人,2009-01-24,0
A010518,0,個人,2017-07-04,0
A010519,0,個人,2015-08-26,0
A010520,0,個人,2023-08-14,0
A010521,0,個人,2021-09-08,0
A010522,0,個人,2023-12-03,0
A010523,0,個人,2021-11-08,0
A010524,0,個人,2010-02-08,0
A010525,0,個人,2012-10-11,0
A010526,0,個人,2009-02-07,0
A010527,0,個人,2019-09-03,0
A010528,0,個人,2018-11-18,0
A010529,0,個人,2018-07-07,0
A010530,0,個人,2008-01-21,0
A010531,0,個人,2014-08-20,0
A010532,0,個人,2007-03-22,0
A010533,0,個人,2017-08-08,0
A010534,0,個人,2013-07-04,0
A010535,0,個人,2007-05-28,0
A010536,0,個人,2026-02-14,0
A010537,0,個人,2019-09-24,0
A010538,0,個人,2023-08-18,0
A010539,0,個人,2022-06-17,0
A010540,0,個人,2015-04-02,0
A010541,0,個人,2026-02-02,0
A010542,0,個人,2018-01-13,0
A010543,0,個人,2009-01-16,0
A010544,0,個人,2021-08-02,0
A010545,0,個人,2007-04-04,0
A010546,0,個人,2007-07-26,0
A010548,0,個人,2009-12-21,0
A010549,0,個人,2011-03-09,0
A010551,0,個人,2019-12-17,0
A010552,0,個人,2007-06-26,0
A010553,0,個人,2006-10-05,0
A010554,0,個人,2026-02-17,0
A010555,0,個人,2010-08-15,0
A010556,0,個人,2011-11-19,0
A010557,0,個人,2020-01-06,0
A010558,0,個人,2013-06-01,0
A010559,0,個人,2013-05-25,0
A010560,0,個人,2024-09-16,0
A010561,0,個人,2026-02-26,0
A010562,0,個人,2006-09-01,0
A010563,0,個人,2018-11-12,0
A010564,0,個人,2012-04-17,0
A010565,0,個人,2016-03-02,0
A010566,0,個人,2016-01-15,0
A010567,0,個人,2021-05-02,0
A010568,0,個人,2018-11-03,0
A010569,0,個人,2016-05-01,0
A010570,0,個人,2023-04-03,0
A010571,0,個人,2017-01-07,0
A010572,0,個人,2022-09-10,0
A010573,0,個人,2007-03-14,0
A010574,0,個人,2011-12-06,0
A010575,0,個人,2018-05-30,0
A010576,0,個人,2022-08-28,0
A010577,0,個人,2021-07-10,0
A010578,0,個人,2014-09-18,0
A010579,0,個人,2011-06-02,0
A010580,0,個人,2015-10-06,0
A010581,0,個人,2012-02-21,0
A010582,0,個人,2018-11-21,0
A010584,0,個人,2014-10-21,0
A010585,0,個人,2018-05-14,0
A010586,0,個人,2009-12-19,0
A010587,0,個人,2014-12-21,0
A010588,0,個人,2020-10-30,0
A010589,0,個人,2011-04-29,0
A010590,0,個人,2009-09-25,0
A010591,0,個人,2023-11-07,0
A010592,0,個人,2022-02-03,0
A010593,0,個人,2012-10-29,0
A010594,0,個人,2022-12-21,0
A010595,0,個人,2015-10-28,0
A010596,0,個人,2018-12-26,0
A010597,0,個人,2012-02-29,0
A010598,0,個人,2026-01-03,0
A010599,0,個人,2012-05-09,0
A010600,0,個人,2006-10-29,0
A010601,0,個人,2021-10-29,0
A010602,0,個人,2007-03-17,0
A010603,0,個人,2020-05-12,0
A010604,0,個人,2026-02-28,0
A010605,0,個人,2016-09-24,0
A010606,0,個人,2017-03-03,0
A010607,0,個人,2015-05-01,0
A010608,0,個人,2020-08-02,0
A010609,0,個人,2017-11-28,0
A010610,0,個人,2017-08-16,0
A010611,0,個人,2012-01-29,0
A010612,0,個人,2021-07-22,0
A010613,0,個人,2013-02-28,0
A010614,0,個人,2015-05-03,0
A010615,0,個人,2018-11-05,0
A010616,0,個人,2015-11-18,0
A010617,0,個人,2018-04-29,0
A010618,0,個人,2016-01-10,0
A010619,0,個人,2013-04-28,0
A010620,0,個人,2019-07-21,0
A010621,0,個人,2021-10-01,0
A010622,0,個人,2018-11-19,0
A010623,0,個人,2026-01-06,0
A010624,0,個人,2008-11-21,0
A010625,0,個人,2024-07-07,0
A010626,0,個人,2016-09-19,0
A010627,0,個人,2009-03-15,0
A010628,0,個人,2007-06-28,0
A010629,0,個人,2019-06-23,0
A010630,0,個人,2024-01-06,0
A010632,0,個人,2012-06-25,0
A010633,0,個人,2015-02-13,0
A010635,0,個人,2008-10-21,0
A010636,0,個人,2009-01-10,0
A010637,0,個人,2011-03-10,0
A010638,0,個人,2009-02-10,0
A010639,0,個人,2008-07-10,0
A010640,0,個人,2008-08-17,0
A010641,0,個人,2006-02-24,0
A010642,0,個人,2020-06-01,0
A010643,0,個人,2016-04-22,0
A010644,0,個人,2011-08-20,0
A010645,0,個人,2022-03-14,0
A010646,0,個人,2006-02-18,0
A010647,0,個人,2019-12-06,0
A010648,0,個人,2010-02-02,0
A010649,0,個人,2009-03-17,0
A010650,0,個人,2026-01-31,0
A010651,0,個人,2013-05-20,0
A010652,0,個人,2016-06-09,0
A010653,0,個人,2015-10-22,0
A010654,0,個人,2011-10-28,0
A010655,0,個人,2018-01-23,0
A010656,0,個人,2009-07-21,0
A010657,0,個人,2022-12-03,0
A010658,0,個人,2009-08-20,0
A010659,0,個人,2010-05-09,0
A010660,0,個人,2016-06-25,0
A010661,0,個人,2015-08-27,0
A010662,0,個人,2015-07-09,0
A010663,0,個人,2007-08-13,0
A010664,0,個人,2018-07-25,0
A010665,0,個人,2006-09-10,0
A010666,0,個人,2024-09-23,0
A010667,0,個人,2016-09-12,0
A010668,0,個人,2012-10-23,0
A010669,0,個人,2008-12-26,0
A010670,0,個人,2007-09-25,0
A010671,0,個人,2006-11-11,0
A010672,0,個人,2016-06-19,0
A010673,0,個人,2018-07-02,0
A010674,0,個人,2010-02-09,0
A010675,0,個人,2024-08-05,0
A010676,0,個人,2009-06-10,0
A010677,0,個人,2006-09-03,0
A010679,0,個人,2018-05-03,0
A010680,0,個人,2024-12-27,0
A010681,0,個人,2024-07-20,0
A010682,0,個人,2018-08-21,0
A010683,0,個人,2009-09-01,0
A010685,0,個人,2013-10-18,0
A010686,0,個人,2017-01-11,0
A010687,0,個人,2011-08-12,0
A010688,0,個人,2015-07-18,0
A010690,0,個人,2011-11-15,0
A010691,0,個人,2010-11-13,0
A010692,0,個人,2020-09-14,0
A010693,0,個人,2011-05-12,0
A010694,0,個人,2015-07-07,0
A010696,0,個人,2009-01-21,0
A010697,0,個人,2020-04-17,0
A010698,0,個人,2012-08-09,0
A010699,0,個人,2009-08-07,0
A010700,0,個人,2015-12-12,0
A010701,0,個人,2020-09-13,0
A010702,0,個人,2011-12-04,0
A010703,0,個人,2023-05-15,0
A010704,0,個人,2024-06-30,0
A010705,0,個人,2010-03-26,0
A010706,0,個人,2024-04-28,0
A010707,0,個人,2020-05-30,0
A010708,0,個人,2011-03-08,0
A010709,0,個人,2026-01-21,0
A010710,0,個人,2011-06-15,0
A010711,0,個人,2009-12-21,0
A010712,0,個人,2022-07-20,0
A010713,0,個人,2023-07-04,0
A010714,0,個人,2009-11-12,0
A010715,0,個人,2007-08-18,0
A010716,0,個人,2023-06-09,0
A010717,0,個人,2009-03-10,0
A010718,0,個人,2008-12-06,0
A010719,0,個人,2018-07-01,0
A010720,0,個人,2009-01-30,0
A010721,0,個人,2010-08-10,0
A010722,0,個人,2018-02-21,0
A010723,0,個人,2019-01-22,0
A010724,0,個人,2017-08-09,0
A010725,0,個人,2019-08-07,0
A010726,0,個人,2021-02-25,0
A010727,0,個人,2017-02-16,0
A010728,0,個人,2023-04-08,0
A010729,0,個人,2014-01-31,0
A010730,0,個人,2020-12-06,0
A010731,0,個人,2019-05-12,0
A010732,0,個人,2026-01-25,0
A010733,0,個人,2020-03-01,0
A010734,0,個人,2009-06-13,0
A010735,0,個人,2021-04-21,0
A010736,0,個人,2008-10-13,0
A010737,0,個人,2010-06-26,0
A010738,0,個人,2012-12-13,0
A010739,0,個人,2024-03-29,0
A010740,0,個人,2017-03-26,0
A010741,0,個人,2018-07-25,0
A010742,0,個人,2026-01-30,0
A010743,0,個人,2011-02-24,0
A010745,0,個人,2010-07-23,0
A010746,0,個人,2021-03-28,0
A010747,0,個人,2023-02-27,0
A010748,0,個人,2014-04-15,0
A010749,0,個人,2020-05-20,0
A010750,0,個人,2020-05-17,0
A010751,0,個人,2017-12-09,0
A010752,0,個人,2011-11-28,0
A010753,0,個人,2014-02-23,0
A010754,0,個人,2011-08-03,0
A010755,0,個人,2023-03-14,0
A010756,0,個人,2022-11-29,0
A010757,0,個人,2013-06-30,0
A010758,0,個人,2014-08-14,0
A010759,0,個人,2018-11-23,0
A010760,0,個人,2018-08-31,0
A010761,0,個人,2023-01-17,0
A010762,0,個人,2007-02-23,0
A010763,0,個人,2022-05-14,0
A010764,0,個人,2018-08-18,0
A010766,0,個人,2015-11-28,0
A010767,0,個人,2019-01-23,0
A010768,0,個人,2020-03-16,0
A010769,0,個人,2019-09-26,0
A010770,0,個人,2008-01-24,0
A010771,0,個人,2006-06-07,0
A010772,0,個人,2020-06-26,0
A010773,0,個人,2006-12-20,0
A010774,0,個人,2016-06-23,0
A010775,0,個人,2011-03-18,0
A010776,0,個人,2026-01-08,0
A010777,0,個人,2024-04-14,0
A010778,0,個人,2007-03-25,0
A010779,0,個人,2008-08-10,0
A010780,0,個人,2007-03-01,0
A010781,0,個人,2012-11-14,0
A010782,0,個人,2024-07-21,0
A010783,0,個人,2023-05-12,0
A010784,0,個人,2024-07-08,0
A010785,0,個人,2011-09-10,0
A010786,0,個人,2010-09-10,0
A010787,0,個人,2006-04-02,0
A010788,0,個人,2021-01-02,0
A010789,0,個人,2017-10-19,0
A010790,0,個人,2010-02-04,0
A010791,0,個人,2007-10-21,0
A010792,0,個人,2011-05-18,0
A010793,0,個人,2009-12-10,0
A010794,0,個人,2016-06-18,0
A010795,0,個人,2006-09-12,0
A010796,0,個人,2014-09-05,0
A010797,0,個人,2013-02-08,0
A010798,0,個人,2014-10-03,0
A010799,0,個人,2015-06-08,0
A010800,0,個人,2022-06-18,0
A010801,0,個人,2014-01-15,0
A010802,0,個人,2023-02-16,0
A010803,0,個人,2014-06-13,0
A010804,0,個人,2023-07-02,0
A010805,0,個人,2014-06-13,0
A010806,0,個人,2011-07-09,0
A010807,0,個人,2011-06-11,0
A010808,0,個人,2020-03-07,0
A010809,0,個人,2011-07-23,0
A010810,0,個人,2023-06-23,0
A010811,0,個人,2007-02-16,0
A010812,0,個人,2013-10-26,0
A010814,0,個人,2024-04-20,0
A010815,0,個人,2016-12-08,0
A010817,0,個人,2009-12-08,0
A010818,0,個人,2011-01-02,0
A010819,0,個人,2008-01-31,0
A010820,0,個人,2017-10-14,0
A010821,0,個人,2026-03-02,0
A010822,0,個人,2019-11-29,0
A010823,0,個人,2010-09-13,0
A010824,0,個人,2021-10-06,0
A010825,0,個人,2017-09-22,0
A010826,0,個人,2009-10-03,0
A010827,0,個人,2006-02-14,0
A010828,0,個人,2018-04-20,0
A010829,0,個人,2021-04-23,0
A010830,0,個人,2019-02-12,0
A010831,0,個人,2024-02-15,0
A010832,0,個人,2015-04-11,1451
A010833,0,個人,2014-02-19,0
A010834,0,個人,2015-10-22,0
A010835,0,個人,2007-04-08,0
A010836,0,個人,2014-02-04,0
A010837,0,個人,2021-04-19,0
A010838,0,個人,2019-12-10,0
A010840,0,個人,2022-04-15,0
A010841,0,個人,2021-07-06,0
A010842,0,個人,2006-11-04,0
A010843,0,個人,2013-02-16,0
A010844,0,個人,2006-09-17,0
A010845,0,個人,2015-07-16,0
A010846,0,個人,2010-03-14,0
A010847,0,個人,2010-06-09,0
A010848,0,個人,2010-10-10,0
A010849,0,個人,2014-07-29,0
A010850,0,個人,2014-08-17,0
A010851,0,個人,2012-06-09,0
A010852,0,個人,2010-12-03,0
A010853,0,個人,2016-05-27,0
A010854,0,個人,2019-05-26,0
A010855,0,個人,2012-06-10,0
A010856,0,個人,2026-03-05,0
A010857,0,個人,2009-12-17,0
A010858,0,個人,2018-07-24,0
A010859,0,個人,2023-10-05,0
A010860,0,個人,2024-01-25,0
A010861,0,個人,2016-11-28,0
A010862,0,個人,2014-10-25,0
A010863,0,個人,2006-03-15,0
A010864,0,個人,2010-01-27,0
A010865,0,個人,2017-05-19,0
A010866,0,個人,2010-05-06,0
A010867,0,個人,2007-12-01,0
A010868,0,個人,2015-03-13,0
A010869,0,個人,2009-11-11,0
A010870,0,個人,2006-05-20,0
A010871,0,個人,2019-02-24,0
A010872,0,個人,2023-12-16,0
A010873,0,個人,2007-03-20,0
A010874,0,個人,2015-08-29,0
A010875,0,個人,2019-12-23,0
A010876,0,個人,2018-01-07,0
A010877,0,個人,2006-02-03,0
A010878,0,個人,2016-09-03,0
A010879,0,個人,2010-10-21,0
A010880,0,個人,2022-08-10,0
A010881,0,個人,2011-05-30,0
A010882,0,個人,2024-09-05,0
A010883,0,個人,2012-06-19,0
A010884,0,個人,2013-03-29,0
A010885,0,個人,2017-06-20,0
A010886,0,個人,2013-09-26,0
A010887,0,個人,2018-01-10,0
A010888,0,個人,2026-02-15,0
A010889,0,個人,2013-03-02,0
A010890,0,個人,2026-03-15,0
A010891,0,個人,2012-04-27,0
A010892,0,個人,2008-02-12,0
A010893,0,個人,2017-07-14,0
A010894,0,個人,2008-06-18,0
A010895,0,個人,2024-12-22,0
A010896,0,個人,2009-01-25,0
A010897,0,個人,2020-01-09,0
A010898,0,個人,2011-07-20,0
A010899,0,個人,2023-08-22,0
A010900,0,個人,2016-01-05,0
A010901,0,個人,2009-04-02,0
A010902,0,個人,2014-05-05,0
A010903,0,個人,2020-08-21,0
A010904,0,個人,2011-06-03,0
A010905,0,個人,2022-06-18,0
A010906,0,個人,2019-04-06,0
A010907,0,個人,2010-03-30,0
A010908,0,個人,2011-11-27,0
A010909,0,個人,2012-02-26,0
A010910,0,個人,2018-07-24,0
A010911,0,個人,2019-01-23,0
A010912,0,個人,2007-09-30,0
A010913,0,個人,2014-02-09,0
A010914,0,個人,2019-06-03,0
A010915,0,個人,2022-08-25,0
A010916,0,個人,2023-04-11,0
A010917,0,個人,2008-12-25,0
A010918,0,個人,2017-10-30,0
A010919,0,個人,2008-12-02,0
A010921,0,個人,2012-03-18,0
A010922,0,個人,2013-02-24,0
A010923,0,個人,2024-09-28,0
A010924,0,個人,2024-06-26,0
A010925,0,個人,2017-06-21,0
A010926,0,個人,2015-03-25,0
A010928,0,個人,2007-02-23,0
A010929,0,個人,2016-12-26,0
A010930,0,個人,2010-08-12,0
A010931,0,個人,2019-01-22,0
A010932,0,個人,2009-02-01,0
A010933,0,個人,2015-03-25,0
A010934,0,個人,2020-10-13,0
A010935,0,個人,2008-06-05,0
A010936,0,個人,2017-05-02,0
A010937,0,個人,2015-04-06,0
A010938,0,個人,2021-04-14,0
A010939,0,個人,2008-08-29,0
A010940,0,個人,2008-01-28,0
A010941,0,個人,2010-02-26,0
A010942,0,個人,2010-07-22,0
A010943,0,個人,2018-08-12,0
A010944,0,個人,2016-08-04,0
A010945,0,個人,2007-04-20,0
A010946,0,個人,2007-11-09,0
A010947,0,個人,2010-06-25,0
A010948,0,個人,2015-07-14,0
A010949,0,個人,2020-01-06,0
A010950,0,個人,2012-11-14,0
A010951,0,個人,2007-01-12,0
A010952,0,個人,2026-02-17,0
A010953,0,個人,2012-11-04,0
A010954,0,個人,2017-11-19,0
A010955,0,個人,2014-06-19,0
A010956,0,個人,2019-06-14,0
A010957,0,個人,2016-06-15,0
A010958,0,個人,2007-03-26,0
A010959,0,個人,2024-05-07,0
A010960,0,個人,2021-03-11,0
A010961,0,個人,2022-09-28,0
A010962,0,個人,2008-02-05,0
A010963,0,個人,2007-01-09,0
A010964,0,個人,2013-04-16,0
A010965,0,個人,2021-04-12,0
A010966,0,個人,2015-12-20,0
A010967,0,個人,2012-12-04,0
A010968,0,個人,2021-06-25,0
A010969,0,個人,2009-05-12,0
A010970,0,個人,2018-05-28,0
A010971,0,個人,2012-09-15,0
A010972,0,個人,2019-07-11,0
A010973,0,個人,2008-03-04,0
A010974,0,個人,2008-06-19,0
A010975,0,個人,2024-02-09,0
A010976,0,個人,2017-07-28,0
A010977,0,個人,2014-10-12,0
A010978,0,個人,2021-01-08,0
A010979,0,個人,2013-02-09,0
A010980,0,個人,2012-12-26,0
A010981,0,個人,2024-01-02,0
A010982,0,個人,2026-01-07,0
A010983,0,個人,2012-02-29,0
A010984,0,個人,2018-12-05,0
A010985,0,個人,2024-05-09,0
A010986,0,個人,2017-03-12,0
A010987,0,個人,2021-11-11,0
A010989,0,個人,2014-11-17,0
A010990,0,個人,2026-01-05,0
A010991,0,個人,2008-08-19,0
A010992,0,個人,2021-08-07,0
A010993,0,個人,2017-09-06,0
A010994,0,個人,2007-04-12,0
A010995,0,個人,2020-06-26,1672
A010996,0,個人,2019-03-28,0
A010997,0,個人,2015-11-03,0
A011000,0,個人,2019-07-25,0
A011001,0,個人,2017-07-13,0
A011002,0,個人,2011-08-21,0
A011003,0,個人,2016-07-05,0
A011004,0,個人,2008-08-29,0
A011005,0,個人,2021-10-03,0
A011006,0,個人,2010-04-20,0
A011007,0,個人,2011-04-17,0
A011008,0,個人,2008-08-29,0
A011009,0,個人,2019-12-25,0
A011010,0,個人,2012-04-01,0
A011011,0,個人,2019-03-02,0
A011012,0,個人,2009-02-16,0
A011013,0,個人,2014-01-03,0
A011014,0,個人,2024-10-29,0
A011016,0,個人,2014-01-16,0
A011017,0,個人,2017-03-05,0
A011018,0,個人,2026-03-05,0
A011019,0,個人,2022-09-06,0
A011020,0,個人,2021-07-09,0
A011021,0,個人,2010-09-28,0
A011022,0,個人,2006-12-20,0
A011023,0,個人,2023-01-14,0
A011024,0,個人,2016-11-28,0
A011025,0,個人,2012-07-05,0
A011026,0,個人,2011-03-28,0
A011028,0,個人,2008-01-22,0
A011029,0,個人,2011-09-23,0
A011030,0,個人,2012-07-28,0
A011031,0,個人,2020-01-05,0
A011032,0,個人,2008-07-15,0
A011033,0,個人,2011-06-08,0
A011034,0,個人,2013-11-13,0
A011035,0,個人,2020-08-16,0
A011036,0,個人,2019-09-07,0
A011037,0,個人,2008-12-15,0
A011038,0,個人,2022-09-25,0
A011039,0,個人,2014-08-06,0
A011040,0,個人,2020-02-16,0
A011041,0,個人,2016-06-08,0
A011042,0,個人,2017-11-24,0
A011043,0,個人,2011-06-20,0
A011044,0,個人,2008-04-25,0
A011045,0,個人,2014-03-31,0
A011046,0,個人,2018-02-06,0
A011047,0,個人,2011-10-04,0
A011048,0,個人,2023-07-06,0
A011049,0,個人,2014-08-23,0
A011050,0,個人,2006-09-24,0
A011051,0,個人,2008-01-16,0
A011052,0,個人,2008-04-15,0
A011053,0,個人,2008-07-10,0
A011054,0,個人,2021-06-15,0
A011055,0,個人,2009-08-15,0
A011056,0,個人,2006-07-30,0
A011057,0,個人,2020-02-26,0
A011058,0,個人,2010-06-14,0
A011059,0,個人,2024-02-03,0
A011060,0,個人,2009-08-10,0
A011061,0,個人,2021-06-25,0
A011062,0,個人,2011-07-06,0
A011063,0,個人,2011-08-13,0
A011064,0,個人,2006-11-02,0
A011065,0,個人,2017-09-12,0
A011066,0,個人,2014-10-01,0
A011067,0,個人,2022-10-11,0
A011068,0,個人,2014-11-14,0
A011069,0,個人,2010-09-25,0
A011070,0,個人,2020-06-17,0
A011071,0,個人,2013-12-07,0
A011072,0,個人,2006-03-03,0
A011073,0,個人,2020-11-01,0
A011074,0,個人,2014-05-27,0
A011075,0,個人,2015-02-01,0
A011076,0,個人,2012-04-21,0
A011077,0,個人,2022-11-05,0
A011078,0,個人,2018-07-02,0
A011079,0,個人,2020-03-28,0
A011080,0,個人,2013-05-08,0
A011081,0,個人,2014-12-25,0
A011082,0,個人,2010-11-01,0
A011083,0,個人,2018-07-24,0
A011084,0,個人,2007-11-22,0
A011085,0,個人,2015-12-30,0
A011086,0,個人,2026-01-10,0
A011087,0,個人,2011-09-03,1663
A011088,0,個人,2018-05-29,0
A011089,0,個人,2015-06-12,0
A011090,0,個人,2016-01-21,0
A011091,0,個人,2013-02-19,0
A011092,0,個人,2012-04-22,0
A011093,0,個人,2013-01-17,0
A011094,0,個人,2018-12-24,0
A011095,0,個人,2007-03-20,0
A011096,0,個人,2009-07-01,0
A011098,0,個人,2007-12-23,0
A011099,0,個人,2024-09-06,0
A011100,0,個人,2017-01-18,0
A011101,0,個人,2014-08-01,0
A011102,0,個人,2025-01-01,0
A011103,0,個人,2011-04-21,0
A011104,0,個人,2026-03-07,0
A011105,0,個人,2017-10-25,0
A011106,0,個人,2013-10-27,0
A011107,0,個人,2024-05-07,0
A011108,0,個人,2009-04-22,0
A011109,0,個人,2020-09-03,0
A011110,0,個人,2015-02-28,0
A011111,0,個人,2015-01-07,0
A011112,0,個人,2015-10-21,0
A011113,0,個人,2019-09-04,0
A011114,0,個人,2006-04-01,0
A011115,0,個人,2021-08-28,0
A011116,0,個人,2016-05-05,0
A011117,0,個人,2012-02-15,0
A011118,0,個人,2017-05-03,0
A011119,0,個人,2018-04-30,0
A011121,0,個人,2015-04-26,0
A011122,0,個人,2024-07-29,0
A011123,0,個人,2018-08-17,0
A011124,0,個人,2017-05-31,0
A011125,0,個人,2007-11-29,0
A011126,0,個人,2024-05-15,0
A011128,0,個人,2011-04-01,0
A011129,0,個人,2021-03-14,0
A011130,0,個人,2022-10-12,0
A011131,0,個人,2006-02-10,0
A011132,0,個人,2015-06-10,0
A011133,0,個人,2022-03-22,0
A011134,0,個人,2014-03-22,0
A011135,0,個人,2014-07-27,0
A011136,0,個人,2021-08-02,0
A011137,0,個人,2009-01-05,0
A011138,0,個人,2014-03-15,0
A011139,0,個人,2016-06-16,0
A011140,0,個人,2007-11-06,0
A011141,0,個人,2006-12-01,0
A011142,0,個人,2024-08-17,0
A011143,0,個人,2012-02-06,0
A011144,0,個人,2011-03-21,0
A011145,0,個人,2018-03-15,0
A011146,0,個人,2023-04-03,0
A011147,0,個人,2011-11-13,0
A011148,0,個人,2024-11-29,0
A011149,0,個人,2011-02-23,0
A011150,0,個人,2023-10-10,0
A011151,0,個人,2020-09-19,0
A011152,0,個人,2023-01-03,0
A011154,0,個人,2006-09-10,0
A011155,0,個人,2020-01-06,0
A011156,0,個人,2007-10-10,0
A011157,0,個人,2022-08-12,0
A011158,0,個人,2013-09-23,0
A011159,0,個人,2006-10-09,0
A011160,0,個人,2020-02-10,0
A011161,0,個人,2018-02-18,0
A011162,0,個人,2016-12-01,0
A011163,0,個人,2014-03-15,0
A011164,0,個人,2009-09-11,0
A011165,0,個人,2024-03-25,0
A011166,0,個人,2017-05-27,0
A011167,0,個人,2018-10-14,0
A011168,0,個人,2008-05-12,0
A011169,0,個人,2009-09-17,0
A011170,0,個人,2022-08-15,0
A011171,0,個人,2024-08-17,0
A011172,0,個人,2024-02-13,0
A011173,0,個人,2006-09-30,0
A011174,0,個人,2015-01-21,0
A011175,0,個人,2012-01-14,0
A011176,0,個人,2024-03-13,0
A011177,0,個人,2006-11-25,0
A011178,0,個人,2011-06-26,0
A011179,0,個人,2024-08-31,0
A011180,0,個人,2023-05-01,0
A011181,0,個人,2021-09-26,0
A011182,0,個人,2017-04-09,0
A011183,0,個人,2017-02-17,0
A011184,0,個人,2013-07-20,0
A011185,0,個人,2014-07-16,0
A011186,0,個人,2019-05-12,0
A011187,0,個人,2015-12-02,0
A011188,0,個人,2014-11-15,0
A011189,0,個人,2016-04-18,0
A011190,0,個人,2010-11-30,0
A011191,0,個人,2012-09-09,0
A011192,0,個人,2014-10-27,0
A011193,0,個人,2008-11-20,0
A011194,0,個人,2023-01-13,0
A011195,0,個人,2026-01-17,0
A011196,0,個人,2024-03-25,0
A011197,0,個人,2023-07-20,0
A011198,0,個人,2022-09-14,0
A011199,0,個人,2012-06-05,0
A011200,0,個人,2018-04-09,0
A011202,0,個人,2022-02-26,0
A011203,0,個人,2017-01-09,0
A011204,0,個人,2016-07-11,0
A011205,0,個人,2024-10-12,0
A011206,0,個人,2015-01-25,0
A011207,0,個人,2011-12-14,0
A011208,0,個人,2026-02-05,0
A011209,0,個人,2015-05-14,0
A011210,0,個人,2008-05-20,0
A011211,0,個人,2021-11-11,0
A011212,0,個人,2017-12-10,0
A011213,0,個人,2015-11-11,0
A011216,0,個人,2007-09-17,0
A011217,0,個人,2021-01-05,0
A011218,0,個人,2011-01-02,0
A011219,0,個人,2013-01-15,0
A011220,0,個人,2011-05-29,0
A011221,0,個人,2023-04-25,0
A011222,0,個人,2006-11-19,0
A011223,0,個人,2014-01-17,0
A011224,0,個人,2014-03-24,0
A011225,0,個人,2013-12-05,0
A011226,0,個人,2023-09-28,0
A011227,0,個人,2007-02-03,0
A011228,0,個人,2016-02-29,0
A011229,0,個人,2006-08-01,0
A011230,0,個人,2007-10-20,0
A011231,0,個人,2019-09-30,0
A011232,0,個人,2010-10-05,0
A011233,0,個人,2008-05-18,0
A011234,0,個人,2015-05-01,0
A011235,0,個人,2006-12-21,0
A011236,0,個人,2020-02-08,0
A011237,0,個人,2022-12-10,0
A011238,0,個人,2016-03-18,0
A011239,0,個人,2007-01-25,0
A011240,0,個人,2019-12-23,0
A011241,0,個人,2020-07-27,0
A011242,0,個人,2008-01-14,0
A011243,0,個人,2013-11-07,0
A011244,0,個人,2017-02-20,0
A011245,0,個人,2013-12-26,0
A011246,0,個人,2007-06-10,0
A011247,0,個人,2016-01-04,0
A011248,0,個人,2021-09-10,0
A011249,0,個人,2014-04-10,0
A011250,0,個人,2020-08-26,0
A011251,0,個人,2010-03-21,0
A011252,0,個人,2019-02-05,0
A011253,0,個人,2011-10-22,0
A011254,0,個人,2008-10-01,0
A011255,0,個人,2009-01-14,0
A011257,0,個人,2009-05-13,0
A011258,0,個人,2019-12-29,0
A011259,0,個人,2026-02-19,0
A011260,0,個人,2007-06-18,0
A011262,0,個人,2006-07-24,0
A011263,0,個人,2018-09-12,0
A011264,0,個人,2006-05-22,0
A011265,0,個人,2009-03-02,0
A011266,0,個人,2014-07-25,0
A011267,0,個人,2017-10-06,0
A011268,0,個人,2021-08-30,0
A011269,0,個人,2020-05-29,0
A011270,0,個人,2020-10-20,0
A011271,0,個人,2013-04-23,0
A011272,0,個人,2020-05-02,0
A011273,0,個人,2020-03-26,0
A011274,0,個人,2014-12-02,0
A011275,0,個人,2011-02-21,0
A011276,0,個人,2010-12-16,0
A011277,0,個人,2008-03-17,0
A011278,0,個人,2015-06-27,0
A011279,0,個人,2020-04-04,0
A011280,0,個人,2014-11-30,0
A011281,0,個人,2012-04-28,0
A011283,0,個人,2021-10-29,0
A011284,0,個人,2008-03-04,0
A011285,0,個人,2007-10-10,0
A011286,0,個人,2012-01-25,0
A011287,0,個人,2008-05-03,0
A011288,0,個人,2006-01-28,0
A011289,0,個人,2012-06-07,0
A011290,0,個人,2026-01-11,0
A011291,0,個人,2017-01-21,0
A011292,0,個人,2026-01-29,0
A011293,0,個人,2008-04-14,0
A011294,0,個人,2022-11-24,0
A011295,0,個人,2012-05-01,0
A011296,0,個人,2014-07-13,0
A011297,0,個人,2015-10-29,0
A011298,0,個人,2023-09-16,0
A011299,0,個人,2017-11-06,0
A011300,0,個人,2017-08-03,0
A011301,0,個人,2017-02-05,0
A011302,0,個人,2014-12-13,0
A011303,0,個人,2011-10-12,0
A011304,0,個人,2008-05-11,0
A011305,0,個人,2013-10-30,0
A011306,0,個人,2015-05-28,0
A011307,0,個人,2010-06-19,0
A011308,0,個人,2024-06-11,0
A011309,0,個人,2016-06-09,0
A011310,0,個人,2014-04-28,0
A011311,0,個人,2018-09-13,0
A011313,0,個人,2013-01-30,0
A011314,0,個人,2024-10-16,0
A011315,0,個人,2012-05-14,0
A011316,0,個人,2013-03-17,0
A011317,0,個人,2017-01-02,0
A011318,0,個人,2015-07-06,0
A011319,0,個人,2017-11-13,0
A011320,0,個人,2009-10-18,0
A011321,0,個人,2015-10-24,0
A011322,0,個人,2017-04-12,0
A011324,0,個人,2014-05-07,0
A011325,0,個人,2021-06-21,0
A011326,0,個人,2011-10-09,0
A011327,0,個人,2007-12-12,0
A011328,0,個人,2009-08-19,0
A011329,0,個人,2020-12-25,0
A011330,0,個人,2017-03-21,0
A011331,0,個人,2020-02-11,0
A011332,0,個人,2009-10-01,0
A011333,0,個人,2019-11-30,0
A011334,0,個人,2012-02-10,0
A011335,0,個人,2017-12-13,0
A011336,0,個人,2019-02-21,0
A011337,0,個人,2007-08-18,0
A011338,0,個人,2009-01-02,0
A011339,0,個人,2022-07-06,0
A011340,0,個人,2017-04-17,0
A011341,0,個人,2021-08-08,0
A011342,0,個人,2015-07-06,0
A011343,0,個人,2021-07-18,0
A011344,0,個人,2019-01-03,0
A011345,0,個人,2011-02-06,0
A011346,0,個人,2014-05-23,0
A011347,0,個人,2012-06-09,0
A011348,0,個人,2015-10-21,0
A011349,0,個人,2010-06-25,0
A011350,0,個人,2015-03-18,0
A011351,0,個人,2007-02-18,0
A011352,0,個人,2020-07-06,0
A011353,0,個人,2007-02-08,0
A011354,0,個人,2018-03-22,0
A011355,0,個人,2010-05-31,0
A011356,0,個人,2026-01-23,0
A011357,0,個人,2009-06-02,0
A011358,0,個人,2012-11-13,0
A011359,0,個人,2023-05-17,0
A011360,0,個人,2024-08-08,0
A011361,0,個人,2021-04-30,0
A011362,0,個人,2016-05-22,0
A011363,0,個人,2022-02-08,0
A011364,0,個人,2011-02-23,0
A011365,0,個人,2024-09-07,0
A011366,0,個人,2009-03-25,0
A011367,0,個人,2019-07-22,0
A011368,0,個人,2020-04-25,0
A011369,0,個人,2010-12-27,0
A011370,0,個人,2019-03-18,0
A011371,0,個人,2026-02-02,0
A011372,0,個人,2009-08-22,0
A011373,0,個人,2022-11-06,0
A011374,0,個人,2012-02-10,0
A011376,0,個人,2012-03-03,0
A011377,0,個人,2007-01-19,0
A011378,0,個人,2023-03-15,0
A011379,0,個人,2017-11-23,0
A011380,0,個人,2009-03-18,0
A011381,0,個人,2015-09-16,0
A011382,0,個人,2009-12-29,0
A011383,0,個人,2013-01-11,0
A011384,0,個人,2024-07-30,0
A011385,0,個人,2007-02-11,0
A011386,0,個人,2021-02-01,0
A011387,0,個人,2016-08-17,0
A011388,0,個人,2019-09-07,0
A011389,0,個人,2009-11-30,0
A011390,0,個人,2013-03-16,0
A011391,0,個人,2007-05-19,0
A011392,0,個人,2017-06-10,0
A011393,0,個人,2013-03-29,0
A011394,0,個人,2013-09-07,0
A011395,0,個人,2017-02-11,0
A011396,0,個人,2017-06-03,0
A011397,0,個人,2012-10-20,0
A011398,0,個人,2006-06-09,0
A011399,0,個人,2022-02-19,0
A011400,0,個人,2012-01-19,0
A011401,0,個人,2007-12-30,0
A011402,0,個人,2015-05-27,0
A011403,0,個人,2023-12-30,0
A011404,0,個人,2008-06-21,0
A011405,0,個人,2006-01-06,0
A011406,0,個人,2013-02-17,0
A011407,0,個人,2017-10-22,0
A011408,0,個人,2019-10-08,0
A011409,0,個人,2006-05-15,0
A011410,0,個人,2026-01-16,0
A011411,0,個人,2024-03-24,0
A011412,0,個人,2026-02-05,0
A011413,0,個人,2009-06-06,0
A011414,0,個人,2006-10-30,0
A011415,0,個人,2016-04-10,0
A011416,0,個人,2013-05-29,0
A011417,0,個人,2006-11-15,0
A011418,0,個人,2011-10-07,0
A011419,0,個人,2016-03-01,0
A011420,0,個人,2016-07-08,0
A011421,0,個人,2024-06-19,0
A011422,0,個人,2006-10-04,0
A011423,0,個人,2021-01-13,0
A011424,0,個人,2019-04-22,0
A011425,0,個人,2008-12-11,0
A011427,0,個人,2016-05-27,0
A011428,0,個人,2017-01-09,0
A011429,0,個人,2026-02-10,0
A011430,0,個人,2021-01-06,0
A011431,0,個人,2018-05-08,0
A011432,0,個人,2026-03-07,0
A011433,0,個人,2019-07-31,0
A011434,0,個人,2026-01-07,0
A011435,0,個人,2011-07-15,0
A011437,0,個人,2018-02-07,0
A011439,0,個人,2017-10-11,0
A011440,0,個人,2011-06-26,0
A011442,0,個人,2016-10-22,0
A011443,0,個人,2013-02-16,0
A011444,0,個人,2021-10-21,0
A011445,0,個人,2021-08-24,0
A011446,0,個人,2024-10-05,0
A011447,0,個人,2007-06-22,0
A011448,0,個人,2006-03-17,0
A011449,0,個人,2012-03-15,0
A011450,0,個人,2022-01-26,0
A011451,0,個人,2026-03-19,0
A011453,0,個人,2018-11-22,0
A011454,0,個人,2007-09-29,0
A011455,0,個人,2018-01-26,0
A011456,0,個人,2023-09-25,0
A011457,0,個人,2017-11-20,0
A011458,0,個人,2018-08-04,0
A011459,0,個人,2008-01-04,0
A011460,0,個人,2008-07-06,0
A011461,0,個人,2026-01-10,0
A011462,0,個人,2026-03-18,0
A011463,0,個人,2017-02-01,0
A011464,0,個人,2020-07-10,0
A011465,0,個人,2019-04-23,0
A011466,0,個人,2008-03-01,0
A011467,0,個人,2022-06-02,0
A011468,0,個人,2014-04-08,0
A011469,0,個人,2026-01-27,0
A011470,0,個人,2021-10-13,0
A011471,0,個人,2010-01-27,0
A011472,0,個人,2017-04-01,0
A011473,0,個人,2024-04-27,0
A011474,0,個人,2011-04-27,0
A011475,0,個人,2006-06-12,0
A011476,0,個人,2007-04-09,0
A011477,0,個人,2020-03-24,0
A011478,0,個人,2013-10-02,0
A011479,0,個人,2021-09-04,0
A011480,0,個人,2007-08-25,0
A011481,0,個人,2022-12-13,0
A011482,0,個人,2012-01-23,0
A011483,0,個人,2006-03-04,0
A011484,0,個人,2023-03-30,0
A011485,0,個人,2022-05-06,0
A011486,0,個人,2023-09-09,0
A011487,0,個人,2017-04-12,0
A011488,0,個人,2006-04-17,0
A011489,0,個人,2022-04-16,0
A011490,0,個人,2021-01-08,0
A011491,0,個人,2023-08-01,0
A011492,0,個人,2019-06-01,0
A011493,0,個人,2023-05-20,0
A011494,0,個人,2018-01-22,0
A011495,0,個人,2014-07-11,0
A011496,0,個人,2016-11-22,0
A011497,0,個人,2016-01-26,0
A011498,0,個人,2018-06-23,0
A011499,0,個人,2011-09-05,0
A011500,0,個人,2020-06-10,0
A011501,0,個人,2022-02-09,0
A011502,0,個人,2016-03-05,0
A011503,0,個人,2024-07-14,0
A011504,0,個人,2009-03-23,0
A011505,0,個人,2015-09-15,0
A011506,0,個人,2020-06-16,0
A011507,0,個人,2012-08-20,0
A011508,0,個人,2022-06-05,0
A011509,0,個人,2022-03-12,0
A011510,0,個人,2021-09-01,0
A011511,0,個人,2010-01-24,0
A011512,0,個人,2011-07-03,0
A011513,0,個人,2008-04-16,0
A011514,0,個人,2007-10-25,0
A011515,0,個人,2011-01-26,0
A011517,0,個人,2007-12-27,0
A011518,0,個人,2015-08-19,0
A011519,0,個人,2021-03-04,0
A011520,0,個人,2009-06-28,0
A011521,0,個人,2016-01-14,0
A011522,0,個人,2024-01-19,0
A011523,0,個人,2013-04-25,0
A011524,0,個人,2016-12-06,0
A011525,0,個人,2024-08-09,0
A011526,0,個人,2008-11-10,0
A011527,0,個人,2013-04-28,0
A011528,0,個人,2019-08-10,0
A011529,0,個人,2024-03-23,0
A011530,0,個人,2014-01-08,0
A011531,0,個人,2019-08-21,0
A011532,0,個人,2018-12-15,0
A011533,0,個人,2006-10-14,0
A011534,0,個人,2015-01-04,0
A011535,0,個人,2007-01-23,0
A011536,0,個人,2013-03-03,0
A011537,0,個人,2017-03-16,0
A011538,0,個人,2010-07-02,0
A011539,0,個人,2021-02-11,0
A011540,0,個人,2015-04-20,0
A011541,0,個人,2022-11-04,0
A011542,0,個人,2020-05-24,0
A011543,0,個人,2021-04-22,0
A011544,0,個人,2013-12-18,0
A011545,0,個人,2014-11-07,0
A011546,0,個人,2024-09-29,0
A011547,0,個人,2022-12-27,0
A011548,0,個人,2019-03-22,0
A011549,0,個人,2026-01-23,0
A011550,0,個人,2013-12-10,0
A011551,0,個人,2007-07-18,0
A011552,0,個人,2015-07-21,0
A011553,0,個人,2023-03-04,0
A011554,0,個人,2015-05-24,0
A011555,0,個人,2007-02-26,0
A011556,0,個人,2009-09-01,0
A011557,0,個人,2008-05-24,0
A011558,0,個人,2023-04-28,0
A011559,0,個人,2021-02-25,0
A011560,0,個人,2006-05-19,0
A011561,0,個人,2010-05-26,0
A011562,0,個人,2022-03-21,0
A011563,0,個人,2018-05-03,0
A011564,0,個人,2016-12-26,0
A011565,0,個人,2023-05-16,0
A011566,0,個人,2019-06-17,0
A011568,0,個人,2015-03-13,0
A011569,0,個人,2010-09-12,0
A011570,0,個人,2020-09-12,0
A011571,0,個人,2013-07-06,0
A011572,0,個人,2013-11-01,0
A011573,0,個人,2016-11-18,0
A011574,0,個人,2009-05-28,0
A011575,0,個人,2011-05-07,0
A011576,0,個人,2015-04-29,0
A011577,0,個人,2016-10-22,0
A011578,0,個人,2021-03-01,0
A011579,0,個人,2020-01-29,0
A011580,0,個人,2013-09-23,0
A011581,0,個人,2007-08-27,0
A011582,0,個人,2012-01-17,0
A011583,0,個人,2013-01-30,0
A011584,0,個人,2006-07-06,0
A011585,0,個人,2010-03-13,0
A011586,0,個人,2006-05-10,0
A011587,0,個人,2020-10-14,0
A011588,0,個人,2006-12-05,0
A011589,0,個人,2009-08-11,0
A011590,0,個人,2011-04-09,0
A011591,0,個人,2006-07-01,0
A011592,0,個人,2012-01-12,0
A011593,0,個人,2015-03-03,0
A011594,0,個人,2024-10-30,0
A011595,0,個人,2023-09-26,0
A011596,0,個人,2009-02-04,0
A011597,0,個人,2016-12-26,0
A011598,0,個人,2019-03-29,0
A011599,0,個人,2016-02-12,0
A011600,0,個人,2008-03-09,0
A011601,0,個人,2018-06-14,0
A011602,0,個人,2023-09-23,0
A011603,0,個人,2010-01-10,0
A011604,0,個人,2012-10-02,0
A011605,0,個人,2020-07-02,0
A011606,0,個人,2012-02-04,0
A011607,0,個人,2019-05-21,0
A011608,0,個人,2022-08-17,0
A011609,0,個人,2011-03-27,0
A011610,0,個人,2017-06-18,0
A011611,0,個人,2007-06-24,0
A011612,0,個人,2019-12-30,0
A011613,0,個人,2022-02-18,0
A011614,0,個人,2019-12-16,0
A011616,0,個人,2009-04-06,0
A011617,0,個人,2012-12-01,0
A011618,0,個人,2014-03-18,0
A011619,0,個人,2008-03-14,0
A011620,0,個人,2011-07-21,0
A011622,0,個人,2008-08-20,0
A011623,0,個人,2016-01-20,0
A011624,0,個人,2024-10-21,0
A011625,0,個人,2011-01-13,0
A011626,0,個人,2006-02-27,0
A011627,0,個人,2007-12-31,0
A011628,0,個人,2017-04-28,0
A011629,0,個人,2018-01-11,0
A011630,0,個人,2014-05-16,0
A011631,0,個人,2008-02-21,0
A011632,0,個人,2015-04-23,0
A011633,0,個人,2007-09-08,0
A011634,0,個人,2008-09-21,0
A011635,0,個人,2026-01-24,0
A011636,0,個人,2014-02-21,0
A011637,0,個人,2019-06-21,0
A011638,0,個人,2026-03-17,0
A011639,0,個人,2018-06-08,0
A011640,0,個人,2023-07-03,0
A011641,0,個人,2010-09-25,0
A011642,0,個人,2021-02-12,0
A011643,0,個人,2014-08-14,0
A011644,0,個人,2023-08-22,0
A011645,0,個人,2021-04-25,0
A011646,0,個人,2015-09-02,0
A011647,0,個人,2019-05-31,0
A011648,0,個人,2015-07-29,0
A011649,0,個人,2020-07-19,0
A011650,0,個人,2021-07-29,0
A011651,0,個人,2011-11-15,0
A011652,0,個人,2019-06-03,0
A011653,0,個人,2006-06-01,0
A011655,0,個人,2009-02-06,0
A011656,0,個人,2016-03-25,0
A011657,0,個人,2015-12-05,0
A011658,0,個人,2010-01-07,0
A011659,0,個人,2015-08-23,0
A011661,0,個人,2006-02-20,0
A011662,0,個人,2014-04-11,0
A011663,0,個人,2024-09-14,0
A011664,0,個人,2006-06-12,0
A011665,0,個人,2023-08-04,0
A011666,0,個人,2009-02-23,0
A011667,0,個人,2007-05-01,0
A011668,0,個人,2009-11-10,0
A011669,0,個人,2020-12-13,0
A011670,0,個人,2008-04-24,0
A011671,0,個人,2014-02-17,0
A011672,0,個人,2009-01-26,0
A011673,0,個人,2019-10-16,0
A011674,0,個人,2015-08-24,0
A011675,0,個人,2011-12-20,0
A011676,0,個人,2012-07-30,0
A011677,0,個人,2010-05-11,0
A011678,0,個人,2018-07-26,0
A011679,0,個人,2020-03-14,0
A011680,0,個人,2016-05-10,0
A011681,0,個人,2014-10-11,0
A011682,0,個人,2014-06-29,0
A011683,0,個人,2018-09-19,0
A011684,0,個人,2013-09-26,0
A011685,0,個人,2006-03-11,0
A011686,0,個人,2015-04-21,0
A011687,0,個人,2011-11-24,0
A011688,0,個人,2010-06-17,0
A011689,0,個人,2017-07-10,0
A011690,0,個人,2009-06-08,0
A011691,0,個人,2022-04-06,0
A011692,0,個人,2015-01-08,0
A011693,0,個人,2011-01-08,0
A011694,0,個人,2009-06-05,0
A011695,0,個人,2006-05-10,0
A011696,0,個人,2024-06-28,0
A011697,0,個人,2022-05-13,0
A011698,0,個人,2011-06-02,0
A011699,0,個人,2020-03-28,0
A011701,0,個人,2015-03-10,0
A011702,0,個人,2013-03-14,0
A011703,0,個人,2015-12-17,0
A011704,0,個人,2019-07-21,0
A011705,0,個人,2015-08-27,0
A011706,0,個人,2012-12-06,0
A011707,0,個人,2007-02-06,0
A011708,0,個人,2021-09-18,0
A011709,0,個人,2011-12-10,0
A011710,0,個人,2024-07-08,0
A011711,0,個人,2019-07-26,0
A011712,0,個人,2011-05-17,0
A011713,0,個人,2013-12-14,0
A011714,0,個人,2015-03-08,0
A011715,0,個人,2011-05-23,0
A011716,0,個人,2014-04-01,0
A011717,0,個人,2008-03-22,0
A011718,0,個人,2014-07-05,0
A011719,0,個人,2012-10-11,0
A011720,0,個人,2020-09-23,0
A011721,0,個人,2022-03-02,0
A011722,0,個人,2009-01-01,0
A011723,0,個人,2020-05-31,0
A011724,0,個人,2020-12-07,0
A011725,0,個人,2022-09-02,0
A011726,0,個人,2024-08-14,0
A011727,0,個人,2018-08-31,0
A011728,0,個人,2017-08-14,0
A011729,0,個人,2008-02-08,0
A011730,0,個人,2011-04-25,0
A011731,0,個人,2022-04-18,0
A011732,0,個人,2008-05-09,0
A011733,0,個人,2008-09-13,0
A011734,0,個人,2015-10-30,0
A011735,0,個人,2007-06-28,0
A011736,0,個人,2022-11-01,0
A011737,0,個人,2012-04-02,0
A011738,0,個人,2011-01-29,0
A011739,0,個人,2026-03-03,0
A011740,0,個人,2021-08-22,0
A011741,0,個人,2023-07-26,0
A011742,0,個人,2018-10-10,0
A011743,0,個人,2008-11-17,0
A011744,0,個人,2006-01-29,0
A011745,0,個人,2006-07-25,0
A011746,0,個人,2018-12-14,0
A011747,0,個人,2008-10-22,0
A011748,0,個人,2011-06-08,0
A011749,0,個人,2007-07-09,0
A011750,0,個人,2010-03-17,0
A011751,0,個人,2011-01-06,0
A011752,0,個人,2011-06-14,0
A011753,0,個人,2016-03-16,0
A011754,0,個人,2007-04-25,0
A011756,0,個人,2006-07-06,0
A011757,0,個人,2009-07-12,0
A011758,0,個人,2022-06-18,0
A011759,0,個人,2026-01-22,0
A011760,0,個人,2022-05-15,0
A011761,0,個人,2007-08-01,0
A011762,0,個人,2017-01-15,0
A011763,0,個人,2017-04-30,0
A011764,0,個人,2024-02-28,0
A011765,0,個人,2007-03-13,0
A011766,0,個人,2018-08-17,0
A011767,0,個人,2017-06-26,0
A011768,0,個人,2019-08-15,0
A011770,0,個人,2009-01-17,0
A011771,0,個人,2016-04-01,0
A011772,0,個人,2007-04-17,0
A011773,0,個人,2007-10-14,0
A011774,0,個人,2023-08-15,0
A011775,0,個人,2012-08-13,0
A011776,0,個人,2010-01-23,0
A011777,0,個人,2017-03-21,0
A011778,0,個人,2021-04-23,0
A011779,0,個人,2006-06-18,0
A011780,0,個人,2012-01-16,0
A011781,0,個人,2007-12-13,0
A011782,0,個人,2010-05-01,0
A011783,0,個人,2014-05-18,0
A011784,0,個人,2023-07-15,0
A011785,0,個人,2007-06-25,0
A011786,0,個人,2014-11-19,0
A011787,0,個人,2006-06-21,0
A011788,0,個人,2018-12-21,0
A011789,0,個人,2019-01-24,0
A011790,0,個人,2021-07-22,0
A011791,0,個人,2016-12-29,0
A011792,0,個人,2007-12-11,0
A011793,0,個人,2020-08-02,0
A011794,0,個人,2013-06-07,0
A011795,0,個人,2022-11-29,0
A011796,0,個人,2017-03-16,0
A011798,0,個人,2013-05-05,0
A011799,0,個人,2012-08-18,0
A011800,0,個人,2019-05-26,0
A011801,0,個人,2012-02-16,0
A011802,0,個人,2007-11-16,0
A011803,0,個人,2014-10-10,0
A011804,0,個人,2008-02-25,0
A011805,0,個人,2021-06-23,0
A011806,0,個人,2024-01-10,0
A011807,0,個人,2008-01-06,0
A011808,0,個人,2014-09-10,0
A011809,0,個人,2020-07-15,0
A011810,0,個人,2012-04-27,0
A011811,0,個人,2019-07-04,0
A011812,0,個人,2007-10-10,0
A011813,0,個人,2021-02-14,0
A011814,0,個人,2007-05-05,0
A011815,0,個人,2013-04-24,0
A011816,0,個人,2012-04-22,0
A011817,0,個人,2023-11-14,0
A011818,0,個人,2009-03-26,0
A011819,0,個人,2022-05-30,0
A011820,0,個人,2006-12-29,0
A011821,0,個人,2008-10-29,0
A011822,0,個人,2024-08-30,0
A011823,0,個人,2023-08-30,0
A011824,0,個人,2009-05-21,0
A011825,0,個人,2009-04-14,0
A011826,0,個人,2024-01-28,0
A011827,0,個人,2026-03-18,0
A011828,0,個人,2013-08-29,0
A011829,0,個人,2018-08-06,0
A011830,0,個人,2008-11-04,0
A011831,0,個人,2010-10-21,0
A011832,0,個人,2026-03-15,0
A011833,0,個人,2016-07-31,0
A011834,0,個人,2024-07-14,0
A011835,0,個人,2022-09-03,0
A011836,0,個人,2022-08-09,0
A011837,0,個人,2019-10-22,0
A011838,0,個人,2008-04-10,0
A011839,0,個人,2016-10-17,0
A011840,0,個人,2023-03-18,0
A011841,0,個人,2015-10-24,0
A011843,0,個人,2018-08-08,0
A011844,0,個人,2007-07-18,0
A011845,0,個人,2020-10-07,0
A011846,0,個人,2017-02-06,0
A011847,0,個人,2024-04-10,0
A011848,0,個人,2022-12-22,0
A011849,0,個人,2015-10-09,0
A011850,0,個人,2010-08-01,0
A011851,0,個人,2008-12-31,0
A011852,0,個人,2010-07-11,0
A011854,0,個人,2021-01-02,0
A011855,0,個人,2017-02-06,0
A011856,0,個人,2011-08-13,0
A011857,0,個人,2020-05-11,0
A011858,0,個人,2008-03-24,0
A011859,0,個人,2016-10-28,0
A011860,0,個人,2012-06-06,0
A011861,0,個人,2007-09-25,0
A011863,0,個人,2022-03-21,0
A011864,0,個人,2009-03-21,0
A011865,0,個人,2026-02-11,0
A011866,0,個人,2016-12-18,0
A011867,0,個人,2007-02-03,0
A011868,0,個人,2019-08-27,0
A011869,0,個人,2011-10-22,0
A011871,0,個人,2011-12-18,0
A011873,0,個人,2024-02-10,0
A011874,0,個人,2011-03-11,0
A011876,0,個人,2023-12-07,0
A011877,0,個人,2013-07-23,0
A011878,0,個人,2012-09-03,0
A011879,0,個人,2013-07-03,0
A011880,0,個人,2010-09-25,0
A011881,0,個人,2010-04-14,0
A011882,0,個人,2016-07-28,0
A011883,0,個人,2012-05-26,0
A011884,0,個人,2009-04-12,0
A011885,0,個人,2020-11-15,0
A011886,0,個人,2023-12-02,0
A011887,0,個人,2012-12-15,0
A011888,0,個人,2021-01-19,0
A011889,0,個人,2019-03-24,0
A011890,0,個人,2008-04-01,0
A011891,0,個人,2013-02-05,0
A011892,0,個人,2013-05-20,0
A011893,0,個人,2022-05-23,0
A011894,0,個人,2019-02-20,0
A011895,0,個人,2016-12-13,0
A011896,0,個人,2020-10-26,0
A011897,0,個人,2009-09-21,0
A011898,0,個人,2022-03-28,0
A011900,0,個人,2010-10-24,0
A011901,0,個人,2014-10-28,0
A011902,0,個人,2010-08-14,0
A011903,0,個人,2011-02-01,0
A011904,0,個人,2021-02-21,0
A011905,0,個人,2010-10-08,0
A011906,0,個人,2023-01-02,0
A011907,0,個人,2010-04-19,0
A011908,0,個人,2012-08-07,0
A011909,0,個人,2012-05-27,0
A011910,0,個人,2006-12-11,0
A011911,0,個人,2014-05-02,0
A011912,0,個人,2009-01-16,0
A011913,0,個人,2010-08-28,0
A011914,0,個人,2019-12-26,0
A011915,0,個人,2019-07-13,0
A011916,0,個人,2011-03-08,0
A011917,0,個人,2020-06-20,0
A011918,0,個人,2007-07-27,0
A011919,0,個人,2014-01-14,0
A011920,0,個人,2008-02-24,0
A011921,0,個人,2011-10-13,0
A011922,0,個人,2015-04-26,0
A011923,0,個人,2023-09-18,0
A011924,0,個人,2018-08-15,0
A011925,0,個人,2012-12-12,0
A011926,0,個人,2018-08-24,0
A011927,0,個人,2022-10-12,0
A011928,0,個人,2023-02-14,0
A011929,0,個人,2016-03-09,0
A011930,0,個人,2007-01-20,0
A011931,0,個人,2007-12-28,0
A011932,0,個人,2021-02-02,0
A011933,0,個人,2011-12-05,0
A011934,0,個人,2009-09-11,0
A011935,0,個人,2022-08-12,0
A011936,0,個人,2009-09-09,0
A011937,0,個人,2020-11-02,0
A011938,0,個人,2007-10-02,0
A011939,0,個人,2023-02-23,0
A011940,0,個人,2023-01-28,0
A011941,0,個人,2013-06-11,0
A011942,0,個人,2009-08-11,0
A011943,0,個人,2020-08-10,0
A011944,0,個人,2016-12-25,0
A011945,0,個人,2026-03-20,0
A011946,0,個人,2021-09-03,0
A011947,0,個人,2008-08-15,0
A011948,0,個人,2006-10-16,0
A011949,0,個人,2020-10-25,0
A011950,0,個人,2007-09-26,0
A011951,0,個人,2017-09-15,0
A011952,0,個人,2023-05-18,0
A011953,0,個人,2009-05-24,0
A011954,0,個人,2011-03-02,0
A011955,0,個人,2021-09-14,0
A011956,0,個人,2024-02-24,0
A011957,0,個人,2024-05-31,0
A011958,0,個人,2021-07-22,0
A011959,0,個人,2015-03-21,0
A011960,0,個人,2017-05-21,0
A011961,0,個人,2020-03-27,0
A011962,0,個人,2026-02-19,0
A011963,0,個人,2023-03-15,0
A011964,0,個人,2006-12-08,0
A011965,0,個人,2017-05-12,0
A011966,0,個人,2014-01-29,0
A011967,0,個人,2026-01-27,0
A011968,0,個人,2021-03-22,0
A011969,0,個人,2021-02-17,0
A011970,0,個人,2023-05-09,0
A011971,0,個人,2016-04-08,0
A011972,0,個人,2011-08-13,0
A011973,0,個人,2020-09-06,0
A011974,0,個人,2006-05-08,0
A011975,0,個人,2012-11-06,0
A011976,0,個人,2011-02-14,0
A011977,0,個人,2013-09-21,0
A011978,0,個人,2013-12-07,0
A011979,0,個人,2019-01-24,0
A011980,0,個人,2023-01-07,0
A011981,0,個人,2008-09-17,0
A011982,0,個人,2014-02-18,0
A011983,0,個人,2018-06-21,0
A011984,0,個人,2024-01-11,0
A011985,0,個人,2006-05-31,0
A011986,0,個人,2019-12-04,0
A011987,0,個人,2015-02-23,0
A011988,0,個人,2017-09-18,0
A011989,0,個人,2015-04-28,0
A011990,0,個人,2022-02-13,0
A011991,0,個人,2011-12-21,0
A011992,0,個人,2024-07-03,0
A011993,0,個人,2007-12-12,0
A011994,0,個人,2009-12-01,0
A011995,0,個人,2016-09-17,0
A011996,0,個人,2014-07-19,0
A011997,0,個人,2021-01-08,0
A011998,0,個人,2017-05-14,0
A011999,0,個人,2021-09-03,0
A012000,0,個人,2014-08-04,0
A012001,0,個人,2006-10-27,0
A012002,0,個人,2018-05-05,0
A012003,0,個人,2009-04-16,0
A012004,0,個人,2006-08-31,0
A012005,0,個人,2012-03-11,0
A012006,0,個人,2006-11-23,0
A012007,0,個人,2017-08-04,0
A012008,0,個人,2016-01-29,0
A012009,0,個人,2015-04-04,0
A012010,0,個人,2009-08-23,0
A012011,0,個人,2011-11-09,0
A012012,0,個人,2006-10-05,0
A012013,0,個人,2024-12-19,0
A012014,0,個人,2006-06-10,0
A012015,0,個人,2020-11-02,0
A012016,0,個人,2007-06-08,0
A012017,0,個人,2017-04-10,0
A012018,0,個人,2024-06-15,0
A012019,0,個人,2018-06-10,0
A012020,0,個人,2023-02-17,0
A012021,0,個人,2012-03-21,0
A012022,0,個人,2019-02-11,0
A012023,0,個人,2013-04-08,0
A012024,0,個人,2008-05-25,0
A012025,0,個人,2015-07-16,0
A012026,0,個人,2022-09-15,0
A012027,0,個人,2018-08-31,0
A012028,0,個人,2016-03-25,0
A012029,0,個人,2009-09-05,0
A012030,0,個人,2011-05-30,0
A012031,0,個人,2024-07-03,0
A012032,0,個人,2020-06-11,0
A012033,0,個人,2018-06-09,0
A012034,0,個人,2013-04-10,0
A012035,0,個人,2014-11-08,0
A012036,0,個人,2021-04-08,0
A012037,0,個人,2013-09-12,0
A012038,0,個人,2006-07-06,0
A012039,0,個人,2017-08-09,0
A012040,0,個人,2023-06-11,0
A012041,0,個人,2010-12-06,0
A012042,0,個人,2022-05-01,0
A012043,0,個人,2009-12-04,0
A012044,0,個人,2010-10-09,0
A012045,0,個人,2017-10-17,0
A012046,0,個人,2008-03-27,0
A012047,0,個人,2008-02-19,0
A012048,0,個人,2006-11-12,0
A012049,0,個人,2013-09-14,0
A012050,0,個人,2012-03-21,0
A012051,0,個人,2014-12-03,0
A012052,0,個人,2009-07-13,0
A012053,0,個人,2011-01-21,0
A012054,0,個人,2013-10-09,0
A012055,0,個人,2020-09-24,0
A012056,0,個人,2010-01-15,0
A012057,0,個人,2015-12-11,0
A012058,0,個人,2015-05-10,0
A012059,0,個人,2016-10-17,0
A012060,0,個人,2022-01-29,0
A012061,0,個人,2018-10-09,0
A012062,0,個人,2015-08-23,0
A012063,0,個人,2024-01-20,0
A012065,0,個人,2021-03-02,0
A012066,0,個人,2012-06-29,0
A012067,0,個人,2024-02-12,0
A012068,0,個人,2016-06-04,0
A012069,0,個人,2021-10-03,0
A012070,0,個人,2012-11-30,0
A012071,0,個人,2010-06-28,0
A012072,0,個人,2020-06-30,0
A012073,0,個人,2015-05-03,0
A012074,0,個人,2017-08-02,0
A012075,0,個人,2022-10-01,0
A012076,0,個人,2014-05-06,0
A012077,0,個人,2016-11-19,0
A012078,0,個人,2019-10-30,0
A012079,0,個人,2008-06-26,0
A012080,0,個人,2015-03-30,0
A012081,0,個人,2021-08-22,0
A012082,0,個人,2009-09-24,0
A012083,0,個人,2024-11-23,0
A012084,0,個人,2010-06-17,0
A012085,0,個人,2017-03-30,0
A012086,0,個人,2006-12-08,0
A012087,0,個人,2012-07-22,0
A012088,0,個人,2019-08-08,0
A012089,0,個人,2009-05-15,0
A012090,0,個人,2017-06-24,0
A012091,0,個人,2006-09-07,0
A012092,0,個人,2024-04-05,0
A012093,0,個人,2021-02-19,0
A012094,0,個人,2022-09-12,0
A012095,0,個人,2009-01-09,0
A012096,0,個人,2024-09-02,0
A012097,0,個人,2010-05-27,0
A012098,0,個人,2016-11-13,0
A012099,0,個人,2013-07-24,0
A012100,0,個人,2013-09-30,0
A012101,0,個人,2021-12-18,0
A012102,0,個人,2007-12-26,0
A012103,0,個人,2020-02-16,0
A012104,0,個人,2009-06-30,0
A012105,0,個人,2024-08-13,0
A012106,0,個人,2021-03-05,0
A012107,0,個人,2006-05-18,0
A012108,0,個人,2011-06-30,0
A012109,0,個人,2009-01-21,0
A012110,0,個人,2022-01-24,0
A012111,0,個人,2015-07-03,0
A012112,0,個人,2013-05-24,0
A012113,0,個人,2022-05-27,0
A012114,0,個人,2012-08-21,0
A012115,0,個人,2009-01-11,0
A012116,0,個人,2008-04-23,0
A012119,0,個人,2020-01-17,0
A012120,0,個人,2007-07-26,0
A012121,0,個人,2007-06-08,0
A012122,0,個人,2011-02-19,0
A012123,0,個人,2024-09-23,0
A012124,0,個人,2016-04-03,0
A012125,0,個人,2021-09-12,0
A012126,0,個人,2022-08-26,0
A012127,0,個人,2015-04-26,0
A012128,0,個人,2008-12-05,0
A012129,0,個人,2024-01-02,0
A012130,0,個人,2009-04-27,0
A012131,0,個人,2023-10-12,0
A012132,0,個人,2018-05-02,0
A012133,0,個人,2022-06-27,0
A012134,0,個人,2007-04-28,0
A012135,0,個人,2023-02-06,0
A012136,0,個人,2017-11-23,0
A012137,0,個人,2024-04-11,0
A012138,0,個人,2022-08-15,0
A012139,0,個人,2021-03-29,0
A012140,0,個人,2008-03-29,0
A012141,0,個人,2009-01-27,0
A012142,0,個人,2013-10-19,0
A012143,0,個人,2017-03-25,0
A012144,0,個人,2012-01-21,0
A012145,0,個人,2021-03-22,0
A012147,0,個人,2010-08-25,0
A012148,0,個人,2022-01-04,0
A012149,0,個人,2006-11-27,0
A012150,0,個人,2019-03-25,0
A012151,0,個人,2021-04-13,0
A012152,0,個人,2007-04-29,0
A012153,0,個人,2015-08-07,0
A012154,0,個人,2018-08-06,0
A012155,0,個人,2019-08-27,0
A012156,0,個人,2010-08-12,0
A012157,0,個人,2020-04-18,0
A012158,0,個人,2015-07-28,0
A012159,0,個人,2017-01-06,0
A012160,0,個人,2024-04-17,0
A012161,0,個人,2013-01-09,0
A012162,0,個人,2022-06-23,0
A012163,0,個人,2007-03-24,0
A012164,0,個人,2021-11-16,0
A012165,0,個人,2018-06-17,0
A012166,0,個人,2008-03-12,0
A012167,0,個人,2010-04-04,0
A012168,0,個人,2022-02-02,0
A012169,0,個人,2010-03-02,0
A012170,0,個人,2026-01-11,0
A012171,0,個人,2012-12-26,0
A012172,0,個人,2007-06-24,0
A012173,0,個人,2009-10-11,0
A012174,0,個人,2010-10-29,0
A012175,0,個人,2023-06-27,0
A012176,0,個人,2011-08-13,0
A012177,0,個人,2015-11-19,0
A012178,0,個人,2023-12-19,0
A012179,0,個人,2015-12-25,0
A012180,0,個人,2020-07-17,0
A012181,0,個人,2008-02-23,0
A012182,0,個人,2015-02-16,0
A012183,0,個人,2021-12-12,0
A012184,0,個人,2021-02-07,0
A012185,0,個人,2009-10-29,0
A012186,0,個人,2017-06-01,0
A012187,0,個人,2020-10-19,0
A012188,0,個人,2011-06-30,0
A012189,0,個人,2026-01-31,0
A012190,0,個人,2020-04-08,0
A012191,0,個人,2010-09-02,0
A012192,0,個人,2023-04-10,0
A012193,0,個人,2015-07-16,0
A012194,0,個人,2012-03-10,0
A012195,0,個人,2011-04-29,0
A012196,0,個人,2012-07-30,0
A012197,0,個人,2026-02-18,0
A012198,0,個人,2021-11-01,0
A012199,0,個人,2011-03-25,0
A012200,0,個人,2011-11-27,0
A012201,0,個人,2024-08-15,0
A012202,0,個人,2007-07-24,0
A012203,0,個人,2017-12-18,0
A012204,0,個人,2006-05-19,0
A012205,0,個人,2014-10-15,0
A012206,0,個人,2016-08-05,0
A012207,0,個人,2018-12-02,0
A012208,0,個人,2008-03-01,0
A012209,0,個人,2026-01-10,0
A012211,0,個人,2015-07-20,0
A012212,0,個人,2014-11-27,0
A012213,0,個人,2012-11-10,0
A012214,0,個人,2006-07-19,0
A012215,0,個人,2011-06-02,0
A012216,0,個人,2016-08-23,0
A012217,0,個人,2020-04-08,0
A012218,0,個人,2012-11-01,0
A012219,0,個人,2012-08-30,0
A012220,0,個人,2014-11-12,0
A012221,0,個人,2007-10-08,0
A012222,0,個人,2016-12-18,0
A012223,0,個人,2016-11-24,0
A012224,0,個人,2008-04-15,0
A012225,0,個人,2008-09-03,0
A012226,0,個人,2010-03-14,0
A012227,0,個人,2014-01-11,0
A012228,0,個人,2019-01-14,0
A012229,0,個人,2026-02-24,0
A012230,0,個人,2022-01-01,0
A012231,0,個人,2017-12-03,0
A012232,0,個人,2023-09-29,0
A012233,0,個人,2022-05-08,0
A012234,0,個人,2013-07-13,0
A012235,0,個人,2012-09-06,0
A012236,0,個人,2015-05-02,0
A012237,0,個人,2024-04-01,0
A012238,0,個人,2006-04-15,0
A012239,0,個人,2024-05-04,0
A012240,0,個人,2015-07-05,0
A012241,0,個人,2007-02-01,0
A012242,0,個人,2007-07-18,0
A012243,0,個人,2009-03-18,0
A012244,0,個人,2017-11-14,0
A012245,0,個人,2020-01-15,0
A012246,0,個人,2018-04-04,0
A012247,0,個人,2013-02-16,0
A012248,0,個人,2018-06-23,0
A012249,0,個人,2018-07-19,0
A012250,0,個人,2017-04-13,0
A012251,0,個人,2017-10-26,0
A012252,0,個人,2022-09-09,0
A012254,0,個人,2015-03-08,0
A012257,0,個人,2008-04-17,0
A012258,0,個人,2021-03-28,0
A012259,0,個人,2014-08-01,0
A012260,0,個人,2024-07-25,0
A012261,0,個人,2014-07-06,0
A012262,0,個人,2024-03-20,0
A012263,0,個人,2014-11-27,0
A012264,0,個人,2024-12-05,0
A012265,0,個人,2009-02-05,0
A012266,0,個人,2020-08-10,0
A012267,0,個人,2022-04-24,0
A012268,0,個人,2018-09-13,0
A012269,0,個人,2007-05-20,0
A012270,0,個人,2013-09-21,0
A012271,0,個人,2023-08-13,0
A012273,0,個人,2024-04-17,0
A012274,0,個人,2016-01-10,0
A012275,0,個人,2026-01-02,0
A012276,0,個人,2011-10-23,0
A012277,0,個人,2023-01-12,0
A012278,0,個人,2006-01-12,0
A012279,0,個人,2012-05-05,0
A012280,0,個人,2006-02-12,0
A012281,0,個人,2006-12-08,0
A012282,0,個人,2016-06-17,0
A012283,0,個人,2009-01-15,0
A012284,0,個人,2021-02-22,0
A012285,0,個人,2020-04-19,0
A012286,0,個人,2018-08-09,0
A012287,0,個人,2010-12-07,0
A012288,0,個人,2014-12-15,0
A012289,0,個人,2022-12-07,0
A012290,0,個人,2026-01-09,0
A012291,0,個人,2013-06-15,0
A012292,0,個人,2015-11-18,0
A012293,0,個人,2006-10-11,0
A012294,0,個人,2009-11-29,0
A012295,0,個人,2012-04-02,0
A012296,0,個人,2015-04-15,0
A012297,0,個人,2024-01-06,0
A012298,0,個人,2016-08-28,0
A012299,0,個人,2022-01-23,0
A012300,0,個人,2016-06-01,0
A012301,0,個人,2024-03-03,0
A012302,0,個人,2012-11-13,0
A012303,0,個人,2009-07-01,0
A012304,0,個人,2019-10-23,0
A012305,0,個人,2008-12-20,0
A012306,0,個人,2021-12-04,0
A012307,0,個人,2019-02-06,0
A012308,0,個人,2023-05-27,0
A012309,0,個人,2006-07-06,0
A012310,0,個人,2018-01-01,0
A012311,0,個人,2009-01-23,0
A012312,0,個人,2009-02-13,0
A012313,0,個人,2009-01-23,0
A012315,0,個人,2009-02-08,0
A012316,0,個人,2009-10-20,0
A012317,0,個人,2006-06-27,0
A012318,0,個人,2014-05-16,0
A012319,0,個人,2024-07-14,0
A012320,0,個人,2014-07-18,0
A012322,0,個人,2020-09-19,0
A012323,0,個人,2010-03-22,0
A012324,0,個人,2022-02-07,0
A012325,0,個人,2010-05-30,0
A012326,0,個人,2013-05-28,0
A012327,0,個人,2022-07-15,0
A012328,0,個人,2010-01-21,0
A012329,0,個人,2014-02-24,0
A012330,0,個人,2019-11-10,0
A012331,0,個人,2006-10-12,0
A012332,0,個人,2022-05-24,0
A012333,0,個人,2023-05-10,0
A012334,0,個人,2010-08-20,0
A012335,0,個人,2018-06-12,0
A012336,0,個人,2009-09-10,0
A012337,0,個人,2019-04-10,0
A012338,0,個人,2020-02-27,0
A012339,0,個人,2010-02-10,0
A012340,0,個人,2012-11-20,0
A012341,0,個人,2018-10-26,0
A012342,0,個人,2013-06-23,0
A012343,0,個人,2015-01-28,0
A012344,0,個人,2014-12-09,0
A012345,0,個人,2022-02-16,0
A012346,0,個人,2021-10-27,0
A012347,0,個人,2006-02-25,0
A012348,0,個人,2012-07-04,0
A012350,0,個人,2012-08-04,0
A012351,0,個人,2009-02-13,0
A012352,0,個人,2009-10-15,0
A012353,0,個人,2016-02-14,0
A012354,0,個人,2013-11-14,0
A012355,0,個人,2012-03-23,0
A012357,0,個人,2014-02-05,0
A012358,0,個人,2007-12-25,0
A012359,0,個人,2010-07-25,0
A012360,0,個人,2014-02-08,0
A012361,0,個人,2015-04-02,0
A012362,0,個人,2019-08-07,0
A012363,0,個人,2020-04-14,0
A012364,0,個人,2021-07-06,0
A012365,0,個人,2023-02-25,0
A012366,0,個人,2017-11-09,0
A012368,0,個人,2009-03-14,0
A012369,0,個人,2011-03-04,0
A012370,0,個人,2019-06-26,0
A012371,0,個人,2010-07-20,0
A012372,0,個人,2022-08-11,0
A012373,0,個人,2014-02-27,0
A012374,0,個人,2016-08-09,0
A012375,0,個人,2019-07-28,0
A012376,0,個人,2021-11-20,0
A012377,0,個人,2010-10-18,0
A012379,0,個人,2023-12-25,0
A012380,0,個人,2007-03-01,0
A012381,0,個人,2017-10-19,0
A012382,0,個人,2017-08-23,0
A012383,0,個人,2026-03-03,0
A012384,0,個人,2009-01-25,0
A012385,0,個人,2015-03-26,0
A012386,0,個人,2024-06-12,0
A012387,0,個人,2013-07-18,0
A012388,0,個人,2017-11-28,0
A012390,0,個人,2024-12-14,0
A012391,0,個人,2019-10-17,0
A012392,0,個人,2009-06-26,0
A012393,0,個人,2020-03-11,0
A012394,0,個人,2011-05-17,0
A012395,0,個人,2020-10-13,0
A012396,0,個人,2010-01-14,0
A012397,0,個人,2006-12-04,0
A012398,0,個人,2015-06-01,0
A012399,0,個人,2024-10-24,0
A012400,0,個人,2023-06-10,0
A012401,0,個人,2010-07-18,0
A012402,0,個人,2006-08-13,0
A012403,0,個人,2018-01-21,0
A012404,0,個人,2017-08-17,0
A012405,0,個人,2022-03-25,0
A012406,0,個人,2017-02-20,0
A012407,0,個人,2010-08-29,0
A012408,0,個人,2010-12-18,0
A012409,0,個人,2020-04-19,0
A012410,0,個人,2011-12-09,0
A012411,0,個人,2026-01-14,0
A012412,0,個人,2009-02-11,0
A012413,0,個人,2015-02-10,0
A012414,0,個人,2009-07-28,0
A012415,0,個人,2013-05-26,0
A012416,0,個人,2018-11-25,0
A012417,0,個人,2016-09-29,0
A012418,0,個人,2014-01-28,0
A012419,0,個人,2008-05-28,0
A012420,0,個人,2007-01-08,0
A012421,0,個人,2023-05-07,0
A012422,0,個人,2009-02-08,0
A012423,0,個人,2024-06-15,0
A012424,0,個人,2018-12-31,0
A012425,0,個人,2023-06-03,0
A012426,0,個人,2006-04-06,0
A012427,0,個人,2006-10-16,0
A012428,0,個人,2021-11-20,0
A012429,0,個人,2007-04-02,0
A012430,0,個人,2019-04-10,0
A012431,0,個人,2015-02-07,0
A012432,0,個人,2012-11-03,0
A012433,0,個人,2018-01-10,0
A012434,0,個人,2021-01-29,0
A012435,0,個人,2023-08-17,0
A012436,0,個人,2007-07-18,0
A012437,0,個人,2023-05-03,0
A012438,0,個人,2006-09-28,0
A012439,0,個人,2023-10-20,0
A012441,0,個人,2015-02-14,0
A012442,0,個人,2006-11-18,0
A012443,0,個人,2006-05-12,0
A012444,0,個人,2022-08-31,0
A012445,0,個人,2021-05-29,0
A012446,0,個人,2020-02-06,0
A012447,0,個人,2020-10-05,0
A012448,0,個人,2008-03-17,0
A012449,0,個人,2020-11-12,0
A012450,0,個人,2012-03-11,0
A012451,0,個人,2022-06-04,0
A012452,0,個人,2012-11-28,0
A012453,0,個人,2014-01-17,0
A012454,0,個人,2020-01-05,0
A012455,0,個人,2017-09-28,0
A012456,0,個人,2024-07-15,0
A012457,0,個人,2016-05-19,0
A012458,0,個人,2015-03-11,0
A012459,0,個人,2020-04-28,0
A012461,0,個人,2017-03-01,0
A012462,0,個人,2023-10-12,0
A012463,0,個人,2016-09-09,0
A012464,0,個人,2013-01-01,0
A012465,0,個人,2008-05-07,0
A012466,0,個人,2019-01-28,0
A012467,0,個人,2015-07-07,0
A012468,0,個人,2006-03-30,0
A012469,0,個人,2006-06-26,0
A012470,0,個人,2022-02-01,0
A012471,0,個人,2010-11-14,0
A012472,0,個人,2012-04-23,0
A012473,0,個人,2019-11-24,0
A012474,0,個人,2024-03-16,0
A012475,0,個人,2011-11-14,0
A012476,0,個人,2007-04-30,0
A012477,0,個人,2011-12-10,0
A012478,0,個人,2010-10-31,0
A012479,0,個人,2021-06-02,0
A012480,0,個人,2020-09-17,0
A012481,0,個人,2018-05-26,0
A012482,0,個人,2019-12-14,0
A012483,0,個人,2006-11-03,0
A012484,0,個人,2010-05-31,0
A012485,0,個人,2017-01-17,0
A012486,0,個人,2006-06-27,0
A012487,0,個人,2018-11-21,0
A012488,0,個人,2007-11-03,0
A012489,0,個人,2018-03-13,0
A012490,0,個人,2021-03-06,0
A012491,0,個人,2017-07-15,0
A012493,0,個人,2018-09-05,0
A012494,0,個人,2016-07-09,0
A012495,0,個人,2008-10-10,0
A012496,0,個人,2024-02-19,0
A012497,0,個人,2013-08-25,0
A012498,0,個人,2016-10-01,0
A012499,0,個人,2018-08-08,0
A012500,0,個人,2016-08-16,0
A012501,0,個人,2011-10-20,0
A012503,0,個人,2012-04-06,0
A012504,0,個人,2016-04-13,0
A012505,0,個人,2018-06-12,0
A012506,0,個人,2006-08-14,0
A012507,0,個人,2016-10-13,0
A012508,0,個人,2021-01-25,0
A012509,0,個人,2014-09-23,0
A012510,0,個人,2015-10-20,0
A012511,0,個人,2007-01-15,0
A012512,0,個人,2016-01-04,0
A012513,0,個人,2010-05-31,0
A012514,0,個人,2008-04-17,0
A012515,0,個人,2009-11-27,0
A012516,0,個人,2011-11-09,0
A012517,0,個人,2024-06-27,0
A012518,0,個人,2010-11-02,0
A012519,0,個人,2006-07-08,0
A012520,0,個人,2024-02-27,0
A012521,0,個人,2017-04-20,0
A012522,0,個人,2008-09-22,0
A012523,0,個人,2011-04-13,0
A012524,0,個人,2015-03-27,0
A012525,0,個人,2024-10-06,0
A012526,0,個人,2021-10-21,0
A012527,0,個人,2007-06-04,0
A012528,0,個人,2015-11-03,0
A012529,0,個人,2011-11-13,0
A012530,0,個人,2013-08-29,0
A012531,0,個人,2011-04-07,0
A012532,0,個人,2014-03-18,0
A012533,0,個人,2008-03-27,0
A012534,0,個人,2023-04-08,0
A012535,0,個人,2013-02-12,0
A012536,0,個人,2007-06-19,0
A012537,0,個人,2019-05-28,0
A012538,0,個人,2020-09-23,0
A012539,0,個人,2008-10-07,0
A012540,0,個人,2012-05-24,0
A012541,0,個人,2011-10-18,0
A012542,0,個人,2016-08-02,0
A012543,0,個人,2007-10-26,0
A012544,0,個人,2019-03-03,0
A012545,0,個人,2022-06-07,0
A012546,0,個人,2022-03-31,0
A012547,0,個人,2013-09-01,0
A012548,0,個人,2006-11-29,0
A012550,0,個人,2015-09-24,0
A012552,0,個人,2020-06-12,0
A012553,0,個人,2008-04-17,0
A012554,0,個人,2014-01-11,0
A012555,0,個人,2010-10-07,0
A012556,0,個人,2020-10-18,0
A012557,0,個人,2014-12-16,0
A012558,0,個人,2021-03-11,0
A012559,0,個人,2017-11-23,0
A012560,0,個人,2024-04-24,0
A012561,0,個人,2012-07-04,0
A012562,0,個人,2009-09-22,0
A012563,0,個人,2007-03-28,0
A012564,0,個人,2006-04-23,0
A012565,0,個人,2019-12-19,0
A012566,0,個人,2024-05-14,0
A012567,0,個人,2014-09-02,0
A012568,0,個人,2023-03-18,0
A012569,0,個人,2026-01-05,0
A012570,0,個人,2021-07-05,0
A012571,0,個人,2010-09-29,0
A012572,0,個人,2022-08-22,0
A012573,0,個人,2016-10-12,0
A012575,0,個人,2023-09-20,0
A012576,0,個人,2008-03-08,0
A012577,0,個人,2023-01-15,0
A012578,0,個人,2012-11-24,0
A012579,0,個人,2018-06-14,0
A012580,0,個人,2007-06-23,0
A012581,0,個人,2008-01-24,0
A012582,0,個人,2011-08-14,0
A012583,0,個人,2020-06-09,0
A012585,0,個人,2014-11-28,0
A012586,0,個人,2012-07-06,0
A012587,0,個人,2015-12-05,0
A012588,0,個人,2018-07-09,0
A012589,0,個人,2009-03-12,0
A012590,0,個人,2024-06-06,0
A012591,0,個人,2026-01-29,0
A012592,0,個人,2008-06-23,0
A012593,0,個人,2014-09-25,0
A012594,0,個人,2014-05-20,0
A012595,0,個人,2019-08-30,0
A012596,0,個人,2012-05-15,0
A012597,0,個人,2017-09-30,0
A012598,0,個人,2010-11-12,0
A012599,0,個人,2013-06-11,0
A012600,0,個人,2016-09-17,0
A012601,0,個人,2014-12-23,0
A012602,0,個人,2014-07-05,0
A012603,0,個人,2009-01-22,0
A012604,0,個人,2013-08-09,0
A012605,0,個人,2010-11-30,0
A012606,0,個人,2009-11-20,0
A012607,0,個人,2006-02-26,0
A012608,0,個人,2012-01-14,0
A012609,0,個人,2017-08-18,0
A012610,0,個人,2026-02-23,0
A012611,0,個人,2012-09-06,0
A012612,0,個人,2011-11-05,0
A012613,0,個人,2019-05-16,0
A012614,0,個人,2022-09-21,0
A012615,0,個人,2023-09-24,0
A012616,0,個人,2023-12-17,0
A012617,0,個人,2008-10-14,0
A012618,0,個人,2013-07-31,0
A012619,0,個人,2010-03-28,0
A012620,0,個人,2020-04-12,0
A012621,0,個人,2015-05-21,0
A012622,0,個人,2023-12-19,0
A012623,0,個人,2011-11-17,0
A012624,0,個人,2008-11-11,0
A012625,0,個人,2008-07-28,0
A012626,0,個人,2015-01-17,0
A012627,0,個人,2020-05-13,0
A012628,0,個人,2009-03-28,0
A012629,0,個人,2016-08-16,0
A012630,0,個人,2006-04-16,0
A012631,0,個人,2007-06-09,0
A012632,0,個人,2016-05-24,0
A012633,0,個人,2010-06-25,0
A012635,0,個人,2009-11-29,0
A012636,0,個人,2011-09-01,0
A012637,0,個人,2016-05-17,0
A012638,0,個人,2022-02-17,0
A012639,0,個人,2016-03-19,0
A012640,0,個人,2013-03-24,0
A012641,0,個人,2013-02-13,0
A012642,0,個人,2020-11-02,0
A012644,0,個人,2020-11-25,0
A012645,0,個人,2006-04-09,0
A012647,0,個人,2019-01-27,0
A012648,0,個人,2022-05-15,0
A012649,0,個人,2007-11-15,0
A012650,0,個人,2013-08-18,0
A012652,0,個人,2024-04-16,0
A012653,0,個人,2022-02-19,0
A012654,0,個人,2023-07-30,0
A012655,0,個人,2011-01-23,0
A012656,0,個人,2014-12-18,0
A012657,0,個人,2017-06-29,0
A012658,0,個人,2026-02-09,0
A012659,0,個人,2020-05-16,0
A012660,0,個人,2010-09-24,0
A012661,0,個人,2024-02-12,0
A012662,0,個人,2026-01-08,0
A012663,0,個人,2021-02-02,0
A012664,0,個人,2023-10-26,0
A012665,0,個人,2014-08-07,0
A012666,0,個人,2017-11-21,0
A012667,0,個人,2019-07-31,0
A012668,0,個人,2022-05-23,0
A012669,0,個人,2015-09-03,0
A012670,0,個人,2018-09-20,0
A012671,0,個人,2007-12-11,0
A012672,0,個人,2011-03-14,0
A012673,0,個人,2022-09-07,0
A012674,0,個人,2018-06-08,0
A012675,0,個人,2013-01-07,0
A012676,0,個人,2017-01-18,0
A012677,0,個人,2007-02-05,0
A012678,0,個人,2016-01-01,0
A012679,0,個人,2024-04-23,0
A012681,0,個人,2022-08-22,0
A012682,0,個人,2011-10-25,0
A012683,0,個人,2009-05-06,0
A012684,0,個人,2022-09-10,0
A012685,0,個人,2009-03-14,0
A012686,0,個人,2020-03-31,0
A012688,0,個人,2012-09-17,0
A012689,0,個人,2022-11-27,0
A012690,0,個人,2023-11-26,0
A012691,0,個人,2010-12-27,0
A012692,0,個人,2018-05-11,0
A012693,0,個人,2018-10-06,0
A012694,0,個人,2017-02-17,0
A012695,0,個人,2014-12-02,0
A012696,0,個人,2007-07-18,0
A012697,0,個人,2013-03-01,0
A012698,0,個人,2022-11-09,0
A012699,0,個人,2014-12-09,0
A012700,0,個人,2022-08-17,0
A012701,0,個人,2009-06-21,0
A012702,0,個人,2016-07-22,0
A012703,0,個人,2017-04-01,0
A012704,0,個人,2019-05-10,0
A012705,0,個人,2023-12-07,0
A012706,0,個人,2024-06-05,0
A012707,0,個人,2012-03-05,0
A012708,0,個人,2015-02-09,0
A012709,0,個人,2014-08-18,0
A012711,0,個人,2010-09-30,0
A012712,0,個人,2020-08-06,0
A012713,0,個人,2012-02-10,0
A012714,0,個人,2017-07-29,0
A012715,0,個人,2007-03-21,0
A012716,0,個人,2015-05-01,0
A012717,0,個人,2023-08-06,0
A012718,0,個人,2016-09-26,0
A012719,0,個人,2011-10-05,0
A012720,0,個人,2012-02-26,0
A012721,0,個人,2016-10-06,0
A012722,0,個人,2012-12-03,0
A012723,0,個人,2014-09-16,0
A012724,0,個人,2024-04-22,0
A012725,0,個人,2007-08-27,0
A012726,0,個人,2026-02-15,0
A012727,0,個人,2015-07-22,0
A012728,0,個人,2014-12-23,0
A012729,0,個人,2009-01-06,0
A012730,0,個人,2014-01-30,0
A012731,0,個人,2008-01-22,0
A012732,0,個人,2015-07-01,0
A012733,0,個人,2016-02-12,0
A012735,0,個人,2010-01-14,0
A012736,0,個人,2007-09-25,0
A012737,0,個人,2015-09-19,0
A012738,0,個人,2016-12-25,0
A012739,0,個人,2020-07-16,0
A012740,0,個人,2016-09-05,0
A012741,0,個人,2013-05-07,0
A012742,0,個人,2024-04-04,0
A012743,0,個人,2017-04-08,0
A012744,0,個人,2014-03-15,0
A012745,0,個人,2014-03-09,0
A012746,0,個人,2012-01-21,0
A012747,0,個人,2011-05-09,0
A012748,0,個人,2009-04-23,0
A012749,0,個人,2009-08-21,0
A012750,0,個人,2011-05-18,0
A012751,0,個人,2021-09-17,0
A012752,0,個人,2017-05-17,0
A012753,0,個人,2022-07-08,0
A012754,0,個人,2008-07-25,0
A012755,0,個人,2021-10-14,0
A012756,0,個人,2023-07-03,0
A012757,0,個人,2008-12-22,0
A012758,0,個人,2021-04-27,0
A012759,0,個人,2009-11-11,0
A012760,0,個人,2019-10-30,0
A012762,0,個人,2015-08-25,0
A012763,0,個人,2018-06-01,0
A012764,0,個人,2022-10-06,0
A012765,0,個人,2008-07-26,0
A012766,0,個人,2009-02-14,0
A012767,0,個人,2009-04-29,0
A012768,0,個人,2024-05-07,0
A012769,0,個人,2019-03-31,0
A012770,0,個人,2006-05-02,0
A012771,0,個人,2016-05-30,0
A012772,0,個人,2009-04-12,0
A012773,0,個人,2011-04-23,0
A012774,0,個人,2011-09-13,0
A012775,0,個人,2006-01-25,0
A012776,0,個人,2017-04-08,0
A012777,0,個人,2008-06-16,0
A012778,0,個人,2016-07-09,0
A012779,0,個人,2007-07-25,0
A012780,0,個人,2013-11-07,0
A012781,0,個人,2017-09-09,0
A012782,0,個人,2012-10-13,0
A012783,0,個人,2009-05-08,0
A012784,0,個人,2016-01-31,0
A012785,0,個人,2023-01-25,0
A012786,0,個人,2017-10-11,0
A012787,0,個人,2021-01-13,0
A012788,0,個人,2018-01-24,0
A012789,0,個人,2019-06-29,0
A012790,0,個人,2006-03-11,0
A012791,0,個人,2024-09-20,0
A012792,0,個人,2023-12-18,0
A012793,0,個人,2019-07-17,0
A012794,0,個人,2007-02-22,0
A012795,0,個人,2008-12-16,0
A012796,0,個人,2023-04-15,0
A012797,0,個人,2015-09-05,0
A012798,0,個人,2009-08-19,0
A012799,0,個人,2011-09-23,0
A012800,0,個人,2008-03-10,0
A012801,0,個人,2020-11-18,0
A012802,0,個人,2016-06-29,0
A012803,0,個人,2017-06-18,0
A012804,0,個人,2017-12-21,0
A012805,0,個人,2017-06-21,0
A012806,0,個人,2006-02-04,0
A012807,0,個人,2011-06-19,0
A012808,0,個人,2023-04-07,0
A012809,0,個人,2015-03-24,0
A012810,0,個人,2020-05-06,0
A012811,0,個人,2017-09-27,0
A012812,0,個人,2022-08-08,0
A012813,0,個人,2019-06-09,0
A012814,0,個人,2009-03-28,0
A012815,0,個人,2011-11-14,0
A012816,0,個人,2015-06-02,0
A012817,0,個人,2010-11-20,0
A012818,0,個人,2021-06-03,0
A012819,0,個人,2017-08-16,0
A012820,0,個人,2012-12-07,0
A012821,0,個人,2019-05-15,0
A012822,0,個人,2020-11-27,0
A012823,0,個人,2008-07-16,0
A012824,0,個人,2021-09-21,0
A012825,0,個人,2014-02-26,0
A012826,0,個人,2021-12-30,0
A012827,0,個人,2006-03-03,0
A012828,0,個人,2018-08-27,0
A012829,0,個人,2012-03-29,0
A012830,0,個人,2012-09-22,0
A012832,0,個人,2007-10-23,0
A012833,0,個人,2019-02-17,0
A012834,0,個人,2013-09-02,0
A012835,0,個人,2022-02-16,0
A012836,0,個人,2019-05-29,0
A012837,0,個人,2013-08-26,0
A012838,0,個人,2010-04-03,0
A012839,0,個人,2009-12-18,0
A012840,0,個人,2009-10-24,0
A012841,0,個人,2010-01-21,0
A012842,0,個人,2009-11-10,0
A012843,0,個人,2015-11-19,0
A012844,0,個人,2012-08-05,0
A012845,0,個人,2011-03-31,0
A012846,0,個人,2008-10-12,0
A012847,0,個人,2019-05-20,0
A012848,0,個人,2013-01-29,0
A012849,0,個人,2021-03-01,0
A012850,0,個人,2024-10-15,0
A012851,0,個人,2024-07-17,0
A012852,0,個人,2015-05-16,0
A012853,0,個人,2024-11-22,0
A012854,0,個人,2024-05-21,0
A012855,0,個人,2017-03-06,0
A012856,0,個人,2013-10-12,0
A012857,0,個人,2017-08-20,0
A012858,0,個人,2024-05-21,0
A012859,0,個人,2008-05-02,0
A012860,0,個人,2010-06-19,0
A012861,0,個人,2022-12-08,0
A012862,0,個人,2019-07-09,0
A012863,0,個人,2007-11-24,0
A012864,0,個人,2012-01-18,0
A012865,0,個人,2007-11-21,0
A012866,0,個人,2018-07-11,0
A012867,0,個人,2012-05-15,0
A012868,0,個人,2014-07-01,0
A012869,0,個人,2010-03-28,0
A012870,0,個人,2018-09-22,0
A012871,0,個人,2013-02-05,0
A012872,0,個人,2021-07-14,0
A012873,0,個人,2019-04-14,0
A012874,0,個人,2024-09-11,0
A012875,0,個人,2010-05-18,0
A012876,0,個人,2012-12-19,0
A012877,0,個人,2007-11-09,0
A012878,0,個人,2007-05-06,0
A012879,0,個人,2021-10-14,0
A012880,0,個人,2008-11-30,0
A012881,0,個人,2024-05-24,0
A012882,0,個人,2020-03-03,0
A012883,0,個人,2012-08-11,0
A012884,0,個人,2017-05-03,0
A012885,0,個人,2016-07-24,0
A012886,0,個人,2010-04-04,0
A012887,0,個人,2012-06-19,0
A012888,0,個人,2019-12-31,0
A012889,0,個人,2018-10-06,0
A012890,0,個人,2007-01-21,0
A012891,0,個人,2017-10-14,0
A012892,0,個人,2019-01-15,0
A012893,0,個人,2011-08-01,0
A012894,0,個人,2023-01-17,0
A012895,0,個人,2006-02-28,0
A012896,0,個人,2011-05-23,0
A012897,0,個人,2018-12-29,0
A012898,0,個人,2016-11-17,0
A012899,0,個人,2009-12-01,0
A012900,0,個人,2006-09-15,0
A012901,0,個人,2010-12-18,0
A012902,0,個人,2010-08-27,0
A012903,0,個人,2014-07-10,0
A012904,0,個人,2013-06-15,0
A012905,0,個人,2017-08-10,0
A012906,0,個人,2009-03-17,0
A012907,0,個人,2019-10-24,0
A012909,0,個人,2013-09-17,0
A012910,0,個人,2017-06-11,0
A012911,0,個人,2006-07-19,0
A012912,0,個人,2022-04-05,0
A012913,0,個人,2008-03-09,0
A012914,0,個人,2020-07-12,0
A012915,0,個人,2024-05-30,0
A012916,0,個人,2019-08-31,0
A012917,0,個人,2021-10-04,0
A012918,0,個人,2024-08-04,0
A012919,0,個人,2012-05-31,0
A012920,0,個人,2020-10-19,0
A012921,0,個人,2024-11-28,0
A012922,0,個人,2010-01-17,0
A012923,0,個人,2018-03-08,0
A012924,0,個人,2020-02-06,0
A012925,0,個人,2009-12-04,0
A012926,0,個人,2023-01-25,0
A012927,0,個人,2024-02-07,0
A012928,0,個人,2024-01-05,0
A012929,0,個人,2010-04-15,0
A012930,0,個人,2006-06-24,0
A012931,0,個人,2016-11-19,0
A012932,0,個人,2018-12-24,0
A012933,0,個人,2011-09-15,0
A012934,0,個人,2009-01-20,0
A012935,0,個人,2011-08-09,0
A012936,0,個人,2020-04-25,0
A012937,0,個人,2009-09-02,0
A012938,0,個人,2024-07-15,0
A012939,0,個人,2015-03-11,0
A012940,0,個人,2018-03-16,0
A012941,0,個人,2023-04-17,0
A012942,0,個人,2012-11-01,0
A012943,0,個人,2023-09-18,0
A012944,0,個人,2019-03-01,0
A012945,0,個人,2018-07-11,0
A012946,0,個人,2007-12-04,0
A012947,0,個人,2009-06-30,0
A012948,0,個人,2024-08-06,0
A012949,0,個人,2010-08-01,0
A012950,0,個人,2013-12-19,0
A012951,0,個人,2018-07-13,0
A012952,0,個人,2020-11-08,0
A012954,0,個人,2021-02-07,0
A012955,0,個人,2006-06-29,0
A012956,0,個人,2011-12-02,0
A012957,0,個人,2023-05-09,0
A012958,0,個人,2015-11-06,0
A012959,0,個人,2009-07-31,0
A012960,0,個人,2006-03-01,0
A012961,0,個人,2015-02-26,0
A012962,0,個人,2017-09-27,0
A012963,0,個人,2006-11-16,0
A012964,0,個人,2024-07-16,0
A012965,0,個人,2015-06-01,0
A012966,0,個人,2006-11-21,0
A012967,0,個人,2006-02-12,0
A012968,0,個人,2019-06-24,0
A012969,0,個人,2010-10-18,0
A012970,0,個人,2023-09-10,0
A012971,0,個人,2013-07-29,0
A012972,0,個人,2024-08-21,0
A012973,0,個人,2016-08-19,0
A012974,0,個人,2006-04-10,0
A012975,0,個人,2007-03-14,0
A012976,0,個人,2015-11-05,0
A012977,0,個人,2007-10-10,0
A012978,0,個人,2012-08-22,0
A012979,0,個人,2014-06-05,0
A012980,0,個人,2015-07-23,0
A012981,0,個人,2006-08-27,0
A012982,0,個人,2020-02-25,0
A012983,0,個人,2018-06-28,0
A012984,0,個人,2018-07-04,0
A012985,0,個人,2014-01-26,0
A012986,0,個人,2014-12-12,0
A012988,0,個人,2014-01-02,0
A012990,0,個人,2011-12-07,0
A012991,0,個人,2016-01-07,0
A012992,0,個人,2008-04-01,0
A012993,0,個人,2010-04-07,0
A012994,0,個人,2015-08-07,0
A012995,0,個人,2008-04-22,0
A012996,0,個人,2014-03-14,0
A012997,0,個人,2011-01-16,0
A012998,0,個人,2019-06-08,0
A012999,0,個人,2019-07-26,0
A013000,0,個人,2016-08-30,0
A013001,0,個人,2024-06-06,0
A013002,0,個人,2016-11-19,0
A013003,0,個人,2019-07-25,0
A013004,0,個人,2023-07-04,0
A013005,0,個人,2024-07-03,0
A013006,0,個人,2015-08-31,0
A013007,0,個人,2024-02-16,0
A013008,0,個人,2021-12-24,0
A013009,0,個人,2009-11-22,0
A013010,0,個人,2024-01-04,0
A013011,0,個人,2014-08-13,0
A013012,0,個人,2018-05-09,0
A013013,0,個人,2018-09-17,0
A013014,0,個人,2024-06-02,0
A013015,0,個人,2015-06-30,0
A013016,0,個人,2011-02-24,0
A013017,0,個人,2014-01-03,0
A013018,0,個人,2012-09-18,0
A013019,0,個人,2010-05-01,0
A013020,0,個人,2012-12-07,0
A013021,0,個人,2010-12-09,0
A013022,0,個人,2022-08-16,0
A013023,0,個人,2014-01-14,0
A013024,0,個人,2021-08-11,0
A013025,0,個人,2010-02-25,0
A013026,0,個人,2021-05-19,0
A013027,0,個人,2011-04-10,0
A013028,0,個人,2023-11-06,0
A013029,0,個人,2012-08-15,0
A013030,0,個人,2023-09-26,0
A013031,0,個人,2007-07-11,0
A013032,0,個人,2013-01-14,0
A013033,0,個人,2023-01-21,0
A013034,0,個人,2014-05-01,0
A013035,0,個人,2017-08-05,0
A013036,0,個人,2021-05-14,0
A013037,0,個人,2012-04-05,0
A013038,0,個人,2016-05-19,0
A013040,0,個人,2023-01-20,0
A013041,0,個人,2015-07-18,0
A013042,0,個人,2022-02-27,0
A013043,0,個人,2019-10-21,0
A013044,0,個人,2019-10-17,0
A013045,0,個人,2010-06-04,0
A013046,0,個人,2021-08-01,0
A013047,0,個人,2023-04-19,0
A013048,0,個人,2019-08-05,0
A013049,0,個人,2007-08-26,0
A013050,0,個人,2009-12-23,0
A013051,0,個人,2012-05-31,0
A013052,0,個人,2021-11-22,0
A013053,0,個人,2016-09-12,0
A013054,0,個人,2006-11-26,0
A013055,0,個人,2019-05-15,0
A013056,0,個人,2015-03-23,0
A013057,0,個人,2006-12-24,0
A013058,0,個人,2016-10-08,0
A013059,0,個人,2012-09-14,0
A013060,0,個人,2015-07-19,0
A013061,0,個人,2006-07-19,0
A013062,0,個人,2009-04-17,0
A013063,0,個人,2018-07-03,0
A013064,0,個人,2015-05-20,0
A013065,0,個人,2009-06-08,0
A013066,0,個人,2021-07-02,0
A013067,0,個人,2014-08-08,0
A013068,0,個人,2022-01-28,0
A013069,0,個人,2023-11-14,0
A013070,0,個人,2016-07-22,0
A013071,0,個人,2019-12-09,0
A013072,0,個人,2013-05-20,0
A013073,0,個人,2007-08-09,0
A013074,0,個人,2008-06-12,0
A013075,0,個人,2016-02-17,0
A013076,0,個人,2023-01-13,0
A013077,0,個人,2022-04-02,0
A013078,0,個人,2017-11-28,0
A013079,0,個人,2009-05-04,0
A013080,0,個人,2011-07-29,0
A013081,0,個人,2017-09-22,0
A013082,0,個人,2010-03-11,0
A013083,0,個人,2015-01-11,0
A013084,0,個人,2014-03-09,0
A013085,0,個人,2014-06-22,0
A013086,0,個人,2021-02-03,0
A013087,0,個人,2019-06-29,0
A013088,0,個人,2009-09-11,0
A013089,0,個人,2021-10-01,0
A013090,0,個人,2007-11-19,0
A013091,0,個人,2021-07-17,0
A013092,0,個人,2017-07-30,0
A013093,0,個人,2017-06-12,0
A013094,0,個人,2009-05-27,0
A013095,0,個人,2016-09-25,0
A013096,0,個人,2014-11-12,0
A013097,0,個人,2011-06-06,0
A013098,0,個人,2007-08-05,0
A013099,0,個人,2008-07-17,0
A013100,0,個人,2019-03-04,0
A013101,0,個人,2019-05-27,0
A013102,0,個人,2016-10-20,0
A013103,0,個人,2019-04-18,0
A013104,0,個人,2014-05-10,0
A013105,0,個人,2013-07-18,0
A013106,0,個人,2024-07-07,0
A013107,0,個人,2023-11-07,0
A013108,0,個人,2016-02-24,0
A013109,0,個人,2020-08-24,0
A013110,0,個人,2007-03-21,0
A013111,0,個人,2022-07-18,0
A013112,0,個人,2006-08-26,0
A013113,0,個人,2011-12-04,0
A013114,0,個人,2007-04-15,0
A013115,0,個人,2023-11-04,0
A013116,0,個人,2017-06-11,0
A013117,0,個人,2019-11-14,0
A013118,0,個人,2013-03-26,0
A013119,0,個人,2024-09-16,0
A013120,0,個人,2013-01-25,0
A013121,0,個人,2009-04-16,0
A013122,0,個人,2020-01-29,0
A013123,0,個人,2010-07-27,0
A013124,0,個人,2011-05-21,0
A013125,0,個人,2012-05-22,0
A013126,0,個人,2008-11-06,0
A013127,0,個人,2018-02-21,0
A013128,0,個人,2020-07-12,0
A013129,0,個人,2010-10-14,0
A013130,0,個人,2012-09-23,0
A013131,0,個人,2021-05-31,0
A013132,0,個人,2023-05-24,0
A013138,0,個人,2017-05-08,443
A013139,0,個人,2011-10-09,12
A013150,0,個人,2010-03-20,18
A013152,0,個人,2013-08-02,1147
A013161,0,個人,2019-08-13,2
A013164,0,個人,2010-10-11,345
A013165,0,個人,2021-04-10,658
A013167,0,個人,2013-07-03,60
A013169,0,個人,2009-05-17,926
A013175,0,個人,2013-03-26,33
A013176,0,個人,2007-02-17,0
A013185,0,個人,2015-05-05,41
A013187,0,個人,2024-07-27,579
A013189,0,個人,2022-12-06,462
A013191,0,個人,2012-04-27,21
A013196,0,個人,2019-12-10,4
A013205,0,個人,2022-05-27,42
A013209,0,個人,2011-01-08,22
A013217,0,個人,2011-12-05,18
A013218,0,個人,2017-10-01,19
A013219,0,個人,2010-07-07,1126
A013223,0,個人,2012-11-07,354
A013224,0,個人,2022-07-22,17
A013225,0,個人,2012-12-20,1391
A013232,0,個人,2015-11-02,793
A013236,0,個人,2019-11-01,26
A013238,0,個人,2020-12-22,619
A013241,0,個人,2006-04-02,28
A013254,0,個人,2015-04-14,1406
A013258,0,個人,2007-07-08,1163
A013268,0,個人,2015-12-25,232
A013273,0,個人,2021-01-21,11
A013281,0,個人,2021-02-27,381
A013284,0,個人,2008-10-31,1108
A013285,0,個人,2023-08-08,1090
A013286,0,個人,2024-04-06,4
A013287,0,個人,2012-04-11,17
A013289,0,個人,2020-07-23,45
A013296,0,個人,2009-04-22,26
A013299,0,個人,2015-07-07,21
A013307,0,個人,2006-07-30,43
A013310,0,個人,2011-04-28,1371
A013312,0,個人,2015-10-09,1320
A013317,0,個人,2024-02-05,23
A013327,0,個人,2007-11-13,38
A013332,0,個人,2020-12-21,51
A013336,0,個人,2020-02-10,383
A013337,0,個人,2016-12-24,55
A013342,0,個人,2015-07-15,17
A013344,0,個人,2015-07-27,989
A013345,0,個人,2018-04-12,298
A013348,0,個人,2011-12-14,10
A013352,0,個人,2016-02-03,1337
A013356,0,個人,2007-09-24,250
A013362,0,個人,2006-01-29,1233
A013365,0,個人,2015-04-28,0
A013374,0,個人,2024-05-20,32
A013375,0,個人,2015-03-26,1068
A013377,0,個人,2017-11-24,466
A013378,0,個人,2019-05-07,927
A013379,0,個人,2014-08-14,39
A013383,0,個人,2020-01-20,272
A013385,0,個人,2018-01-04,12
A013389,0,個人,2022-04-01,7
A013391,0,個人,2018-09-26,39
A013400,0,個人,2021-04-25,18
A013404,0,個人,2020-02-08,718
A013405,0,個人,2011-11-13,1
A013410,0,個人,2022-01-03,59
A013413,0,個人,2024-02-11,33
A013416,0,個人,2015-12-01,895
A013417,0,個人,2016-07-29,11
A013423,0,個人,2009-06-14,28
A013424,0,個人,2017-10-05,832
A013429,0,個人,2013-10-30,484
A013432,0,個人,2023-11-27,49
A013436,0,個人,2024-11-08,14
A013442,0,個人,2016-05-12,531
A013443,0,個人,2015-05-27,15
A013445,0,個人,2022-01-10,30
A013452,0,個人,2011-08-22,49
A013453,0,個人,2006-07-03,35
A013461,0,個人,2008-11-29,20
A013463,0,個人,2017-02-08,954
A013469,0,個人,2013-07-22,48
A013472,0,個人,2014-02-22,953
A013473,0,個人,2020-07-12,814
A013476,0,個人,2010-08-30,15
A013478,0,個人,2016-08-04,15
A013479,0,個人,2009-11-30,47
A013488,0,個人,2011-10-23,1258
A013490,0,個人,2017-03-05,41
A013492,0,個人,2019-09-13,15
A013495,0,個人,2016-08-19,532
A013496,0,個人,2018-10-29,784
A013499,0,個人,2014-09-02,17
A013503,0,個人,2009-06-24,42
A013504,0,個人,2018-01-11,1414
A013511,0,個人,2017-08-12,9
A013514,0,個人,2015-12-30,0
A013517,0,個人,2020-09-08,884
A013518,0,個人,2009-06-23,852
A013520,0,個人,2011-08-17,1464
A013523,0,個人,2018-07-26,16
A013529,0,個人,2017-11-21,1264
A013537,0,個人,2011-01-01,190
A013538,0,個人,2010-10-18,24
A013548,0,個人,2019-04-02,1106
A013552,0,個人,2023-12-19,661
A013554,0,個人,2011-02-01,47
A013556,0,個人,2020-01-03,18
A013561,0,個人,2012-11-07,36
A013564,0,個人,2007-11-17,57
A013565,0,個人,2015-03-08,49
A013571,0,個人,2023-04-30,383
A013573,0,個人,2009-09-13,351
A013576,0,個人,2023-07-14,6
A013603,0,個人,2022-08-29,13
A013614,0,個人,2021-04-16,659
A013616,0,個人,2016-09-13,5
A013621,0,個人,2018-11-10,19
A013624,0,個人,2023-05-29,45
A013626,0,個人,2023-10-03,1499
A013638,0,個人,2007-03-20,41
A013643,0,個人,2007-10-10,41
A013644,0,個人,2021-12-13,60
A013649,0,個人,2020-08-02,38
A013650,0,個人,2016-02-27,1098
A013652,0,個人,2016-12-27,51
A013654,0,個人,2020-12-12,45
A013659,0,個人,2010-06-11,1073
A013663,0,個人,2012-07-30,41
A013669,0,個人,2011-02-07,1236
A013676,0,個人,2016-11-28,48
A013677,0,個人,2020-08-15,1389
A013679,0,個人,2016-02-27,2
A013680,0,個人,2006-06-26,1280
A013683,0,個人,2018-01-14,4
A013684,0,個人,2014-11-22,1275
A013690,0,個人,2024-07-04,49
A013694,0,個人,2023-02-20,22
A013697,0,個人,2017-09-21,1
A013698,0,個人,2017-04-18,24
A013700,0,個人,2021-10-10,1108
A013702,0,個人,2017-10-15,34
A013703,0,個人,2022-06-30,420
A013705,0,個人,2007-06-01,58
A013708,0,個人,2023-02-18,468
A013709,0,個人,2010-01-26,7
A013718,0,個人,2020-01-09,34
A013719,0,個人,2012-02-01,259
A013720,0,個人,2006-10-28,1252
A013726,0,個人,2018-03-24,245
A013734,0,個人,2023-06-18,2
A013736,0,個人,2016-06-18,309
A013741,0,個人,2020-04-11,19
A013743,0,個人,2009-10-05,29
A013747,0,個人,2016-01-29,24
A013751,0,個人,2020-04-18,768
A013755,0,個人,2016-01-17,1431
A013756,0,個人,2008-10-11,32
A013757,0,個人,2020-01-30,901
A013758,0,個人,2022-03-09,10
A013760,0,個人,2006-12-07,21
A013762,0,個人,2008-04-29,687
A013763,0,個人,2009-06-21,416
A013764,0,個人,2024-03-17,45
A013766,0,個人,2009-09-08,25
A013772,0,個人,2006-11-12,0
A013778,0,個人,2012-09-12,1245
A013779,0,個人,2018-11-18,1290
A013785,0,個人,2017-11-28,32
A013802,0,個人,2024-01-06,6
A013804,0,個人,2006-04-04,810
A013805,0,個人,2010-06-22,54
A013809,0,個人,2008-10-09,1453
A013812,0,個人,2006-04-24,25
A013813,0,個人,2020-10-02,756
A013820,0,個人,2011-12-26,9
A013830,0,個人,2010-02-09,28
A013833,0,個人,2017-03-31,26
A013836,0,個人,2008-11-22,23
A013846,0,個人,2011-04-06,955
A013847,0,個人,2015-02-13,53
A013849,0,個人,2009-01-14,6
A013851,0,個人,2019-12-01,27
A013852,0,個人,2018-08-26,14
A013853,0,個人,2021-08-20,28
A013863,0,個人,2017-10-17,16
A013871,0,個人,2016-08-16,45
A013872,0,個人,2023-05-09,54
A013877,0,個人,2018-06-21,39
A013882,0,個人,2013-01-02,37
A013884,0,個人,2024-06-28,52
A013885,0,個人,2015-02-05,1389
A013893,0,個人,2015-06-03,2
A013895,0,個人,2010-04-05,16
A013901,0,個人,2009-04-21,39
A013904,0,個人,2024-04-06,49
A013905,0,個人,2019-10-17,46
A013912,0,個人,2011-08-24,313
A013922,0,個人,2020-01-11,39
A013926,0,個人,2006-08-09,24
A013930,0,個人,2015-12-01,55
A013938,0,個人,2011-01-24,255
A013943,0,個人,2024-05-21,50
A013956,0,個人,2021-03-20,46
A013957,0,個人,2006-07-18,58
A013959,0,個人,2022-05-19,841
A013964,0,個人,2006-08-16,33
A013968,0,個人,2008-09-22,294
A013969,0,個人,2017-10-21,18
A013971,0,個人,2012-03-01,39
A013972,0,個人,2010-06-20,52
A013975,0,個人,2018-12-24,10
A013983,0,個人,2006-12-28,30
A013987,0,個人,2012-12-07,298
A013996,0,個人,2013-12-23,894
A014001,0,個人,2012-09-28,53
A014005,0,個人,2008-04-19,984
A014006,0,個人,2010-03-06,3
A014007,0,個人,2016-08-27,297
A014015,0,個人,2009-02-27,0
A014022,0,個人,2008-12-01,19
A014023,0,個人,2016-11-21,466
A014027,0,個人,2008-07-08,636
A014028,0,個人,2020-05-02,1016
A014029,0,個人,2014-02-22,0
A014037,0,個人,2015-03-10,48
A014039,0,個人,2013-07-01,23
A014041,0,個人,2011-03-12,31
A014047,0,個人,2011-12-26,34
A014048,0,個人,2006-06-18,18
A014049,0,個人,2012-09-29,21
A014051,0,個人,2020-02-08,42
A014059,0,個人,2016-11-10,28
A014064,0,個人,2015-12-17,14
A014065,0,個人,2010-09-28,25
A014068,0,個人,2022-05-30,251
A014071,0,個人,2009-09-03,57
A014074,0,個人,2006-04-20,46
A014084,0,個人,2017-01-08,904
A014094,0,個人,2020-10-20,800
A014095,0,個人,2014-05-26,15
A014096,0,個人,2016-03-23,42
A014098,0,個人,2020-02-01,858
A014109,0,個人,2006-08-30,1131
A014111,0,個人,2016-04-13,1396
A014113,0,個人,2015-01-10,1396
A014114,0,個人,2017-01-24,1248
A014117,0,個人,2019-09-16,737
A014120,0,個人,2006-01-21,1089
A014131,0,個人,2024-09-11,952
A014140,0,個人,2014-03-20,29
A014144,0,個人,2007-12-27,1189
A014148,0,個人,2012-07-31,307
A014150,0,個人,2017-06-24,951
A014152,0,個人,2016-01-24,411
A014155,0,個人,2010-07-17,1122
A014156,0,個人,2009-06-06,32
A014159,0,個人,2014-02-12,624
A014160,0,個人,2017-07-04,6
A014162,0,個人,2015-03-09,991
A014164,0,個人,2019-11-30,7
A014166,0,個人,2022-05-11,36
A014169,0,個人,2024-08-03,19
A014171,0,個人,2013-01-13,12
A014172,0,個人,2014-05-17,47
A014175,0,個人,2017-02-08,4
A014179,0,個人,2016-12-03,16
A014181,0,個人,2008-02-07,46
A014183,0,個人,2006-03-11,10
A014188,0,個人,2017-11-27,35
A014194,0,個人,2019-01-15,60
A014195,0,個人,2020-01-12,59
A014203,0,個人,2020-12-22,736
A014204,0,個人,2023-03-27,56
A014207,0,個人,2022-09-02,1208
A014219,0,個人,2014-02-04,1254
A014222,0,個人,2016-02-18,25
A014229,0,個人,2011-05-20,8
A014231,0,個人,2016-09-15,5
A014235,0,個人,2008-07-05,1361
A014242,0,個人,2014-10-08,1427
A014245,0,個人,2018-05-14,1425
A014246,0,個人,2010-04-15,13
A014249,0,個人,2007-03-07,22
A014251,0,個人,2024-12-04,25
A014258,0,個人,2023-07-27,60
A014259,0,個人,2008-12-30,7
A014263,0,個人,2011-02-27,8
A014264,0,個人,2023-08-24,20
A014271,0,個人,2020-12-15,60
A014272,0,個人,2018-05-07,1343
A014275,0,個人,2021-10-07,606
A014279,0,個人,2011-03-12,1146
A014281,0,個人,2012-07-23,5
A014291,0,個人,2014-03-19,13
A014292,0,個人,2012-03-18,2
A014295,0,個人,2019-12-14,1462
A014296,0,個人,2008-05-19,55
A014297,0,個人,2022-11-02,864
A014299,0,個人,2013-01-09,568
A014301,0,個人,2023-12-05,14
A014302,0,個人,2009-05-23,26
A014306,0,個人,2008-06-01,1321
A014308,0,個人,2016-08-11,0
A014309,0,個人,2018-02-12,1471
A014315,0,個人,2014-05-11,15
A014318,0,個人,2016-02-18,49
A014320,0,個人,2020-04-27,56
A014323,0,個人,2009-08-17,14
A014324,0,個人,2018-04-30,1277
A014326,0,個人,2024-10-06,54
A014338,0,個人,2017-09-16,1002
A014340,0,個人,2022-06-27,11
A014341,0,個人,2007-09-14,29
A014343,0,個人,2010-07-29,50
A014345,0,個人,2010-04-14,17
A014349,0,個人,2016-02-28,652
A014357,0,個人,2008-09-29,13
A014360,0,個人,2017-11-24,37
A014361,0,個人,2015-03-31,10
A014363,0,個人,2007-08-11,58
A014368,0,個人,2017-10-13,6
A014370,0,個人,2022-10-14,258
A014373,0,個人,2015-08-15,473
A014375,0,個人,2010-12-06,60
A014377,0,個人,2009-09-20,399
A014380,0,個人,2008-05-05,2
A014386,0,個人,2014-01-03,35
A014388,0,個人,2006-07-01,34
A014389,0,個人,2023-03-05,55
A014391,0,個人,2010-01-09,271
A014392,0,個人,2018-10-08,27
A014406,0,個人,2024-04-21,7
A014412,0,個人,2007-07-13,272
A014417,0,個人,2017-10-04,668
A014418,0,個人,2015-12-21,25
A014420,0,個人,2013-03-29,37
A014421,0,個人,2023-10-29,33
A014424,0,個人,2015-01-30,55
A014425,0,個人,2012-12-09,42
A014426,0,個人,2010-04-25,1268
A014429,0,個人,2010-07-12,13
A014431,0,個人,2014-11-10,6
A014436,0,個人,2021-01-11,54
A014442,0,個人,2009-03-13,28
A014443,0,個人,2007-12-06,822
A014446,0,個人,2022-12-11,6
A014452,0,個人,2009-09-24,5
A014453,0,個人,2009-11-18,24
A014454,0,個人,2022-06-07,11
A014455,0,個人,2013-12-12,712
A014457,0,個人,2013-01-16,689
A014458,0,個人,2006-03-25,10
A014471,0,個人,2021-05-25,27
A014472,0,個人,2009-01-11,60
A014476,0,個人,2023-10-07,1020
A014481,0,個人,2019-10-22,26
A014488,0,個人,2019-03-30,54
A014490,0,個人,2013-12-19,0
A014491,0,個人,2012-02-07,6
A014493,0,個人,2008-11-30,609
A014494,0,個人,2023-02-11,608
A014495,0,個人,2014-12-19,19
A014499,0,個人,2008-01-30,427
A014501,0,個人,2024-04-17,1209
A014513,0,個人,2006-07-29,20
A014517,0,個人,2006-09-07,36
A014519,0,個人,2008-03-30,1477
A014520,0,個人,2023-01-28,282
A014526,0,個人,2015-09-24,18
A014532,0,個人,2024-06-22,0
A014534,0,個人,2015-06-24,1150
A014536,0,個人,2008-12-22,18
A014537,0,個人,2017-07-09,1140
A014550,0,個人,2007-12-18,48
A014551,0,個人,2018-09-23,24
A014554,0,個人,2007-07-31,28
A014558,0,個人,2008-11-30,1064
A014564,0,個人,2021-04-01,911
A014565,0,個人,2019-05-17,11
A014567,0,個人,2015-06-30,42
A014573,0,個人,2011-02-03,50
A014587,0,個人,2014-11-10,1125
A014589,0,個人,2009-06-23,207
A014590,0,個人,2020-07-20,43
A014591,0,個人,2018-10-13,493
A014597,0,個人,2018-08-29,32
A014605,0,個人,2011-04-23,48
A014607,0,個人,2007-04-14,770
A014610,0,個人,2013-05-23,22
A014613,0,個人,2023-06-20,36
A014620,0,個人,2015-10-23,13
A014624,0,個人,2017-07-05,13
A014625,0,個人,2013-05-23,28
A014630,0,個人,2019-11-16,23
A014636,0,個人,2010-10-22,0
A014641,0,個人,2020-07-29,36
A014644,0,個人,2013-07-13,1346
A014647,0,個人,2022-10-23,47
A014651,0,個人,2022-03-03,1110
A014652,0,個人,2024-11-17,1037
A014653,0,個人,2018-08-27,0
A014657,0,個人,2011-08-14,749
A014658,0,個人,2010-12-29,8
A014662,0,個人,2009-06-01,18
A014664,0,個人,2009-07-31,12
A014671,0,個人,2015-04-23,22
A014673,0,個人,2014-04-25,664
A014674,0,個人,2017-07-26,834
A014677,0,個人,2008-11-17,42
A014680,0,個人,2008-01-27,871
A014685,0,個人,2021-01-03,8
A014694,0,個人,2007-12-21,12
A014698,0,個人,2008-06-05,278
A014705,0,個人,2009-05-17,46
A014710,0,個人,2020-01-16,36
A014711,0,個人,2020-02-23,37
A014714,0,個人,2019-03-11,1
A014719,0,個人,2019-12-01,585
A014722,0,個人,2024-06-03,35
A014725,0,個人,2019-10-19,555
A014735,0,個人,2010-07-14,1184
A014741,0,個人,2022-09-26,35
A014743,0,個人,2019-08-15,19
A014748,0,個人,2016-01-22,0
A014759,0,個人,2006-03-05,46
A014760,0,個人,2009-05-18,45
A014763,0,個人,2010-05-12,6
A014764,0,個人,2015-02-20,552
A014773,0,個人,2019-07-06,29
A014776,0,個人,2009-08-05,847
A014783,0,個人,2012-09-23,37
A014791,0,個人,2013-03-29,858
A014796,0,個人,2022-05-13,758
A014797,0,個人,2024-11-23,43
A014800,0,個人,2017-10-07,35
A014803,0,個人,2022-02-15,36
A014804,0,個人,2012-10-24,12
A014812,0,個人,2012-07-11,50
A014817,0,個人,2010-06-23,890
A014820,0,個人,2021-10-06,53
A014821,0,個人,2012-06-09,35
A014826,0,個人,2007-11-22,48
A014830,0,個人,2014-01-02,25
A014835,0,個人,2015-06-14,51
A014839,0,個人,2024-06-10,38
A014841,0,個人,2020-11-18,18
A014843,0,個人,2014-12-19,560
A014844,0,個人,2024-02-16,437
A014846,0,個人,2024-02-03,31
A014848,0,個人,2007-08-08,52
A014851,0,個人,2016-01-23,37
A014853,0,個人,2007-04-16,10
A014856,0,個人,2022-02-21,1093
A014858,0,個人,2006-09-26,274
A014860,0,個人,2023-10-04,35
A014862,0,個人,2008-09-18,330
A014867,0,個人,2013-06-10,44
A014876,0,個人,2016-03-10,40
A014878,0,個人,2011-01-28,13
A014880,0,個人,2016-02-22,31
A014882,0,個人,2016-01-22,38
A014883,0,個人,2017-05-05,767
A014888,0,個人,2009-07-15,1393
A014893,0,個人,2008-12-23,1
A014902,0,個人,2014-08-15,24
A014904,0,個人,2006-02-04,2
A014905,0,個人,2024-04-29,36
A014911,0,個人,2007-03-05,16
A014912,0,個人,2017-06-16,10
A014914,0,個人,2008-09-21,54
A014918,0,個人,2019-04-26,36
A014919,0,個人,2023-05-14,412
A014923,0,個人,2008-03-20,965
A014926,0,個人,2006-12-09,1354
A014927,0,個人,2006-11-28,1229
A014928,0,個人,2024-11-13,476
A014932,0,個人,2013-09-22,34
A014936,0,個人,2013-11-14,5
A014938,0,個人,2016-04-21,534
A014939,0,個人,2022-07-02,5
A014943,0,個人,2016-04-30,1396
A014949,0,個人,2018-02-18,28
A014950,0,個人,2022-05-22,10
A014953,0,個人,2022-10-15,1132
A014962,0,個人,2011-09-06,221
A014963,0,個人,2014-03-31,330
A014965,0,個人,2016-05-04,1492
A014973,0,個人,2008-10-20,1284
A014974,0,個人,2022-01-14,8
A014975,0,個人,2016-03-18,1
A014979,0,個人,2010-03-30,466
A014980,0,個人,2023-03-19,15
A014985,0,個人,2010-05-20,364
A014993,0,個人,2020-12-16,1015
A014994,0,個人,2018-03-27,7
A014995,0,個人,2023-02-12,391
A015003,0,個人,2006-04-30,1409
A015005,0,個人,2006-12-08,16
A015007,0,個人,2017-01-24,591
A015011,0,個人,2019-12-21,35
A015013,0,個人,2006-07-28,55
A015015,0,個人,2020-05-08,325
A015016,0,個人,2015-02-11,796
A015017,0,個人,2008-11-07,23
A015018,0,個人,2012-02-17,6
A015022,0,個人,2014-07-26,19
A015027,0,個人,2006-07-26,1473
A015029,0,個人,2020-12-18,40
A015030,0,個人,2024-07-14,6
A015036,0,個人,2012-10-14,54
A015038,0,個人,2006-02-12,582
A015042,0,個人,2023-01-16,56
A015043,0,個人,2017-09-22,4
A015051,0,個人,2014-08-28,18
A015057,0,個人,2008-12-10,556
A015064,0,個人,2008-08-10,20
A015070,0,個人,2008-11-28,1126
A015072,0,個人,2020-10-31,21
A015075,0,個人,2007-10-02,12
A015077,0,個人,2015-01-17,18
A015078,0,個人,2007-02-26,867
A015094,0,個人,2017-07-07,56
A015098,0,個人,2013-11-16,58
A015104,0,個人,2010-04-19,29
A015105,0,個人,2018-06-14,45
A015114,0,個人,2020-07-02,1500
A015115,0,個人,2020-02-06,1199
A015119,0,個人,2019-04-19,14
A015122,0,個人,2024-10-23,1078
A015123,0,個人,2015-07-20,6
A015128,0,個人,2021-10-12,573
A015131,0,個人,2010-07-03,34
A015138,0,個人,2019-03-24,193
A015145,0,個人,2011-06-22,1232
A015147,0,個人,2023-10-21,41
A015148,0,個人,2019-10-12,46
A015157,0,個人,2010-02-18,43
A015160,0,個人,2014-03-04,47
A015162,0,個人,2015-03-18,975
A015164,0,個人,2024-08-05,1267
A015165,0,個人,2020-03-28,34
A015172,0,個人,2008-12-12,57
A015175,0,個人,2019-05-09,22
A015179,0,個人,2023-12-11,227
A015187,0,個人,2017-10-12,57
A015191,0,個人,2009-03-06,31
A015198,0,個人,2024-05-18,1123
A015203,0,個人,2018-12-01,1403
A015205,0,個人,2020-11-23,15
A015208,0,個人,2020-10-28,27
A015210,0,個人,2009-11-26,57
A015212,0,個人,2023-01-26,1408
A015213,0,個人,2020-12-27,7
A015214,0,個人,2009-09-08,1102
A015220,0,個人,2020-03-24,41
A015221,0,個人,2013-05-21,1239
A015229,0,個人,2018-03-17,240
A015231,0,個人,2024-03-26,1415
A015234,0,個人,2010-03-20,1241
A015235,0,個人,2023-01-26,757
A015243,0,個人,2018-08-07,922
A015245,0,個人,2016-11-17,7
A015250,0,個人,2014-06-11,50
A015251,0,個人,2020-09-30,476
A015254,0,個人,2008-03-18,23
A015255,0,個人,2006-10-12,45
A015267,0,個人,2019-11-04,7
A015270,0,個人,2006-07-01,50
A015273,0,個人,2017-10-29,437
A015279,0,個人,2020-10-11,52
A015283,0,個人,2015-11-15,32
A015286,0,個人,2006-09-28,909
A015288,0,個人,2006-05-24,19
A015293,0,個人,2008-11-27,211
A015294,0,個人,2015-09-16,60
A015295,0,個人,2023-05-17,1014
A015296,0,個人,2023-08-28,54
A015297,0,個人,2023-10-15,867
A015300,0,個人,2015-10-09,1
A015301,0,個人,2018-06-25,44
A015303,0,個人,2020-09-27,521
A015306,0,個人,2021-02-11,1413
A015308,0,個人,2010-08-12,881
A015309,0,個人,2009-09-27,46
A015310,0,個人,2021-07-20,1432
A015314,0,個人,2020-05-03,878
A015316,0,個人,2011-10-10,346
A015318,0,個人,2012-11-14,1221
A015328,0,個人,2010-09-03,1076
A015333,0,個人,2023-01-19,0
A015334,0,個人,2009-05-23,0
A015335,0,個人,2016-02-24,0
A015336,0,個人,2006-12-20,0
A015337,0,個人,2014-02-18,0
A015338,0,個人,2021-04-06,0
A015339,0,個人,2008-08-31,0
A015340,0,個人,2022-07-09,0
A015341,0,個人,2010-02-19,0
A015342,0,個人,2019-05-12,0
A015343,0,個人,2012-07-13,0
A015344,0,個人,2006-03-21,0
A015345,0,個人,2022-02-24,0
A015346,0,個人,2006-08-17,0
A015347,0,個人,2019-06-05,0
A015348,0,個人,2020-08-23,0
A015349,0,個人,2006-11-26,0
A015350,0,個人,2021-10-20,0
A015351,0,個人,2012-11-29,0
A015352,0,個人,2013-12-30,0
A015353,0,個人,2020-04-29,0
A015354,0,個人,2018-11-05,0
A015355,0,個人,2024-06-01,0
A015356,0,個人,2008-06-26,0
A015357,0,個人,2023-10-02,0
A015358,0,個人,2006-01-10,0
A015359,0,個人,2019-11-11,0
A015360,0,個人,2006-12-22,0
A015361,0,個人,2018-01-30,0
A015362,0,個人,2016-12-31,0
A015363,0,個人,2006-02-09,0
A015364,0,個人,2013-10-12,0
A015365,0,個人,2009-07-10,0
A015366,0,個人,2020-06-25,0
A015367,0,個人,2014-09-13,0
A015368,0,個人,2017-02-01,0
A015369,0,個人,2010-04-17,0
A015370,0,個人,2023-07-05,0
A015371,0,個人,2023-01-15,0
A015372,0,個人,2015-07-19,0
A015373,0,個人,2008-07-12,0
A015374,0,個人,2011-03-24,0
A015375,0,個人,2023-10-24,0
A015376,0,個人,2015-07-23,0
A015377,0,個人,2009-09-02,0
A015378,0,個人,2016-02-20,0
A015379,0,個人,2010-10-05,0
A015380,0,個人,2014-08-06,0
A015381,0,個人,2014-03-03,0
A015382,0,個人,2012-03-14,0
A015383,0,個人,2017-06-27,0
A015384,0,個人,2020-09-10,0
A015385,0,個人,2017-04-28,0
A015386,0,個人,2022-10-31,0
A015387,0,個人,2021-03-02,0
A015388,0,個人,2015-12-28,0
A015389,0,個人,2022-06-16,0
A015390,0,個人,2017-10-26,0
A015391,0,個人,2007-03-20,0
A015392,0,個人,2021-06-21,0
A015393,0,個人,2021-04-12,0
A015394,0,個人,2006-11-22,0
A015395,0,個人,2010-02-28,0
A015396,0,個人,2010-08-12,0
A015397,0,個人,2016-11-27,0
A015398,0,個人,2023-04-20,0
A015399,0,個人,2008-11-12,0
A015400,0,個人,2023-05-16,0
A015401,0,個人,2008-06-15,0
A015402,0,個人,2011-09-03,0
A015403,0,個人,2013-12-22,0
A015404,0,個人,2017-04-29,0
A015405,0,個人,2017-06-05,0
A015406,0,個人,2023-11-12,0
A015407,0,個人,2008-05-22,0
A015408,0,個人,2013-12-03,0
A015409,0,個人,2021-03-07,0
A015410,0,個人,2010-03-09,0
A015411,0,個人,2018-05-18,0
A015412,0,個人,2008-12-16,0
A015413,0,個人,2018-02-15,0
A015414,0,個人,2012-11-27,0
A015415,0,個人,2016-07-30,0
A015416,0,個人,2016-08-14,0
A015417,0,個人,2014-06-24,0
A015418,0,個人,2008-04-12,0
A015419,0,個人,2023-05-25,0
A015420,0,個人,2016-01-05,0
A015421,0,個人,2015-10-25,0
A015422,0,個人,2018-10-09,0
A015423,0,個人,2010-06-29,0
A015424,0,個人,2017-05-29,0
A015425,0,個人,2020-01-29,0
A015426,0,個人,2009-11-02,0
A015427,0,個人,2012-08-12,0
A015428,0,個人,2015-11-02,0
A015429,0,個人,2012-09-30,0
A015430,0,個人,2014-01-27,0
A015431,0,個人,2009-04-25,0
A015432,0,個人,2019-06-13,0
A015433,0,個人,2008-07-02,0
A015434,0,個人,2018-07-21,0
A015435,0,個人,2011-10-17,0
A015436,0,個人,2017-09-16,0
A015437,0,個人,2020-10-08,0
A015438,0,個人,2014-11-19,0
A015439,0,個人,2023-11-17,0
A015440,0,個人,2015-06-16,0
A015441,0,個人,2022-09-15,0
A015442,0,個人,2019-12-28,0
A015443,0,個人,2007-03-09,0
A015444,0,個人,2012-12-21,0
A015445,0,個人,2014-05-11,0
A015446,0,個人,2019-10-16,0
A015447,0,個人,2009-03-30,0
A015448,0,個人,2009-01-28,0
A015449,0,個人,2006-01-11,0
A015450,0,個人,2009-01-07,0
A015451,0,個人,2022-06-04,0
A015452,0,個人,2020-08-27,0
A015453,0,個人,2024-05-09,0
A015454,0,個人,2011-12-31,0
A015455,0,個人,2019-02-15,0
A015456,0,個人,2022-05-28,0
A015457,0,個人,2017-02-08,0
A015458,0,個人,2021-10-01,0
A015459,0,個人,2015-09-15,0
A015460,0,個人,2016-02-08,0
A015461,0,個人,2023-07-13,0
A015462,0,個人,2018-03-15,0
A015463,0,個人,2020-10-14,0
A015464,0,個人,2020-09-10,0
A015465,0,個人,2013-06-28,0
A015466,0,個人,2022-03-27,0
A015467,0,個人,2017-02-27,0
A015468,0,個人,2015-12-03,0
A015469,0,個人,2023-07-27,0
A015470,0,個人,2019-10-28,0
A015471,0,個人,2012-10-19,0
A015472,0,個人,2015-06-13,0
A015473,0,個人,2015-01-13,0
A015474,0,個人,2016-01-04,0
A015475,0,個人,2017-03-04,0
A015476,0,個人,2009-04-19,0
A015477,0,個人,2007-09-26,0
A015478,0,個人,2011-04-05,0
A015479,0,個人,2020-02-20,0
A015480,0,個人,2006-01-20,0
A015481,0,個人,2017-12-14,0
A015482,0,個人,2007-08-10,0
A015483,0,個人,2012-07-05,0
A015484,0,個人,2017-03-18,0
A015485,0,個人,2016-06-25,0
A015486,0,個人,2014-10-22,0
A015487,0,個人,2013-02-15,0
A015488,0,個人,2024-08-12,0
A015489,0,個人,2020-01-19,0
A015490,0,個人,2021-02-12,0
A015491,0,個人,2007-05-10,0
A015492,0,個人,2008-04-16,0
A015493,0,個人,2008-11-07,0
A015494,0,個人,2017-03-26,0
A015495,0,個人,2007-05-16,0
A015496,0,個人,2022-07-02,0
A015497,0,個人,2016-06-19,0
A015498,0,個人,2018-01-04,0
A015499,0,個人,2006-01-08,0
A015500,0,個人,2017-09-19,0
A015501,0,個人,2011-06-03,0
A015502,0,個人,2009-02-28,0
A015503,0,個人,2017-03-20,0
A015504,0,個人,2016-04-07,0
A015505,0,個人,2008-12-19,0
A015506,0,個人,2010-09-08,0
A015507,0,個人,2014-03-06,0
A015508,0,個人,2021-08-14,0
A015509,0,個人,2024-01-25,0
A015510,0,個人,2007-01-11,0
A015511,0,個人,2006-01-17,0
A015512,0,個人,2021-07-16,0
A015513,0,個人,2008-12-05,0
A015514,0,個人,2014-03-09,0
A015515,0,個人,2016-05-20,0
A015516,0,個人,2011-12-21,0
A015517,0,個人,2015-08-31,0
A015518,0,個人,2009-03-08,0
A015519,0,個人,2018-02-23,0
A015520,0,個人,2019-10-28,0
A015521,0,個人,2017-03-16,0
A015522,0,個人,2013-08-30,0
A015523,0,個人,2015-01-18,0
A015524,0,個人,2015-09-29,0
A015525,0,個人,2016-06-25,0
A015526,0,個人,2012-01-08,0
A015527,0,個人,2013-11-15,0
A015528,0,個人,2012-12-03,0
A015529,0,個人,2019-06-10,0
A015530,0,個人,2017-01-26,0
A015531,0,個人,2023-06-26,0
A015532,0,個人,2008-08-15,0
A015533,0,個人,2014-07-21,0
A015534,0,個人,2010-03-05,0
A015535,0,個人,2009-10-28,0
A015536,0,個人,2008-06-15,0
A015537,0,個人,2006-04-22,0
A015538,0,個人,2012-06-22,0
A015539,0,個人,2006-10-25,0
A015540,0,個人,2006-01-25,0
A015541,0,個人,2014-01-11,0
A015542,0,個人,2022-06-05,0
A015543,0,個人,2009-01-21,0
A015544,0,個人,2021-07-10,0
A015545,0,個人,2018-07-19,0
A015546,0,個人,2020-09-01,0
A015547,0,個人,2016-06-17,0
A015548,0,個人,2010-07-14,0
A015549,0,個人,2021-07-26,0
A015550,0,個人,2022-03-01,0
A015551,0,個人,2006-11-03,0
A015552,0,個人,2020-09-22,0
A015553,0,個人,2009-02-24,0
A015554,0,個人,2012-12-20,0
A015555,0,個人,2016-12-04,0
A015556,0,個人,2014-12-10,0
A015557,0,個人,2007-05-12,0
A015558,0,個人,2009-08-17,0
A015559,0,個人,2009-07-19,0
A015560,0,個人,2011-03-07,0
A015561,0,個人,2023-02-05,0
A015562,0,個人,2023-12-12,0
A015563,0,個人,2020-09-09,0
A015564,0,個人,2014-08-14,0
A015565,0,個人,2006-02-25,0
A015566,0,個人,2015-01-02,0
A015567,0,個人,2019-06-22,0
A015568,0,個人,2010-08-10,0
A015569,0,個人,2013-08-07,0
A015570,0,個人,2023-05-03,0
A015571,0,個人,2006-06-13,0
A015572,0,個人,2018-03-05,0
A015573,0,個人,2018-06-26,0
A015574,0,個人,2023-09-12,0
A015575,0,個人,2013-07-15,0
A015576,0,個人,2015-01-04,0
A015577,0,個人,2008-02-08,0
A015578,0,個人,2016-03-28,0
A015579,0,個人,2023-02-01,0
A015580,0,個人,2009-04-17,0
A015581,0,個人,2009-10-09,0
A015582,0,個人,2019-11-29,0
A015583,0,個人,2014-10-26,0
A015584,0,個人,2007-09-19,0
A015585,0,個人,2018-03-03,0
A015586,0,個人,2023-02-06,0
A015587,0,個人,2020-01-30,0
A015588,0,個人,2021-10-06,0
A015589,0,個人,2019-01-15,0
A015590,0,個人,2014-04-13,0
A015591,0,個人,2012-05-15,0
A015592,0,個人,2008-12-13,0
A015593,0,個人,2012-12-27,0
A015594,0,個人,2013-06-20,0
A015595,0,個人,2008-05-18,0
A015596,0,個人,2015-10-26,0
A015597,0,個人,2019-01-12,0
A015598,0,個人,2022-03-16,0
A015599,0,個人,2014-01-23,0
A015600,0,個人,2022-08-06,0
A015601,0,個人,2023-08-21,0
A015602,0,個人,2011-06-25,0
A015603,0,個人,2013-12-20,0
A015604,0,個人,2016-03-11,0
A015605,0,個人,2013-12-25,0
A015606,0,個人,2011-05-09,0
A015607,0,個人,2022-10-07,0
A015608,0,個人,2022-07-11,0
A015609,0,個人,2024-11-24,0
A015610,0,個人,2018-07-15,0
A015611,0,個人,2015-07-12,0
A015612,0,個人,2011-07-29,0
A015613,0,個人,2014-11-07,0
A015614,0,個人,2009-10-14,0
A015615,0,個人,2023-04-25,0
A015616,0,個人,2023-05-21,0
A015617,0,個人,2017-10-23,0
A015618,0,個人,2012-05-03,0
A015619,0,個人,2020-01-27,0
A015620,0,個人,2013-12-17,0
A015621,0,個人,2017-02-14,0
A015622,0,個人,2014-11-09,0
A015623,0,個人,2018-12-26,0
A015624,0,個人,2018-01-24,0
A015625,0,個人,2007-07-19,0
A015626,0,個人,2010-05-04,0
A015627,0,個人,2011-01-31,0
A015628,0,個人,2007-06-01,0
A015629,0,個人,2023-09-10,0
A015630,0,個人,2012-02-25,0
A015631,0,個人,2008-03-13,0
A015632,0,個人,2009-10-14,0
A015633,0,個人,2023-04-08,0
A015634,0,個人,2009-05-15,0
A015635,0,個人,2007-03-16,0
A015636,0,個人,2013-03-06,0
A015637,0,個人,2010-08-23,0
A015638,0,個人,2006-01-22,0
A015639,0,個人,2020-04-03,0
A015640,0,個人,2015-06-04,0
A015641,0,個人,2019-07-30,0
A015642,0,個人,2016-03-11,0
A015643,0,個人,2018-01-25,0
A015644,0,個人,2010-07-26,0
A015645,0,個人,2024-08-17,0
A015646,0,個人,2016-08-26,0
A015647,0,個人,2021-12-19,0
A015648,0,個人,2015-10-13,0
A015649,0,個人,2020-02-24,0
A015650,0,個人,2022-01-30,0
A015651,0,個人,2006-07-22,0
A015652,0,個人,2016-03-09,0
A015653,0,個人,2014-11-12,0
A015654,0,個人,2022-02-11,0
A015655,0,個人,2017-03-30,0
A015656,0,個人,2013-12-15,0
A015657,0,個人,2009-01-27,0
A015658,0,個人,2022-09-02,0
A015659,0,個人,2018-08-23,0
A015660,0,個人,2017-06-03,0
A015661,0,個人,2011-10-09,0
A015662,0,個人,2015-10-02,0
A015663,0,個人,2022-09-19,0
A015664,0,個人,2006-03-20,0
A015665,0,個人,2016-04-02,0
A015666,0,個人,2008-05-09,0
A015667,0,個人,2024-04-04,0
A015668,0,個人,2018-04-27,0
A015669,0,個人,2007-09-26,0
A015670,0,個人,2020-12-31,0
A015671,0,個人,2011-03-01,0
A015672,0,個人,2021-03-04,0
A015673,0,個人,2008-02-03,0
A015674,0,個人,2009-03-21,0
A015675,0,個人,2013-11-17,0
A015676,0,個人,2015-12-09,0
A015677,0,個人,2010-02-12,0
A015678,0,個人,2021-10-04,0
A015679,0,個人,2009-08-05,0
A015680,0,個人,2009-10-03,0
A015681,0,個人,2006-10-11,0
A015682,0,個人,2011-01-21,0
A015683,0,個人,2013-12-05,0
A015685,0,個人,2024-03-01,0
A015686,0,個人,2024-11-25,0
A015687,0,個人,2015-10-01,0
A015688,0,個人,2008-03-08,0
A015689,0,個人,2016-04-05,0
A015690,0,個人,2016-07-14,0
A015691,0,個人,2006-09-18,0
A015692,0,個人,2014-01-09,0
A015693,0,個人,2013-10-08,0
A015694,0,個人,2015-05-20,0
A015695,0,個人,2017-09-30,0
A015696,0,個人,2012-01-11,0
A015697,0,個人,2017-04-13,0
A015698,0,個人,2013-12-11,0
A015699,0,個人,2016-04-17,0
A015700,0,個人,2008-03-30,0
A015701,0,個人,2010-06-12,0
A015702,0,個人,2013-12-30,0
A015703,0,個人,2012-04-16,0
A015704,0,個人,2021-11-24,0
A015706,0,個人,2009-03-22,0
A015707,0,個人,2011-06-30,0
A015708,0,個人,2019-12-22,0
A015709,0,個人,2010-06-20,0
A015710,0,個人,2024-09-16,0
A015711,0,個人,2009-03-19,0
A015712,0,個人,2016-01-18,0
A015713,0,個人,2010-01-21,0
A015714,0,個人,2015-08-16,0
A015715,0,個人,2009-09-14,0
A015716,0,個人,2007-04-06,0
A015717,0,個人,2016-01-08,0
A015718,0,個人,2011-07-23,0
A015719,0,個人,2014-05-26,0
A015720,0,個人,2020-02-26,0
A015721,0,個人,2024-11-27,0
A015722,0,個人,2016-10-11,0
A015723,0,個人,2008-06-24,0
A015724,0,個人,2010-12-05,0
A015725,0,個人,2017-09-15,0
A015726,0,個人,2014-12-29,0
A015727,0,個人,2018-08-10,0
A015728,0,個人,2022-03-27,0
A015729,0,個人,2023-05-15,0
A015730,0,個人,2007-03-09,0
A015731,0,個人,2010-09-02,0
A015732,0,個人,2015-11-02,0
A015733,0,個人,2007-01-26,0
A015734,0,個人,2021-11-25,0
A015735,0,個人,2017-08-15,0
A015736,0,個人,2011-01-13,0
A015737,0,個人,2007-09-24,0
A015738,0,個人,2007-02-14,0
A015739,0,個人,2016-07-04,0
A015740,0,個人,2021-02-28,0
A015741,0,個人,2017-05-14,0
A015742,0,個人,2007-12-29,0
A015743,0,個人,2023-09-13,0
A015744,0,個人,2016-10-14,0
A015745,0,個人,2009-07-15,0
A015746,0,個人,2018-10-27,0
A015747,0,個人,2014-07-20,0
A015748,0,個人,2009-03-28,0
A015749,0,個人,2016-10-31,0
A015750,0,個人,2014-02-13,0
A015751,0,個人,2024-09-27,0
A015752,0,個人,2016-02-18,0
A015753,0,個人,2022-12-17,0
A015754,0,個人,2013-05-08,0
A015755,0,個人,2021-08-28,0
A015756,0,個人,2012-06-07,0
A015757,0,個人,2007-02-26,0
A015758,0,個人,2013-01-16,0
A015759,0,個人,2010-05-11,0
A015760,0,個人,2009-07-10,0
A015761,0,個人,2019-05-14,0
A015762,0,個人,2017-08-26,0
A015763,0,個人,2014-10-30,0
A015764,0,個人,2022-07-06,0
A015765,0,個人,2008-01-18,0
A015766,0,個人,2022-06-15,0
A015767,0,個人,2012-07-28,0
A015768,0,個人,2017-05-07,0
A015769,0,個人,2023-07-08,0
A015770,0,個人,2007-11-16,0
A015771,0,個人,2020-07-27,0
A015772,0,個人,2009-04-16,0
A015773,0,個人,2021-09-15,0
A015774,0,個人,2018-12-09,0
A015775,0,個人,2007-05-25,0
A015776,0,個人,2009-12-28,0
A015777,0,個人,2013-08-27,0
A015778,0,個人,2024-03-22,0
A015779,0,個人,2021-08-21,0
A015780,0,個人,2013-04-04,0
A015781,0,個人,2013-11-30,0
A015782,0,個人,2007-08-05,0
A015783,0,個人,2023-01-25,0
A015784,0,個人,2020-06-22,0
A015785,0,個人,2011-11-24,0
A015786,0,個人,2024-05-05,0
A015787,0,個人,2020-01-24,0
A015788,0,個人,2020-12-15,0
A015789,0,個人,2011-12-10,0
A015790,0,個人,2006-02-10,0
A015791,0,個人,2024-02-21,0
A015792,0,個人,2007-01-24,0
A015793,0,個人,2015-10-15,0
A015794,0,個人,2021-11-09,0
A015795,0,個人,2019-11-23,0
A015796,0,個人,2024-10-26,0
A015797,0,個人,2017-07-14,0
A015798,0,個人,2009-10-29,0
A015799,0,個人,2017-04-08,0
A015800,0,個人,2019-05-18,0
A015801,0,個人,2012-01-09,0
A015802,0,個人,2015-04-30,0
A015803,0,個人,2010-07-19,0
A015804,0,個人,2014-07-01,0
A015805,0,個人,2015-04-17,0
A015806,0,個人,2011-06-27,0
A015807,0,個人,2008-04-30,0
A015808,0,個人,2023-12-14,0
A015809,0,個人,2008-01-16,0
A015810,0,個人,2006-06-24,0
A015811,0,個人,2019-05-28,0
A015812,0,個人,2010-03-25,0
A015813,0,個人,2014-12-10,0
A015814,0,個人,2013-10-29,0
A015815,0,個人,2022-12-30,0
A015816,0,個人,2009-06-07,0
A015817,0,個人,2017-05-17,0
A015818,0,個人,2018-08-23,0
A015819,0,個人,2014-12-25,0
A015820,0,個人,2015-06-12,0
A015821,0,個人,2008-09-15,0
A015822,0,個人,2014-03-01,0
A015823,0,個人,2006-02-02,0
A015824,0,個人,2018-11-16,0
A015825,0,個人,2009-10-02,0
A015826,0,個人,2016-12-18,0
A015827,0,個人,2024-08-30,0
A015828,0,個人,2013-08-26,0
A015829,0,個人,2007-03-27,0
A015830,0,個人,2006-03-25,0
A015831,0,個人,2012-02-09,0
A015832,0,個人,2015-09-14,0
A015833,0,個人,2024-12-27,0
A015834,0,個人,2014-07-19,0
A015835,0,個人,2019-07-17,0
A015836,0,個人,2020-04-04,0
A015837,0,個人,2022-06-18,0
A015838,0,個人,2010-12-19,0
A015839,0,個人,2007-07-08,0
A015840,0,個人,2011-02-13,0
A015841,0,個人,2007-10-29,0
A015842,0,個人,2016-05-08,0
A015843,0,個人,2021-09-17,0
A015844,0,個人,2006-03-08,0
A015845,0,個人,2014-06-23,0
A015846,0,個人,2011-09-15,0
A015847,0,個人,2018-02-27,0
A015848,0,個人,2014-12-03,0
A015849,0,個人,2010-04-11,0
A015850,0,個人,2018-04-04,0
A015851,0,個人,2017-05-02,0
A015852,0,個人,2009-02-06,0
A015853,0,個人,2011-08-12,0
A015854,0,個人,2007-09-28,0
A015855,0,個人,2009-06-03,0
A015856,0,個人,2020-08-12,0
A015857,0,個人,2008-08-01,0
A015858,0,個人,2007-05-20,0
A015859,0,個人,2017-09-26,0
A015860,0,個人,2007-07-29,0
A015861,0,個人,2023-07-12,0
A015862,0,個人,2024-05-03,0
A015863,0,個人,2023-11-07,0
A015864,0,個人,2017-11-04,0
A015865,0,個人,2011-02-02,0
A015866,0,個人,2019-09-17,0
A015867,0,個人,2014-03-04,0
A015868,0,個人,2016-01-22,0
A015869,0,個人,2013-08-20,0
A015870,0,個人,2022-12-14,0
A015871,0,個人,2015-11-24,0
A015872,0,個人,2018-08-16,0
A015873,0,個人,2017-03-06,0
A015874,0,個人,2014-02-01,0
A015875,0,個人,2014-02-10,0
A015876,0,個人,2011-03-27,0
A015877,0,個人,2020-01-15,0
A015878,0,個人,2024-11-16,0
A015879,0,個人,2019-09-21,0
A015880,0,個人,2016-04-12,0
A015881,0,個人,2017-11-12,0
A015882,0,個人,2021-12-26,0
A015883,0,個人,2022-05-10,0
A015884,0,個人,2015-06-03,0
A015885,0,個人,2008-06-25,0
A015886,0,個人,2008-03-24,0
A015887,0,個人,2008-10-02,0
A015888,0,個人,2013-07-12,0
A015889,0,個人,2006-03-13,0
A015890,0,個人,2012-12-24,0
A015891,0,個人,2009-06-07,0
A015892,0,個人,2008-08-05,0
A015893,0,個人,2019-02-28,0
A015894,0,個人,2019-12-22,0
A015895,0,個人,2016-08-14,0
A015896,0,個人,2019-06-10,0
A015897,0,個人,2015-11-10,0
A015898,0,個人,2022-05-30,0
A015899,0,個人,2008-04-05,0
A015900,0,個人,2017-03-27,0
A015901,0,個人,2008-10-02,0
A015902,0,個人,2019-03-08,0
A015903,0,個人,2012-09-09,0
A015904,0,個人,2020-07-01,0
A015905,0,個人,2024-04-07,0
A015906,0,個人,2018-08-28,0
A015907,0,個人,2018-07-12,0
A015908,0,個人,2016-07-22,0
A015909,0,個人,2024-04-12,0
A015910,0,個人,2010-04-12,0
A015911,0,個人,2016-03-17,0
A015912,0,個人,2018-01-05,0
A015913,0,個人,2017-04-14,0
A015914,0,個人,2011-04-11,0
A015915,0,個人,2010-07-25,0
A015916,0,個人,2024-10-09,0
A015917,0,個人,2013-09-07,0
A015918,0,個人,2023-01-15,0
A015919,0,個人,2015-01-24,0
A015920,0,個人,2019-11-30,0
A015921,0,個人,2021-01-06,0
A015922,0,個人,2022-08-23,0
A015923,0,個人,2012-06-11,0
A015924,0,個人,2021-01-12,0
A015925,0,個人,2018-11-29,0
A015926,0,個人,2015-04-27,0
A015927,0,個人,2008-06-24,0
A015928,0,個人,2016-11-20,0
A015929,0,個人,2023-04-14,0
A015930,0,個人,2017-02-20,0
A015931,0,個人,2007-05-06,0
A015932,0,個人,2007-04-03,0
A015933,0,個人,2017-01-30,0
A015934,0,個人,2010-02-14,0
A015935,0,個人,2008-09-26,0
A015936,0,個人,2023-11-12,0
A015937,0,個人,2010-03-12,0
A015938,0,個人,2018-05-21,0
A015939,0,個人,2006-09-20,0
A015940,0,個人,2014-02-11,0
A015941,0,個人,2013-05-04,0
A015942,0,個人,2023-02-13,0
A015943,0,個人,2018-10-27,0
A015944,0,個人,2009-04-03,0
A015945,0,個人,2009-07-21,0
A015946,0,個人,2006-11-16,0
A015947,0,個人,2016-03-02,0
A015948,0,個人,2023-03-18,0
A015949,0,個人,2022-09-22,0
A015950,0,個人,2023-09-03,0
A015951,0,個人,2013-06-11,0
A015952,0,個人,2016-04-04,0
A015953,0,個人,2022-03-07,0
A015954,0,個人,2016-12-04,0
A015955,0,個人,2012-10-06,0
A015956,0,個人,2009-01-02,0
A015957,0,個人,2010-05-02,0
A015958,0,個人,2015-10-26,0
A015959,0,個人,2008-07-23,0
A015960,0,個人,2006-07-26,0
A015961,0,個人,2008-09-10,0
A015962,0,個人,2021-03-01,0
A015963,0,個人,2019-06-22,0
A015964,0,個人,2021-09-24,0
A015965,0,個人,2013-09-12,0
A015966,0,個人,2016-06-26,0
A015967,0,個人,2018-03-11,0
A015968,0,個人,2014-03-03,0
A015969,0,個人,2020-02-10,0
A015970,0,個人,2011-07-13,0
A015971,0,個人,2011-08-15,0
A015972,0,個人,2011-02-21,0
A015973,0,個人,2012-06-26,0
A015974,0,個人,2014-10-04,0
A015975,0,個人,2023-10-10,0
A015976,0,個人,2016-05-21,0
A015977,0,個人,2022-08-17,0
A015978,0,個人,2023-11-25,0
A015979,0,個人,2018-11-15,0
A015980,0,個人,2018-09-24,0
A015981,0,個人,2019-09-06,0
A015982,0,個人,2010-03-12,0
A015983,0,個人,2024-08-14,0
A015984,0,個人,2011-12-13,0
A015985,0,個人,2009-03-29,0
A015986,0,個人,2021-08-10,0
A015987,0,個人,2019-10-19,0
A015988,0,個人,2018-04-20,0
A015989,0,個人,2023-10-20,0
A015990,0,個人,2023-06-01,0
A015991,0,個人,2012-12-01,0
A015992,0,個人,2018-07-18,0
A015993,0,個人,2006-07-31,0
A015994,0,個人,2012-01-06,0
A015995,0,個人,2012-10-02,0
A015996,0,個人,2019-12-22,0
A015997,0,個人,2009-11-01,0
A015998,0,個人,2009-10-16,0
A015999,0,個人,2006-08-29,0
A016000,0,個人,2012-01-31,0
A016001,0,個人,2006-11-10,0
A016002,0,個人,2019-05-06,0
A016003,0,個人,2016-04-21,0
A016004,0,個人,2017-10-31,0
A016005,0,個人,2017-10-01,0
A016006,0,個人,2024-07-05,0
A016007,0,個人,2017-11-12,0
A016008,0,個人,2022-07-12,0
A016009,0,個人,2022-12-28,0
A016010,0,個人,2012-07-10,0
A016011,0,個人,2017-09-24,0
A016012,0,個人,2018-03-18,0
A016013,0,個人,2024-04-05,0
A016014,0,個人,2015-05-05,0
A016015,0,個人,2020-10-04,0
A016016,0,個人,2012-02-09,0
A016017,0,個人,2015-04-17,0
A016018,0,個人,2014-09-22,0
A016019,0,個人,2015-06-11,0
A016020,0,個人,2013-07-30,0
A016021,0,個人,2009-06-14,0
A016022,0,個人,2009-11-20,0
A016023,0,個人,2014-08-21,0
A016024,0,個人,2006-06-19,0
A016025,0,個人,2019-10-27,0
A016026,0,個人,2022-03-02,0
A016027,0,個人,2021-04-01,0
A016028,0,個人,2022-02-17,0
A016029,0,個人,2019-03-17,0
A016030,0,個人,2013-07-27,0
A016031,0,個人,2018-09-25,0
A016032,0,個人,2010-08-10,0
A016033,0,個人,2015-02-23,0
A016034,0,個人,2007-04-18,0
A016035,0,個人,2022-01-26,0
A016036,0,個人,2023-08-22,0
A016037,0,個人,2022-01-03,0
A016038,0,個人,2007-03-15,0
A016039,0,個人,2006-04-15,0
A016040,0,個人,2016-09-20,0
A016041,0,個人,2015-08-18,0
A016042,0,個人,2023-02-02,0
A016043,0,個人,2016-01-24,0
A016044,0,個人,2006-05-14,0
A016045,0,個人,2018-08-30,0
A016046,0,個人,2016-12-14,0
A016047,0,個人,2016-10-16,0
A016048,0,個人,2006-02-13,0
A016049,0,個人,2009-09-10,0
A016050,0,個人,2013-12-27,0
A016051,0,個人,2021-05-13,0
A016052,0,個人,2009-12-13,0
A016053,0,個人,2010-07-29,0
A016054,0,個人,2014-10-23,0
A016055,0,個人,2011-11-08,0
A016056,0,個人,2016-04-15,0
A016057,0,個人,2010-10-04,0
A016058,0,個人,2023-03-23,0
A016059,0,個人,2015-06-22,0
A016060,0,個人,2007-07-02,0
A016061,0,個人,2014-02-06,0
A016062,0,個人,2006-12-29,0
A016063,0,個人,2008-09-26,0
A016064,0,個人,2008-12-04,0
A016065,0,個人,2012-09-18,0
A016066,0,個人,2012-09-27,0
A016067,0,個人,2007-04-12,0
A016068,0,個人,2023-04-13,0
A016069,0,個人,2013-05-21,0
A016070,0,個人,2014-08-29,0
A016071,0,個人,2019-10-07,0
A016072,0,個人,2017-03-01,0
A016073,0,個人,2020-05-12,0
A016074,0,個人,2011-02-24,0
A016075,0,個人,2018-12-14,0
A016076,0,個人,2008-04-20,0
A016077,0,個人,2011-10-23,0
A016078,0,個人,2010-01-20,0
A016079,0,個人,2020-07-04,0
A016080,0,個人,2009-11-04,0
A016081,0,個人,2010-08-29,0
A016082,0,個人,2019-09-09,0
A016083,0,個人,2017-09-25,0
A016084,0,個人,2015-05-22,0
A016085,0,個人,2017-01-25,0
A016086,0,個人,2022-05-04,0
A016087,0,個人,2017-07-14,0
A016088,0,個人,2013-05-01,0
A016089,0,個人,2015-08-12,0
A016090,0,個人,2024-04-24,0
A016091,0,個人,2015-01-23,0
A016092,0,個人,2018-04-10,0
A016093,0,個人,2012-02-01,0
A016094,0,個人,2010-10-16,0
A016095,0,個人,2022-02-19,0
A016096,0,個人,2007-06-06,0
A016097,0,個人,2019-06-24,0
A016098,0,個人,2022-06-15,0
A016099,0,個人,2020-01-15,0
A016100,0,個人,2024-05-15,0
A016101,0,個人,2006-11-13,0
A016102,0,個人,2008-05-22,0
A016103,0,個人,2017-05-05,0
A016104,0,個人,2022-09-04,0
A016105,0,個人,2006-12-23,0
A016106,0,個人,2012-05-09,0
A016107,0,個人,2007-04-27,0
A016108,0,個人,2014-08-20,0
A016109,0,個人,2014-01-23,0
A016110,0,個人,2007-12-15,0
A016111,0,個人,2018-07-21,0
A016112,0,個人,2015-10-28,0
A016113,0,個人,2006-08-06,0
A016114,0,個人,2017-06-02,0
A016115,0,個人,2017-06-03,0
A016116,0,個人,2014-10-16,0
A016117,0,個人,2023-04-26,0
A016118,0,個人,2019-08-12,0
A016119,0,個人,2008-04-20,0
A016120,0,個人,2006-04-27,0
A016121,0,個人,2013-06-22,0
A016122,0,個人,2007-11-22,0
A016123,0,個人,2006-12-17,0
A016124,0,個人,2014-07-16,0
A016125,0,個人,2013-08-08,0
A016126,0,個人,2009-06-15,0
A016127,0,個人,2012-03-05,0
A016128,0,個人,2008-08-23,0
A016129,0,個人,2009-07-20,0
A016130,0,個人,2006-11-17,0
A016131,0,個人,2008-11-27,0
A016132,0,個人,2009-05-05,0
A016133,0,個人,2008-01-25,0
A016134,0,個人,2014-12-29,0
A016135,0,個人,2006-04-23,0
A016136,0,個人,2023-06-01,0
A016137,0,個人,2008-03-11,0
A016138,0,個人,2019-09-18,0
A016139,0,個人,2012-09-19,0
A016140,0,個人,2007-01-22,0
A016141,0,個人,2024-01-10,0
A016142,0,個人,2020-01-12,0
A016143,0,個人,2022-03-02,0
A016144,0,個人,2007-09-29,0
A016145,0,個人,2012-10-05,0
A016146,0,個人,2020-10-02,0
A016147,0,個人,2016-12-15,0
A016148,0,個人,2024-04-24,0
A016149,0,個人,2018-09-07,0
A016150,0,個人,2009-01-22,0
A016151,0,個人,2006-03-17,0
A016152,0,個人,2015-03-12,0
A016153,0,個人,2012-01-12,0
A016154,0,個人,2013-09-28,0
A016155,0,個人,2014-04-15,0
A016156,0,個人,2016-11-06,0
A016157,0,個人,2019-01-14,0
A016158,0,個人,2015-11-28,0
A016159,0,個人,2011-07-30,0
A016160,0,個人,2021-07-24,0
A016161,0,個人,2011-12-24,0
A016162,0,個人,2020-11-10,0
A016163,0,個人,2014-07-05,0
A016164,0,個人,2024-06-20,0
A016165,0,個人,2019-08-14,0
A016166,0,個人,2024-08-01,0
A016167,0,個人,2015-12-04,0
A016168,0,個人,2007-12-14,0
A016169,0,個人,2006-03-10,0
A016170,0,個人,2016-03-03,0
A016171,0,個人,2015-06-04,0
A016172,0,個人,2019-02-24,0
A016173,0,個人,2009-02-20,0
A016174,0,個人,2014-12-11,0
A016175,0,個人,2014-05-13,0
A016176,0,個人,2009-06-23,0
A016177,0,個人,2024-10-18,0
A016178,0,個人,2015-05-04,0
A016179,0,個人,2006-01-21,0
A016180,0,個人,2010-11-09,0
A016181,0,個人,2012-02-16,0
A016182,0,個人,2011-06-11,0
A016183,0,個人,2017-03-10,0
A016184,0,個人,2017-02-20,0
A016185,0,個人,2018-11-14,0
A016186,0,個人,2007-05-10,0
A016187,0,個人,2009-01-26,0
A016188,0,個人,2012-11-30,0
A016189,0,個人,2020-06-16,0
A016190,0,個人,2012-12-04,0
A016191,0,個人,2013-09-20,0
A016192,0,個人,2006-11-26,0
A016193,0,個人,2016-01-20,0
A016194,0,個人,2013-07-23,0
A016195,0,個人,2024-04-25,0
A016196,0,個人,2006-02-25,0
A016197,0,個人,2009-11-16,0
A016198,0,個人,2019-01-13,0
A016199,0,個人,2015-08-31,0
A016200,0,個人,2012-12-29,0
A016201,0,個人,2011-11-01,0
A016202,0,個人,2009-06-04,0
A016203,0,個人,2020-02-05,0
A016204,0,個人,2007-06-22,0
A016205,0,個人,2023-09-03,0
A016206,0,個人,2024-03-18,0
A016207,0,個人,2008-08-28,0
A016208,0,個人,2019-06-01,0
A016209,0,個人,2019-11-18,0
A016210,0,個人,2021-08-06,0
A016211,0,個人,2022-01-06,0
A016212,0,個人,2011-06-22,0
A016213,0,個人,2017-07-01,0
A016214,0,個人,2022-01-16,0
A016215,0,個人,2021-03-04,0
A016216,0,個人,2020-03-06,0
A016217,0,個人,2010-05-09,0
A016218,0,個人,2007-04-08,0
A016219,0,個人,2020-09-07,0
A016220,0,個人,2007-10-23,0
A016221,0,個人,2012-07-12,0
A016222,0,個人,2020-03-02,0
A016223,0,個人,2007-05-17,0
A016224,0,個人,2007-05-10,0
A016225,0,個人,2015-04-12,0
A016226,0,個人,2017-11-04,0
A016227,0,個人,2024-11-24,0
A016228,0,個人,2017-05-10,0
A016229,0,個人,2020-11-09,0
A016230,0,個人,2020-04-04,0
A016231,0,個人,2013-07-31,0
A016232,0,個人,2014-11-20,0
A016233,0,個人,2007-05-15,0
A016234,0,個人,2020-02-17,0
A016235,0,個人,2014-11-27,0
A016236,0,個人,2007-02-12,0
A016237,0,個人,2014-09-02,0
A016238,0,個人,2008-02-12,0
A016239,0,個人,2017-03-25,0
A016240,0,個人,2019-08-20,0
A016241,0,個人,2023-05-12,0
A016242,0,個人,2024-03-21,0
A016243,0,個人,2006-06-25,0
A016244,0,個人,2021-06-16,0
A016245,0,個人,2010-08-18,0
A016246,0,個人,2024-05-26,0
A016247,0,個人,2006-10-14,0
A016248,0,個人,2009-07-30,0
A016249,0,個人,2022-02-19,0
A016250,0,個人,2022-04-19,0
A016251,0,個人,2007-11-14,0
A016252,0,個人,2006-11-23,0
A016253,0,個人,2018-03-31,0
A016254,0,個人,2006-02-02,0
A016255,0,個人,2024-02-26,0
A016256,0,個人,2022-05-16,0
A016257,0,個人,2015-05-03,0
A016258,0,個人,2012-07-24,0
A016259,0,個人,2023-07-04,0
A016260,0,個人,2011-07-05,0
A016261,0,個人,2022-10-29,0
A016262,0,個人,2011-03-16,0
A016263,0,個人,2014-09-08,0
A016264,0,個人,2021-09-16,0
A016265,0,個人,2020-06-08,0
A016266,0,個人,2009-08-20,0
A016267,0,個人,2020-10-14,0
A016268,0,個人,2006-09-08,0
A016269,0,個人,2022-07-31,0
A016270,0,個人,2021-02-01,0
A016271,0,個人,2008-07-15,0
A016272,0,個人,2008-09-19,0
A016273,0,個人,2012-03-15,0
A016274,0,個人,2009-12-05,0
A016275,0,個人,2021-02-17,0
A016276,0,個人,2018-04-23,0
A016277,0,個人,2006-07-12,0
A016278,0,個人,2011-10-25,0
A016279,0,個人,2008-12-01,0
A016280,0,個人,2012-01-25,0
A016281,0,個人,2006-05-18,0
A016282,0,個人,2016-07-12,0
A016283,0,個人,2020-04-04,0
A016284,0,個人,2013-12-27,0
A016285,0,個人,2011-07-10,0
A016286,0,個人,2020-02-19,0
A016287,0,個人,2023-04-09,0
A016288,0,個人,2012-02-17,0
A016289,0,個人,2010-08-14,0
A016290,0,個人,2018-07-08,0
A016291,0,個人,2024-12-26,0
A016292,0,個人,2010-08-30,0
A016293,0,個人,2022-02-17,0
A016294,0,個人,2013-12-18,0
A016295,0,個人,2006-04-19,0
A016296,0,個人,2013-06-08,0
A016297,0,個人,2015-06-12,0
A016298,0,個人,2007-06-05,0
A016299,0,個人,2019-07-07,0
A016300,0,個人,2021-12-17,0
A016301,0,個人,2015-07-28,0
A016302,0,個人,2017-09-06,0
A016303,0,個人,2010-12-29,0
A016304,0,個人,2012-11-01,0
A016305,0,個人,2012-06-23,0
A016306,0,個人,2024-07-09,0
A016307,0,個人,2023-09-21,0
A016308,0,個人,2023-12-05,0
A016309,0,個人,2016-10-06,0
A016310,0,個人,2017-12-27,0
A016311,0,個人,2006-08-03,0
A016312,0,個人,2011-12-08,0
A016313,0,個人,2017-09-02,0
A016314,0,個人,2022-04-12,0
A016315,0,個人,2010-06-17,0
A016316,0,個人,2024-03-28,0
A016317,0,個人,2016-12-17,0
A016318,0,個人,2007-05-07,0
A016319,0,個人,2009-11-23,0
A016320,0,個人,2009-01-04,0
A016321,0,個人,2017-10-11,0
A016322,0,個人,2019-11-02,0
A016323,0,個人,2017-08-14,0
A016324,0,個人,2023-01-02,0
A016325,0,個人,2011-11-16,0
A016326,0,個人,2012-11-27,0
A016327,0,個人,2006-03-04,0
A016328,0,個人,2009-10-26,0
A016329,0,個人,2021-02-12,0
A016330,0,個人,2015-02-09,0
A016331,0,個人,2012-04-25,0
A016332,0,個人,2008-03-09,0
A016333,0,個人,2010-09-02,0
A016334,0,個人,2010-09-03,0
A016335,0,個人,2008-01-02,0
A016336,0,個人,2008-05-04,0
A016337,0,個人,2018-07-04,0
A016338,0,個人,2010-05-26,0
A016339,0,個人,2008-10-04,0
A016340,0,個人,2008-11-19,0
A016341,0,個人,2018-10-09,0
A016342,0,個人,2008-12-24,0
A016343,0,個人,2016-03-11,0
A016344,0,個人,2017-12-18,0
A016345,0,個人,2014-03-04,0
A016346,0,個人,2014-12-19,0
A016347,0,個人,2024-12-11,0
A016348,0,個人,2023-05-11,0
A016349,0,個人,2020-11-18,0
A016350,0,個人,2018-04-21,0
A016351,0,個人,2023-12-17,0
A016352,0,個人,2015-07-03,0
A016353,0,個人,2011-02-14,0
A016354,0,個人,2016-06-02,0
A016355,0,個人,2018-07-22,0
A016356,0,個人,2021-08-31,0
A016357,0,個人,2021-08-03,0
A016358,0,個人,2011-01-26,0
A016359,0,個人,2006-01-11,0
A016360,0,個人,2013-06-06,0
A016361,0,個人,2009-01-27,0
A016362,0,個人,2017-07-05,0
A016363,0,個人,2010-03-13,0
A016364,0,個人,2024-12-05,0
A016365,0,個人,2015-11-19,0
A016366,0,個人,2018-11-06,0
A016367,0,個人,2017-12-03,0
A016368,0,個人,2023-01-15,0
A016369,0,個人,2016-12-20,0
A016370,0,個人,2020-02-26,0
A016371,0,個人,2007-06-01,0
A016372,0,個人,2024-03-30,0
A016373,0,個人,2009-04-06,0
A016374,0,個人,2022-04-03,0
A016375,0,個人,2012-02-05,0
A016376,0,個人,2013-09-12,0
A016377,0,個人,2006-03-07,0
A016378,0,個人,2006-11-11,0
A016379,0,個人,2010-01-10,0
A016380,0,個人,2008-09-10,0
A016381,0,個人,2018-02-18,0
A016382,0,個人,2012-08-09,0
A016383,0,個人,2020-07-07,0
A016384,0,個人,2024-12-08,0
A016385,0,個人,2015-04-04,0
A016386,0,個人,2013-07-31,0
A016387,0,個人,2019-12-12,0
A016388,0,個人,2024-05-30,0
A016389,0,個人,2007-12-17,0
A016390,0,個人,2017-01-20,0
A016391,0,個人,2007-01-10,0
A016392,0,個人,2008-07-12,0
A016393,0,個人,2022-01-18,0
A016394,0,個人,2021-08-22,0
A016395,0,個人,2007-09-03,0
A016396,0,個人,2011-04-09,0
A016397,0,個人,2017-03-29,0
A016398,0,個人,2013-10-01,0
A016399,0,個人,2013-08-17,0
A016400,0,個人,2016-01-17,0
A016401,0,個人,2011-04-09,0
A016402,0,個人,2008-02-09,0
A016403,0,個人,2013-07-05,0
A016404,0,個人,2012-07-24,0
A016405,0,個人,2019-10-04,0
A016406,0,個人,2011-07-29,0
A016407,0,個人,2007-07-07,0
A016408,0,個人,2006-04-21,0
A016409,0,個人,2006-05-21,0
A016410,0,個人,2007-03-02,0
A016411,0,個人,2007-11-21,0
A016412,0,個人,2015-08-02,0
A016413,0,個人,2020-06-09,0
A016414,0,個人,2020-08-11,0
A016415,0,個人,2008-04-28,0
A016416,0,個人,2008-12-28,0
A016417,0,個人,2009-10-19,0
A016418,0,個人,2008-02-05,0
A016419,0,個人,2009-04-10,0
A016420,0,個人,2015-08-23,0
A016421,0,個人,2014-01-26,0
A016422,0,個人,2008-05-16,0
A016423,0,個人,2007-05-29,0
A016424,0,個人,2017-10-29,0
A016425,0,個人,2016-01-22,0
A016426,0,個人,2006-12-14,0
A016427,0,個人,2024-10-15,0
A016428,0,個人,2011-12-07,0
A016429,0,個人,2020-04-23,0
A016430,0,個人,2010-06-28,0
A016431,0,個人,2016-04-04,0
A016432,0,個人,2020-12-15,0
A016433,0,個人,2006-05-28,0
A016434,0,個人,2014-09-01,0
A016435,0,個人,2009-11-21,0
A016436,0,個人,2022-02-27,0
A016437,0,個人,2020-04-30,0
A016438,0,個人,2017-06-01,0
A016439,0,個人,2009-07-23,0
A016440,0,個人,2017-05-02,0
A016441,0,個人,2023-08-05,0
A016442,0,個人,2023-09-23,0
A016443,0,個人,2017-11-28,0
A016444,0,個人,2017-02-09,0
A016445,0,個人,2024-07-08,0
A016446,0,個人,2006-02-27,0
A016447,0,個人,2015-06-06,0
A016448,0,個人,2012-07-23,0
A016449,0,個人,2011-12-22,0
A016450,0,個人,2021-11-27,0
A016451,0,個人,2018-09-07,0
A016452,0,個人,2021-07-19,0
A016453,0,個人,2021-10-28,0
A016454,0,個人,2012-11-30,0
A016455,0,個人,2018-08-14,0
A016456,0,個人,2016-07-09,0
A016457,0,個人,2019-02-27,0
A016458,0,個人,2007-04-29,0
A016459,0,個人,2015-09-30,0
A016460,0,個人,2014-09-23,0
A016461,0,個人,2009-06-05,0
A016462,0,個人,2021-04-22,0
A016463,0,個人,2024-09-14,0
A016464,0,個人,2012-07-08,0
A016465,0,個人,2008-08-14,0
A016466,0,個人,2006-07-19,0
A016467,0,個人,2014-02-02,0
A016468,0,個人,2020-02-06,0
A016469,0,個人,2008-05-30,0
A016470,0,個人,2020-05-11,0
A016471,0,個人,2024-10-01,0
A016472,0,個人,2019-03-23,0
A016473,0,個人,2020-07-16,0
A016474,0,個人,2009-08-30,0
A016475,0,個人,2009-09-19,0
A016476,0,個人,2020-06-09,0
A016477,0,個人,2012-05-18,0
A016478,0,個人,2022-08-21,0
A016479,0,個人,2019-10-07,0
A016480,0,個人,2022-03-06,0
A016481,0,個人,2023-10-20,0
A016482,0,個人,2024-02-05,0
A016483,0,個人,2007-09-13,0
A016484,0,個人,2014-06-07,0
A016485,0,個人,2013-05-29,0
A016486,0,個人,2021-11-02,0
A016487,0,個人,2006-11-03,0
A016488,0,個人,2008-08-02,0
A016489,0,個人,2008-06-11,0
A016490,0,個人,2009-10-13,0
A016491,0,個人,2012-08-15,0
A016492,0,個人,2011-09-22,0
A016493,0,個人,2011-08-24,0
A016494,0,個人,2019-08-16,0
A016495,0,個人,2014-10-18,0
A016496,0,個人,2018-09-17,0
A016497,0,個人,2024-01-02,0
A016498,0,個人,2016-01-26,0
A016499,0,個人,2021-08-12,0
A016500,0,個人,2018-09-19,0
A016501,0,個人,2017-09-18,0
A016502,0,個人,2023-04-26,0
A016503,0,個人,2011-01-09,0
A016504,0,個人,2008-03-11,0
A016505,0,個人,2014-06-10,0
A016506,0,個人,2020-07-16,0
A016507,0,個人,2023-03-26,0
A016508,0,個人,2006-08-09,0
A016509,0,個人,2014-10-05,0
A016510,0,個人,2019-01-15,0
A016511,0,個人,2012-11-22,0
A016512,0,個人,2013-11-09,0
A016513,0,個人,2022-11-17,0
A016514,0,個人,2016-03-14,0
A016515,0,個人,2014-04-09,0
A016516,0,個人,2016-07-06,0
A016517,0,個人,2020-04-19,0
A016518,0,個人,2014-01-10,0
A016519,0,個人,2023-06-06,0
A016520,0,個人,2017-05-22,0
A016521,0,個人,2023-07-22,0
A016522,0,個人,2024-03-11,0
A016523,0,個人,2021-03-28,0
A016524,0,個人,2021-04-03,0
A016525,0,個人,2018-01-17,0
A016526,0,個人,2019-01-18,0
A016527,0,個人,2006-09-11,0
A016528,0,個人,2007-06-19,0
A016529,0,個人,2021-10-09,0
A016530,0,個人,2010-02-12,0
A016531,0,個人,2012-08-14,0
A016532,0,個人,2010-01-12,0
A016533,0,個人,2010-09-20,0
A016534,0,個人,2007-03-09,0
A016535,0,個人,2021-01-09,0
A016536,0,個人,2020-07-28,0
A016537,0,個人,2024-10-17,0
A016538,0,個人,2022-07-10,0
A016539,0,個人,2007-04-12,0
A016540,0,個人,2007-11-26,0
A016541,0,個人,2016-03-07,0
A016542,0,個人,2019-02-16,0
A016543,0,個人,2013-01-09,0
A016544,0,個人,2013-01-11,0
A016545,0,個人,2006-09-18,0
A016546,0,個人,2006-01-24,0
A016547,0,個人,2007-09-18,0
A016548,0,個人,2019-01-05,0
A016549,0,個人,2021-05-24,0
A016550,0,個人,2009-05-22,0
A016551,0,個人,2021-04-26,0
A016552,0,個人,2011-10-16,0
A016553,0,個人,2015-07-29,0
A016554,0,個人,2021-05-29,0
A016555,0,個人,2011-09-27,0
A016556,0,個人,2019-12-25,0
A016557,0,個人,2022-03-03,0
A016558,0,個人,2007-04-26,0
A016559,0,個人,2013-02-11,0
A016560,0,個人,2023-04-06,0
A016561,0,個人,2006-12-10,0
A016562,0,個人,2022-12-31,0
A016563,0,個人,2009-02-05,0
A016564,0,個人,2021-12-06,0
A016565,0,個人,2022-06-04,0
A016566,0,個人,2016-02-17,0
A016567,0,個人,2020-01-03,0
A016568,0,個人,2007-03-01,0
A016569,0,個人,2008-09-08,0
A016570,0,個人,2016-04-29,0
A016571,0,個人,2022-07-21,0
A016572,0,個人,2024-02-20,0
A016573,0,個人,2020-10-01,0
A016574,0,個人,2021-02-22,0
A016575,0,個人,2023-03-27,0
A016576,0,個人,2023-06-13,0
A016577,0,個人,2015-04-04,0
A016578,0,個人,2016-05-12,0
A016579,0,個人,2019-11-07,0
A016580,0,個人,2008-11-16,0
A016581,0,個人,2011-02-02,0
A016582,0,個人,2017-08-16,0
A016583,0,個人,2023-08-24,0
A016584,0,個人,2020-12-28,0
A016585,0,個人,2023-02-16,0
A016586,0,個人,2017-04-22,0
A016587,0,個人,2008-09-28,0
A016588,0,個人,2013-11-04,0
A016589,0,個人,2012-10-22,0
A016590,0,個人,2007-07-24,0
A016591,0,個人,2012-08-23,0
A016592,0,個人,2014-01-27,0
A016593,0,個人,2019-09-12,0
A016594,0,個人,2024-04-30,0
A016595,0,個人,2016-02-20,0
A016596,0,個人,2006-07-09,0
A016597,0,個人,2020-03-22,0
A016598,0,個人,2015-11-09,0
A016599,0,個人,2016-11-10,0
A016600,0,個人,2024-09-11,0
A016601,0,個人,2015-04-23,0
A016602,0,個人,2007-05-05,0
A016603,0,個人,2019-08-31,0
A016604,0,個人,2024-09-14,0
A016605,0,個人,2018-02-02,0
A016606,0,個人,2018-11-22,0
A016607,0,個人,2011-05-21,0
A016608,0,個人,2021-07-01,0
A016609,0,個人,2014-01-03,0
A016610,0,個人,2018-03-13,0
A016611,0,個人,2018-11-20,0
A016612,0,個人,2017-02-07,0
A016613,0,個人,2015-09-25,0
A016614,0,個人,2020-05-05,0
A016615,0,個人,2007-05-04,0
A016616,0,個人,2007-04-23,0
A016617,0,個人,2009-12-01,0
A016618,0,個人,2017-08-22,0
A016619,0,個人,2009-09-20,0
A016620,0,個人,2008-02-12,0
A016621,0,個人,2019-02-10,0
A016622,0,個人,2019-11-30,0
A016623,0,個人,2021-04-22,0
A016624,0,個人,2009-06-18,0
A016625,0,個人,2017-03-21,0
A016626,0,個人,2015-01-06,0
A016627,0,個人,2017-10-17,0
A016628,0,個人,2024-08-30,0
A016629,0,個人,2010-09-15,0
A016630,0,個人,2010-05-05,0
A016631,0,個人,2015-01-20,0
A016632,0,個人,2016-04-20,0
A016633,0,個人,2013-10-14,0
A016634,0,個人,2021-01-03,0
A016635,0,個人,2019-06-21,0
A016636,0,個人,2015-04-05,0
A016637,0,個人,2018-09-15,0
A016638,0,個人,2017-07-06,0
A016639,0,個人,2006-06-24,0
A016640,0,個人,2018-07-18,0
A016641,0,個人,2010-01-22,0
A016642,0,個人,2010-08-28,0
A016643,0,個人,2010-11-22,0
A016644,0,個人,2020-08-24,0
A016645,0,個人,2016-09-28,0
A016646,0,個人,2021-06-22,0
A016647,0,個人,2013-09-28,0
A016648,0,個人,2014-02-25,0
A016649,0,個人,2024-12-11,0
A016650,0,個人,2012-05-31,0
A016651,0,個人,2020-12-07,0
A016652,0,個人,2008-08-09,0
A016653,0,個人,2007-10-31,0
A016654,0,個人,2021-03-26,0
A016655,0,個人,2009-12-29,0
A016656,0,個人,2009-10-18,0
A016657,0,個人,2009-02-14,0
A016658,0,個人,2022-11-09,0
A016659,0,個人,2018-12-16,0
A016660,0,個人,2020-10-18,0
A016661,0,個人,2017-12-20,0
A016662,0,個人,2021-11-11,0
A016663,0,個人,2010-03-16,0
A016664,0,個人,2020-05-21,0
A016665,0,個人,2024-09-15,0
A016666,0,個人,2007-06-19,0
A016667,0,個人,2020-06-14,0
A016668,0,個人,2016-04-02,0
A016669,0,個人,2007-09-01,0
A016670,0,個人,2009-05-11,0
A016671,0,個人,2023-10-06,0
A016672,0,個人,2012-09-08,0
A016673,0,個人,2007-03-17,0
A016674,0,個人,2006-07-03,0
A016675,0,個人,2013-01-28,0
A016676,0,個人,2009-01-23,0
A016677,0,個人,2007-02-15,0
A016678,0,個人,2014-03-26,0
A016679,0,個人,2014-02-15,0
A016680,0,個人,2016-06-10,0
A016681,0,個人,2013-02-01,0
A016682,0,個人,2011-08-22,0
A016683,0,個人,2021-11-21,0
A016684,0,個人,2019-10-20,0
A016685,0,個人,2021-07-30,0
A016686,0,個人,2014-11-15,0
A016687,0,個人,2022-02-12,0
A016688,0,個人,2006-01-17,0
A016689,0,個人,2022-05-28,0
A016690,0,個人,2009-08-11,0
A016691,0,個人,2006-03-12,0
A016692,0,個人,2016-03-06,0
A016693,0,個人,2015-02-12,0
A016694,0,個人,2021-02-22,0
A016695,0,個人,2015-12-05,0
A016696,0,個人,2020-03-01,0
A016697,0,個人,2024-01-21,0
A016698,0,個人,2021-07-19,0
A016699,0,個人,2007-12-12,0
A016700,0,個人,2013-09-04,0
A016701,0,個人,2018-07-19,0
A016702,0,個人,2019-12-15,0
A016703,0,個人,2007-01-17,0
A016704,0,個人,2023-10-30,0
A016705,0,個人,2015-05-09,0
A016706,0,個人,2019-09-03,0
A016707,0,個人,2011-12-15,0
A016708,0,個人,2011-05-10,0
A016709,0,個人,2019-01-29,0
A016710,0,個人,2007-05-14,0
A016711,0,個人,2016-10-29,0
A016712,0,個人,2008-07-08,0
A016713,0,個人,2021-10-16,0
A016714,0,個人,2006-07-12,0
A016715,0,個人,2012-02-24,0
A016716,0,個人,2013-05-08,0
A016717,0,個人,2007-03-14,0
A016718,0,個人,2014-07-05,0
A016719,0,個人,2011-04-15,0
A016720,0,個人,2016-04-26,0
A016721,0,個人,2016-06-02,0
A016722,0,個人,2015-12-28,0
A016723,0,個人,2011-12-30,0
A016724,0,個人,2019-12-18,0
A016725,0,個人,2009-01-05,0
A016726,0,個人,2007-04-06,0
A016727,0,個人,2019-06-19,0
A016728,0,個人,2006-11-13,0
A016729,0,個人,2012-12-31,0
A016730,0,個人,2024-10-12,0
A016731,0,個人,2020-04-13,0
A016732,0,個人,2007-08-16,0
A016733,0,個人,2009-02-16,0
A016734,0,個人,2013-09-15,0
A016735,0,個人,2020-02-08,0
A016736,0,個人,2014-07-10,0
A016737,0,個人,2009-05-14,0
A016738,0,個人,2022-07-15,0
A016739,0,個人,2010-09-06,0
A016740,0,個人,2011-08-27,0
A016741,0,個人,2020-08-26,0
A016742,0,個人,2019-02-10,0
A016743,0,個人,2013-05-29,0
A016744,0,個人,2011-04-09,0
A016745,0,個人,2015-10-20,0
A016746,0,個人,2024-10-04,0
A016747,0,個人,2017-06-05,0
A016748,0,個人,2010-05-18,0
A016749,0,個人,2011-02-11,0
A016750,0,個人,2017-04-10,0
A016751,0,個人,2020-08-24,0
A016752,0,個人,2023-02-17,0
A016753,0,個人,2020-08-19,0
A016754,0,個人,2006-12-10,0
A016755,0,個人,2010-02-12,0
A016756,0,個人,2018-09-07,0
A016757,0,個人,2022-08-15,0
A016758,0,個人,2023-08-02,0
A016759,0,個人,2008-10-23,0
A016760,0,個人,2013-05-04,0
A016761,0,個人,2010-06-28,0
A016762,0,個人,2006-08-24,0
A016763,0,個人,2017-11-16,0
A016764,0,個人,2016-11-22,0
A016765,0,個人,2012-09-05,0
A016766,0,個人,2020-03-11,0
A016767,0,個人,2013-12-25,0
A016768,0,個人,2012-08-31,0
A016769,0,個人,2007-07-21,0
A016770,0,個人,2009-09-15,0
A016771,0,個人,2013-01-31,0
A016772,0,個人,2023-07-16,0
A016773,0,個人,2012-10-23,0
A016774,0,個人,2018-11-26,0
A016775,0,個人,2022-03-22,0
A016776,0,個人,2010-08-05,0
A016777,0,個人,2010-06-22,0
A016778,0,個人,2023-02-25,0
A016779,0,個人,2007-04-27,0
A016780,0,個人,2013-03-03,0
A016781,0,個人,2012-01-24,0
A016782,0,個人,2010-07-08,0
A016783,0,個人,2008-01-31,0
A016784,0,個人,2016-06-28,0
A016785,0,個人,2008-01-29,0
A016786,0,個人,2015-12-14,0
A016787,0,個人,2024-05-28,0
A016788,0,個人,2009-12-18,0
A016789,0,個人,2013-01-09,0
A016790,0,個人,2015-11-06,0
A016791,0,個人,2006-01-23,0
A016792,0,個人,2023-09-30,0
A016793,0,個人,2010-02-26,0
A016794,0,個人,2014-06-28,0
A016795,0,個人,2017-09-27,0
A016796,0,個人,2009-05-27,0
A016797,0,個人,2015-06-26,0
A016798,0,個人,2011-07-15,0
A016799,0,個人,2022-08-16,0
A016800,0,個人,2007-10-10,0
A016801,0,個人,2010-08-14,0
A016802,0,個人,2023-09-22,0
A016803,0,個人,2017-05-05,0
A016804,0,個人,2023-01-17,0
A016805,0,個人,2019-04-08,0
A016806,0,個人,2024-07-15,0
A016807,0,個人,2012-04-30,0
A016808,0,個人,2011-11-08,0
A016809,0,個人,2024-02-18,0
A016810,0,個人,2012-07-10,0
A016811,0,個人,2017-11-22,0
A016812,0,個人,2023-11-19,0
A016813,0,個人,2012-11-29,0
A016814,0,個人,2015-09-19,0
A016815,0,個人,2023-08-05,0
A016816,0,個人,2024-05-10,0
A016817,0,個人,2009-11-10,0
A016818,0,個人,2010-12-17,0
A016819,0,個人,2023-04-23,0
A016820,0,個人,2017-03-06,0
A016821,0,個人,2018-05-04,0
A016822,0,個人,2023-07-18,0
A016823,0,個人,2022-09-29,0
A016824,0,個人,2019-11-16,0
A016825,0,個人,2009-02-27,0
A016826,0,個人,2006-08-24,0
A016827,0,個人,2013-09-27,0
A016828,0,個人,2018-06-09,0
A016829,0,個人,2006-10-24,0
A016830,0,個人,2010-11-23,0
A016831,0,個人,2017-01-11,0
A016832,0,個人,2007-08-01,0
A016833,0,個人,2020-05-12,0
A016834,0,個人,2023-06-20,0
A016835,0,個人,2014-09-29,0
A016836,0,個人,2018-10-22,0
A016837,0,個人,2012-09-22,0
A016838,0,個人,2011-09-11,0
A016839,0,個人,2017-06-11,0
A016840,0,個人,2009-12-31,0
A016841,0,個人,2011-12-07,0
A016842,0,個人,2022-08-12,0
A016843,0,個人,2009-06-29,0
A016844,0,個人,2014-06-08,0
A016845,0,個人,2019-07-19,0
A016846,0,個人,2008-10-24,0
A016847,0,個人,2010-07-18,0
A016848,0,個人,2010-04-28,0
A016849,0,個人,2018-06-14,0
A016850,0,個人,2018-03-19,0
A016851,0,個人,2012-11-24,0
A016852,0,個人,2019-01-13,0
A016853,0,個人,2024-03-31,0
A016854,0,個人,2016-11-07,0
A016855,0,個人,2024-05-23,0
A016856,0,個人,2015-01-17,0
A016857,0,個人,2014-07-27,0
A016858,0,個人,2014-04-21,0
A016859,0,個人,2017-06-10,0
A016860,0,個人,2019-10-21,0
A016861,0,個人,2019-10-21,0
A016862,0,個人,2011-03-04,0
A016863,0,個人,2007-04-25,0
A016864,0,個人,2016-09-19,0
A016865,0,個人,2018-04-10,0
A016866,0,個人,2014-07-28,0
A016867,0,個人,2016-08-12,0
A016868,0,個人,2008-03-03,0
A016869,0,個人,2014-08-24,0
A016870,0,個人,2019-07-22,0
A016871,0,個人,2014-10-24,0
A016872,0,個人,2023-01-13,0
A016873,0,個人,2011-03-07,0
A016874,0,個人,2021-03-04,0
A016875,0,個人,2021-07-15,0
A016876,0,個人,2015-04-17,0
A016877,0,個人,2022-02-24,0
A016878,0,個人,2010-01-20,0
A016879,0,個人,2014-05-04,0
A016880,0,個人,2008-06-25,0
A016881,0,個人,2019-11-17,0
A016882,0,個人,2007-06-21,0
A016883,0,個人,2009-04-22,0
A016884,0,個人,2007-06-09,0
A016885,0,個人,2016-03-15,0
A016886,0,個人,2017-10-07,0
A016887,0,個人,2009-11-25,0
A016888,0,個人,2010-09-03,0
A016889,0,個人,2021-08-08,0
A016890,0,個人,2006-03-27,0
A016891,0,個人,2016-07-28,0
A016892,0,個人,2012-03-13,0
A016893,0,個人,2016-06-01,0
A016894,0,個人,2019-09-12,0
A016895,0,個人,2017-08-31,0
A016896,0,個人,2012-04-21,0
A016897,0,個人,2014-04-16,0
A016898,0,個人,2020-02-10,0
A016899,0,個人,2021-01-01,0
A016900,0,個人,2011-04-02,0
A016901,0,個人,2014-09-11,0
A016902,0,個人,2008-04-12,0
A016903,0,個人,2011-12-07,0
A016904,0,個人,2018-08-01,0
A016905,0,個人,2024-02-28,0
A016906,0,個人,2023-11-14,0
A016907,0,個人,2021-05-31,0
A016908,0,個人,2017-07-27,0
A016909,0,個人,2009-01-24,0
A016910,0,個人,2010-12-24,0
A016911,0,個人,2013-01-02,0
A016912,0,個人,2010-05-06,0
A016913,0,個人,2017-03-16,0
A016914,0,個人,2021-01-01,0
A016915,0,個人,2022-09-01,0
A016916,0,個人,2014-10-02,0
A016917,0,個人,2011-10-25,0
A016918,0,個人,2017-03-24,0
A016919,0,個人,2023-06-13,0
A016920,0,個人,2019-02-24,0
A016921,0,個人,2012-11-24,0
A016922,0,個人,2015-10-04,0
A016923,0,個人,2021-06-21,0
A016924,0,個人,2012-10-24,0
A016925,0,個人,2021-09-23,0
A016926,0,個人,2013-10-18,0
A016927,0,個人,2018-08-28,0
A016928,0,個人,2006-01-11,0
A016929,0,個人,2021-08-20,0
A016930,0,個人,2007-09-15,0
A016931,0,個人,2020-05-29,0
A016932,0,個人,2018-05-24,0
A016933,0,個人,2008-03-18,0
A016934,0,個人,2007-01-26,0
A016935,0,個人,2007-08-24,0
A016936,0,個人,2012-09-21,0
A016937,0,個人,2018-02-23,0
A016938,0,個人,2011-02-14,0
A016939,0,個人,2013-11-20,0
A016940,0,個人,2021-01-13,0
A016941,0,個人,2022-01-14,0
A016942,0,個人,2019-03-15,0
A016943,0,個人,2018-12-21,0
A016944,0,個人,2010-03-28,0
A016945,0,個人,2023-04-23,0
A016946,0,個人,2009-08-09,0
A016947,0,個人,2021-03-13,0
A016948,0,個人,2014-12-08,0
A016949,0,個人,2011-08-10,0
A016950,0,個人,2010-08-28,0
A016951,0,個人,2021-12-30,0
A016952,0,個人,2015-02-07,0
A016953,0,個人,2017-03-26,0
A016954,0,個人,2018-08-08,0
A016955,0,個人,2016-01-28,0
A016956,0,個人,2007-03-23,0
A016957,0,個人,2012-09-12,0
A016958,0,個人,2007-11-26,0
A016959,0,個人,2021-10-09,0
A016960,0,個人,2010-05-25,0
A016961,0,個人,2008-08-17,0
A016962,0,個人,2006-07-03,0
A016963,0,個人,2013-05-16,0
A016964,0,個人,2022-10-21,0
A016965,0,個人,2009-02-24,0
A016966,0,個人,2009-02-12,0
A016967,0,個人,2009-01-28,0
A016968,0,個人,2015-10-09,0
A016969,0,個人,2015-09-08,0
A016970,0,個人,2020-12-16,0
A016971,0,個人,2019-02-08,0
A016972,0,個人,2015-01-30,0
A016973,0,個人,2009-09-02,0
A016974,0,個人,2014-04-05,0
A016975,0,個人,2021-02-06,0
A016976,0,個人,2015-11-26,0
A016977,0,個人,2024-11-17,0
A016978,0,個人,2023-04-24,0
A016979,0,個人,2011-08-21,0
A016980,0,個人,2013-11-05,0
A016981,0,個人,2007-05-05,0
A016982,0,個人,2016-02-02,0
A016983,0,個人,2016-11-25,0
A016984,0,個人,2019-08-14,0
A016985,0,個人,2011-07-14,0
A016986,0,個人,2010-09-13,0
A016987,0,個人,2007-01-01,0
A016988,0,個人,2008-04-16,0
A016989,0,個人,2022-12-31,0
A016990,0,個人,2019-06-30,0
A016991,0,個人,2015-02-20,0
A016992,0,個人,2015-12-09,0
A016993,0,個人,2011-12-01,0
A016994,0,個人,2024-01-19,0
A016995,0,個人,2007-02-18,0
A016996,0,個人,2020-06-21,0
A016997,0,個人,2022-03-26,0
A016998,0,個人,2023-09-10,0
A016999,0,個人,2020-10-29,0
A017000,0,個人,2017-05-28,0
A017001,0,個人,2022-09-18,0
A017002,0,個人,2017-08-11,0
A017003,0,個人,2011-05-19,0
A017004,0,個人,2024-03-05,0
A017005,0,個人,2023-06-05,0
A017006,0,個人,2018-02-25,0
A017007,0,個人,2007-10-15,0
A017008,0,個人,2024-04-22,0
A017009,0,個人,2007-04-25,0
A017010,0,個人,2009-07-17,0
A017011,0,個人,2010-01-22,0
A017012,0,個人,2022-11-28,0
A017013,0,個人,2007-05-07,0
A017014,0,個人,2015-05-17,0
A017015,0,個人,2018-03-23,0
A017016,0,個人,2023-02-02,0
A017017,0,個人,2015-03-19,0
A017018,0,個人,2010-01-31,0
A017019,0,個人,2023-04-10,0
A017020,0,個人,2010-07-24,0
A017021,0,個人,2009-05-03,0
A017022,0,個人,2016-06-30,0
A017023,0,個人,2019-07-01,0
A017024,0,個人,2014-09-19,0
A017025,0,個人,2018-02-24,0
A017026,0,個人,2016-07-29,0
A017027,0,個人,2008-01-12,0
A017028,0,個人,2024-07-02,0
A017029,0,個人,2019-04-16,0
A017031,0,個人,2022-04-15,0
A017032,0,個人,2022-08-05,0
A017033,0,個人,2018-12-17,0
A017034,0,個人,2017-04-15,0
A017035,0,個人,2008-12-30,0
A017036,0,個人,2011-05-06,0
A017037,0,個人,2007-09-17,0
A017038,0,個人,2012-02-22,0
A017039,0,個人,2009-02-15,0
A017040,0,個人,2020-10-29,0
A017041,0,個人,2009-12-03,0
A017042,0,個人,2024-10-10,0
A017043,0,個人,2012-03-09,0
A017044,0,個人,2014-04-25,0
A017045,0,個人,2022-03-07,0
A017046,0,個人,2006-01-12,0
A017047,0,個人,2012-03-24,0
A017048,0,個人,2024-11-10,0
A017049,0,個人,2020-05-04,0
A017050,0,個人,2010-03-04,0
A017051,0,個人,2008-03-25,0
A017052,0,個人,2016-06-16,0
A017053,0,個人,2009-10-10,0
A017054,0,個人,2012-11-11,0
A017055,0,個人,2011-04-30,0
A017056,0,個人,2021-03-06,0
A017057,0,個人,2010-04-11,0
A017058,0,個人,2006-12-01,0
A017059,0,個人,2007-02-07,0
A017060,0,個人,2015-09-22,0
A017061,0,個人,2024-07-21,0
A017062,0,個人,2021-12-14,0
A017063,0,個人,2013-06-16,0
A017064,0,個人,2009-05-04,0
A017065,0,個人,2020-11-21,0
A017066,0,個人,2007-04-14,0
A017067,0,個人,2011-03-10,0
A017068,0,個人,2020-08-07,0
A017069,0,個人,2011-12-21,0
A017070,0,個人,2016-05-13,0
A017071,0,個人,2010-04-20,0
A017072,0,個人,2022-06-30,0
A017073,0,個人,2014-09-12,0
A017074,0,個人,2007-11-05,0
A017075,0,個人,2014-12-18,0
A017076,0,個人,2013-09-23,0
A017077,0,個人,2007-03-19,0
A017078,0,個人,2021-09-10,0
A017079,0,個人,2013-08-12,0
A017080,0,個人,2019-06-13,0
A017081,0,個人,2024-07-09,0
A017082,0,個人,2022-08-01,0
A017083,0,個人,2010-11-14,0
A017084,0,個人,2008-11-04,0
A017085,0,個人,2015-01-27,0
A017086,0,個人,2011-04-05,0
A017087,0,個人,2023-12-07,0
A017088,0,個人,2017-10-02,0
A017089,0,個人,2022-04-19,0
A017090,0,個人,2021-01-08,0
A017091,0,個人,2015-07-30,0
A017092,0,個人,2009-03-12,0
A017093,0,個人,2022-10-02,0
A017094,0,個人,2011-05-16,0
A017095,0,個人,2012-07-17,0
A017096,0,個人,2024-01-04,0
A017097,0,個人,2018-11-07,0
A017098,0,個人,2015-08-28,0
A017099,0,個人,2017-02-04,0
A017100,0,個人,2012-10-24,0
A017101,0,個人,2010-10-17,0
A017102,0,個人,2022-01-12,0
A017103,0,個人,2009-10-01,0
A017104,0,個人,2024-05-13,0
A017105,0,個人,2020-03-28,0
A017106,0,個人,2010-10-09,0
A017107,0,個人,2013-08-16,0
A017108,0,個人,2009-04-23,0
A017109,0,個人,2010-05-12,0
A017110,0,個人,2017-02-18,0
A017111,0,個人,2007-08-22,0
A017112,0,個人,2015-01-11,0
A017113,0,個人,2009-12-19,0
A017114,0,個人,2020-06-25,0
A017115,0,個人,2010-01-15,0
A017116,0,個人,2011-08-26,0
A017117,0,個人,2012-03-08,0
A017118,0,個人,2016-08-25,0
A017119,0,個人,2016-07-13,0
A017120,0,個人,2019-06-25,0
A017121,0,個人,2008-09-18,0
A017122,0,個人,2007-03-08,0
A017123,0,個人,2009-04-17,0
A017124,0,個人,2017-07-18,0
A017125,0,個人,2010-09-01,0
A017126,0,個人,2020-04-16,0
A017127,0,個人,2008-04-30,0
A017128,0,個人,2008-04-24,0
A017129,0,個人,2019-11-21,0
A017130,0,個人,2017-06-06,0
A017131,0,個人,2016-08-26,0
A017132,0,個人,2016-08-28,0
A017139,0,個人,2026-01-13,0
A017142,0,個人,2026-01-15,0
A017158,0,個人,2026-03-08,0
A017164,0,個人,2025-12-28,0
A017187,0,個人,2025-12-18,0
A017188,0,個人,2025-12-29,0
A017193,0,個人,2026-01-14,0
A017194,0,個人,2026-01-09,0
A017195,0,個人,2026-02-09,0
A017201,0,個人,2026-02-04,0
A017202,0,個人,2026-01-01,0
A017204,0,個人,2025-12-24,0
A017211,0,個人,2024-10-22,6
A017215,0,個人,2006-04-03,1
A017216,0,個人,2013-02-20,1177
A017217,0,個人,2026-01-22,0
A017218,0,個人,2026-02-04,0
A017219,0,個人,2019-09-07,16
A017220,0,個人,2009-11-08,10
A017221,0,個人,2025-12-11,0
A017224,0,個人,2025-12-18,0
A017225,0,個人,2020-11-20,21
A017227,0,個人,2012-05-25,12
A017229,0,個人,2026-01-17,0
A017231,0,個人,2026-01-29,0
A017232,0,個人,2008-06-19,7
A017233,0,個人,2016-10-07,25
A017236,0,個人,2006-12-27,293
A017237,0,個人,2018-05-06,1017
A017242,0,個人,2021-03-28,9
A017243,0,個人,2007-11-19,6
A017244,0,個人,2009-11-07,1079
A017245,0,個人,2021-02-06,4
A017247,0,個人,2013-01-16,11
A017249,0,個人,2009-04-01,15
A017250,0,個人,2024-08-06,24
A017252,0,個人,2013-05-10,14
A017253,0,個人,2024-03-14,5
A017254,0,個人,2025-12-05,0
A017255,0,個人,2026-02-07,0
A017256,0,個人,2026-01-19,0
A017261,0,個人,2026-02-10,0
A017263,0,個人,2015-06-29,301
A017264,0,個人,2022-06-20,19
A017265,0,個人,2013-02-27,15
A017269,0,個人,2023-10-14,931
A017270,0,個人,2026-03-07,0
A017272,0,個人,2026-01-10,0
A017274,0,個人,2019-05-14,26
A017275,0,個人,2016-05-11,15
A017276,0,個人,2019-06-25,0
A017280,0,個人,2025-12-31,0
A017285,0,個人,2026-01-21,0
A017287,0,個人,2026-02-23,0
A017290,0,個人,2026-03-08,0
A017294,0,個人,2010-06-16,24
A017295,0,個人,2016-06-11,504
A017296,0,個人,2026-01-20,0
A017297,0,個人,2015-07-22,6
A017304,0,個人,2026-01-23,0
A017308,0,個人,2010-09-09,887
A017309,0,個人,2009-03-09,180
A017311,0,個人,2025-12-28,0
A017312,0,個人,2026-02-09,0
A017314,0,個人,2020-10-13,26
A017315,0,個人,2026-02-06,0
A017316,0,個人,2026-01-20,0
A017318,0,個人,2026-01-22,0
A017320,0,個人,2010-06-20,8
A017323,0,個人,2025-12-30,0
A017324,0,個人,2026-02-12,0
A017329,0,個人,2015-10-15,423
A017333,0,個人,2012-03-02,383
A017335,0,個人,2020-05-25,8
A017338,0,個人,2012-04-16,24
A017340,0,個人,2011-08-30,5
A017343,0,個人,2017-08-24,575
A017344,0,個人,2011-10-11,22
A017346,0,個人,2026-03-11,0
A017347,0,個人,2025-12-03,0
A017348,0,個人,2014-01-13,7
A017349,0,個人,2026-02-06,0
A017352,0,個人,2007-02-15,8
A017353,0,個人,2026-01-07,0
A017357,0,個人,2017-03-16,572
A017358,0,個人,2025-12-29,0
A017360,0,個人,2009-05-08,1008
A017362,0,個人,2009-05-30,30
A017363,0,個人,2026-01-03,0
A017366,0,個人,2025-12-13,0
A017367,0,個人,2014-12-04,2
A017370,0,個人,2026-01-29,0
A017372,0,個人,2024-09-28,5
A017374,0,個人,2026-02-03,0
A017375,0,個人,2025-12-27,0
A017376,0,個人,2019-12-19,26
A017378,0,個人,2015-07-12,6
A017379,0,個人,2008-09-14,950
A017380,0,個人,2026-02-06,0
A017381,0,個人,2026-01-18,0
A017382,0,個人,2026-02-14,0
A017392,0,個人,2026-02-01,0
A017393,0,個人,2019-06-16,21
A017394,0,個人,2026-02-17,0
A017395,0,個人,2023-12-20,6
A017398,0,個人,2018-11-05,29
A017402,0,個人,2026-01-23,0
A017403,0,個人,2009-01-24,25
A017405,0,個人,2026-01-30,0
A017406,0,個人,2025-12-02,0
A017407,0,個人,2014-06-12,2
A017411,0,個人,2019-04-15,702
A017412,0,個人,2026-03-02,0
A017416,0,個人,2026-02-25,0
A017418,0,個人,2026-02-22,0
A017419,0,個人,2026-01-20,0
A017424,0,個人,2018-03-20,21
A017429,0,個人,2012-03-27,24
A017430,0,個人,2013-06-09,14
A017431,0,個人,2015-11-29,7
A017436,0,個人,2025-12-31,0
A017437,0,個人,2009-09-14,21
A017439,0,個人,2026-03-06,0
A017440,0,個人,2008-07-21,276
A017442,0,個人,2026-01-11,0
A017443,0,個人,2011-08-25,1047
A017445,0,個人,2016-07-29,8
A017446,0,個人,2010-08-22,26
A017448,0,個人,2022-01-02,21
A017450,0,個人,2010-09-21,19
A017453,0,個人,2011-02-13,17
A017456,0,個人,2025-12-21,0
A017457,0,個人,2026-01-09,0
A017459,0,個人,2025-12-30,0
A017460,0,個人,2026-02-07,0
A017462,0,個人,2026-01-26,0
A017463,0,個人,2009-10-29,0
A017464,0,個人,2014-04-23,310
A017467,0,個人,2019-08-16,1067
A017472,0,個人,2026-01-17,0
A017475,0,個人,2026-03-01,0
A017476,0,個人,2026-01-01,0
A017477,0,個人,2018-05-31,8
A017479,0,個人,2022-10-04,24
A017480,0,個人,2026-01-01,0
A017482,0,個人,2010-11-11,11
A017483,0,個人,2009-09-28,5
A017488,0,個人,2020-01-23,791
A017490,0,個人,2024-05-24,16
A017491,0,個人,2026-01-30,0
A017493,0,個人,2016-02-24,3
A017497,0,個人,2014-01-25,8
A017498,0,個人,2020-09-25,980
A017499,0,個人,2025-12-23,0
A017502,0,個人,2026-03-10,0
A017503,0,個人,2026-01-07,0
A017504,0,個人,2026-01-25,0
A017505,0,個人,2008-05-30,10
A017508,0,個人,2019-08-15,756
A017509,0,個人,2026-01-16,0
A017510,0,個人,2020-10-10,605
A017513,0,個人,2010-06-14,600
A017515,0,個人,2025-11-26,0
A017517,0,個人,2009-03-11,11
A017519,0,個人,2012-11-19,891
A017524,0,個人,2010-10-18,27
A017525,0,個人,2021-05-19,25
A017529,0,個人,2010-02-17,625
A017532,0,個人,2026-01-15,0
A017538,0,個人,2019-08-13,10
A017539,0,個人,2011-09-08,8
A017540,0,個人,2016-08-22,1176
A017541,0,個人,2026-01-10,0
A017543,0,個人,2025-12-18,0
A017544,0,個人,2012-05-26,833
A017546,0,個人,2026-02-15,0
A017548,0,個人,2015-09-23,375
A017549,0,個人,2025-12-31,0
A017553,0,個人,2014-12-15,1075
A017555,1,個人,2020-08-16,12
A017556,1,個人,2015-09-26,1
A017558,1,個人,2017-07-26,3
A017569,1,個人,2015-11-15,0
A017571,1,個人,2022-07-05,11
A017572,1,個人,2026-01-27,0
A017575,1,個人,2021-06-06,441
A017576,1,個人,2018-08-21,191
A017577,1,個人,2024-03-18,6
A017578,1,個人,2023-12-10,1033
A017579,1,個人,2026-02-24,0
A017580,1,個人,2026-02-08,0
A017581,1,個人,2012-11-21,17
A017584,1,個人,2011-06-24,3
A017586,1,個人,2008-10-25,3
A017595,1,個人,2014-11-05,15
A017597,1,個人,2025-12-30,0
A017598,1,個人,2018-07-08,465
A017602,1,個人,2026-01-29,0
A017603,1,個人,2008-01-13,1405
A017604,1,個人,2007-04-21,1160
A017611,1,個人,2011-11-14,2
A017615,1,個人,2011-06-08,19
A017616,1,個人,2023-11-22,20
A017620,1,個人,2021-03-03,15
A017622,1,個人,2020-02-10,547
A017623,1,個人,2010-07-09,10
A017624,1,個人,2009-03-08,1168
A017625,1,個人,2026-02-21,0
A017626,1,個人,2026-03-19,0
A017631,1,個人,2007-02-24,11
A017633,1,個人,2024-06-14,20
A017638,1,個人,2006-05-22,19
A017639,1,個人,2013-07-06,5
A017640,1,個人,2012-11-28,8
A017646,1,個人,2010-06-03,3
A017647,1,個人,2017-08-05,1
A017650,1,個人,2017-02-10,3
A017652,1,個人,2026-01-08,0
A017665,1,個人,2026-02-02,0
A017668,1,個人,2015-07-22,8
A017669,1,個人,2026-01-07,0
A017678,1,個人,2017-05-29,0
A017679,1,個人,2013-04-18,978
A017680,1,個人,2026-03-05,0
A017681,1,個人,2026-03-11,0
A017682,1,個人,2020-08-04,863
A017686,1,個人,2020-05-07,6
A017688,1,個人,2012-06-27,18
A017692,1,個人,2020-11-23,6
A017693,1,個人,2011-07-09,8
A017697,1,個人,2018-02-22,17
A017703,1,個人,2009-04-11,18
A017708,1,個人,2021-09-21,8
A017712,1,個人,2007-12-05,12
A017714,1,個人,2018-01-25,2
A017715,1,個人,2018-03-27,7
A017719,1,個人,2007-02-20,448
A017720,1,個人,2013-01-07,572
A017721,1,個人,2008-11-23,390
A017722,1,個人,2023-08-14,268
A017723,1,個人,2022-05-18,1127
A017724,1,個人,2026-02-04,0
A017728,1,個人,2020-04-06,0
A017731,1,個人,2009-11-04,15
A017738,1,個人,2017-01-03,3
A017751,1,個人,2011-05-04,8
A017752,1,個人,2012-01-01,16
A017753,1,個人,2022-01-19,0
A017756,1,個人,2026-01-01,0
A017766,1,個人,2022-05-23,956
A017767,1,個人,2017-10-14,20
A017768,1,個人,2010-08-15,416
A017770,1,個人,2022-09-07,0
A017771,1,個人,2010-04-23,9
A017784,1,個人,2011-09-10,378
A017786,1,個人,2020-02-04,13
A017788,1,個人,2012-08-02,7
A017793,1,個人,2026-02-21,0
A017794,1,個人,2006-05-31,0
A017795,1,個人,2008-08-19,20
A017798,1,個人,2022-09-20,15
A017800,1,個人,2016-04-26,7
A017802,1,個人,2026-01-23,0
A017803,1,個人,2009-08-28,14
A017804,1,個人,2014-09-27,3
A017810,1,個人,2011-05-12,20
A017813,1,個人,2022-02-01,16
A017814,1,公司,2008-12-24,1255
A017815,1,個人,2026-01-09,0
A017816,1,公司,2023-08-08,10
A017817,1,公司,2024-11-19,743
A017818,1,公司,2012-05-17,1204
A017819,1,公司,2026-01-30,0
A017820,1,個人,2024-02-22,9
A017821,1,個人,2013-04-27,835
A017822,1,公司,2026-01-07,0
A017823,1,公司,2026-01-13,0
A017824,1,公司,2020-06-05,928
A017825,1,個人,2025-12-11,0
A017826,1,個人,2012-10-09,1048
A017827,1,公司,2024-07-09,1110
A017828,1,公司,2023-09-05,10
A017829,1,個人,2014-06-09,1274
A017830,1,公司,2025-12-17,0
A017831,1,個人,2025-12-11,0
