account_id,customer_type,role,open_date,dormant_days_before,label,fraud_group,scheme,mule_layer,alert_date,mule_source
A000001,公司,雇主,2016-05-31,0,0,,,0,,
A000002,公司,雇主,2020-08-04,0,0,,,0,,
A000003,公司,雇主,2012-08-18,0,0,,,0,,
A000004,公司,雇主,2009-04-12,0,0,,,0,,
A000005,公司,雇主,2023-12-05,0,0,,,0,,
A000006,公司,雇主,2014-12-24,0,0,,,0,,
A000007,公司,雇主,2016-02-06,0,0,,,0,,
A000008,公司,雇主,2007-10-22,0,0,,,0,,
A000009,公司,雇主,2017-08-22,0,0,,,0,,
A000010,公司,雇主,2021-10-27,0,0,,,0,,
A000011,公司,雇主,2019-05-24,0,0,,,0,,
A000012,公司,雇主,2011-01-12,0,0,,,0,,
A000013,公司,雇主,2024-10-17,0,0,,,0,,
A000014,公司,雇主,2007-10-24,0,0,,,0,,
A000015,公司,雇主,2006-03-16,0,0,,,0,,
A000016,公司,雇主,2018-04-02,0,0,,,0,,
A000017,公司,雇主,2008-06-17,0,0,,,0,,
A000018,公司,雇主,2009-07-13,0,0,,,0,,
A000019,公司,雇主,2023-11-22,0,0,,,0,,
A000020,公司,雇主,2012-05-12,0,0,,,0,,
A000021,公司,雇主,2009-06-02,0,0,,,0,,
A000022,公司,雇主,2020-05-22,0,0,,,0,,
A000023,公司,雇主,2011-11-30,0,0,,,0,,
A000024,公司,雇主,2010-02-09,0,0,,,0,,
A000025,公司,雇主,2015-07-10,0,0,,,0,,
A000026,公司,雇主,2010-03-30,0,0,,,0,,
A000027,公司,雇主,2011-06-10,0,0,,,0,,
A000028,公司,雇主,2015-08-19,0,0,,,0,,
A000029,公司,雇主,2008-05-20,0,0,,,0,,
A000030,公司,雇主,2013-11-17,0,0,,,0,,
A000031,公司,雇主,2020-03-04,0,0,,,0,,
A000032,公司,雇主,2013-01-23,0,0,,,0,,
A000033,公司,雇主,2024-12-29,0,0,,,0,,
A000034,公司,雇主,2015-04-09,0,0,,,0,,
A000035,公司,雇主,2017-05-23,0,0,,,0,,
A000036,公司,雇主,2016-04-07,0,0,,,0,,
A000037,公司,雇主,2017-10-04,0,0,,,0,,
A000038,公司,雇主,2010-02-20,0,0,,,0,,
A000039,公司,雇主,2016-05-07,0,0,,,0,,
A000040,公司,雇主,2018-12-13,0,0,,,0,,
A000041,公司,雇主,2024-03-04,0,0,,,0,,
A000042,公司,雇主,2018-09-13,0,0,,,0,,
A000043,公司,雇主,2012-08-05,0,0,,,0,,
A000044,公司,雇主,2013-06-02,0,0,,,0,,
A000045,公司,雇主,2015-12-14,0,0,,,0,,
A000046,公司,雇主,2012-05-04,0,0,,,0,,
A000047,公司,雇主,2010-07-12,0,0,,,0,,
A000048,公司,雇主,2020-01-07,0,0,,,0,,
A000049,公司,雇主,2011-02-14,0,0,,,0,,
A000050,公司,雇主,2016-10-03,0,0,,,0,,
A000051,公司,雇主,2024-01-14,0,0,,,0,,
A000052,公司,雇主,2021-10-20,0,0,,,0,,
A000053,公司,雇主,2018-12-17,0,0,,,0,,
A000054,公司,雇主,2021-06-24,0,0,,,0,,
A000055,公司,雇主,2017-12-16,0,0,,,0,,
A000056,公司,雇主,2006-10-19,0,0,,,0,,
A000057,公司,雇主,2023-09-18,0,0,,,0,,
A000058,公司,雇主,2008-09-28,0,0,,,0,,
A000059,公司,雇主,2024-04-21,0,0,,,0,,
A000060,公司,雇主,2007-02-11,0,0,,,0,,
A000061,公司,雇主,2012-03-16,0,0,,,0,,
A000062,公司,雇主,2013-11-25,0,0,,,0,,
A000063,公司,雇主,2017-03-09,0,0,,,0,,
A000064,公司,雇主,2016-07-30,0,0,,,0,,
A000065,公司,雇主,2022-06-18,0,0,,,0,,
A000066,公司,雇主,2022-06-26,0,0,,,0,,
A000067,公司,雇主,2007-05-14,0,0,,,0,,
A000068,公司,雇主,2014-03-22,0,0,,,0,,
A000069,公司,雇主,2016-07-25,0,0,,,0,,
A000070,公司,雇主,2019-05-24,0,0,,,0,,
A000071,公司,雇主,2024-02-28,0,0,,,0,,
A000072,公司,雇主,2017-07-06,0,0,,,0,,
A000073,公司,雇主,2022-12-28,0,0,,,0,,
A000074,公司,雇主,2008-06-27,0,0,,,0,,
A000075,公司,雇主,2009-02-06,0,0,,,0,,
A000076,公司,雇主,2008-08-08,0,0,,,0,,
A000077,公司,雇主,2016-12-10,0,0,,,0,,
A000078,公司,雇主,2024-12-15,0,0,,,0,,
A000079,公司,雇主,2007-01-04,0,0,,,0,,
A000080,公司,雇主,2007-09-07,0,0,,,0,,
A000081,公司,雇主,2013-10-10,0,0,,,0,,
A000082,公司,雇主,2010-01-05,0,0,,,0,,
A000083,公司,雇主,2011-12-06,0,0,,,0,,
A000084,公司,雇主,2014-06-12,0,0,,,0,,
A000085,公司,雇主,2006-02-26,0,0,,,0,,
A000086,公司,雇主,2016-07-06,0,0,,,0,,
A000087,公司,雇主,2008-10-14,0,0,,,0,,
A000088,公司,雇主,2022-02-13,0,0,,,0,,
A000089,公司,雇主,2012-11-14,0,0,,,0,,
A000090,公司,雇主,2014-02-28,0,0,,,0,,
A000091,公司,雇主,2022-11-28,0,0,,,0,,
A000092,公司,雇主,2013-04-22,0,0,,,0,,
A000093,公司,雇主,2023-11-28,0,0,,,0,,
A000094,公司,雇主,2019-03-11,0,0,,,0,,
A000095,公司,雇主,2018-04-28,0,0,,,0,,
A000096,公司,雇主,2015-01-17,0,0,,,0,,
A000097,公司,雇主,2021-05-17,0,0,,,0,,
A000098,公司,雇主,2021-05-29,0,0,,,0,,
A000099,公司,雇主,2019-07-08,0,0,,,0,,
A000100,公司,雇主,2022-10-25,0,0,,,0,,
A000101,公司,供應商,2017-09-01,0,0,,,0,,
A000102,公司,供應商,2008-11-23,0,0,,,0,,
A000103,公司,供應商,2020-12-25,0,0,,,0,,
A000104,公司,供應商,2006-03-28,0,0,,,0,,
A000105,公司,供應商,2012-12-20,0,0,,,0,,
A000106,公司,供應商,2006-10-19,0,0,,,0,,
A000107,公司,供應商,2006-12-01,0,0,,,0,,
A000108,公司,供應商,2017-12-03,0,0,,,0,,
A000109,公司,供應商,2012-09-18,0,0,,,0,,
A000110,公司,供應商,2024-04-12,0,0,,,0,,
A000111,公司,供應商,2016-07-15,0,0,,,0,,
A000112,公司,供應商,2006-09-22,0,0,,,0,,
A000113,公司,供應商,2008-08-23,0,0,,,0,,
A000114,公司,供應商,2009-05-09,0,0,,,0,,
A000115,公司,供應商,2015-01-16,0,0,,,0,,
A000116,公司,供應商,2017-11-16,0,0,,,0,,
A000117,公司,供應商,2008-07-25,0,0,,,0,,
A000118,公司,供應商,2021-07-28,0,0,,,0,,
A000119,公司,供應商,2007-10-02,0,0,,,0,,
A000120,公司,供應商,2019-02-17,0,0,,,0,,
A000121,公司,供應商,2009-12-19,0,0,,,0,,
A000122,公司,供應商,2017-08-26,0,0,,,0,,
A000123,公司,供應商,2023-09-05,0,0,,,0,,
A000124,公司,供應商,2008-04-08,0,0,,,0,,
A000125,公司,供應商,2018-11-13,0,0,,,0,,
A000126,公司,供應商,2014-05-29,0,0,,,0,,
A000127,公司,供應商,2008-09-22,0,0,,,0,,
A000128,公司,供應商,2010-07-28,0,0,,,0,,
A000129,公司,供應商,2009-11-19,0,0,,,0,,
A000130,公司,供應商,2017-10-26,0,0,,,0,,
A000131,公司,供應商,2017-04-22,0,0,,,0,,
A000132,公司,供應商,2007-06-06,0,0,,,0,,
A000133,公司,供應商,2023-11-07,0,0,,,0,,
A000134,公司,供應商,2006-06-14,0,0,,,0,,
A000135,公司,供應商,2023-07-28,0,0,,,0,,
A000136,公司,供應商,2024-02-15,0,0,,,0,,
A000137,公司,供應商,2015-03-03,0,0,,,0,,
A000138,公司,供應商,2011-09-22,0,0,,,0,,
A000139,公司,供應商,2007-02-24,0,0,,,0,,
A000140,公司,供應商,2012-02-13,0,0,,,0,,
A000141,公司,供應商,2015-04-04,0,0,,,0,,
A000142,公司,供應商,2013-12-17,0,0,,,0,,
A000143,公司,供應商,2011-08-26,0,0,,,0,,
A000144,公司,供應商,2014-01-23,0,0,,,0,,
A000145,公司,供應商,2021-01-26,0,0,,,0,,
A000146,公司,供應商,2007-06-25,0,0,,,0,,
A000147,公司,供應商,2016-04-08,0,0,,,0,,
A000148,公司,供應商,2015-11-22,0,0,,,0,,
A000149,公司,供應商,2016-09-23,0,0,,,0,,
A000150,公司,供應商,2019-07-26,0,0,,,0,,
A000151,公司,公用事業,2014-10-31,0,0,,,0,,
A000152,公司,公用事業,2024-03-11,0,0,,,0,,
A000153,公司,公用事業,2009-05-17,0,0,,,0,,
A000154,公司,公用事業,2021-03-19,0,0,,,0,,
A000155,公司,公用事業,2008-09-29,0,0,,,0,,
A000156,公司,公用事業,2006-09-29,0,0,,,0,,
A000157,公司,年金機構,2021-01-11,0,0,,,0,,
A000158,公司,電子支付機構,2006-03-19,0,0,,,0,,
A000159,公司,保險公司,2018-09-09,0,0,,,0,,
A000160,公司,虛擬貨幣交易所,2008-12-06,0,0,,,0,,
A000161,公司,虛擬貨幣交易所,2008-08-24,0,0,,,0,,
A000162,公司,虛擬貨幣交易所,2021-01-15,0,0,,,0,,
A000163,商家,商家,2009-06-25,0,0,,,0,,
A000164,商家,商家,2008-06-16,0,0,,,0,,
A000165,商家,商家,2016-09-21,0,0,,,0,,
A000166,商家,商家,2006-02-23,0,0,,,0,,
A000167,商家,商家,2010-12-19,0,0,,,0,,
A000168,商家,商家,2014-07-17,0,0,,,0,,
A000169,商家,商家,2017-08-11,0,0,,,0,,
A000170,商家,商家,2021-05-08,0,0,,,0,,
A000171,商家,商家,2019-11-01,0,0,,,0,,
A000172,商家,商家,2020-06-07,0,0,,,0,,
A000173,商家,商家,2016-02-06,0,0,,,0,,
A000174,商家,商家,2011-10-09,0,0,,,0,,
A000175,商家,商家,2020-11-05,0,0,,,0,,
A000176,商家,商家,2017-05-14,0,0,,,0,,
A000177,商家,商家,2010-07-06,0,0,,,0,,
A000178,商家,商家,2010-11-19,0,0,,,0,,
A000179,商家,商家,2021-04-19,0,0,,,0,,
A000180,商家,商家,2009-05-08,0,0,,,0,,
A000181,商家,商家,2021-03-06,0,0,,,0,,
A000182,商家,商家,2010-06-06,0,0,,,0,,
A000183,商家,商家,2006-07-16,0,0,,,0,,
A000184,商家,商家,2020-12-26,0,0,,,0,,
A000185,商家,商家,2024-05-23,0,0,,,0,,
A000186,商家,商家,2015-04-26,0,0,,,0,,
A000187,商家,商家,2010-11-21,0,0,,,0,,
A000188,商家,商家,2022-07-08,0,0,,,0,,
A000189,商家,商家,2010-01-01,0,0,,,0,,
A000190,商家,商家,2021-06-24,0,0,,,0,,
A000191,商家,商家,2012-03-02,0,0,,,0,,
A000192,商家,商家,2024-01-02,0,0,,,0,,
A000193,商家,商家,2017-05-08,0,0,,,0,,
A000194,商家,商家,2022-08-12,0,0,,,0,,
A000195,商家,商家,2009-08-16,0,0,,,0,,
A000196,商家,商家,2007-03-29,0,0,,,0,,
A000197,商家,商家,2020-01-29,0,0,,,0,,
A000198,商家,商家,2011-08-21,0,0,,,0,,
A000199,商家,商家,2006-07-05,0,0,,,0,,
A000200,商家,商家,2022-10-11,0,0,,,0,,
A000201,商家,商家,2006-12-07,0,0,,,0,,
A000202,商家,商家,2022-02-21,0,0,,,0,,
A000203,商家,商家,2023-06-08,0,0,,,0,,
A000204,商家,商家,2011-05-10,0,0,,,0,,
A000205,商家,商家,2006-07-11,0,0,,,0,,
A000206,商家,商家,2021-02-23,0,0,,,0,,
A000207,商家,商家,2011-02-26,0,0,,,0,,
A000208,商家,商家,2022-03-12,0,0,,,0,,
A000209,商家,商家,2016-06-04,0,0,,,0,,
A000210,商家,商家,2009-06-20,0,0,,,0,,
A000211,商家,商家,2012-01-25,0,0,,,0,,
A000212,商家,商家,2015-01-09,0,0,,,0,,
A000213,商家,商家,2018-02-25,0,0,,,0,,
A000214,商家,商家,2020-11-15,0,0,,,0,,
A000215,商家,商家,2019-07-29,0,0,,,0,,
A000216,商家,商家,2018-08-17,0,0,,,0,,
A000217,商家,商家,2021-11-26,0,0,,,0,,
A000218,商家,商家,2016-01-23,0,0,,,0,,
A000219,商家,商家,2021-01-10,0,0,,,0,,
A000220,商家,商家,2012-05-30,0,0,,,0,,
A000221,商家,商家,2012-02-11,0,0,,,0,,
A000222,商家,商家,2011-07-14,0,0,,,0,,
A000223,商家,商家,2010-11-11,0,0,,,0,,
A000224,商家,商家,2023-07-03,0,0,,,0,,
A000225,商家,商家,2011-12-31,0,0,,,0,,
A000226,商家,商家,2016-09-13,0,0,,,0,,
A000227,商家,商家,2023-06-24,0,0,,,0,,
A000228,商家,商家,2009-10-29,0,0,,,0,,
A000229,商家,商家,2013-05-26,0,0,,,0,,
A000230,商家,商家,2014-08-22,0,0,,,0,,
A000231,商家,商家,2018-03-22,0,0,,,0,,
A000232,商家,商家,2013-01-22,0,0,,,0,,
A000233,商家,商家,2024-11-04,0,0,,,0,,
A000234,商家,商家,2011-09-11,0,0,,,0,,
A000235,商家,商家,2009-05-13,0,0,,,0,,
A000236,商家,商家,2020-07-21,0,0,,,0,,
A000237,商家,商家,2023-04-09,0,0,,,0,,
A000238,商家,商家,2020-07-29,0,0,,,0,,
A000239,商家,商家,2020-10-15,0,0,,,0,,
A000240,商家,商家,2006-03-20,0,0,,,0,,
A000241,商家,商家,2017-06-30,0,0,,,0,,
A000242,商家,商家,2017-02-24,0,0,,,0,,
A000243,商家,商家,2016-01-25,0,0,,,0,,
A000244,商家,商家,2013-05-22,0,0,,,0,,
A000245,商家,商家,2007-09-09,0,0,,,0,,
A000246,商家,商家,2008-04-11,0,0,,,0,,
A000247,商家,商家,2023-03-06,0,0,,,0,,
A000248,商家,商家,2008-08-12,0,0,,,0,,
A000249,商家,商家,2018-01-26,0,0,,,0,,
A000250,商家,商家,2013-11-29,0,0,,,0,,
A000251,商家,商家,2021-10-04,0,0,,,0,,
A000252,商家,商家,2009-07-20,0,0,,,0,,
A000253,商家,商家,2007-11-02,0,0,,,0,,
A000254,商家,商家,2016-08-22,0,0,,,0,,
A000255,商家,商家,2012-06-17,0,0,,,0,,
A000256,商家,商家,2013-12-09,0,0,,,0,,
A000257,商家,商家,2018-08-31,0,0,,,0,,
A000258,商家,商家,2023-05-29,0,0,,,0,,
A000259,商家,商家,2020-05-24,0,0,,,0,,
A000260,商家,商家,2021-03-18,0,0,,,0,,
A000261,商家,商家,2023-02-15,0,0,,,0,,
A000262,商家,商家,2010-10-04,0,0,,,0,,
A000263,商家,商家,2010-11-08,0,0,,,0,,
A000264,商家,商家,2018-07-10,0,0,,,0,,
A000265,商家,商家,2019-03-06,0,0,,,0,,
A000266,商家,商家,2009-07-10,0,0,,,0,,
A000267,商家,商家,2021-09-01,0,0,,,0,,
A000268,商家,商家,2022-02-23,0,0,,,0,,
A000269,商家,商家,2010-11-05,0,0,,,0,,
A000270,商家,商家,2020-10-06,0,0,,,0,,
A000271,商家,商家,2014-01-24,0,0,,,0,,
A000272,商家,商家,2018-02-20,0,0,,,0,,
A000273,商家,商家,2024-02-05,0,0,,,0,,
A000274,商家,商家,2017-04-05,0,0,,,0,,
A000275,商家,商家,2013-11-21,0,0,,,0,,
A000276,商家,商家,2024-01-23,0,0,,,0,,
A000277,商家,商家,2006-11-19,0,0,,,0,,
A000278,商家,商家,2020-12-19,0,0,,,0,,
A000279,商家,商家,2024-12-24,0,0,,,0,,
A000280,商家,商家,2022-03-08,0,0,,,0,,
A000281,商家,商家,2018-09-27,0,0,,,0,,
A000282,商家,商家,2015-05-08,0,0,,,0,,
A000283,商家,商家,2007-06-04,0,0,,,0,,
A000284,商家,商家,2008-09-27,0,0,,,0,,
A000285,商家,商家,2012-02-15,0,0,,,0,,
A000286,商家,商家,2009-07-27,0,0,,,0,,
A000287,商家,商家,2019-07-24,0,0,,,0,,
A000288,商家,商家,2012-02-05,0,0,,,0,,
A000289,商家,商家,2006-12-23,0,0,,,0,,
A000290,商家,商家,2014-05-13,0,0,,,0,,
A000291,商家,商家,2016-11-21,0,0,,,0,,
A000292,商家,商家,2021-06-15,0,0,,,0,,
A000293,商家,商家,2022-05-20,0,0,,,0,,
A000294,商家,商家,2024-03-20,0,0,,,0,,
A000295,商家,商家,2010-09-23,0,0,,,0,,
A000296,商家,商家,2019-05-26,0,0,,,0,,
A000297,商家,商家,2012-08-21,0,0,,,0,,
A000298,商家,商家,2018-08-21,0,0,,,0,,
A000299,商家,商家,2018-09-02,0,0,,,0,,
A000300,商家,商家,2006-04-29,0,0,,,0,,
A000301,商家,商家,2020-06-08,0,0,,,0,,
A000302,商家,商家,2022-01-15,0,0,,,0,,
A000303,商家,商家,2013-08-12,0,0,,,0,,
A000304,商家,商家,2022-06-11,0,0,,,0,,
A000305,商家,商家,2015-05-09,0,0,,,0,,
A000306,商家,商家,2016-01-07,0,0,,,0,,
A000307,商家,商家,2017-11-27,0,0,,,0,,
A000308,商家,商家,2019-09-11,0,0,,,0,,
A000309,商家,商家,2012-02-05,0,0,,,0,,
A000310,商家,商家,2010-06-15,0,0,,,0,,
A000311,商家,商家,2019-08-24,0,0,,,0,,
A000312,商家,商家,2011-04-02,0,0,,,0,,
A000313,商家,商家,2010-10-30,0,0,,,0,,
A000314,商家,商家,2023-10-08,0,0,,,0,,
A000315,商家,商家,2023-02-22,0,0,,,0,,
A000316,商家,商家,2022-06-08,0,0,,,0,,
A000317,商家,商家,2024-10-14,0,0,,,0,,
A000318,商家,商家,2012-04-29,0,0,,,0,,
A000319,商家,商家,2024-03-01,0,0,,,0,,
A000320,商家,商家,2016-08-02,0,0,,,0,,
A000321,商家,商家,2022-11-16,0,0,,,0,,
A000322,商家,商家,2014-11-10,0,0,,,0,,
A000323,商家,商家,2008-10-05,0,0,,,0,,
A000324,商家,商家,2020-10-25,0,0,,,0,,
A000325,商家,商家,2007-07-05,0,0,,,0,,
A000326,商家,商家,2019-01-31,0,0,,,0,,
A000327,商家,商家,2007-07-20,0,0,,,0,,
A000328,商家,商家,2011-05-19,0,0,,,0,,
A000329,商家,商家,2014-06-16,0,0,,,0,,
A000330,商家,商家,2006-03-27,0,0,,,0,,
A000331,商家,商家,2019-01-31,0,0,,,0,,
A000332,商家,商家,2007-09-21,0,0,,,0,,
A000333,商家,商家,2018-08-20,0,0,,,0,,
A000334,商家,商家,2012-12-27,0,0,,,0,,
A000335,商家,商家,2016-04-29,0,0,,,0,,
A000336,商家,商家,2013-07-31,0,0,,,0,,
A000337,商家,商家,2006-05-01,0,0,,,0,,
A000338,商家,商家,2019-03-18,0,0,,,0,,
A000339,商家,商家,2016-12-07,0,0,,,0,,
A000340,商家,商家,2013-12-19,0,0,,,0,,
A000341,商家,商家,2010-09-13,0,0,,,0,,
A000342,商家,商家,2016-10-15,0,0,,,0,,
A000343,商家,商家,2007-03-25,0,0,,,0,,
A000344,商家,商家,2006-04-09,0,0,,,0,,
A000345,商家,商家,2017-01-20,0,0,,,0,,
A000346,商家,商家,2012-07-09,0,0,,,0,,
A000347,商家,商家,2008-09-18,0,0,,,0,,
A000348,商家,商家,2015-08-20,0,0,,,0,,
A000349,商家,商家,2008-07-27,0,0,,,0,,
A000350,商家,商家,2019-03-08,0,0,,,0,,
A000351,商家,商家,2019-02-28,0,0,,,0,,
A000352,商家,商家,2019-08-03,0,0,,,0,,
A000353,商家,商家,2007-04-29,0,0,,,0,,
A000354,商家,商家,2016-04-21,0,0,,,0,,
A000355,商家,商家,2017-12-05,0,0,,,0,,
A000356,商家,商家,2013-11-15,0,0,,,0,,
A000357,商家,商家,2017-03-08,0,0,,,0,,
A000358,商家,商家,2007-05-17,0,0,,,0,,
A000359,商家,商家,2019-02-16,0,0,,,0,,
A000360,商家,商家,2017-03-16,0,0,,,0,,
A000361,商家,商家,2006-10-11,0,0,,,0,,
A000362,商家,商家,2008-10-08,0,0,,,0,,
A000363,商家,商家,2019-03-22,0,0,,,0,,
A000364,商家,商家,2020-11-21,0,0,,,0,,
A000365,商家,商家,2007-04-09,0,0,,,0,,
A000366,商家,商家,2014-02-27,0,0,,,0,,
A000367,商家,商家,2010-01-27,0,0,,,0,,
A000368,商家,商家,2018-08-20,0,0,,,0,,
A000369,商家,商家,2018-03-31,0,0,,,0,,
A000370,商家,商家,2018-07-22,0,0,,,0,,
A000371,商家,商家,2009-03-28,0,0,,,0,,
A000372,商家,商家,2014-10-27,0,0,,,0,,
A000373,商家,商家,2022-01-27,0,0,,,0,,
A000374,商家,商家,2018-11-14,0,0,,,0,,
A000375,商家,商家,2021-11-29,0,0,,,0,,
A000376,商家,商家,2011-10-20,0,0,,,0,,
A000377,商家,商家,2013-10-20,0,0,,,0,,
A000378,商家,商家,2006-12-13,0,0,,,0,,
A000379,商家,商家,2011-01-11,0,0,,,0,,
A000380,商家,商家,2022-09-17,0,0,,,0,,
A000381,商家,商家,2013-01-16,0,0,,,0,,
A000382,商家,商家,2016-02-01,0,0,,,0,,
A000383,商家,商家,2011-03-12,0,0,,,0,,
A000384,商家,商家,2018-07-22,0,0,,,0,,
A000385,商家,商家,2008-02-25,0,0,,,0,,
A000386,商家,商家,2015-10-07,0,0,,,0,,
A000387,商家,商家,2014-02-23,0,0,,,0,,
A000388,商家,商家,2016-10-22,0,0,,,0,,
A000389,商家,商家,2015-07-30,0,0,,,0,,
A000390,商家,商家,2021-02-22,0,0,,,0,,
A000391,商家,商家,2013-07-21,0,0,,,0,,
A000392,商家,商家,2009-05-08,0,0,,,0,,
A000393,商家,商家,2019-02-18,0,0,,,0,,
A000394,商家,商家,2014-10-21,0,0,,,0,,
A000395,商家,商家,2007-04-11,0,0,,,0,,
A000396,商家,商家,2020-08-11,0,0,,,0,,
A000397,商家,商家,2023-05-28,0,0,,,0,,
A000398,商家,商家,2008-10-26,0,0,,,0,,
A000399,商家,商家,2012-05-04,0,0,,,0,,
A000400,商家,商家,2020-07-29,0,0,,,0,,
A000401,商家,商家,2011-10-09,0,0,,,0,,
A000402,商家,商家,2022-10-30,0,0,,,0,,
A000403,商家,商家,2018-06-13,0,0,,,0,,
A000404,商家,商家,2018-02-25,0,0,,,0,,
A000405,商家,商家,2023-05-16,0,0,,,0,,
A000406,商家,商家,2019-05-26,0,0,,,0,,
A000407,商家,商家,2015-10-07,0,0,,,0,,
A000408,商家,商家,2011-08-19,0,0,,,0,,
A000409,商家,商家,2018-03-31,0,0,,,0,,
A000410,商家,商家,2006-02-24,0,0,,,0,,
A000411,商家,商家,2015-09-28,0,0,,,0,,
A000412,商家,商家,2024-02-05,0,0,,,0,,
A000413,商家,商家,2010-12-23,0,0,,,0,,
A000414,商家,商家,2014-03-10,0,0,,,0,,
A000415,商家,商家,2015-04-02,0,0,,,0,,
A000416,商家,商家,2011-01-01,0,0,,,0,,
A000417,商家,商家,2017-06-30,0,0,,,0,,
A000418,商家,商家,2022-07-16,0,0,,,0,,
A000419,商家,商家,2019-04-03,0,0,,,0,,
A000420,商家,商家,2017-08-06,0,0,,,0,,
A000421,商家,商家,2020-06-28,0,0,,,0,,
A000422,商家,商家,2017-04-08,0,0,,,0,,
A000423,商家,商家,2007-12-22,0,0,,,0,,
A000424,商家,商家,2006-11-25,0,0,,,0,,
A000425,商家,商家,2024-07-09,0,0,,,0,,
A000426,商家,商家,2016-03-10,0,0,,,0,,
A000427,商家,商家,2022-05-29,0,0,,,0,,
A000428,商家,商家,2024-10-13,0,0,,,0,,
A000429,商家,商家,2007-02-07,0,0,,,0,,
A000430,商家,商家,2008-12-02,0,0,,,0,,
A000431,商家,商家,2024-02-15,0,0,,,0,,
A000432,商家,商家,2019-10-03,0,0,,,0,,
A000433,商家,商家,2014-08-01,0,0,,,0,,
A000434,商家,商家,2019-05-15,0,0,,,0,,
A000435,商家,商家,2017-05-19,0,0,,,0,,
A000436,商家,商家,2022-05-13,0,0,,,0,,
A000437,商家,商家,2012-07-14,0,0,,,0,,
A000438,商家,商家,2022-03-26,0,0,,,0,,
A000439,商家,商家,2012-12-30,0,0,,,0,,
A000440,商家,商家,2014-01-08,0,0,,,0,,
A000441,商家,商家,2012-03-06,0,0,,,0,,
A000442,商家,商家,2009-01-21,0,0,,,0,,
A000443,商家,商家,2021-06-21,0,0,,,0,,
A000444,商家,商家,2012-12-07,0,0,,,0,,
A000445,商家,商家,2015-10-09,0,0,,,0,,
A000446,商家,商家,2014-09-18,0,0,,,0,,
A000447,商家,商家,2014-01-11,0,0,,,0,,
A000448,商家,商家,2020-03-17,0,0,,,0,,
A000449,商家,商家,2012-10-26,0,0,,,0,,
A000450,商家,商家,2018-12-27,0,0,,,0,,
A000451,商家,商家,2023-01-11,0,0,,,0,,
A000452,商家,商家,2020-03-31,0,0,,,0,,
A000453,商家,商家,2022-05-16,0,0,,,0,,
A000454,商家,商家,2018-12-12,0,0,,,0,,
A000455,商家,商家,2024-09-02,0,0,,,0,,
A000456,商家,商家,2017-09-22,0,0,,,0,,
A000457,商家,商家,2012-12-08,0,0,,,0,,
A000458,商家,商家,2012-05-21,0,0,,,0,,
A000459,商家,商家,2012-04-06,0,0,,,0,,
A000460,商家,商家,2022-06-05,0,0,,,0,,
A000461,商家,商家,2022-02-09,0,0,,,0,,
A000462,商家,商家,2021-12-07,0,0,,,0,,
A000463,商家,商家,2009-05-19,0,0,,,0,,
A000464,商家,商家,2023-11-07,0,0,,,0,,
A000465,商家,商家,2011-08-17,0,0,,,0,,
A000466,商家,商家,2009-05-11,0,0,,,0,,
A000467,商家,商家,2014-01-24,0,0,,,0,,
A000468,商家,商家,2013-11-04,0,0,,,0,,
A000469,商家,商家,2013-12-10,0,0,,,0,,
A000470,商家,商家,2024-02-16,0,0,,,0,,
A000471,商家,商家,2011-07-04,0,0,,,0,,
A000472,商家,商家,2007-02-16,0,0,,,0,,
A000473,商家,商家,2013-01-01,0,0,,,0,,
A000474,商家,商家,2010-09-05,0,0,,,0,,
A000475,商家,商家,2022-03-30,0,0,,,0,,
A000476,商家,商家,2024-12-07,0,0,,,0,,
A000477,商家,商家,2023-07-19,0,0,,,0,,
A000478,商家,商家,2017-03-25,0,0,,,0,,
A000479,商家,商家,2023-06-27,0,0,,,0,,
A000480,商家,商家,2012-09-30,0,0,,,0,,
A000481,商家,商家,2015-10-10,0,0,,,0,,
A000482,商家,商家,2011-01-27,0,0,,,0,,
A000483,商家,商家,2010-01-24,0,0,,,0,,
A000484,商家,商家,2009-12-18,0,0,,,0,,
A000485,商家,商家,2012-07-12,0,0,,,0,,
A000486,商家,商家,2020-12-06,0,0,,,0,,
A000487,商家,商家,2020-10-20,0,0,,,0,,
A000488,商家,商家,2017-06-20,0,0,,,0,,
A000489,商家,商家,2021-09-21,0,0,,,0,,
A000490,商家,商家,2021-02-13,0,0,,,0,,
A000491,商家,商家,2024-08-22,0,0,,,0,,
A000492,商家,商家,2014-12-02,0,0,,,0,,
A000493,商家,商家,2024-08-09,0,0,,,0,,
A000494,商家,商家,2016-08-30,0,0,,,0,,
A000495,商家,商家,2008-12-30,0,0,,,0,,
A000496,商家,商家,2022-10-02,0,0,,,0,,
A000497,商家,商家,2014-03-24,0,0,,,0,,
A000498,商家,商家,2014-07-21,0,0,,,0,,
A000499,商家,商家,2017-02-03,0,0,,,0,,
A000500,商家,商家,2013-01-12,0,0,,,0,,
A000501,商家,商家,2019-02-13,0,0,,,0,,
A000502,商家,商家,2007-12-26,0,0,,,0,,
A000503,商家,商家,2021-01-10,0,0,,,0,,
A000504,商家,商家,2015-09-26,0,0,,,0,,
A000505,商家,商家,2008-08-19,0,0,,,0,,
A000506,商家,商家,2010-03-18,0,0,,,0,,
A000507,商家,商家,2012-06-04,0,0,,,0,,
A000508,商家,商家,2009-03-19,0,0,,,0,,
A000509,商家,商家,2021-01-07,0,0,,,0,,
A000510,商家,商家,2012-01-07,0,0,,,0,,
A000511,商家,商家,2007-06-02,0,0,,,0,,
A000512,商家,商家,2024-02-20,0,0,,,0,,
A000513,商家,商家,2010-03-02,0,0,,,0,,
A000514,商家,商家,2009-06-11,0,0,,,0,,
A000515,商家,商家,2010-06-22,0,0,,,0,,
A000516,商家,商家,2016-01-30,0,0,,,0,,
A000517,商家,商家,2017-02-03,0,0,,,0,,
A000518,商家,商家,2020-05-30,0,0,,,0,,
A000519,商家,商家,2013-09-02,0,0,,,0,,
A000520,商家,商家,2021-07-28,0,0,,,0,,
A000521,商家,商家,2012-12-20,0,0,,,0,,
A000522,商家,商家,2017-09-01,0,0,,,0,,
A000523,商家,商家,2006-10-17,0,0,,,0,,
A000524,商家,商家,2013-08-12,0,0,,,0,,
A000525,商家,商家,2021-10-31,0,0,,,0,,
A000526,商家,商家,2012-10-15,0,0,,,0,,
A000527,商家,商家,2014-08-04,0,0,,,0,,
A000528,商家,商家,2010-08-23,0,0,,,0,,
A000529,商家,商家,2012-04-18,0,0,,,0,,
A000530,商家,商家,2011-11-11,0,0,,,0,,
A000531,商家,商家,2024-04-28,0,0,,,0,,
A000532,商家,商家,2015-08-24,0,0,,,0,,
A000533,商家,商家,2013-02-08,0,0,,,0,,
A000534,商家,商家,2007-06-09,0,0,,,0,,
A000535,商家,商家,2007-05-13,0,0,,,0,,
A000536,商家,商家,2013-12-24,0,0,,,0,,
A000537,商家,商家,2012-03-15,0,0,,,0,,
A000538,商家,商家,2009-04-02,0,0,,,0,,
A000539,商家,商家,2018-09-07,0,0,,,0,,
A000540,商家,商家,2008-03-15,0,0,,,0,,
A000541,商家,商家,2021-08-28,0,0,,,0,,
A000542,商家,商家,2023-07-16,0,0,,,0,,
A000543,商家,商家,2006-04-17,0,0,,,0,,
A000544,商家,商家,2011-10-29,0,0,,,0,,
A000545,商家,商家,2021-08-21,0,0,,,0,,
A000546,商家,商家,2014-02-03,0,0,,,0,,
A000547,商家,商家,2015-08-17,0,0,,,0,,
A000548,商家,商家,2018-07-15,0,0,,,0,,
A000549,商家,商家,2019-01-24,0,0,,,0,,
A000550,商家,商家,2011-09-27,0,0,,,0,,
A000551,商家,商家,2010-09-23,0,0,,,0,,
A000552,商家,商家,2021-12-14,0,0,,,0,,
A000553,商家,商家,2007-08-03,0,0,,,0,,
A000554,商家,商家,2018-07-08,0,0,,,0,,
A000555,商家,商家,2014-09-09,0,0,,,0,,
A000556,商家,商家,2023-05-14,0,0,,,0,,
A000557,商家,商家,2015-04-24,0,0,,,0,,
A000558,商家,商家,2019-08-08,0,0,,,0,,
A000559,商家,商家,2022-12-13,0,0,,,0,,
A000560,商家,商家,2011-02-18,0,0,,,0,,
A000561,商家,商家,2024-03-24,0,0,,,0,,
A000562,商家,商家,2010-05-13,0,0,,,0,,
A000563,商家,商家,2011-02-20,0,0,,,0,,
A000564,商家,商家,2011-05-17,0,0,,,0,,
A000565,商家,商家,2021-01-17,0,0,,,0,,
A000566,商家,商家,2014-11-30,0,0,,,0,,
A000567,商家,商家,2010-07-28,0,0,,,0,,
A000568,商家,商家,2020-07-04,0,0,,,0,,
A000569,商家,商家,2017-08-29,0,0,,,0,,
A000570,商家,商家,2009-07-28,0,0,,,0,,
A000571,商家,商家,2009-09-30,0,0,,,0,,
A000572,商家,商家,2006-04-30,0,0,,,0,,
A000573,商家,商家,2007-04-28,0,0,,,0,,
A000574,商家,商家,2016-12-04,0,0,,,0,,
A000575,商家,商家,2018-06-18,0,0,,,0,,
A000576,商家,商家,2011-01-18,0,0,,,0,,
A000577,商家,商家,2024-09-29,0,0,,,0,,
A000578,商家,商家,2007-02-24,0,0,,,0,,
A000579,商家,商家,2023-01-26,0,0,,,0,,
A000580,商家,商家,2006-06-18,0,0,,,0,,
A000581,商家,商家,2013-07-25,0,0,,,0,,
A000582,商家,商家,2021-11-24,0,0,,,0,,
A000583,商家,商家,2021-04-24,0,0,,,0,,
A000584,商家,商家,2011-12-14,0,0,,,0,,
A000585,商家,商家,2006-05-12,0,0,,,0,,
A000586,商家,商家,2016-12-07,0,0,,,0,,
A000587,商家,商家,2021-07-24,0,0,,,0,,
A000588,商家,商家,2021-06-29,0,0,,,0,,
A000589,商家,商家,2019-07-21,0,0,,,0,,
A000590,商家,商家,2010-01-04,0,0,,,0,,
A000591,商家,商家,2006-10-01,0,0,,,0,,
A000592,商家,商家,2010-02-28,0,0,,,0,,
A000593,商家,商家,2020-11-17,0,0,,,0,,
A000594,商家,商家,2014-12-21,0,0,,,0,,
A000595,商家,商家,2022-02-25,0,0,,,0,,
A000596,商家,商家,2018-07-15,0,0,,,0,,
A000597,商家,商家,2014-07-09,0,0,,,0,,
A000598,商家,商家,2024-08-15,0,0,,,0,,
A000599,商家,商家,2018-09-28,0,0,,,0,,
A000600,商家,商家,2017-10-25,0,0,,,0,,
A000601,商家,商家,2012-11-19,0,0,,,0,,
A000602,商家,商家,2023-03-27,0,0,,,0,,
A000603,商家,商家,2011-02-19,0,0,,,0,,
A000604,商家,商家,2018-04-17,0,0,,,0,,
A000605,商家,商家,2024-09-11,0,0,,,0,,
A000606,商家,商家,2013-06-27,0,0,,,0,,
A000607,商家,商家,2008-02-21,0,0,,,0,,
A000608,商家,商家,2022-11-29,0,0,,,0,,
A000609,商家,商家,2006-07-10,0,0,,,0,,
A000610,商家,商家,2015-02-20,0,0,,,0,,
A000611,商家,商家,2009-07-07,0,0,,,0,,
A000612,商家,商家,2015-08-20,0,0,,,0,,
A000613,商家,商家,2016-07-06,0,0,,,0,,
A000614,商家,商家,2024-04-23,0,0,,,0,,
A000615,商家,商家,2012-10-19,0,0,,,0,,
A000616,商家,商家,2021-01-21,0,0,,,0,,
A000617,商家,商家,2015-11-20,0,0,,,0,,
A000618,商家,商家,2024-09-27,0,0,,,0,,
A000619,商家,商家,2011-12-30,0,0,,,0,,
A000620,商家,商家,2011-01-14,0,0,,,0,,
A000621,商家,商家,2015-03-08,0,0,,,0,,
A000622,商家,商家,2016-07-21,0,0,,,0,,
A000623,商家,商家,2010-07-25,0,0,,,0,,
A000624,商家,商家,2019-06-26,0,0,,,0,,
A000625,商家,商家,2013-12-26,0,0,,,0,,
A000626,商家,商家,2017-07-24,0,0,,,0,,
A000627,商家,商家,2010-10-30,0,0,,,0,,
A000628,商家,商家,2023-09-09,0,0,,,0,,
A000629,商家,商家,2009-07-09,0,0,,,0,,
A000630,商家,商家,2006-05-02,0,0,,,0,,
A000631,商家,商家,2010-12-14,0,0,,,0,,
A000632,商家,商家,2013-09-01,0,0,,,0,,
A000633,商家,商家,2023-04-10,0,0,,,0,,
A000634,商家,商家,2012-02-06,0,0,,,0,,
A000635,商家,商家,2020-04-18,0,0,,,0,,
A000636,商家,商家,2007-07-18,0,0,,,0,,
A000637,商家,商家,2016-06-22,0,0,,,0,,
A000638,商家,商家,2011-09-18,0,0,,,0,,
A000639,商家,商家,2016-10-29,0,0,,,0,,
A000640,商家,商家,2013-01-07,0,0,,,0,,
A000641,商家,商家,2023-02-06,0,0,,,0,,
A000642,商家,商家,2017-06-06,0,0,,,0,,
A000643,商家,商家,2021-10-14,0,0,,,0,,
A000644,商家,商家,2019-08-09,0,0,,,0,,
A000645,商家,商家,2012-09-30,0,0,,,0,,
A000646,商家,商家,2022-05-14,0,0,,,0,,
A000647,商家,商家,2010-06-12,0,0,,,0,,
A000648,商家,商家,2022-05-24,0,0,,,0,,
A000649,商家,商家,2014-09-26,0,0,,,0,,
A000650,商家,商家,2012-08-06,0,0,,,0,,
A000651,商家,商家,2021-09-21,0,0,,,0,,
A000652,商家,商家,2008-12-01,0,0,,,0,,
A000653,商家,商家,2008-08-10,0,0,,,0,,
A000654,商家,商家,2023-01-03,0,0,,,0,,
A000655,商家,商家,2023-05-10,0,0,,,0,,
A000656,商家,商家,2006-03-09,0,0,,,0,,
A000657,商家,商家,2021-03-08,0,0,,,0,,
A000658,商家,商家,2014-12-28,0,0,,,0,,
A000659,商家,商家,2011-02-20,0,0,,,0,,
A000660,商家,商家,2023-09-05,0,0,,,0,,
A000661,商家,商家,2023-07-03,0,0,,,0,,
A000662,商家,商家,2008-07-21,0,0,,,0,,
A000663,商家,商家,2008-12-17,0,0,,,0,,
A000664,商家,商家,2021-03-07,0,0,,,0,,
A000665,商家,商家,2023-11-17,0,0,,,0,,
A000666,商家,商家,2010-01-01,0,0,,,0,,
A000667,商家,商家,2016-06-03,0,0,,,0,,
A000668,商家,商家,2020-05-11,0,0,,,0,,
A000669,商家,商家,2017-07-28,0,0,,,0,,
A000670,商家,商家,2021-12-06,0,0,,,0,,
A000671,商家,商家,2009-04-12,0,0,,,0,,
A000672,商家,商家,2008-03-07,0,0,,,0,,
A000673,商家,商家,2020-12-28,0,0,,,0,,
A000674,商家,商家,2016-03-04,0,0,,,0,,
A000675,商家,商家,2017-09-22,0,0,,,0,,
A000676,商家,商家,2020-02-21,0,0,,,0,,
A000677,商家,商家,2019-12-08,0,0,,,0,,
A000678,商家,商家,2022-12-08,0,0,,,0,,
A000679,商家,商家,2013-02-15,0,0,,,0,,
A000680,商家,商家,2023-07-18,0,0,,,0,,
A000681,商家,商家,2015-02-25,0,0,,,0,,
A000682,商家,商家,2007-09-07,0,0,,,0,,
A000683,商家,商家,2022-02-02,0,0,,,0,,
A000684,商家,商家,2019-02-13,0,0,,,0,,
A000685,商家,商家,2020-02-29,0,0,,,0,,
A000686,商家,商家,2017-01-03,0,0,,,0,,
A000687,商家,商家,2006-05-27,0,0,,,0,,
A000688,商家,商家,2020-07-24,0,0,,,0,,
A000689,商家,商家,2006-11-30,0,0,,,0,,
A000690,商家,商家,2011-08-20,0,0,,,0,,
A000691,商家,商家,2009-07-27,0,0,,,0,,
A000692,商家,商家,2011-02-21,0,0,,,0,,
A000693,商家,商家,2019-01-17,0,0,,,0,,
A000694,商家,商家,2018-12-15,0,0,,,0,,
A000695,商家,商家,2018-08-15,0,0,,,0,,
A000696,商家,商家,2024-06-15,0,0,,,0,,
A000697,商家,商家,2018-03-16,0,0,,,0,,
A000698,商家,商家,2011-10-17,0,0,,,0,,
A000699,商家,商家,2021-10-16,0,0,,,0,,
A000700,商家,商家,2006-01-24,0,0,,,0,,
A000701,商家,商家,2024-05-23,0,0,,,0,,
A000702,商家,商家,2022-03-08,0,0,,,0,,
A000703,商家,商家,2016-08-29,0,0,,,0,,
A000704,商家,商家,2018-01-24,0,0,,,0,,
A000705,商家,商家,2007-11-03,0,0,,,0,,
A000706,商家,商家,2009-05-21,0,0,,,0,,
A000707,商家,商家,2015-12-11,0,0,,,0,,
A000708,商家,商家,2011-04-13,0,0,,,0,,
A000709,商家,商家,2009-11-14,0,0,,,0,,
A000710,商家,商家,2023-05-07,0,0,,,0,,
A000711,商家,商家,2015-09-28,0,0,,,0,,
A000712,商家,商家,2016-08-24,0,0,,,0,,
A000713,商家,商家,2008-03-12,0,0,,,0,,
A000714,商家,商家,2020-08-21,0,0,,,0,,
A000715,商家,商家,2022-08-28,0,0,,,0,,
A000716,商家,商家,2007-05-26,0,0,,,0,,
A000717,商家,商家,2024-01-30,0,0,,,0,,
A000718,商家,商家,2020-12-04,0,0,,,0,,
A000719,商家,商家,2024-03-10,0,0,,,0,,
A000720,商家,商家,2011-04-27,0,0,,,0,,
A000721,商家,商家,2013-05-04,0,0,,,0,,
A000722,商家,商家,2007-02-22,0,0,,,0,,
A000723,商家,商家,2009-07-08,0,0,,,0,,
A000724,商家,商家,2013-12-08,0,0,,,0,,
A000725,商家,商家,2016-08-16,0,0,,,0,,
A000726,商家,商家,2017-10-18,0,0,,,0,,
A000727,商家,商家,2023-10-20,0,0,,,0,,
A000728,商家,商家,2016-06-19,0,0,,,0,,
A000729,商家,商家,2021-12-18,0,0,,,0,,
A000730,商家,商家,2013-01-01,0,0,,,0,,
A000731,商家,商家,2024-09-06,0,0,,,0,,
A000732,商家,商家,2013-04-30,0,0,,,0,,
A000733,商家,商家,2019-04-04,0,0,,,0,,
A000734,商家,商家,2017-07-14,0,0,,,0,,
A000735,商家,商家,2023-12-09,0,0,,,0,,
A000736,商家,商家,2013-03-27,0,0,,,0,,
A000737,商家,商家,2006-01-06,0,0,,,0,,
A000738,商家,商家,2015-03-26,0,0,,,0,,
A000739,商家,商家,2010-10-27,0,0,,,0,,
A000740,商家,商家,2022-08-25,0,0,,,0,,
A000741,商家,商家,2017-12-18,0,0,,,0,,
A000742,商家,商家,2022-07-09,0,0,,,0,,
A000743,商家,商家,2011-06-22,0,0,,,0,,
A000744,商家,商家,2006-06-04,0,0,,,0,,
A000745,商家,商家,2015-05-15,0,0,,,0,,
A000746,商家,商家,2014-05-19,0,0,,,0,,
A000747,商家,商家,2016-03-19,0,0,,,0,,
A000748,商家,商家,2010-07-02,0,0,,,0,,
A000749,商家,商家,2006-08-20,0,0,,,0,,
A000750,商家,商家,2015-11-11,0,0,,,0,,
A000751,商家,商家,2013-04-08,0,0,,,0,,
A000752,商家,商家,2015-06-14,0,0,,,0,,
A000753,商家,商家,2006-05-20,0,0,,,0,,
A000754,商家,商家,2022-02-07,0,0,,,0,,
A000755,商家,商家,2013-11-22,0,0,,,0,,
A000756,商家,商家,2016-05-24,0,0,,,0,,
A000757,商家,商家,2018-07-17,0,0,,,0,,
A000758,商家,商家,2012-02-12,0,0,,,0,,
A000759,商家,商家,2010-12-02,0,0,,,0,,
A000760,商家,商家,2024-03-18,0,0,,,0,,
A000761,商家,商家,2008-03-26,0,0,,,0,,
A000762,商家,商家,2015-06-25,0,0,,,0,,
A000763,個人,上班族,2006-11-19,0,0,,,0,,
A000764,個人,上班族,2018-01-02,0,0,,,0,,
A000765,個人,上班族,2009-02-13,0,0,,,0,,
A000766,個人,上班族,2006-02-18,0,0,,,0,,
A000767,個人,上班族,2013-07-05,0,0,,,0,,
A000768,個人,上班族,2009-12-22,0,0,,,0,,
A000769,個人,上班族,2008-07-18,0,0,,,0,,
A000770,個人,上班族,2018-04-22,0,0,,,0,,
A000771,個人,上班族,2014-05-24,0,0,,,0,,
A000772,個人,上班族,2011-01-04,0,0,,,0,,
A000773,個人,上班族,2019-10-10,0,0,,,0,,
A000774,個人,上班族,2022-04-22,0,0,,,0,,
A000775,個人,上班族,2012-06-10,0,0,,,0,,
A000776,個人,上班族,2016-06-10,0,0,,,0,,
A000777,個人,上班族,2020-08-21,0,0,,,0,,
A000778,個人,上班族,2006-10-15,0,0,,,0,,
A000779,個人,上班族,2021-10-18,0,0,,,0,,
A000780,個人,上班族,2011-09-16,229,0,,,0,,
A000781,個人,上班族,2020-12-13,0,0,,,0,,
A000782,個人,上班族,2008-07-12,0,0,,,0,,
A000783,個人,上班族,2026-04-23,0,0,,,0,,
A000784,個人,上班族,2015-11-24,0,0,,,0,,
A000785,個人,上班族,2013-11-26,0,0,,,0,,
A000786,個人,上班族,2013-06-20,0,0,,,0,,
A000787,個人,上班族,2012-09-18,0,0,,,0,,
A000788,個人,上班族,2020-01-10,0,0,,,0,,
A000789,個人,上班族,2021-06-04,0,0,,,0,,
A000790,個人,上班族,2013-09-09,0,0,,,0,,
A000791,個人,上班族,2019-07-23,0,0,,,0,,
A000792,個人,上班族,2020-09-08,0,0,,,0,,
A000793,個人,上班族,2014-10-25,0,0,,,0,,
A000794,個人,上班族,2020-04-21,0,0,,,0,,
A000795,個人,上班族,2018-06-04,0,0,,,0,,
A000796,個人,上班族,2021-02-02,0,0,,,0,,
A000797,個人,上班族,2007-05-19,0,0,,,0,,
A000798,個人,上班族,2018-03-05,0,0,,,0,,
A000799,個人,上班族,2014-08-24,0,0,,,0,,
A000800,個人,上班族,2024-03-09,0,0,,,0,,
A000801,個人,上班族,2007-01-06,0,0,,,0,,
A000802,個人,上班族,2014-07-02,0,0,,,0,,
A000803,個人,上班族,2026-03-08,0,0,,,0,,
A000804,個人,上班族,2011-07-11,0,0,,,0,,
A000805,個人,上班族,2016-07-13,0,0,,,0,,
A000806,個人,上班族,2014-07-04,0,0,,,0,,
A000807,個人,上班族,2011-07-10,0,0,,,0,,
A000808,個人,上班族,2013-12-21,0,0,,,0,,
A000809,個人,上班族,2016-09-30,0,0,,,0,,
A000810,個人,上班族,2022-01-17,0,0,,,0,,
A000811,個人,上班族,2010-10-12,0,0,,,0,,
A000812,個人,上班族,2015-12-12,0,0,,,0,,
A000813,個人,上班族,2012-03-11,0,0,,,0,,
A000814,個人,上班族,2017-05-01,0,0,,,0,,
A000815,個人,上班族,2019-10-13,0,0,,,0,,
A000816,個人,上班族,2013-09-26,0,0,,,0,,
A000817,個人,上班族,2015-01-27,0,0,,,0,,
A000818,個人,上班族,2018-07-01,0,0,,,0,,
A000819,個人,上班族,2017-07-24,0,0,,,0,,
A000820,個人,上班族,2016-03-07,0,0,,,0,,
A000821,個人,上班族,2014-03-30,0,0,,,0,,
A000822,個人,上班族,2018-07-19,0,0,,,0,,
A000823,個人,上班族,2023-08-15,0,0,,,0,,
A000824,個人,上班族,2008-10-19,0,0,,,0,,
A000825,個人,上班族,2012-11-21,0,0,,,0,,
A000826,個人,上班族,2022-11-19,0,0,,,0,,
A000827,個人,上班族,2011-11-02,0,0,,,0,,
A000828,個人,上班族,2017-02-01,0,0,,,0,,
A000829,個人,上班族,2010-06-18,0,0,,,0,,
A000830,個人,上班族,2024-02-12,0,0,,,0,,
A000831,個人,上班族,2023-11-08,0,0,,,0,,
A000832,個人,上班族,2010-06-14,0,0,,,0,,
A000833,個人,上班族,2009-10-09,0,0,,,0,,
A000834,個人,上班族,2024-11-23,0,0,,,0,,
A000835,個人,上班族,2020-05-31,0,0,,,0,,
A000836,個人,上班族,2006-06-28,0,0,,,0,,
A000837,個人,上班族,2008-07-06,0,0,,,0,,
A000838,個人,上班族,2008-12-02,0,0,,,0,,
A000839,個人,上班族,2016-06-25,0,0,,,0,,
A000840,個人,上班族,2019-06-26,0,0,,,0,,
A000841,個人,上班族,2019-09-19,0,0,,,0,,
A000842,個人,上班族,2024-11-12,0,0,,,0,,
A000843,個人,上班族,2015-08-29,0,0,,,0,,
A000844,個人,上班族,2015-07-18,0,0,,,0,,
A000845,個人,上班族,2013-04-26,0,0,,,0,,
A000846,個人,上班族,2014-11-06,0,0,,,0,,
A000847,個人,上班族,2019-02-12,0,0,,,0,,
A000848,個人,上班族,2022-02-21,0,0,,,0,,
A000849,個人,上班族,2015-06-18,0,0,,,0,,
A000850,個人,上班族,2012-10-16,0,0,,,0,,
A000851,個人,上班族,2007-07-12,0,0,,,0,,
A000852,個人,上班族,2026-04-20,0,0,,,0,,
A000853,個人,上班族,2006-06-01,0,0,,,0,,
A000854,個人,上班族,2022-08-28,0,0,,,0,,
A000855,個人,上班族,2006-06-30,0,0,,,0,,
A000856,個人,上班族,2017-03-21,0,0,,,0,,
A000857,個人,上班族,2024-09-13,0,0,,,0,,
A000858,個人,上班族,2008-06-19,0,0,,,0,,
A000859,個人,上班族,2006-08-21,0,0,,,0,,
A000860,個人,上班族,2022-11-26,0,0,,,0,,
A000861,個人,上班族,2011-09-13,0,0,,,0,,
A000862,個人,上班族,2022-06-16,0,0,,,0,,
A000863,個人,上班族,2006-04-06,0,0,,,0,,
A000864,個人,上班族,2022-12-10,0,0,,,0,,
A000865,個人,上班族,2018-06-10,0,0,,,0,,
A000866,個人,上班族,2019-05-13,0,0,,,0,,
A000867,個人,上班族,2024-11-07,0,0,,,0,,
A000868,個人,上班族,2012-09-19,664,0,,,0,,
A000869,個人,上班族,2016-07-20,0,0,,,0,,
A000870,個人,上班族,2021-02-13,0,0,,,0,,
A000871,個人,上班族,2006-04-11,0,0,,,0,,
A000872,個人,上班族,2012-08-26,0,0,,,0,,
A000873,個人,上班族,2017-09-12,0,0,,,0,,
A000874,個人,上班族,2020-05-31,0,0,,,0,,
A000875,個人,上班族,2017-05-14,0,0,,,0,,
A000876,個人,上班族,2012-12-09,0,0,,,0,,
A000877,個人,上班族,2006-10-23,0,0,,,0,,
A000878,個人,上班族,2009-12-26,0,0,,,0,,
A000879,個人,上班族,2016-01-22,0,0,,,0,,
A000880,個人,上班族,2024-09-23,0,0,,,0,,
A000881,個人,上班族,2010-02-12,0,0,,,0,,
A000882,個人,上班族,2012-06-04,0,0,,,0,,
A000883,個人,上班族,2015-05-30,0,0,,,0,,
A000884,個人,上班族,2009-01-18,0,0,,,0,,
A000885,個人,上班族,2021-11-28,0,0,,,0,,
A000886,個人,上班族,2010-04-17,0,0,,,0,,
A000887,個人,上班族,2011-02-01,0,0,,,0,,
A000888,個人,上班族,2024-10-28,0,0,,,0,,
A000889,個人,上班族,2007-07-09,0,0,,,0,,
A000890,個人,上班族,2022-01-14,0,0,,,0,,
A000891,個人,上班族,2011-04-04,0,0,,,0,,
A000892,個人,上班族,2007-11-28,0,0,,,0,,
A000893,個人,上班族,2006-11-03,0,0,,,0,,
A000894,個人,上班族,2007-12-20,0,0,,,0,,
A000895,個人,上班族,2017-06-04,0,0,,,0,,
A000896,個人,上班族,2026-02-18,0,0,,,0,,
A000897,個人,上班族,2013-12-27,0,0,,,0,,
A000898,個人,上班族,2019-07-19,0,0,,,0,,
A000899,個人,上班族,2010-05-09,0,0,,,0,,
A000900,個人,上班族,2006-02-23,0,0,,,0,,
A000901,個人,上班族,2015-11-08,0,0,,,0,,
A000902,個人,上班族,2022-11-03,0,0,,,0,,
A000903,個人,上班族,2016-10-06,0,0,,,0,,
A000904,個人,上班族,2015-02-03,0,0,,,0,,
A000905,個人,上班族,2008-06-29,0,0,,,0,,
A000906,個人,上班族,2014-02-12,0,0,,,0,,
A000907,個人,上班族,2008-02-19,0,0,,,0,,
A000908,個人,上班族,2013-11-08,0,0,,,0,,
A000909,個人,上班族,2014-12-25,0,0,,,0,,
A000910,個人,上班族,2017-10-20,0,0,,,0,,
A000911,個人,上班族,2021-02-18,0,0,,,0,,
A000912,個人,上班族,2020-07-29,957,0,,,0,,
A000913,個人,上班族,2021-03-06,0,0,,,0,,
A000914,個人,上班族,2007-02-23,0,0,,,0,,
A000915,個人,上班族,2017-09-20,0,0,,,0,,
A000916,個人,上班族,2007-08-04,0,0,,,0,,
A000917,個人,上班族,2007-02-28,0,0,,,0,,
A000918,個人,上班族,2011-03-10,0,0,,,0,,
A000919,個人,上班族,2023-04-28,0,0,,,0,,
A000920,個人,上班族,2017-02-09,0,0,,,0,,
A000921,個人,上班族,2021-12-05,0,0,,,0,,
A000922,個人,上班族,2014-07-19,0,0,,,0,,
A000923,個人,上班族,2014-09-18,0,0,,,0,,
A000924,個人,上班族,2010-11-30,0,0,,,0,,
A000925,個人,上班族,2007-02-21,0,0,,,0,,
A000926,個人,上班族,2014-12-25,0,0,,,0,,
A000927,個人,上班族,2007-10-13,0,0,,,0,,
A000928,個人,上班族,2007-03-24,0,0,,,0,,
A000929,個人,上班族,2009-07-10,0,0,,,0,,
A000930,個人,上班族,2015-07-13,0,0,,,0,,
A000931,個人,上班族,2015-07-04,0,0,,,0,,
A000932,個人,上班族,2017-08-27,0,0,,,0,,
A000933,個人,上班族,2017-05-23,0,0,,,0,,
A000934,個人,上班族,2024-08-12,0,0,,,0,,
A000935,個人,上班族,2026-05-12,0,0,,,0,,
A000936,個人,上班族,2011-10-09,0,0,,,0,,
A000937,個人,上班族,2020-09-30,0,0,,,0,,
A000938,個人,上班族,2018-03-08,0,0,,,0,,
A000939,個人,上班族,2016-01-15,0,0,,,0,,
A000940,個人,上班族,2006-03-10,0,0,,,0,,
A000941,個人,上班族,2022-10-04,0,0,,,0,,
A000942,個人,上班族,2013-07-14,0,0,,,0,,
A000943,個人,上班族,2013-05-21,0,0,,,0,,
A000944,個人,上班族,2020-01-06,0,0,,,0,,
A000945,個人,上班族,2006-02-25,0,0,,,0,,
A000946,個人,上班族,2019-05-01,0,0,,,0,,
A000947,個人,上班族,2020-08-03,0,0,,,0,,
A000948,個人,上班族,2018-10-19,0,0,,,0,,
A000949,個人,上班族,2020-01-19,0,0,,,0,,
A000950,個人,上班族,2020-06-20,0,0,,,0,,
A000951,個人,上班族,2012-05-04,0,0,,,0,,
A000952,個人,上班族,2013-06-07,0,0,,,0,,
A000953,個人,上班族,2007-11-23,0,0,,,0,,
A000954,個人,上班族,2013-07-27,0,0,,,0,,
A000955,個人,上班族,2009-03-03,0,0,,,0,,
A000956,個人,上班族,2016-01-18,0,0,,,0,,
A000957,個人,上班族,2022-09-09,0,0,,,0,,
A000958,個人,上班族,2015-09-17,0,0,,,0,,
A000959,個人,上班族,2012-04-29,0,0,,,0,,
A000960,個人,上班族,2013-05-26,0,0,,,0,,
A000961,個人,上班族,2026-01-31,0,0,,,0,,
A000962,個人,上班族,2016-08-01,0,0,,,0,,
A000963,個人,上班族,2021-12-26,0,0,,,0,,
A000964,個人,上班族,2020-04-07,0,0,,,0,,
A000965,個人,上班族,2012-12-01,0,0,,,0,,
A000966,個人,上班族,2012-04-16,0,0,,,0,,
A000967,個人,上班族,2010-11-26,0,0,,,0,,
A000968,個人,上班族,2015-12-06,0,0,,,0,,
A000969,個人,上班族,2013-05-04,0,0,,,0,,
A000970,個人,上班族,2016-03-01,0,0,,,0,,
A000971,個人,上班族,2013-08-16,0,0,,,0,,
A000972,個人,上班族,2018-10-24,0,0,,,0,,
A000973,個人,上班族,2018-01-25,0,0,,,0,,
A000974,個人,上班族,2024-11-05,0,0,,,0,,
A000975,個人,上班族,2018-04-06,0,0,,,0,,
A000976,個人,上班族,2022-07-15,0,0,,,0,,
A000977,個人,上班族,2024-04-26,0,0,,,0,,
A000978,個人,上班族,2006-08-25,0,0,,,0,,
A000979,個人,上班族,2012-03-11,0,0,,,0,,
A000980,個人,上班族,2022-04-21,0,0,,,0,,
A000981,個人,上班族,2022-04-16,0,0,,,0,,
A000982,個人,上班族,2020-11-28,737,0,,,0,,
A000983,個人,上班族,2008-03-24,0,0,,,0,,
A000984,個人,上班族,2024-06-08,0,0,,,0,,
A000985,個人,上班族,2019-08-22,0,0,,,0,,
A000986,個人,上班族,2014-08-11,0,0,,,0,,
A000987,個人,上班族,2014-11-14,0,0,,,0,,
A000988,個人,上班族,2016-05-31,0,0,,,0,,
A000989,個人,上班族,2024-08-18,0,0,,,0,,
A000990,個人,上班族,2021-04-24,0,0,,,0,,
A000991,個人,上班族,2010-12-28,0,0,,,0,,
A000992,個人,上班族,2010-07-15,0,0,,,0,,
A000993,個人,上班族,2009-01-07,0,0,,,0,,
A000994,個人,上班族,2015-03-25,0,0,,,0,,
A000995,個人,上班族,2019-02-21,0,0,,,0,,
A000996,個人,上班族,2018-09-28,0,0,,,0,,
A000997,個人,上班族,2022-03-29,0,0,,,0,,
A000998,個人,上班族,2021-10-12,0,0,,,0,,
A000999,個人,上班族,2016-06-30,0,0,,,0,,
A001000,個人,上班族,2012-07-05,0,0,,,0,,
A001001,個人,上班族,2019-08-15,0,0,,,0,,
A001002,個人,上班族,2024-04-15,0,0,,,0,,
A001003,個人,上班族,2010-09-17,0,0,,,0,,
A001004,個人,上班族,2009-10-14,0,0,,,0,,
A001005,個人,上班族,2016-05-20,0,0,,,0,,
A001006,個人,上班族,2006-04-07,0,0,,,0,,
A001007,個人,上班族,2019-06-05,0,0,,,0,,
A001008,個人,上班族,2012-07-07,0,0,,,0,,
A001009,個人,上班族,2009-08-09,0,0,,,0,,
A001010,個人,上班族,2015-11-14,0,0,,,0,,
A001011,個人,上班族,2019-12-25,0,0,,,0,,
A001012,個人,上班族,2017-07-22,0,0,,,0,,
A001013,個人,上班族,2024-05-07,0,0,,,0,,
A001014,個人,上班族,2006-11-27,0,0,,,0,,
A001015,個人,上班族,2010-05-20,0,0,,,0,,
A001016,個人,上班族,2008-05-26,0,0,,,0,,
A001017,個人,上班族,2009-05-31,0,0,,,0,,
A001018,個人,上班族,2024-01-02,0,0,,,0,,
A001019,個人,上班族,2011-09-25,0,0,,,0,,
A001020,個人,上班族,2006-07-02,0,0,,,0,,
A001021,個人,上班族,2019-03-08,0,0,,,0,,
A001022,個人,上班族,2018-04-09,0,0,,,0,,
A001023,個人,上班族,2026-03-12,0,0,,,0,,
A001024,個人,上班族,2006-10-05,0,0,,,0,,
A001025,個人,上班族,2006-06-30,0,0,,,0,,
A001026,個人,上班族,2022-04-14,0,0,,,0,,
A001027,個人,上班族,2007-05-17,0,0,,,0,,
A001028,個人,上班族,2023-11-03,0,0,,,0,,
A001029,個人,上班族,2016-07-18,0,0,,,0,,
A001030,個人,上班族,2008-07-12,0,0,,,0,,
A001031,個人,上班族,2020-05-07,0,0,,,0,,
A001032,個人,上班族,2014-08-03,0,0,,,0,,
A001033,個人,上班族,2020-08-23,0,0,,,0,,
A001034,個人,上班族,2018-11-30,0,0,,,0,,
A001035,個人,上班族,2016-11-16,0,0,,,0,,
A001036,個人,上班族,2021-08-29,0,0,,,0,,
A001037,個人,上班族,2009-06-16,0,0,,,0,,
A001038,個人,上班族,2010-12-03,0,0,,,0,,
A001039,個人,上班族,2023-07-23,0,0,,,0,,
A001040,個人,上班族,2012-04-20,0,0,,,0,,
A001041,個人,上班族,2020-07-25,0,0,,,0,,
A001042,個人,上班族,2015-09-30,0,0,,,0,,
A001043,個人,上班族,2026-01-13,0,0,,,0,,
A001044,個人,上班族,2013-07-16,0,0,,,0,,
A001045,個人,上班族,2023-09-26,0,0,,,0,,
A001046,個人,上班族,2023-11-01,0,0,,,0,,
A001047,個人,上班族,2021-03-18,0,0,,,0,,
A001048,個人,上班族,2026-04-19,0,0,,,0,,
A001049,個人,上班族,2023-11-12,0,0,,,0,,
A001050,個人,上班族,2016-09-10,0,0,,,0,,
A001051,個人,上班族,2012-05-29,0,0,,,0,,
A001052,個人,上班族,2017-04-18,0,0,,,0,,
A001053,個人,上班族,2006-11-16,0,0,,,0,,
A001054,個人,上班族,2023-12-21,0,0,,,0,,
A001055,個人,上班族,2015-03-06,0,0,,,0,,
A001056,個人,上班族,2007-01-29,0,0,,,0,,
A001057,個人,上班族,2011-01-21,0,0,,,0,,
A001058,個人,上班族,2017-06-13,0,0,,,0,,
A001059,個人,上班族,2015-07-22,0,0,,,0,,
A001060,個人,上班族,2010-02-08,0,0,,,0,,
A001061,個人,上班族,2011-09-29,0,0,,,0,,
A001062,個人,上班族,2013-10-04,0,0,,,0,,
A001063,個人,上班族,2011-11-20,0,0,,,0,,
A001064,個人,上班族,2021-02-28,0,0,,,0,,
A001065,個人,上班族,2020-07-29,0,0,,,0,,
A001066,個人,上班族,2016-06-18,0,0,,,0,,
A001067,個人,上班族,2007-02-15,0,0,,,0,,
A001068,個人,上班族,2010-06-27,0,0,,,0,,
A001069,個人,上班族,2013-09-09,0,0,,,0,,
A001070,個人,上班族,2017-03-23,0,0,,,0,,
A001071,個人,上班族,2009-08-23,0,0,,,0,,
A001072,個人,上班族,2014-07-11,0,0,,,0,,
A001073,個人,上班族,2015-11-07,0,0,,,0,,
A001074,個人,上班族,2008-02-08,0,0,,,0,,
A001075,個人,上班族,2015-03-24,0,0,,,0,,
A001076,個人,上班族,2012-07-12,0,0,,,0,,
A001077,個人,上班族,2024-08-25,0,0,,,0,,
A001078,個人,上班族,2015-04-01,1282,0,,,0,,
A001079,個人,上班族,2018-04-07,0,0,,,0,,
A001080,個人,上班族,2023-05-07,0,0,,,0,,
A001081,個人,上班族,2009-09-26,0,0,,,0,,
A001082,個人,上班族,2012-01-04,0,0,,,0,,
A001083,個人,上班族,2016-06-26,0,0,,,0,,
A001084,個人,上班族,2015-07-19,0,0,,,0,,
A001085,個人,上班族,2008-04-03,0,0,,,0,,
A001086,個人,上班族,2009-10-26,0,0,,,0,,
A001087,個人,上班族,2009-03-09,0,0,,,0,,
A001088,個人,上班族,2020-11-16,0,0,,,0,,
A001089,個人,上班族,2016-09-23,0,0,,,0,,
A001090,個人,上班族,2017-05-15,0,0,,,0,,
A001091,個人,上班族,2010-10-29,0,0,,,0,,
A001092,個人,上班族,2010-04-17,0,0,,,0,,
A001093,個人,上班族,2023-09-04,0,0,,,0,,
A001094,個人,上班族,2026-01-20,0,0,,,0,,
A001095,個人,上班族,2023-03-15,0,0,,,0,,
A001096,個人,上班族,2019-08-07,0,0,,,0,,
A001097,個人,上班族,2016-11-05,0,0,,,0,,
A001098,個人,上班族,2023-09-27,0,0,,,0,,
A001099,個人,上班族,2022-03-01,0,0,,,0,,
A001100,個人,上班族,2009-05-09,0,0,,,0,,
A001101,個人,上班族,2026-03-17,0,0,,,0,,
A001102,個人,上班族,2015-01-15,0,0,,,0,,
A001103,個人,上班族,2013-09-24,0,0,,,0,,
A001104,個人,上班族,2016-08-10,0,0,,,0,,
A001105,個人,上班族,2008-01-16,0,0,,,0,,
A001106,個人,上班族,2024-05-09,0,0,,,0,,
A001107,個人,上班族,2009-07-21,0,0,,,0,,
A001108,個人,上班族,2017-04-10,0,0,,,0,,
A001109,個人,上班族,2006-05-31,0,0,,,0,,
A001110,個人,上班族,2014-02-14,0,0,,,0,,
A001111,個人,上班族,2020-12-12,0,0,,,0,,
A001112,個人,上班族,2015-03-03,0,0,,,0,,
A001113,個人,上班族,2011-06-29,0,0,,,0,,
A001114,個人,上班族,2009-01-13,0,0,,,0,,
A001115,個人,上班族,2010-10-05,0,0,,,0,,
A001116,個人,上班族,2022-08-26,0,0,,,0,,
A001117,個人,上班族,2010-02-17,0,0,,,0,,
A001118,個人,上班族,2013-12-12,0,0,,,0,,
A001119,個人,上班族,2011-09-24,0,0,,,0,,
A001120,個人,上班族,2013-04-13,0,0,,,0,,
A001121,個人,上班族,2008-05-30,0,0,,,0,,
A001122,個人,上班族,2010-07-13,0,0,,,0,,
A001123,個人,上班族,2022-06-04,0,0,,,0,,
A001124,個人,上班族,2008-08-16,0,0,,,0,,
A001125,個人,上班族,2019-04-10,0,0,,,0,,
A001126,個人,上班族,2006-07-31,0,0,,,0,,
A001127,個人,上班族,2016-08-31,0,0,,,0,,
A001128,個人,上班族,2009-09-07,0,0,,,0,,
A001129,個人,上班族,2009-03-16,0,0,,,0,,
A001130,個人,上班族,2010-03-01,0,0,,,0,,
A001131,個人,上班族,2023-10-21,0,0,,,0,,
A001132,個人,上班族,2014-05-12,0,0,,,0,,
A001133,個人,上班族,2009-05-18,0,0,,,0,,
A001134,個人,上班族,2009-12-12,0,0,,,0,,
A001135,個人,上班族,2016-01-28,0,0,,,0,,
A001136,個人,上班族,2023-01-29,0,0,,,0,,
A001137,個人,上班族,2006-07-05,0,0,,,0,,
A001138,個人,上班族,2007-10-07,0,0,,,0,,
A001139,個人,上班族,2014-01-11,0,0,,,0,,
A001140,個人,上班族,2016-10-13,0,0,,,0,,
A001141,個人,上班族,2020-03-11,0,0,,,0,,
A001142,個人,上班族,2016-09-12,0,0,,,0,,
A001143,個人,上班族,2011-04-16,0,0,,,0,,
A001144,個人,上班族,2022-01-24,0,0,,,0,,
A001145,個人,上班族,2024-06-12,0,0,,,0,,
A001146,個人,上班族,2010-04-21,0,0,,,0,,
A001147,個人,上班族,2019-05-11,0,0,,,0,,
A001148,個人,上班族,2011-06-03,0,0,,,0,,
A001149,個人,上班族,2007-11-26,0,0,,,0,,
A001150,個人,上班族,2021-11-04,0,0,,,0,,
A001151,個人,上班族,2012-01-29,0,0,,,0,,
A001152,個人,上班族,2022-06-24,0,0,,,0,,
A001153,個人,上班族,2012-12-20,0,0,,,0,,
A001154,個人,上班族,2016-05-04,0,0,,,0,,
A001155,個人,上班族,2007-10-11,0,0,,,0,,
A001156,個人,上班族,2017-07-11,0,0,,,0,,
A001157,個人,上班族,2013-05-23,0,0,,,0,,
A001158,個人,上班族,2026-01-10,0,0,,,0,,
A001159,個人,上班族,2011-12-20,0,0,,,0,,
A001160,個人,上班族,2009-09-19,0,0,,,0,,
A001161,個人,上班族,2008-01-20,0,0,,,0,,
A001162,個人,上班族,2014-02-28,0,0,,,0,,
A001163,個人,上班族,2016-01-13,0,0,,,0,,
A001164,個人,上班族,2007-12-02,0,0,,,0,,
A001165,個人,上班族,2015-02-19,0,0,,,0,,
A001166,個人,上班族,2011-02-06,0,0,,,0,,
A001167,個人,上班族,2019-03-16,0,0,,,0,,
A001168,個人,上班族,2016-11-15,0,0,,,0,,
A001169,個人,上班族,2020-02-04,0,0,,,0,,
A001170,個人,上班族,2018-04-18,0,0,,,0,,
A001171,個人,上班族,2006-03-05,0,0,,,0,,
A001172,個人,上班族,2023-05-31,0,0,,,0,,
A001173,個人,上班族,2015-11-08,0,0,,,0,,
A001174,個人,上班族,2022-03-11,0,0,,,0,,
A001175,個人,上班族,2015-01-28,0,0,,,0,,
A001176,個人,上班族,2026-04-09,0,0,,,0,,
A001177,個人,上班族,2024-04-18,0,0,,,0,,
A001178,個人,上班族,2024-07-25,0,0,,,0,,
A001179,個人,上班族,2019-10-09,0,0,,,0,,
A001180,個人,上班族,2024-11-05,0,0,,,0,,
A001181,個人,上班族,2018-05-29,0,0,,,0,,
A001182,個人,上班族,2006-09-07,0,0,,,0,,
A001183,個人,上班族,2018-11-16,0,0,,,0,,
A001184,個人,上班族,2015-08-16,0,0,,,0,,
A001185,個人,上班族,2014-12-06,0,0,,,0,,
A001186,個人,上班族,2020-07-13,0,0,,,0,,
A001187,個人,上班族,2011-11-10,0,0,,,0,,
A001188,個人,上班族,2018-01-18,0,0,,,0,,
A001189,個人,上班族,2022-04-29,0,0,,,0,,
A001190,個人,上班族,2024-07-05,0,0,,,0,,
A001191,個人,上班族,2012-02-12,0,0,,,0,,
A001192,個人,上班族,2015-07-29,0,0,,,0,,
A001193,個人,上班族,2024-04-17,0,0,,,0,,
A001194,個人,上班族,2018-07-27,0,0,,,0,,
A001195,個人,上班族,2015-10-23,0,0,,,0,,
A001196,個人,上班族,2006-01-16,0,0,,,0,,
A001197,個人,上班族,2015-02-27,0,0,,,0,,
A001198,個人,上班族,2017-08-14,0,0,,,0,,
A001199,個人,上班族,2012-10-03,0,0,,,0,,
A001200,個人,上班族,2023-03-18,0,0,,,0,,
A001201,個人,上班族,2012-12-10,0,0,,,0,,
A001202,個人,上班族,2024-10-06,0,0,,,0,,
A001203,個人,上班族,2018-01-03,0,0,,,0,,
A001204,個人,上班族,2022-05-13,0,0,,,0,,
A001205,個人,上班族,2016-11-15,0,0,,,0,,
A001206,個人,上班族,2009-12-21,0,0,,,0,,
A001207,個人,上班族,2010-06-02,0,0,,,0,,
A001208,個人,上班族,2016-03-04,0,0,,,0,,
A001209,個人,上班族,2007-07-02,0,0,,,0,,
A001210,個人,上班族,2023-06-25,0,0,,,0,,
A001211,個人,上班族,2021-07-20,0,0,,,0,,
A001212,個人,上班族,2006-05-05,0,0,,,0,,
A001213,個人,上班族,2016-12-03,0,0,,,0,,
A001214,個人,上班族,2017-11-07,0,0,,,0,,
A001215,個人,上班族,2026-02-12,0,0,,,0,,
A001216,個人,上班族,2014-02-23,0,0,,,0,,
A001217,個人,上班族,2021-08-20,0,0,,,0,,
A001218,個人,上班族,2017-02-17,0,0,,,0,,
A001219,個人,上班族,2018-05-28,0,0,,,0,,
A001220,個人,上班族,2007-12-07,0,0,,,0,,
A001221,個人,上班族,2015-08-26,0,0,,,0,,
A001222,個人,上班族,2020-05-11,0,0,,,0,,
A001223,個人,上班族,2009-12-13,0,0,,,0,,
A001224,個人,上班族,2013-02-26,0,0,,,0,,
A001225,個人,上班族,2026-02-01,0,0,,,0,,
A001226,個人,上班族,2011-09-13,0,0,,,0,,
A001227,個人,上班族,2006-07-19,0,0,,,0,,
A001228,個人,上班族,2020-03-03,0,0,,,0,,
A001229,個人,上班族,2020-07-11,0,0,,,0,,
A001230,個人,上班族,2019-08-24,0,0,,,0,,
A001231,個人,上班族,2020-12-17,0,0,,,0,,
A001232,個人,上班族,2009-06-13,0,0,,,0,,
A001233,個人,上班族,2023-12-06,0,0,,,0,,
A001234,個人,上班族,2024-08-27,0,0,,,0,,
A001235,個人,上班族,2015-05-13,0,0,,,0,,
A001236,個人,上班族,2023-06-21,0,0,,,0,,
A001237,個人,上班族,2023-01-23,0,0,,,0,,
A001238,個人,上班族,2014-10-12,0,0,,,0,,
A001239,個人,上班族,2014-11-04,0,0,,,0,,
A001240,個人,上班族,2008-10-06,0,0,,,0,,
A001241,個人,上班族,2010-10-13,0,0,,,0,,
A001242,個人,上班族,2012-02-17,0,0,,,0,,
A001243,個人,上班族,2026-02-15,0,0,,,0,,
A001244,個人,上班族,2015-08-14,0,0,,,0,,
A001245,個人,上班族,2015-07-25,0,0,,,0,,
A001246,個人,上班族,2016-12-04,0,0,,,0,,
A001247,個人,上班族,2024-11-15,0,0,,,0,,
A001248,個人,上班族,2024-04-30,0,0,,,0,,
A001249,個人,上班族,2021-07-23,0,0,,,0,,
A001250,個人,上班族,2017-11-11,0,0,,,0,,
A001251,個人,上班族,2006-01-24,0,0,,,0,,
A001252,個人,上班族,2009-02-05,0,0,,,0,,
A001253,個人,上班族,2021-09-30,0,0,,,0,,
A001254,個人,上班族,2007-04-21,0,0,,,0,,
A001255,個人,上班族,2022-11-07,0,0,,,0,,
A001256,個人,上班族,2010-05-22,0,0,,,0,,
A001257,個人,上班族,2015-01-19,0,0,,,0,,
A001258,個人,上班族,2019-12-19,0,0,,,0,,
A001259,個人,上班族,2018-12-25,0,0,,,0,,
A001260,個人,上班族,2018-02-09,0,0,,,0,,
A001261,個人,上班族,2026-03-28,0,0,,,0,,
A001262,個人,上班族,2009-09-05,0,0,,,0,,
A001263,個人,上班族,2006-10-20,0,0,,,0,,
A001264,個人,上班族,2006-10-18,0,0,,,0,,
A001265,個人,上班族,2013-10-02,0,0,,,0,,
A001266,個人,上班族,2007-10-19,0,0,,,0,,
A001267,個人,上班族,2007-05-23,0,0,,,0,,
A001268,個人,上班族,2020-10-03,0,0,,,0,,
A001269,個人,上班族,2018-06-25,0,0,,,0,,
A001270,個人,上班族,2014-05-22,0,0,,,0,,
A001271,個人,上班族,2026-02-18,0,0,,,0,,
A001272,個人,上班族,2006-06-12,0,0,,,0,,
A001273,個人,上班族,2012-05-28,0,0,,,0,,
A001274,個人,上班族,2023-06-23,0,0,,,0,,
A001275,個人,上班族,2020-10-20,0,0,,,0,,
A001276,個人,上班族,2016-01-04,0,0,,,0,,
A001277,個人,上班族,2023-10-07,0,0,,,0,,
A001278,個人,上班族,2018-06-20,0,0,,,0,,
A001279,個人,上班族,2016-12-01,0,0,,,0,,
A001280,個人,上班族,2016-09-02,0,0,,,0,,
A001281,個人,上班族,2024-12-04,0,0,,,0,,
A001282,個人,上班族,2015-12-13,1354,0,,,0,,
A001283,個人,上班族,2011-05-08,0,0,,,0,,
A001284,個人,上班族,2024-04-11,0,0,,,0,,
A001285,個人,上班族,2006-02-06,0,0,,,0,,
A001286,個人,上班族,2024-05-07,0,0,,,0,,
A001287,個人,上班族,2021-12-15,0,0,,,0,,
A001288,個人,上班族,2020-12-15,0,0,,,0,,
A001289,個人,上班族,2016-11-05,0,0,,,0,,
A001290,個人,上班族,2016-12-31,0,0,,,0,,
A001291,個人,上班族,2016-05-22,0,0,,,0,,
A001292,個人,上班族,2022-02-28,0,0,,,0,,
A001293,個人,上班族,2007-06-12,0,0,,,0,,
A001294,個人,上班族,2024-03-22,0,0,,,0,,
A001295,個人,上班族,2012-03-01,0,0,,,0,,
A001296,個人,上班族,2009-01-21,0,0,,,0,,
A001297,個人,上班族,2016-03-19,0,0,,,0,,
A001298,個人,上班族,2021-12-01,0,0,,,0,,
A001299,個人,上班族,2022-09-09,0,0,,,0,,
A001300,個人,上班族,2009-09-22,0,0,,,0,,
A001301,個人,上班族,2010-08-04,0,0,,,0,,
A001302,個人,上班族,2015-01-03,0,0,,,0,,
A001303,個人,上班族,2024-10-14,0,0,,,0,,
A001304,個人,上班族,2011-07-25,0,0,,,0,,
A001305,個人,上班族,2026-03-18,0,0,,,0,,
A001306,個人,上班族,2007-09-14,0,0,,,0,,
A001307,個人,上班族,2007-01-25,0,0,,,0,,
A001308,個人,上班族,2018-09-08,0,0,,,0,,
A001309,個人,上班族,2021-10-25,0,0,,,0,,
A001310,個人,上班族,2017-08-26,0,0,,,0,,
A001311,個人,上班族,2014-03-08,0,0,,,0,,
A001312,個人,上班族,2024-03-22,0,0,,,0,,
A001313,個人,上班族,2015-08-20,0,0,,,0,,
A001314,個人,上班族,2019-03-12,0,0,,,0,,
A001315,個人,上班族,2009-08-13,0,0,,,0,,
A001316,個人,上班族,2014-01-05,0,0,,,0,,
A001317,個人,上班族,2014-08-15,0,0,,,0,,
A001318,個人,上班族,2007-05-12,0,0,,,0,,
A001319,個人,上班族,2020-09-26,0,0,,,0,,
A001320,個人,上班族,2022-11-12,0,0,,,0,,
A001321,個人,上班族,2010-04-20,0,0,,,0,,
A001322,個人,上班族,2022-05-30,0,0,,,0,,
A001323,個人,上班族,2017-07-01,0,0,,,0,,
A001324,個人,上班族,2014-01-18,0,0,,,0,,
A001325,個人,上班族,2010-09-05,0,0,,,0,,
A001326,個人,上班族,2026-01-19,0,0,,,0,,
A001327,個人,上班族,2012-04-14,0,0,,,0,,
A001328,個人,上班族,2023-10-13,0,0,,,0,,
A001329,個人,上班族,2021-11-15,0,0,,,0,,
A001330,個人,上班族,2006-11-16,0,0,,,0,,
A001331,個人,上班族,2021-09-23,0,0,,,0,,
A001332,個人,上班族,2014-02-20,0,0,,,0,,
A001333,個人,上班族,2015-01-17,0,0,,,0,,
A001334,個人,上班族,2014-06-06,0,0,,,0,,
A001335,個人,上班族,2017-10-16,0,0,,,0,,
A001336,個人,上班族,2023-03-08,0,0,,,0,,
A001337,個人,上班族,2009-11-17,0,0,,,0,,
A001338,個人,上班族,2013-08-19,0,0,,,0,,
A001339,個人,上班族,2024-04-18,0,0,,,0,,
A001340,個人,上班族,2014-12-18,0,0,,,0,,
A001341,個人,上班族,2017-03-09,0,0,,,0,,
A001342,個人,上班族,2007-02-21,0,0,,,0,,
A001343,個人,上班族,2019-03-22,0,0,,,0,,
A001344,個人,上班族,2024-11-13,0,0,,,0,,
A001345,個人,上班族,2011-06-02,0,0,,,0,,
A001346,個人,上班族,2011-11-02,0,0,,,0,,
A001347,個人,上班族,2018-04-15,0,0,,,0,,
A001348,個人,上班族,2023-11-02,0,0,,,0,,
A001349,個人,上班族,2010-09-27,0,0,,,0,,
A001350,個人,上班族,2017-10-10,0,0,,,0,,
A001351,個人,上班族,2018-08-12,0,0,,,0,,
A001352,個人,上班族,2017-09-11,0,0,,,0,,
A001353,個人,上班族,2026-01-10,0,0,,,0,,
A001354,個人,上班族,2022-04-14,0,0,,,0,,
A001355,個人,上班族,2012-04-28,0,0,,,0,,
A001356,個人,上班族,2026-04-08,0,0,,,0,,
A001357,個人,上班族,2026-03-10,0,0,,,0,,
A001358,個人,上班族,2006-08-24,0,0,,,0,,
A001359,個人,上班族,2019-07-17,0,0,,,0,,
A001360,個人,上班族,2008-09-14,0,0,,,0,,
A001361,個人,上班族,2020-05-30,0,0,,,0,,
A001362,個人,上班族,2011-09-14,0,0,,,0,,
A001363,個人,上班族,2008-05-28,0,0,,,0,,
A001364,個人,上班族,2015-05-23,0,0,,,0,,
A001365,個人,上班族,2015-02-12,0,0,,,0,,
A001366,個人,上班族,2013-09-06,0,0,,,0,,
A001367,個人,上班族,2015-06-25,0,0,,,0,,
A001368,個人,上班族,2014-08-08,0,0,,,0,,
A001369,個人,上班族,2017-02-19,0,0,,,0,,
A001370,個人,上班族,2012-05-25,0,0,,,0,,
A001371,個人,上班族,2019-07-24,1192,0,,,0,,
A001372,個人,上班族,2022-01-22,0,0,,,0,,
A001373,個人,上班族,2007-04-22,0,0,,,0,,
A001374,個人,上班族,2023-09-22,0,0,,,0,,
A001375,個人,上班族,2008-05-30,0,0,,,0,,
A001376,個人,上班族,2018-11-25,0,0,,,0,,
A001377,個人,上班族,2021-02-17,0,0,,,0,,
A001378,個人,上班族,2006-02-19,0,0,,,0,,
A001379,個人,上班族,2010-07-15,0,0,,,0,,
A001380,個人,上班族,2024-10-03,0,0,,,0,,
A001381,個人,上班族,2020-05-11,0,0,,,0,,
A001382,個人,上班族,2020-02-23,0,0,,,0,,
A001383,個人,上班族,2019-04-07,0,0,,,0,,
A001384,個人,上班族,2026-05-18,0,0,,,0,,
A001385,個人,上班族,2007-08-11,0,0,,,0,,
A001386,個人,上班族,2018-08-21,0,0,,,0,,
A001387,個人,上班族,2026-03-29,0,0,,,0,,
A001388,個人,上班族,2015-05-29,0,0,,,0,,
A001389,個人,上班族,2011-11-13,0,0,,,0,,
A001390,個人,上班族,2015-12-06,0,0,,,0,,
A001391,個人,上班族,2026-01-10,0,0,,,0,,
A001392,個人,上班族,2020-03-14,0,0,,,0,,
A001393,個人,上班族,2018-09-19,0,0,,,0,,
A001394,個人,上班族,2022-06-02,0,0,,,0,,
A001395,個人,上班族,2023-01-01,0,0,,,0,,
A001396,個人,上班族,2023-03-20,0,0,,,0,,
A001397,個人,上班族,2012-08-26,0,0,,,0,,
A001398,個人,上班族,2013-09-06,0,0,,,0,,
A001399,個人,上班族,2018-12-30,0,0,,,0,,
A001400,個人,上班族,2018-07-17,0,0,,,0,,
A001401,個人,上班族,2016-12-20,0,0,,,0,,
A001402,個人,上班族,2009-07-30,0,0,,,0,,
A001403,個人,上班族,2022-07-21,0,0,,,0,,
A001404,個人,上班族,2011-09-14,0,0,,,0,,
A001405,個人,上班族,2007-01-11,0,0,,,0,,
A001406,個人,上班族,2026-05-12,0,0,,,0,,
A001407,個人,上班族,2017-04-23,0,0,,,0,,
A001408,個人,上班族,2016-02-05,0,0,,,0,,
A001409,個人,上班族,2024-02-27,0,0,,,0,,
A001410,個人,上班族,2007-02-14,0,0,,,0,,
A001411,個人,上班族,2015-12-10,0,0,,,0,,
A001412,個人,上班族,2026-05-06,0,0,,,0,,
A001413,個人,上班族,2007-06-27,0,0,,,0,,
A001414,個人,上班族,2022-11-20,0,0,,,0,,
A001415,個人,上班族,2008-11-22,0,0,,,0,,
A001416,個人,上班族,2017-03-20,0,0,,,0,,
A001417,個人,上班族,2020-10-20,1017,0,,,0,,
A001418,個人,上班族,2016-11-26,0,0,,,0,,
A001419,個人,上班族,2008-07-24,0,0,,,0,,
A001420,個人,上班族,2007-06-28,0,0,,,0,,
A001421,個人,上班族,2018-01-12,0,0,,,0,,
A001422,個人,上班族,2026-03-26,0,0,,,0,,
A001423,個人,上班族,2007-12-04,0,0,,,0,,
A001424,個人,上班族,2024-02-16,0,0,,,0,,
A001425,個人,上班族,2008-04-16,0,0,,,0,,
A001426,個人,上班族,2018-07-30,0,0,,,0,,
A001427,個人,上班族,2018-05-06,0,0,,,0,,
A001428,個人,上班族,2012-05-31,0,0,,,0,,
A001429,個人,上班族,2020-02-05,0,0,,,0,,
A001430,個人,上班族,2018-07-09,0,0,,,0,,
A001431,個人,上班族,2012-03-05,0,0,,,0,,
A001432,個人,上班族,2023-07-12,0,0,,,0,,
A001433,個人,上班族,2020-05-13,0,0,,,0,,
A001434,個人,上班族,2022-07-17,0,0,,,0,,
A001435,個人,上班族,2019-05-18,0,0,,,0,,
A001436,個人,上班族,2011-02-08,0,0,,,0,,
A001437,個人,上班族,2026-02-10,0,0,,,0,,
A001438,個人,上班族,2019-06-02,0,0,,,0,,
A001439,個人,上班族,2020-12-04,0,0,,,0,,
A001440,個人,上班族,2017-07-24,0,0,,,0,,
A001441,個人,上班族,2011-04-30,0,0,,,0,,
A001442,個人,上班族,2006-01-17,0,0,,,0,,
A001443,個人,上班族,2012-12-30,0,0,,,0,,
A001444,個人,上班族,2018-01-03,0,0,,,0,,
A001445,個人,上班族,2022-07-28,0,0,,,0,,
A001446,個人,上班族,2015-04-16,0,0,,,0,,
A001447,個人,上班族,2018-07-11,0,0,,,0,,
A001448,個人,上班族,2016-07-25,0,0,,,0,,
A001449,個人,上班族,2009-06-09,0,0,,,0,,
A001450,個人,上班族,2010-07-14,0,0,,,0,,
A001451,個人,上班族,2024-04-13,0,0,,,0,,
A001452,個人,上班族,2012-08-06,0,0,,,0,,
A001453,個人,上班族,2017-07-31,0,0,,,0,,
A001454,個人,上班族,2019-05-14,0,0,,,0,,
A001455,個人,上班族,2023-08-04,0,0,,,0,,
A001456,個人,上班族,2023-01-06,0,0,,,0,,
A001457,個人,上班族,2014-12-14,0,0,,,0,,
A001458,個人,上班族,2026-03-19,0,0,,,0,,
A001459,個人,上班族,2013-01-11,0,0,,,0,,
A001460,個人,上班族,2015-03-16,0,0,,,0,,
A001461,個人,上班族,2014-01-20,0,0,,,0,,
A001462,個人,上班族,2023-10-24,0,0,,,0,,
A001463,個人,上班族,2020-12-10,0,0,,,0,,
A001464,個人,上班族,2012-06-09,0,0,,,0,,
A001465,個人,上班族,2013-11-20,0,0,,,0,,
A001466,個人,上班族,2019-12-07,0,0,,,0,,
A001467,個人,上班族,2010-01-15,0,0,,,0,,
A001468,個人,上班族,2010-08-12,0,0,,,0,,
A001469,個人,上班族,2023-03-16,0,0,,,0,,
A001470,個人,上班族,2018-04-13,0,0,,,0,,
A001471,個人,上班族,2018-09-15,0,0,,,0,,
A001472,個人,上班族,2019-03-23,0,0,,,0,,
A001473,個人,上班族,2020-08-14,0,0,,,0,,
A001474,個人,上班族,2014-04-06,0,0,,,0,,
A001475,個人,上班族,2009-09-05,0,0,,,0,,
A001476,個人,上班族,2020-08-15,0,0,,,0,,
A001477,個人,上班族,2009-03-02,0,0,,,0,,
A001478,個人,上班族,2023-07-19,0,0,,,0,,
A001479,個人,上班族,2007-10-28,0,0,,,0,,
A001480,個人,上班族,2023-04-16,0,0,,,0,,
A001481,個人,上班族,2009-08-30,0,0,,,0,,
A001482,個人,上班族,2015-01-04,0,0,,,0,,
A001483,個人,上班族,2011-11-28,0,0,,,0,,
A001484,個人,上班族,2007-07-14,0,0,,,0,,
A001485,個人,上班族,2023-04-01,0,0,,,0,,
A001486,個人,上班族,2011-02-01,0,0,,,0,,
A001487,個人,上班族,2016-12-08,0,0,,,0,,
A001488,個人,上班族,2015-06-10,0,0,,,0,,
A001489,個人,上班族,2017-03-21,0,0,,,0,,
A001490,個人,上班族,2022-11-24,0,0,,,0,,
A001491,個人,上班族,2014-12-31,0,0,,,0,,
A001492,個人,上班族,2018-01-31,0,0,,,0,,
A001493,個人,上班族,2022-05-21,0,0,,,0,,
A001494,個人,上班族,2022-10-28,0,0,,,0,,
A001495,個人,上班族,2018-05-21,0,0,,,0,,
A001496,個人,上班族,2016-01-15,0,0,,,0,,
A001497,個人,上班族,2018-09-06,0,0,,,0,,
A001498,個人,上班族,2022-10-21,0,0,,,0,,
A001499,個人,上班族,2015-08-07,0,0,,,0,,
A001500,個人,上班族,2009-07-30,0,0,,,0,,
A001501,個人,上班族,2016-05-15,0,0,,,0,,
A001502,個人,上班族,2007-06-27,0,0,,,0,,
A001503,個人,上班族,2012-01-31,0,0,,,0,,
A001504,個人,上班族,2022-08-16,0,0,,,0,,
A001505,個人,上班族,2008-12-30,0,0,,,0,,
A001506,個人,上班族,2017-05-03,0,0,,,0,,
A001507,個人,上班族,2018-07-05,0,0,,,0,,
A001508,個人,上班族,2026-01-07,0,0,,,0,,
A001509,個人,上班族,2026-01-23,0,0,,,0,,
A001510,個人,上班族,2016-07-22,0,0,,,0,,
A001511,個人,上班族,2009-01-27,0,0,,,0,,
A001512,個人,上班族,2012-04-08,0,0,,,0,,
A001513,個人,上班族,2018-12-28,0,0,,,0,,
A001514,個人,上班族,2017-10-17,0,0,,,0,,
A001515,個人,上班族,2012-01-13,0,0,,,0,,
A001516,個人,上班族,2006-09-12,0,0,,,0,,
A001517,個人,上班族,2007-10-09,0,0,,,0,,
A001518,個人,上班族,2012-08-22,0,0,,,0,,
A001519,個人,上班族,2023-02-24,0,0,,,0,,
A001520,個人,上班族,2011-07-11,0,0,,,0,,
A001521,個人,上班族,2008-02-06,0,0,,,0,,
A001522,個人,上班族,2017-09-09,0,0,,,0,,
A001523,個人,上班族,2026-02-26,0,0,,,0,,
A001524,個人,上班族,2022-03-30,0,0,,,0,,
A001525,個人,上班族,2006-04-20,0,0,,,0,,
A001526,個人,上班族,2016-05-18,0,0,,,0,,
A001527,個人,上班族,2014-12-08,0,0,,,0,,
A001528,個人,上班族,2022-07-10,0,0,,,0,,
A001529,個人,上班族,2026-01-05,0,0,,,0,,
A001530,個人,上班族,2018-03-17,0,0,,,0,,
A001531,個人,上班族,2009-04-06,0,0,,,0,,
A001532,個人,上班族,2021-03-04,0,0,,,0,,
A001533,個人,上班族,2013-03-31,0,0,,,0,,
A001534,個人,上班族,2014-02-26,0,0,,,0,,
A001535,個人,上班族,2018-10-29,0,0,,,0,,
A001536,個人,上班族,2012-04-07,0,0,,,0,,
A001537,個人,上班族,2013-05-23,0,0,,,0,,
A001538,個人,上班族,2021-08-22,0,0,,,0,,
A001539,個人,上班族,2009-01-18,0,0,,,0,,
A001540,個人,上班族,2019-06-14,0,0,,,0,,
A001541,個人,上班族,2020-08-02,0,0,,,0,,
A001542,個人,上班族,2015-07-30,0,0,,,0,,
A001543,個人,上班族,2009-11-10,0,0,,,0,,
A001544,個人,上班族,2020-09-02,0,0,,,0,,
A001545,個人,上班族,2024-02-06,0,0,,,0,,
A001546,個人,上班族,2007-09-01,0,0,,,0,,
A001547,個人,上班族,2021-12-27,0,0,,,0,,
A001548,個人,上班族,2015-02-08,0,0,,,0,,
A001549,個人,上班族,2018-01-09,0,0,,,0,,
A001550,個人,上班族,2010-05-12,1009,0,,,0,,
A001551,個人,上班族,2018-05-25,0,0,,,0,,
A001552,個人,上班族,2024-12-23,0,0,,,0,,
A001553,個人,上班族,2026-03-11,0,0,,,0,,
A001554,個人,上班族,2018-03-18,0,0,,,0,,
A001555,個人,上班族,2007-07-20,0,0,,,0,,
A001556,個人,上班族,2009-05-23,0,0,,,0,,
A001557,個人,上班族,2022-11-23,0,0,,,0,,
A001558,個人,上班族,2021-12-28,0,0,,,0,,
A001559,個人,上班族,2021-05-10,0,0,,,0,,
A001560,個人,上班族,2013-09-12,0,0,,,0,,
A001561,個人,上班族,2009-12-06,0,0,,,0,,
A001562,個人,上班族,2023-07-03,0,0,,,0,,
A001563,個人,上班族,2014-12-05,0,0,,,0,,
A001564,個人,上班族,2013-03-12,0,0,,,0,,
A001565,個人,上班族,2018-06-18,0,0,,,0,,
A001566,個人,上班族,2022-10-29,0,0,,,0,,
A001567,個人,上班族,2022-12-22,0,0,,,0,,
A001568,個人,上班族,2014-08-03,0,0,,,0,,
A001569,個人,上班族,2019-04-25,0,0,,,0,,
A001570,個人,上班族,2022-07-09,0,0,,,0,,
A001571,個人,上班族,2022-10-30,0,0,,,0,,
A001572,個人,上班族,2022-06-06,0,0,,,0,,
A001573,個人,上班族,2014-12-04,0,0,,,0,,
A001574,個人,上班族,2020-11-10,0,0,,,0,,
A001575,個人,上班族,2010-01-08,0,0,,,0,,
A001576,個人,上班族,2026-03-10,0,0,,,0,,
A001577,個人,上班族,2026-03-06,0,0,,,0,,
A001578,個人,上班族,2010-12-10,0,0,,,0,,
A001579,個人,上班族,2011-08-10,0,0,,,0,,
A001580,個人,上班族,2015-03-04,0,0,,,0,,
A001581,個人,上班族,2016-12-26,0,0,,,0,,
A001582,個人,上班族,2008-01-10,0,0,,,0,,
A001583,個人,上班族,2015-06-12,0,0,,,0,,
A001584,個人,上班族,2017-03-28,0,0,,,0,,
A001585,個人,上班族,2013-11-05,0,0,,,0,,
A001586,個人,上班族,2019-08-15,0,0,,,0,,
A001587,個人,上班族,2021-03-09,0,0,,,0,,
A001588,個人,上班族,2012-01-05,0,0,,,0,,
A001589,個人,上班族,2023-06-07,0,0,,,0,,
A001590,個人,上班族,2012-07-17,0,0,,,0,,
A001591,個人,上班族,2007-05-24,0,0,,,0,,
A001592,個人,上班族,2022-09-18,0,0,,,0,,
A001593,個人,上班族,2019-05-21,0,0,,,0,,
A001594,個人,上班族,2021-03-30,0,0,,,0,,
A001595,個人,上班族,2022-07-29,0,0,,,0,,
A001596,個人,上班族,2015-08-12,0,0,,,0,,
A001597,個人,上班族,2010-04-02,0,0,,,0,,
A001598,個人,上班族,2011-08-24,0,0,,,0,,
A001599,個人,上班族,2012-04-23,0,0,,,0,,
A001600,個人,上班族,2021-05-30,0,0,,,0,,
A001601,個人,上班族,2010-10-18,0,0,,,0,,
A001602,個人,上班族,2012-05-14,0,0,,,0,,
A001603,個人,上班族,2007-06-10,0,0,,,0,,
A001604,個人,上班族,2021-09-26,0,0,,,0,,
A001605,個人,上班族,2022-05-02,0,0,,,0,,
A001606,個人,上班族,2007-10-08,0,0,,,0,,
A001607,個人,上班族,2013-09-08,0,0,,,0,,
A001608,個人,上班族,2012-06-17,0,0,,,0,,
A001609,個人,上班族,2012-05-28,0,0,,,0,,
A001610,個人,上班族,2019-10-30,0,0,,,0,,
A001611,個人,上班族,2019-12-15,0,0,,,0,,
A001612,個人,上班族,2008-10-31,0,0,,,0,,
A001613,個人,上班族,2015-08-27,0,0,,,0,,
A001614,個人,上班族,2007-10-08,0,0,,,0,,
A001615,個人,上班族,2007-05-25,0,0,,,0,,
A001616,個人,上班族,2011-04-14,0,0,,,0,,
A001617,個人,上班族,2015-01-17,0,0,,,0,,
A001618,個人,上班族,2010-11-06,0,0,,,0,,
A001619,個人,上班族,2022-12-06,0,0,,,0,,
A001620,個人,上班族,2020-10-07,0,0,,,0,,
A001621,個人,上班族,2024-03-05,0,0,,,0,,
A001622,個人,上班族,2015-05-08,0,0,,,0,,
A001623,個人,上班族,2014-01-04,0,0,,,0,,
A001624,個人,上班族,2007-05-15,0,0,,,0,,
A001625,個人,上班族,2014-05-19,0,0,,,0,,
A001626,個人,上班族,2006-09-10,0,0,,,0,,
A001627,個人,上班族,2018-09-30,0,0,,,0,,
A001628,個人,上班族,2009-01-17,0,0,,,0,,
A001629,個人,上班族,2012-10-02,0,0,,,0,,
A001630,個人,上班族,2007-01-01,0,0,,,0,,
A001631,個人,上班族,2017-07-16,0,0,,,0,,
A001632,個人,上班族,2026-02-24,0,0,,,0,,
A001633,個人,上班族,2009-08-05,0,0,,,0,,
A001634,個人,上班族,2020-08-14,1810,0,,,0,,
A001635,個人,上班族,2020-11-01,0,0,,,0,,
A001636,個人,上班族,2015-05-02,0,0,,,0,,
A001637,個人,上班族,2017-01-25,0,0,,,0,,
A001638,個人,上班族,2021-02-27,0,0,,,0,,
A001639,個人,上班族,2016-11-07,0,0,,,0,,
A001640,個人,上班族,2015-02-10,0,0,,,0,,
A001641,個人,上班族,2007-12-29,0,0,,,0,,
A001642,個人,上班族,2007-12-31,0,0,,,0,,
A001643,個人,上班族,2012-11-06,0,0,,,0,,
A001644,個人,上班族,2007-09-19,0,0,,,0,,
A001645,個人,上班族,2008-07-27,0,0,,,0,,
A001646,個人,上班族,2013-12-03,0,0,,,0,,
A001647,個人,上班族,2023-03-25,0,0,,,0,,
A001648,個人,上班族,2021-05-17,0,0,,,0,,
A001649,個人,上班族,2012-04-08,0,0,,,0,,
A001650,個人,上班族,2006-06-26,0,0,,,0,,
A001651,個人,上班族,2014-05-16,0,0,,,0,,
A001652,個人,上班族,2007-12-04,0,0,,,0,,
A001653,個人,上班族,2014-12-20,0,0,,,0,,
A001654,個人,上班族,2015-09-28,0,0,,,0,,
A001655,個人,上班族,2026-04-14,0,0,,,0,,
A001656,個人,上班族,2017-11-30,0,0,,,0,,
A001657,個人,上班族,2019-03-14,0,0,,,0,,
A001658,個人,上班族,2020-03-15,0,0,,,0,,
A001659,個人,上班族,2009-10-10,0,0,,,0,,
A001660,個人,上班族,2026-04-06,0,0,,,0,,
A001661,個人,上班族,2022-04-18,0,0,,,0,,
A001662,個人,上班族,2015-08-27,0,0,,,0,,
A001663,個人,上班族,2015-02-08,0,0,,,0,,
A001664,個人,上班族,2021-12-08,0,0,,,0,,
A001665,個人,上班族,2014-12-18,0,0,,,0,,
A001666,個人,上班族,2018-06-23,0,0,,,0,,
A001667,個人,上班族,2024-07-15,0,0,,,0,,
A001668,個人,上班族,2008-03-26,0,0,,,0,,
A001669,個人,上班族,2007-05-14,0,0,,,0,,
A001670,個人,上班族,2011-08-11,0,0,,,0,,
A001671,個人,上班族,2019-02-07,0,0,,,0,,
A001672,個人,上班族,2009-11-12,0,0,,,0,,
A001673,個人,上班族,2019-12-09,0,0,,,0,,
A001674,個人,上班族,2015-11-12,0,0,,,0,,
A001675,個人,上班族,2015-01-13,0,0,,,0,,
A001676,個人,上班族,2011-11-18,0,0,,,0,,
A001677,個人,上班族,2011-09-29,0,0,,,0,,
A001678,個人,上班族,2007-02-15,0,0,,,0,,
A001679,個人,上班族,2026-04-09,0,0,,,0,,
A001680,個人,上班族,2016-04-15,0,0,,,0,,
A001681,個人,上班族,2023-01-16,0,0,,,0,,
A001682,個人,上班族,2011-06-23,0,0,,,0,,
A001683,個人,上班族,2009-09-28,0,0,,,0,,
A001684,個人,上班族,2010-09-04,0,0,,,0,,
A001685,個人,上班族,2021-08-16,0,0,,,0,,
A001686,個人,上班族,2008-09-13,0,0,,,0,,
A001687,個人,上班族,2017-04-19,0,0,,,0,,
A001688,個人,上班族,2019-02-20,0,0,,,0,,
A001689,個人,上班族,2022-04-16,0,0,,,0,,
A001690,個人,上班族,2013-11-01,0,0,,,0,,
A001691,個人,上班族,2007-11-09,0,0,,,0,,
A001692,個人,上班族,2023-06-06,0,0,,,0,,
A001693,個人,上班族,2007-09-24,0,0,,,0,,
A001694,個人,上班族,2013-05-15,0,0,,,0,,
A001695,個人,上班族,2021-01-10,0,0,,,0,,
A001696,個人,上班族,2018-01-11,0,0,,,0,,
A001697,個人,上班族,2008-03-24,0,0,,,0,,
A001698,個人,上班族,2011-11-20,0,0,,,0,,
A001699,個人,上班族,2011-02-05,0,0,,,0,,
A001700,個人,上班族,2026-05-18,0,0,,,0,,
A001701,個人,上班族,2009-06-30,0,0,,,0,,
A001702,個人,上班族,2019-04-16,0,0,,,0,,
A001703,個人,上班族,2006-03-18,0,0,,,0,,
A001704,個人,上班族,2026-02-23,0,0,,,0,,
A001705,個人,上班族,2006-12-01,0,0,,,0,,
A001706,個人,上班族,2015-05-10,1857,0,,,0,,
A001707,個人,上班族,2007-04-03,0,0,,,0,,
A001708,個人,上班族,2008-03-14,0,0,,,0,,
A001709,個人,上班族,2007-02-23,0,0,,,0,,
A001710,個人,上班族,2018-10-19,0,0,,,0,,
A001711,個人,上班族,2018-12-26,0,0,,,0,,
A001712,個人,上班族,2013-06-27,0,0,,,0,,
A001713,個人,上班族,2020-06-25,0,0,,,0,,
A001714,個人,上班族,2013-07-14,0,0,,,0,,
A001715,個人,上班族,2012-10-06,0,0,,,0,,
A001716,個人,上班族,2024-12-12,0,0,,,0,,
A001717,個人,上班族,2009-09-26,0,0,,,0,,
A001718,個人,上班族,2021-04-26,0,0,,,0,,
A001719,個人,上班族,2013-02-24,0,0,,,0,,
A001720,個人,上班族,2012-08-07,0,0,,,0,,
A001721,個人,上班族,2019-10-12,0,0,,,0,,
A001722,個人,上班族,2012-08-10,0,0,,,0,,
A001723,個人,上班族,2023-02-04,0,0,,,0,,
A001724,個人,上班族,2019-11-13,0,0,,,0,,
A001725,個人,上班族,2016-05-08,0,0,,,0,,
A001726,個人,上班族,2021-02-14,0,0,,,0,,
A001727,個人,上班族,2019-10-05,0,0,,,0,,
A001728,個人,上班族,2010-10-23,0,0,,,0,,
A001729,個人,上班族,2016-06-02,0,0,,,0,,
A001730,個人,上班族,2020-09-04,0,0,,,0,,
A001731,個人,上班族,2018-06-01,0,0,,,0,,
A001732,個人,上班族,2011-08-27,0,0,,,0,,
A001733,個人,上班族,2021-02-28,0,0,,,0,,
A001734,個人,上班族,2006-06-06,0,0,,,0,,
A001735,個人,上班族,2021-02-27,0,0,,,0,,
A001736,個人,上班族,2016-10-17,0,0,,,0,,
A001737,個人,上班族,2009-05-04,0,0,,,0,,
A001738,個人,上班族,2007-10-23,0,0,,,0,,
A001739,個人,上班族,2019-11-06,0,0,,,0,,
A001740,個人,上班族,2006-07-15,0,0,,,0,,
A001741,個人,上班族,2023-05-22,0,0,,,0,,
A001742,個人,上班族,2018-02-17,0,0,,,0,,
A001743,個人,上班族,2020-09-08,0,0,,,0,,
A001744,個人,上班族,2026-03-17,0,0,,,0,,
A001745,個人,上班族,2012-09-01,0,0,,,0,,
A001746,個人,上班族,2023-08-28,0,0,,,0,,
A001747,個人,上班族,2022-07-30,0,0,,,0,,
A001748,個人,上班族,2018-05-28,0,0,,,0,,
A001749,個人,上班族,2011-06-08,0,0,,,0,,
A001750,個人,上班族,2017-10-22,0,0,,,0,,
A001751,個人,上班族,2010-09-02,0,0,,,0,,
A001752,個人,上班族,2011-08-29,0,0,,,0,,
A001753,個人,上班族,2021-12-29,0,0,,,0,,
A001754,個人,上班族,2022-03-31,0,0,,,0,,
A001755,個人,上班族,2024-04-15,0,0,,,0,,
A001756,個人,上班族,2018-11-27,0,0,,,0,,
A001757,個人,上班族,2020-09-01,0,0,,,0,,
A001758,個人,上班族,2016-03-09,0,0,,,0,,
A001759,個人,上班族,2022-08-08,0,0,,,0,,
A001760,個人,上班族,2009-02-23,0,0,,,0,,
A001761,個人,上班族,2023-11-10,0,0,,,0,,
A001762,個人,上班族,2013-07-04,0,0,,,0,,
A001763,個人,上班族,2010-07-10,0,0,,,0,,
A001764,個人,上班族,2024-02-16,0,0,,,0,,
A001765,個人,上班族,2013-07-27,0,0,,,0,,
A001766,個人,上班族,2022-11-27,0,0,,,0,,
A001767,個人,上班族,2019-02-04,0,0,,,0,,
A001768,個人,上班族,2010-06-17,0,0,,,0,,
A001769,個人,上班族,2013-01-21,0,0,,,0,,
A001770,個人,上班族,2011-06-28,0,0,,,0,,
A001771,個人,上班族,2014-07-07,0,0,,,0,,
A001772,個人,上班族,2010-08-07,0,0,,,0,,
A001773,個人,上班族,2021-04-11,0,0,,,0,,
A001774,個人,上班族,2006-04-27,0,0,,,0,,
A001775,個人,上班族,2013-10-21,0,0,,,0,,
A001776,個人,上班族,2011-05-27,0,0,,,0,,
A001777,個人,上班族,2020-05-13,0,0,,,0,,
A001778,個人,上班族,2007-12-04,0,0,,,0,,
A001779,個人,上班族,2026-04-09,0,0,,,0,,
A001780,個人,上班族,2006-01-31,0,0,,,0,,
A001781,個人,上班族,2017-01-11,0,0,,,0,,
A001782,個人,上班族,2020-06-15,0,0,,,0,,
A001783,個人,上班族,2023-06-26,0,0,,,0,,
A001784,個人,上班族,2013-10-17,0,0,,,0,,
A001785,個人,上班族,2023-10-14,0,0,,,0,,
A001786,個人,上班族,2026-01-17,0,0,,,0,,
A001787,個人,上班族,2013-11-12,0,0,,,0,,
A001788,個人,上班族,2014-01-01,0,0,,,0,,
A001789,個人,上班族,2014-08-18,0,0,,,0,,
A001790,個人,上班族,2024-05-04,0,0,,,0,,
A001791,個人,上班族,2024-02-22,0,0,,,0,,
A001792,個人,上班族,2015-07-25,0,0,,,0,,
A001793,個人,上班族,2018-03-30,0,0,,,0,,
A001794,個人,上班族,2015-10-22,0,0,,,0,,
A001795,個人,上班族,2021-12-11,0,0,,,0,,
A001796,個人,上班族,2017-09-16,0,0,,,0,,
A001797,個人,上班族,2024-11-14,0,0,,,0,,
A001798,個人,上班族,2007-12-10,0,0,,,0,,
A001799,個人,上班族,2017-11-03,0,0,,,0,,
A001800,個人,上班族,2018-08-17,0,0,,,0,,
A001801,個人,上班族,2022-05-18,0,0,,,0,,
A001802,個人,上班族,2026-01-16,0,0,,,0,,
A001803,個人,上班族,2011-03-30,0,0,,,0,,
A001804,個人,上班族,2023-06-24,0,0,,,0,,
A001805,個人,上班族,2010-08-19,0,0,,,0,,
A001806,個人,上班族,2023-10-26,0,0,,,0,,
A001807,個人,上班族,2026-04-08,0,0,,,0,,
A001808,個人,上班族,2006-05-29,0,0,,,0,,
A001809,個人,上班族,2007-08-26,0,0,,,0,,
A001810,個人,上班族,2016-02-17,0,0,,,0,,
A001811,個人,上班族,2016-10-18,0,0,,,0,,
A001812,個人,上班族,2010-04-03,0,0,,,0,,
A001813,個人,上班族,2018-08-21,0,0,,,0,,
A001814,個人,上班族,2012-06-02,0,0,,,0,,
A001815,個人,上班族,2023-02-17,0,0,,,0,,
A001816,個人,上班族,2022-12-14,0,0,,,0,,
A001817,個人,上班族,2021-08-21,0,0,,,0,,
A001818,個人,上班族,2023-12-27,0,0,,,0,,
A001819,個人,上班族,2006-07-17,0,0,,,0,,
A001820,個人,上班族,2006-11-01,0,0,,,0,,
A001821,個人,上班族,2008-10-25,0,0,,,0,,
A001822,個人,上班族,2019-04-18,0,0,,,0,,
A001823,個人,上班族,2010-08-02,0,0,,,0,,
A001824,個人,上班族,2007-11-08,0,0,,,0,,
A001825,個人,上班族,2008-06-09,0,0,,,0,,
A001826,個人,上班族,2026-04-13,0,0,,,0,,
A001827,個人,上班族,2019-06-09,0,0,,,0,,
A001828,個人,上班族,2010-05-21,0,0,,,0,,
A001829,個人,上班族,2013-03-16,0,0,,,0,,
A001830,個人,上班族,2014-10-21,0,0,,,0,,
A001831,個人,上班族,2017-02-04,0,0,,,0,,
A001832,個人,上班族,2023-10-13,0,0,,,0,,
A001833,個人,上班族,2024-01-26,0,0,,,0,,
A001834,個人,上班族,2013-01-03,1635,0,,,0,,
A001835,個人,上班族,2010-12-13,0,0,,,0,,
A001836,個人,上班族,2011-06-09,0,0,,,0,,
A001837,個人,上班族,2021-03-27,0,0,,,0,,
A001838,個人,上班族,2024-03-20,0,0,,,0,,
A001839,個人,上班族,2019-08-26,0,0,,,0,,
A001840,個人,上班族,2011-11-07,0,0,,,0,,
A001841,個人,上班族,2012-02-17,0,0,,,0,,
A001842,個人,上班族,2006-03-08,0,0,,,0,,
A001843,個人,上班族,2020-12-17,0,0,,,0,,
A001844,個人,上班族,2011-02-07,0,0,,,0,,
A001845,個人,上班族,2023-06-01,0,0,,,0,,
A001846,個人,上班族,2008-10-13,0,0,,,0,,
A001847,個人,上班族,2019-11-29,0,0,,,0,,
A001848,個人,上班族,2018-09-28,0,0,,,0,,
A001849,個人,上班族,2026-03-16,0,0,,,0,,
A001850,個人,上班族,2009-03-14,0,0,,,0,,
A001851,個人,上班族,2023-01-09,0,0,,,0,,
A001852,個人,上班族,2009-02-09,0,0,,,0,,
A001853,個人,上班族,2012-06-29,0,0,,,0,,
A001854,個人,上班族,2014-04-24,0,0,,,0,,
A001855,個人,上班族,2012-05-27,0,0,,,0,,
A001856,個人,上班族,2024-06-13,0,0,,,0,,
A001857,個人,上班族,2023-12-22,0,0,,,0,,
A001858,個人,上班族,2024-10-08,0,0,,,0,,
A001859,個人,上班族,2013-06-18,0,0,,,0,,
A001860,個人,上班族,2021-09-26,0,0,,,0,,
A001861,個人,上班族,2009-05-09,0,0,,,0,,
A001862,個人,上班族,2010-07-14,0,0,,,0,,
A001863,個人,上班族,2018-12-30,0,0,,,0,,
A001864,個人,上班族,2007-07-03,0,0,,,0,,
A001865,個人,上班族,2022-09-24,0,0,,,0,,
A001866,個人,上班族,2026-03-09,0,0,,,0,,
A001867,個人,上班族,2022-01-13,0,0,,,0,,
A001868,個人,上班族,2013-09-11,0,0,,,0,,
A001869,個人,上班族,2016-09-08,0,0,,,0,,
A001870,個人,上班族,2021-11-12,0,0,,,0,,
A001871,個人,上班族,2024-04-07,0,0,,,0,,
A001872,個人,上班族,2023-04-30,0,0,,,0,,
A001873,個人,上班族,2016-03-27,0,0,,,0,,
A001874,個人,上班族,2011-07-18,0,0,,,0,,
A001875,個人,上班族,2009-01-05,0,0,,,0,,
A001876,個人,上班族,2006-07-16,0,0,,,0,,
A001877,個人,上班族,2020-04-08,0,0,,,0,,
A001878,個人,上班族,2020-02-02,0,0,,,0,,
A001879,個人,上班族,2018-12-20,0,0,,,0,,
A001880,個人,上班族,2009-12-20,0,0,,,0,,
A001881,個人,上班族,2008-06-29,0,0,,,0,,
A001882,個人,上班族,2013-02-22,0,0,,,0,,
A001883,個人,上班族,2022-04-04,0,0,,,0,,
A001884,個人,上班族,2020-04-20,0,0,,,0,,
A001885,個人,上班族,2015-01-18,0,0,,,0,,
A001886,個人,上班族,2022-11-27,0,0,,,0,,
A001887,個人,上班族,2022-11-25,0,0,,,0,,
A001888,個人,上班族,2016-09-24,0,0,,,0,,
A001889,個人,上班族,2015-10-16,0,0,,,0,,
A001890,個人,上班族,2009-09-08,0,0,,,0,,
A001891,個人,上班族,2014-08-07,0,0,,,0,,
A001892,個人,上班族,2014-02-23,0,0,,,0,,
A001893,個人,上班族,2006-12-03,0,0,,,0,,
A001894,個人,上班族,2024-12-30,0,0,,,0,,
A001895,個人,上班族,2026-03-23,0,0,,,0,,
A001896,個人,上班族,2022-06-30,0,0,,,0,,
A001897,個人,上班族,2015-01-09,0,0,,,0,,
A001898,個人,上班族,2019-08-07,0,0,,,0,,
A001899,個人,上班族,2024-04-30,0,0,,,0,,
A001900,個人,上班族,2018-07-17,0,0,,,0,,
A001901,個人,上班族,2023-05-02,0,0,,,0,,
A001902,個人,上班族,2006-06-03,0,0,,,0,,
A001903,個人,上班族,2020-10-12,0,0,,,0,,
A001904,個人,上班族,2023-11-28,0,0,,,0,,
A001905,個人,上班族,2012-08-17,0,0,,,0,,
A001906,個人,上班族,2020-02-07,0,0,,,0,,
A001907,個人,上班族,2010-05-03,0,0,,,0,,
A001908,個人,上班族,2023-06-27,0,0,,,0,,
A001909,個人,上班族,2016-04-13,0,0,,,0,,
A001910,個人,上班族,2012-05-11,0,0,,,0,,
A001911,個人,上班族,2008-06-01,0,0,,,0,,
A001912,個人,上班族,2010-07-31,0,0,,,0,,
A001913,個人,上班族,2014-06-11,0,0,,,0,,
A001914,個人,上班族,2017-05-22,0,0,,,0,,
A001915,個人,上班族,2018-03-04,0,0,,,0,,
A001916,個人,上班族,2015-01-07,0,0,,,0,,
A001917,個人,上班族,2021-07-31,0,0,,,0,,
A001918,個人,上班族,2014-04-05,0,0,,,0,,
A001919,個人,上班族,2022-02-06,0,0,,,0,,
A001920,個人,上班族,2008-03-12,0,0,,,0,,
A001921,個人,上班族,2015-04-18,0,0,,,0,,
A001922,個人,上班族,2006-12-06,0,0,,,0,,
A001923,個人,上班族,2010-11-11,0,0,,,0,,
A001924,個人,上班族,2014-01-05,0,0,,,0,,
A001925,個人,上班族,2023-08-29,0,0,,,0,,
A001926,個人,上班族,2016-05-06,0,0,,,0,,
A001927,個人,上班族,2020-03-08,0,0,,,0,,
A001928,個人,上班族,2012-06-23,0,0,,,0,,
A001929,個人,上班族,2011-01-20,0,0,,,0,,
A001930,個人,上班族,2013-08-09,0,0,,,0,,
A001931,個人,上班族,2011-11-04,0,0,,,0,,
A001932,個人,上班族,2023-10-17,0,0,,,0,,
A001933,個人,上班族,2013-07-31,0,0,,,0,,
A001934,個人,上班族,2021-08-29,0,0,,,0,,
A001935,個人,上班族,2015-05-15,0,0,,,0,,
A001936,個人,上班族,2026-01-03,0,0,,,0,,
A001937,個人,上班族,2020-01-19,0,0,,,0,,
A001938,個人,上班族,2021-07-23,0,0,,,0,,
A001939,個人,上班族,2020-10-23,0,0,,,0,,
A001940,個人,上班族,2019-09-21,0,0,,,0,,
A001941,個人,上班族,2023-09-29,0,0,,,0,,
A001942,個人,上班族,2024-02-09,0,0,,,0,,
A001943,個人,上班族,2006-01-08,0,0,,,0,,
A001944,個人,上班族,2011-08-22,0,0,,,0,,
A001945,個人,上班族,2022-05-24,0,0,,,0,,
A001946,個人,上班族,2018-06-24,0,0,,,0,,
A001947,個人,上班族,2006-04-29,0,0,,,0,,
A001948,個人,上班族,2014-12-30,0,0,,,0,,
A001949,個人,上班族,2023-06-03,0,0,,,0,,
A001950,個人,上班族,2019-08-02,0,0,,,0,,
A001951,個人,上班族,2017-08-19,0,0,,,0,,
A001952,個人,上班族,2016-11-28,0,0,,,0,,
A001953,個人,上班族,2011-10-26,0,0,,,0,,
A001954,個人,上班族,2019-05-16,0,0,,,0,,
A001955,個人,上班族,2012-08-23,0,0,,,0,,
A001956,個人,上班族,2011-08-04,0,0,,,0,,
A001957,個人,上班族,2021-07-20,0,0,,,0,,
A001958,個人,上班族,2023-03-30,0,0,,,0,,
A001959,個人,上班族,2019-12-27,0,0,,,0,,
A001960,個人,上班族,2009-10-31,0,0,,,0,,
A001961,個人,上班族,2007-11-06,0,0,,,0,,
A001962,個人,上班族,2021-01-21,0,0,,,0,,
A001963,個人,上班族,2014-05-23,0,0,,,0,,
A001964,個人,上班族,2024-12-30,0,0,,,0,,
A001965,個人,上班族,2008-10-24,0,0,,,0,,
A001966,個人,上班族,2024-03-12,0,0,,,0,,
A001967,個人,上班族,2022-03-13,0,0,,,0,,
A001968,個人,上班族,2016-02-26,0,0,,,0,,
A001969,個人,上班族,2007-09-23,0,0,,,0,,
A001970,個人,上班族,2020-10-23,0,0,,,0,,
A001971,個人,上班族,2007-12-24,0,0,,,0,,
A001972,個人,上班族,2012-04-17,0,0,,,0,,
A001973,個人,上班族,2018-09-01,1494,0,,,0,,
A001974,個人,上班族,2016-09-09,0,0,,,0,,
A001975,個人,上班族,2026-03-15,0,0,,,0,,
A001976,個人,上班族,2013-02-12,0,0,,,0,,
A001977,個人,上班族,2018-12-02,0,0,,,0,,
A001978,個人,上班族,2021-11-16,0,0,,,0,,
A001979,個人,上班族,2011-01-01,0,0,,,0,,
A001980,個人,上班族,2020-06-25,0,0,,,0,,
A001981,個人,上班族,2019-11-13,0,0,,,0,,
A001982,個人,上班族,2022-02-23,0,0,,,0,,
A001983,個人,上班族,2012-01-22,0,0,,,0,,
A001984,個人,上班族,2018-07-20,0,0,,,0,,
A001985,個人,上班族,2010-12-18,0,0,,,0,,
A001986,個人,上班族,2009-05-30,0,0,,,0,,
A001987,個人,上班族,2024-05-26,0,0,,,0,,
A001988,個人,上班族,2026-05-11,0,0,,,0,,
A001989,個人,上班族,2010-07-22,0,0,,,0,,
A001990,個人,上班族,2011-07-06,0,0,,,0,,
A001991,個人,上班族,2018-04-20,0,0,,,0,,
A001992,個人,上班族,2023-11-13,0,0,,,0,,
A001993,個人,上班族,2017-08-23,0,0,,,0,,
A001994,個人,上班族,2007-11-03,0,0,,,0,,
A001995,個人,上班族,2023-12-12,0,0,,,0,,
A001996,個人,上班族,2006-07-30,0,0,,,0,,
A001997,個人,上班族,2015-01-17,0,0,,,0,,
A001998,個人,上班族,2007-07-29,0,0,,,0,,
A001999,個人,上班族,2009-05-12,0,0,,,0,,
A002000,個人,上班族,2020-01-20,0,0,,,0,,
A002001,個人,上班族,2006-03-17,0,0,,,0,,
A002002,個人,上班族,2017-04-24,0,0,,,0,,
A002003,個人,上班族,2018-12-09,0,0,,,0,,
A002004,個人,上班族,2026-04-03,0,0,,,0,,
A002005,個人,上班族,2015-08-25,0,0,,,0,,
A002006,個人,上班族,2022-01-13,0,0,,,0,,
A002007,個人,上班族,2017-06-10,0,0,,,0,,
A002008,個人,上班族,2006-09-30,0,0,,,0,,
A002009,個人,上班族,2019-12-16,0,0,,,0,,
A002010,個人,上班族,2022-10-28,0,0,,,0,,
A002011,個人,上班族,2023-10-28,0,0,,,0,,
A002012,個人,上班族,2015-07-22,0,0,,,0,,
A002013,個人,上班族,2015-10-25,0,0,,,0,,
A002014,個人,上班族,2009-08-22,0,0,,,0,,
A002015,個人,上班族,2026-01-08,0,0,,,0,,
A002016,個人,上班族,2016-12-25,0,0,,,0,,
A002017,個人,上班族,2026-02-08,0,0,,,0,,
A002018,個人,上班族,2026-05-06,0,0,,,0,,
A002019,個人,上班族,2015-01-11,0,0,,,0,,
A002020,個人,上班族,2019-03-06,0,0,,,0,,
A002021,個人,上班族,2018-02-08,0,0,,,0,,
A002022,個人,上班族,2018-02-14,0,0,,,0,,
A002023,個人,上班族,2008-12-21,0,0,,,0,,
A002024,個人,上班族,2026-03-01,0,0,,,0,,
A002025,個人,上班族,2010-02-15,0,0,,,0,,
A002026,個人,上班族,2008-03-01,0,0,,,0,,
A002027,個人,上班族,2021-11-24,0,0,,,0,,
A002028,個人,上班族,2015-07-10,0,0,,,0,,
A002029,個人,上班族,2022-11-06,0,0,,,0,,
A002030,個人,上班族,2017-06-28,0,0,,,0,,
A002031,個人,上班族,2017-01-10,0,0,,,0,,
A002032,個人,上班族,2011-11-01,0,0,,,0,,
A002033,個人,上班族,2014-11-25,0,0,,,0,,
A002034,個人,上班族,2014-09-13,0,0,,,0,,
A002035,個人,上班族,2020-07-07,0,0,,,0,,
A002036,個人,上班族,2007-11-16,0,0,,,0,,
A002037,個人,上班族,2006-09-12,0,0,,,0,,
A002038,個人,上班族,2022-01-04,0,0,,,0,,
A002039,個人,上班族,2010-03-04,0,0,,,0,,
A002040,個人,上班族,2007-03-08,0,0,,,0,,
A002041,個人,上班族,2015-12-21,0,0,,,0,,
A002042,個人,上班族,2022-08-23,0,0,,,0,,
A002043,個人,上班族,2007-02-02,0,0,,,0,,
A002044,個人,上班族,2020-12-19,0,0,,,0,,
A002045,個人,上班族,2013-10-07,0,0,,,0,,
A002046,個人,上班族,2012-11-01,0,0,,,0,,
A002047,個人,上班族,2006-05-04,0,0,,,0,,
A002048,個人,上班族,2023-07-21,0,0,,,0,,
A002049,個人,上班族,2015-12-14,0,0,,,0,,
A002050,個人,上班族,2013-05-09,852,0,,,0,,
A002051,個人,上班族,2024-02-12,0,0,,,0,,
A002052,個人,上班族,2015-05-05,0,0,,,0,,
A002053,個人,上班族,2009-10-22,0,0,,,0,,
A002054,個人,上班族,2024-08-21,0,0,,,0,,
A002055,個人,上班族,2018-08-08,0,0,,,0,,
A002056,個人,上班族,2018-10-05,0,0,,,0,,
A002057,個人,上班族,2023-12-14,0,0,,,0,,
A002058,個人,上班族,2014-05-24,0,0,,,0,,
A002059,個人,上班族,2012-05-05,0,0,,,0,,
A002060,個人,上班族,2011-03-20,0,0,,,0,,
A002061,個人,上班族,2008-03-17,0,0,,,0,,
A002062,個人,上班族,2021-06-15,0,0,,,0,,
A002063,個人,上班族,2017-01-04,0,0,,,0,,
A002064,個人,上班族,2021-05-25,0,0,,,0,,
A002065,個人,上班族,2024-11-28,0,0,,,0,,
A002066,個人,上班族,2008-12-02,0,0,,,0,,
A002067,個人,上班族,2012-08-26,0,0,,,0,,
A002068,個人,上班族,2010-05-12,0,0,,,0,,
A002069,個人,上班族,2014-11-28,0,0,,,0,,
A002070,個人,上班族,2013-05-26,0,0,,,0,,
A002071,個人,上班族,2017-12-02,0,0,,,0,,
A002072,個人,上班族,2021-01-28,0,0,,,0,,
A002073,個人,上班族,2021-09-20,0,0,,,0,,
A002074,個人,上班族,2024-12-01,0,0,,,0,,
A002075,個人,上班族,2009-11-25,0,0,,,0,,
A002076,個人,上班族,2024-10-28,0,0,,,0,,
A002077,個人,上班族,2024-06-12,0,0,,,0,,
A002078,個人,上班族,2020-05-12,0,0,,,0,,
A002079,個人,上班族,2022-07-04,0,0,,,0,,
A002080,個人,上班族,2023-08-04,0,0,,,0,,
A002081,個人,上班族,2012-12-22,0,0,,,0,,
A002082,個人,上班族,2012-06-20,0,0,,,0,,
A002083,個人,上班族,2026-03-27,0,0,,,0,,
A002084,個人,上班族,2014-10-14,0,0,,,0,,
A002085,個人,上班族,2020-05-17,0,0,,,0,,
A002086,個人,上班族,2006-01-21,0,0,,,0,,
A002087,個人,上班族,2009-09-12,0,0,,,0,,
A002088,個人,上班族,2026-05-04,0,0,,,0,,
A002089,個人,上班族,2023-12-02,0,0,,,0,,
A002090,個人,上班族,2016-08-30,0,0,,,0,,
A002091,個人,上班族,2012-03-25,0,0,,,0,,
A002092,個人,上班族,2018-07-03,0,0,,,0,,
A002093,個人,上班族,2026-03-12,0,0,,,0,,
A002094,個人,上班族,2007-06-05,0,0,,,0,,
A002095,個人,上班族,2013-07-22,0,0,,,0,,
A002096,個人,上班族,2018-05-05,0,0,,,0,,
A002097,個人,上班族,2023-09-01,0,0,,,0,,
A002098,個人,上班族,2010-09-30,0,0,,,0,,
A002099,個人,上班族,2008-08-12,0,0,,,0,,
A002100,個人,上班族,2022-03-04,0,0,,,0,,
A002101,個人,上班族,2009-03-23,0,0,,,0,,
A002102,個人,上班族,2014-03-20,0,0,,,0,,
A002103,個人,上班族,2022-09-25,0,0,,,0,,
A002104,個人,上班族,2007-02-10,0,0,,,0,,
A002105,個人,上班族,2022-12-19,0,0,,,0,,
A002106,個人,上班族,2014-08-13,0,0,,,0,,
A002107,個人,上班族,2024-10-27,0,0,,,0,,
A002108,個人,上班族,2017-10-15,0,0,,,0,,
A002109,個人,上班族,2013-09-03,0,0,,,0,,
A002110,個人,上班族,2011-01-31,0,0,,,0,,
A002111,個人,上班族,2013-11-24,0,0,,,0,,
A002112,個人,上班族,2026-01-20,0,0,,,0,,
A002113,個人,上班族,2007-10-21,0,0,,,0,,
A002114,個人,上班族,2017-03-11,0,0,,,0,,
A002115,個人,上班族,2006-11-07,0,0,,,0,,
A002116,個人,上班族,2009-01-05,0,0,,,0,,
A002117,個人,上班族,2020-06-08,0,0,,,0,,
A002118,個人,上班族,2014-04-29,0,0,,,0,,
A002119,個人,上班族,2018-12-27,0,0,,,0,,
A002120,個人,上班族,2011-05-17,0,0,,,0,,
A002121,個人,上班族,2012-10-07,0,0,,,0,,
A002122,個人,上班族,2014-04-20,0,0,,,0,,
A002123,個人,上班族,2016-05-31,0,0,,,0,,
A002124,個人,上班族,2023-03-18,0,0,,,0,,
A002125,個人,上班族,2022-05-19,0,0,,,0,,
A002126,個人,上班族,2021-07-09,0,0,,,0,,
A002127,個人,上班族,2014-05-15,0,0,,,0,,
A002128,個人,上班族,2021-10-25,0,0,,,0,,
A002129,個人,上班族,2020-06-27,0,0,,,0,,
A002130,個人,上班族,2013-12-22,0,0,,,0,,
A002131,個人,上班族,2012-10-17,0,0,,,0,,
A002132,個人,上班族,2007-06-24,0,0,,,0,,
A002133,個人,上班族,2026-03-01,0,0,,,0,,
A002134,個人,上班族,2014-06-02,0,0,,,0,,
A002135,個人,上班族,2009-04-22,0,0,,,0,,
A002136,個人,上班族,2019-04-11,0,0,,,0,,
A002137,個人,上班族,2006-06-27,0,0,,,0,,
A002138,個人,上班族,2008-09-20,0,0,,,0,,
A002139,個人,上班族,2019-04-01,0,0,,,0,,
A002140,個人,上班族,2009-05-14,0,0,,,0,,
A002141,個人,上班族,2008-07-17,0,0,,,0,,
A002142,個人,上班族,2006-03-30,0,0,,,0,,
A002143,個人,上班族,2022-07-05,0,0,,,0,,
A002144,個人,上班族,2013-04-18,0,0,,,0,,
A002145,個人,上班族,2019-08-05,0,0,,,0,,
A002146,個人,上班族,2008-03-20,0,0,,,0,,
A002147,個人,上班族,2008-03-03,0,0,,,0,,
A002148,個人,上班族,2021-04-29,0,0,,,0,,
A002149,個人,上班族,2016-06-25,0,0,,,0,,
A002150,個人,上班族,2020-08-23,0,0,,,0,,
A002151,個人,上班族,2022-05-20,0,0,,,0,,
A002152,個人,上班族,2026-04-05,0,0,,,0,,
A002153,個人,上班族,2014-03-25,0,0,,,0,,
A002154,個人,上班族,2010-08-14,0,0,,,0,,
A002155,個人,上班族,2026-03-03,0,0,,,0,,
A002156,個人,上班族,2019-07-20,0,0,,,0,,
A002157,個人,上班族,2021-12-03,0,0,,,0,,
A002158,個人,上班族,2014-06-28,0,0,,,0,,
A002159,個人,上班族,2012-09-08,0,0,,,0,,
A002160,個人,上班族,2011-02-27,0,0,,,0,,
A002161,個人,上班族,2007-06-22,0,0,,,0,,
A002162,個人,上班族,2013-08-23,0,0,,,0,,
A002163,個人,上班族,2007-12-25,0,0,,,0,,
A002164,個人,上班族,2020-12-27,0,0,,,0,,
A002165,個人,上班族,2022-01-25,0,0,,,0,,
A002166,個人,上班族,2023-12-15,0,0,,,0,,
A002167,個人,上班族,2011-01-04,0,0,,,0,,
A002168,個人,上班族,2016-01-12,0,0,,,0,,
A002169,個人,上班族,2016-04-14,0,0,,,0,,
A002170,個人,上班族,2017-01-23,0,0,,,0,,
A002171,個人,上班族,2012-12-16,0,0,,,0,,
A002172,個人,上班族,2018-10-05,0,0,,,0,,
A002173,個人,上班族,2007-09-23,0,0,,,0,,
A002174,個人,上班族,2026-03-14,0,0,,,0,,
A002175,個人,上班族,2013-10-29,0,0,,,0,,
A002176,個人,上班族,2013-11-03,0,0,,,0,,
A002177,個人,上班族,2008-06-02,0,0,,,0,,
A002178,個人,上班族,2015-11-10,0,0,,,0,,
A002179,個人,上班族,2010-10-28,0,0,,,0,,
A002180,個人,上班族,2016-08-19,0,0,,,0,,
A002181,個人,上班族,2018-04-03,0,0,,,0,,
A002182,個人,上班族,2018-11-07,0,0,,,0,,
A002183,個人,上班族,2016-02-07,0,0,,,0,,
A002184,個人,上班族,2015-03-13,0,0,,,0,,
A002185,個人,上班族,2026-01-18,0,0,,,0,,
A002186,個人,上班族,2022-11-10,0,0,,,0,,
A002187,個人,上班族,2016-09-29,0,0,,,0,,
A002188,個人,上班族,2012-06-02,0,0,,,0,,
A002189,個人,上班族,2022-04-06,0,0,,,0,,
A002190,個人,上班族,2022-02-07,0,0,,,0,,
A002191,個人,上班族,2010-06-10,0,0,,,0,,
A002192,個人,上班族,2011-06-25,0,0,,,0,,
A002193,個人,上班族,2026-04-04,0,0,,,0,,
A002194,個人,上班族,2014-09-13,0,0,,,0,,
A002195,個人,上班族,2017-02-11,0,0,,,0,,
A002196,個人,上班族,2014-10-05,0,0,,,0,,
A002197,個人,上班族,2008-06-16,0,0,,,0,,
A002198,個人,上班族,2010-11-10,0,0,,,0,,
A002199,個人,上班族,2019-03-03,0,0,,,0,,
A002200,個人,上班族,2009-03-01,0,0,,,0,,
A002201,個人,上班族,2014-02-13,0,0,,,0,,
A002202,個人,上班族,2019-12-28,0,0,,,0,,
A002203,個人,上班族,2014-03-14,0,0,,,0,,
A002204,個人,上班族,2009-08-29,0,0,,,0,,
A002205,個人,上班族,2009-10-07,754,0,,,0,,
A002206,個人,上班族,2012-04-25,0,0,,,0,,
A002207,個人,上班族,2023-09-27,0,0,,,0,,
A002208,個人,上班族,2018-10-13,0,0,,,0,,
A002209,個人,上班族,2010-11-11,0,0,,,0,,
A002210,個人,上班族,2026-04-15,0,0,,,0,,
A002211,個人,上班族,2007-06-01,0,0,,,0,,
A002212,個人,上班族,2016-01-06,0,0,,,0,,
A002213,個人,上班族,2019-04-01,0,0,,,0,,
A002214,個人,上班族,2015-01-16,0,0,,,0,,
A002215,個人,上班族,2023-08-19,0,0,,,0,,
A002216,個人,上班族,2021-10-09,0,0,,,0,,
A002217,個人,上班族,2008-03-02,0,0,,,0,,
A002218,個人,上班族,2023-06-27,0,0,,,0,,
A002219,個人,上班族,2014-05-17,0,0,,,0,,
A002220,個人,上班族,2024-08-17,0,0,,,0,,
A002221,個人,上班族,2021-10-09,1499,0,,,0,,
A002222,個人,上班族,2008-09-30,0,0,,,0,,
A002223,個人,上班族,2013-06-20,0,0,,,0,,
A002224,個人,上班族,2010-04-28,0,0,,,0,,
A002225,個人,上班族,2024-12-02,0,0,,,0,,
A002226,個人,上班族,2020-04-15,0,0,,,0,,
A002227,個人,上班族,2015-12-19,0,0,,,0,,
A002228,個人,上班族,2023-04-26,0,0,,,0,,
A002229,個人,上班族,2016-10-13,0,0,,,0,,
A002230,個人,上班族,2023-01-29,0,0,,,0,,
A002231,個人,上班族,2026-02-11,0,0,,,0,,
A002232,個人,上班族,2021-08-17,0,0,,,0,,
A002233,個人,上班族,2014-09-14,0,0,,,0,,
A002234,個人,上班族,2006-04-07,0,0,,,0,,
A002235,個人,上班族,2024-11-08,0,0,,,0,,
A002236,個人,上班族,2018-01-03,0,0,,,0,,
A002237,個人,上班族,2013-12-05,0,0,,,0,,
A002238,個人,上班族,2010-02-27,0,0,,,0,,
A002239,個人,上班族,2012-10-08,0,0,,,0,,
A002240,個人,上班族,2009-09-16,0,0,,,0,,
A002241,個人,上班族,2012-03-29,0,0,,,0,,
A002242,個人,上班族,2023-03-03,0,0,,,0,,
A002243,個人,上班族,2008-09-02,0,0,,,0,,
A002244,個人,上班族,2026-01-22,0,0,,,0,,
A002245,個人,上班族,2020-03-11,0,0,,,0,,
A002246,個人,上班族,2020-07-05,0,0,,,0,,
A002247,個人,上班族,2008-01-12,0,0,,,0,,
A002248,個人,上班族,2020-08-05,0,0,,,0,,
A002249,個人,上班族,2014-09-01,0,0,,,0,,
A002250,個人,上班族,2007-06-03,0,0,,,0,,
A002251,個人,上班族,2017-07-14,0,0,,,0,,
A002252,個人,上班族,2021-10-25,0,0,,,0,,
A002253,個人,上班族,2006-03-28,0,0,,,0,,
A002254,個人,上班族,2016-09-20,0,0,,,0,,
A002255,個人,上班族,2019-06-26,0,0,,,0,,
A002256,個人,上班族,2022-03-01,0,0,,,0,,
A002257,個人,上班族,2024-02-21,0,0,,,0,,
A002258,個人,上班族,2020-11-28,0,0,,,0,,
A002259,個人,上班族,2015-11-08,0,0,,,0,,
A002260,個人,上班族,2012-09-24,0,0,,,0,,
A002261,個人,上班族,2021-01-01,0,0,,,0,,
A002262,個人,上班族,2007-09-21,0,0,,,0,,
A002263,個人,上班族,2019-02-08,0,0,,,0,,
A002264,個人,上班族,2026-05-14,0,0,,,0,,
A002265,個人,上班族,2008-01-03,0,0,,,0,,
A002266,個人,上班族,2015-12-31,0,0,,,0,,
A002267,個人,上班族,2017-01-28,0,0,,,0,,
A002268,個人,上班族,2010-05-20,0,0,,,0,,
A002269,個人,上班族,2017-09-13,0,0,,,0,,
A002270,個人,上班族,2015-10-10,0,0,,,0,,
A002271,個人,上班族,2012-01-14,0,0,,,0,,
A002272,個人,上班族,2018-12-06,0,0,,,0,,
A002273,個人,上班族,2014-02-01,0,0,,,0,,
A002274,個人,上班族,2015-01-24,0,0,,,0,,
A002275,個人,上班族,2009-09-09,0,0,,,0,,
A002276,個人,上班族,2019-12-30,0,0,,,0,,
A002277,個人,上班族,2008-03-05,0,0,,,0,,
A002278,個人,上班族,2026-05-20,0,0,,,0,,
A002279,個人,上班族,2019-05-07,0,0,,,0,,
A002280,個人,上班族,2015-05-12,0,0,,,0,,
A002281,個人,上班族,2023-06-22,0,0,,,0,,
A002282,個人,上班族,2022-07-13,0,0,,,0,,
A002283,個人,上班族,2022-03-23,0,0,,,0,,
A002284,個人,上班族,2021-12-22,0,0,,,0,,
A002285,個人,上班族,2010-08-04,0,0,,,0,,
A002286,個人,上班族,2016-07-24,0,0,,,0,,
A002287,個人,上班族,2010-05-04,0,0,,,0,,
A002288,個人,上班族,2022-01-27,0,0,,,0,,
A002289,個人,上班族,2007-07-17,0,0,,,0,,
A002290,個人,上班族,2019-10-31,0,0,,,0,,
A002291,個人,上班族,2023-06-18,0,0,,,0,,
A002292,個人,上班族,2017-05-13,0,0,,,0,,
A002293,個人,上班族,2011-11-09,0,0,,,0,,
A002294,個人,上班族,2022-07-16,0,0,,,0,,
A002295,個人,上班族,2024-02-24,0,0,,,0,,
A002296,個人,上班族,2015-12-18,0,0,,,0,,
A002297,個人,上班族,2014-06-20,0,0,,,0,,
A002298,個人,上班族,2024-07-12,0,0,,,0,,
A002299,個人,上班族,2007-08-26,0,0,,,0,,
A002300,個人,上班族,2015-03-31,0,0,,,0,,
A002301,個人,上班族,2013-03-12,0,0,,,0,,
A002302,個人,上班族,2011-01-29,0,0,,,0,,
A002303,個人,上班族,2006-09-21,0,0,,,0,,
A002304,個人,上班族,2022-10-09,0,0,,,0,,
A002305,個人,上班族,2013-07-09,0,0,,,0,,
A002306,個人,上班族,2022-07-27,0,0,,,0,,
A002307,個人,上班族,2024-08-27,0,0,,,0,,
A002308,個人,上班族,2018-07-16,0,0,,,0,,
A002309,個人,上班族,2022-02-26,0,0,,,0,,
A002310,個人,上班族,2010-12-14,0,0,,,0,,
A002311,個人,上班族,2014-06-21,0,0,,,0,,
A002312,個人,上班族,2006-04-06,0,0,,,0,,
A002313,個人,上班族,2018-03-08,0,0,,,0,,
A002314,個人,上班族,2006-01-30,0,0,,,0,,
A002315,個人,上班族,2015-07-05,0,0,,,0,,
A002316,個人,上班族,2016-09-22,0,0,,,0,,
A002317,個人,上班族,2009-05-31,0,0,,,0,,
A002318,個人,上班族,2015-01-03,0,0,,,0,,
A002319,個人,上班族,2023-11-27,0,0,,,0,,
A002320,個人,上班族,2024-01-06,0,0,,,0,,
A002321,個人,上班族,2016-08-30,0,0,,,0,,
A002322,個人,上班族,2019-09-21,0,0,,,0,,
A002323,個人,上班族,2024-12-06,0,0,,,0,,
A002324,個人,上班族,2020-08-22,0,0,,,0,,
A002325,個人,上班族,2012-05-19,0,0,,,0,,
A002326,個人,上班族,2008-08-21,0,0,,,0,,
A002327,個人,上班族,2017-11-30,0,0,,,0,,
A002328,個人,上班族,2016-08-25,0,0,,,0,,
A002329,個人,上班族,2013-08-14,0,0,,,0,,
A002330,個人,上班族,2009-09-11,0,0,,,0,,
A002331,個人,上班族,2023-02-07,0,0,,,0,,
A002332,個人,上班族,2015-07-21,0,0,,,0,,
A002333,個人,上班族,2016-06-10,0,0,,,0,,
A002334,個人,上班族,2023-08-06,0,0,,,0,,
A002335,個人,上班族,2011-11-11,0,0,,,0,,
A002336,個人,上班族,2018-09-03,0,0,,,0,,
A002337,個人,上班族,2020-09-13,0,0,,,0,,
A002338,個人,上班族,2011-11-11,0,0,,,0,,
A002339,個人,上班族,2026-02-04,0,0,,,0,,
A002340,個人,上班族,2022-11-08,0,0,,,0,,
A002341,個人,上班族,2015-08-23,0,0,,,0,,
A002342,個人,上班族,2024-04-05,0,0,,,0,,
A002343,個人,上班族,2017-08-26,0,0,,,0,,
A002344,個人,上班族,2020-02-15,0,0,,,0,,
A002345,個人,上班族,2014-08-25,0,0,,,0,,
A002346,個人,上班族,2010-05-29,0,0,,,0,,
A002347,個人,上班族,2024-11-22,0,0,,,0,,
A002348,個人,上班族,2015-10-06,0,0,,,0,,
A002349,個人,上班族,2014-03-22,0,0,,,0,,
A002350,個人,上班族,2006-03-21,0,0,,,0,,
A002351,個人,上班族,2009-07-22,0,0,,,0,,
A002352,個人,上班族,2014-06-11,0,0,,,0,,
A002353,個人,上班族,2014-08-22,0,0,,,0,,
A002354,個人,上班族,2010-06-23,0,0,,,0,,
A002355,個人,上班族,2020-10-04,0,0,,,0,,
A002356,個人,上班族,2021-06-05,0,0,,,0,,
A002357,個人,上班族,2026-03-12,0,0,,,0,,
A002358,個人,上班族,2018-06-03,0,0,,,0,,
A002359,個人,上班族,2006-07-10,0,0,,,0,,
A002360,個人,上班族,2006-04-26,0,0,,,0,,
A002361,個人,上班族,2021-12-07,0,0,,,0,,
A002362,個人,上班族,2022-03-16,0,0,,,0,,
A002363,個人,上班族,2018-12-05,0,0,,,0,,
A002364,個人,上班族,2008-06-29,0,0,,,0,,
A002365,個人,上班族,2007-08-11,0,0,,,0,,
A002366,個人,上班族,2006-02-17,0,0,,,0,,
A002367,個人,上班族,2014-05-01,0,0,,,0,,
A002368,個人,上班族,2020-12-03,0,0,,,0,,
A002369,個人,上班族,2013-09-16,0,0,,,0,,
A002370,個人,上班族,2010-07-31,0,0,,,0,,
A002371,個人,上班族,2020-05-03,0,0,,,0,,
A002372,個人,上班族,2009-07-22,0,0,,,0,,
A002373,個人,上班族,2021-06-21,0,0,,,0,,
A002374,個人,上班族,2015-07-22,0,0,,,0,,
A002375,個人,上班族,2020-06-04,0,0,,,0,,
A002376,個人,上班族,2019-08-07,0,0,,,0,,
A002377,個人,上班族,2007-12-30,0,0,,,0,,
A002378,個人,上班族,2024-01-29,0,0,,,0,,
A002379,個人,上班族,2009-05-01,0,0,,,0,,
A002380,個人,上班族,2006-02-06,0,0,,,0,,
A002381,個人,上班族,2018-04-20,0,0,,,0,,
A002382,個人,上班族,2021-03-19,0,0,,,0,,
A002383,個人,上班族,2021-05-01,0,0,,,0,,
A002384,個人,上班族,2024-04-16,0,0,,,0,,
A002385,個人,上班族,2015-01-23,0,0,,,0,,
A002386,個人,上班族,2013-07-18,0,0,,,0,,
A002387,個人,上班族,2020-02-12,0,0,,,0,,
A002388,個人,上班族,2023-08-04,0,0,,,0,,
A002389,個人,上班族,2023-03-18,0,0,,,0,,
A002390,個人,上班族,2021-02-11,0,0,,,0,,
A002391,個人,上班族,2010-04-17,0,0,,,0,,
A002392,個人,上班族,2007-08-14,0,0,,,0,,
A002393,個人,上班族,2016-11-11,0,0,,,0,,
A002394,個人,上班族,2017-02-11,0,0,,,0,,
A002395,個人,上班族,2013-09-24,0,0,,,0,,
A002396,個人,上班族,2011-06-07,0,0,,,0,,
A002397,個人,上班族,2007-02-28,0,0,,,0,,
A002398,個人,上班族,2014-10-25,0,0,,,0,,
A002399,個人,上班族,2008-12-10,0,0,,,0,,
A002400,個人,上班族,2022-05-15,0,0,,,0,,
A002401,個人,上班族,2006-04-07,0,0,,,0,,
A002402,個人,上班族,2019-06-03,0,0,,,0,,
A002403,個人,上班族,2020-06-23,0,0,,,0,,
A002404,個人,上班族,2011-08-27,0,0,,,0,,
A002405,個人,上班族,2019-08-13,0,0,,,0,,
A002406,個人,上班族,2007-11-24,0,0,,,0,,
A002407,個人,上班族,2022-03-26,0,0,,,0,,
A002408,個人,上班族,2012-11-29,0,0,,,0,,
A002409,個人,上班族,2006-12-01,0,0,,,0,,
A002410,個人,上班族,2022-09-05,0,0,,,0,,
A002411,個人,上班族,2020-05-30,0,0,,,0,,
A002412,個人,上班族,2022-12-10,0,0,,,0,,
A002413,個人,上班族,2013-06-14,0,0,,,0,,
A002414,個人,上班族,2007-11-06,0,0,,,0,,
A002415,個人,上班族,2012-09-01,0,0,,,0,,
A002416,個人,上班族,2006-10-12,0,0,,,0,,
A002417,個人,上班族,2020-04-24,0,0,,,0,,
A002418,個人,上班族,2013-06-13,0,0,,,0,,
A002419,個人,上班族,2009-01-16,0,0,,,0,,
A002420,個人,上班族,2013-01-21,0,0,,,0,,
A002421,個人,上班族,2019-03-07,0,0,,,0,,
A002422,個人,上班族,2018-09-23,0,0,,,0,,
A002423,個人,上班族,2013-03-27,0,0,,,0,,
A002424,個人,上班族,2026-05-05,0,0,,,0,,
A002425,個人,上班族,2013-09-30,0,0,,,0,,
A002426,個人,上班族,2011-02-28,0,0,,,0,,
A002427,個人,上班族,2009-08-04,0,0,,,0,,
A002428,個人,上班族,2009-09-18,0,0,,,0,,
A002429,個人,上班族,2008-12-20,0,0,,,0,,
A002430,個人,上班族,2016-01-29,0,0,,,0,,
A002431,個人,上班族,2006-03-25,0,0,,,0,,
A002432,個人,上班族,2008-09-18,0,0,,,0,,
A002433,個人,上班族,2016-09-23,0,0,,,0,,
A002434,個人,上班族,2024-09-06,0,0,,,0,,
A002435,個人,上班族,2014-11-12,0,0,,,0,,
A002436,個人,上班族,2015-01-14,0,0,,,0,,
A002437,個人,上班族,2012-06-25,0,0,,,0,,
A002438,個人,上班族,2016-03-01,0,0,,,0,,
A002439,個人,上班族,2016-10-06,0,0,,,0,,
A002440,個人,上班族,2009-12-06,0,0,,,0,,
A002441,個人,上班族,2024-11-11,0,0,,,0,,
A002442,個人,上班族,2007-09-14,0,0,,,0,,
A002443,個人,上班族,2006-11-01,0,0,,,0,,
A002444,個人,上班族,2018-04-13,0,0,,,0,,
A002445,個人,上班族,2016-04-10,0,0,,,0,,
A002446,個人,上班族,2018-01-11,0,0,,,0,,
A002447,個人,上班族,2019-07-30,0,0,,,0,,
A002448,個人,上班族,2026-03-23,0,0,,,0,,
A002449,個人,上班族,2018-11-08,0,0,,,0,,
A002450,個人,上班族,2010-05-17,0,0,,,0,,
A002451,個人,上班族,2013-09-12,0,0,,,0,,
A002452,個人,上班族,2021-06-05,0,0,,,0,,
A002453,個人,上班族,2012-05-06,0,0,,,0,,
A002454,個人,上班族,2007-03-12,0,0,,,0,,
A002455,個人,上班族,2007-06-09,0,0,,,0,,
A002456,個人,上班族,2023-06-13,0,0,,,0,,
A002457,個人,上班族,2008-05-07,0,0,,,0,,
A002458,個人,上班族,2013-06-06,0,0,,,0,,
A002459,個人,上班族,2011-07-27,0,0,,,0,,
A002460,個人,上班族,2007-01-28,0,0,,,0,,
A002461,個人,上班族,2020-11-08,291,0,,,0,,
A002462,個人,上班族,2012-11-02,0,0,,,0,,
A002463,個人,上班族,2008-02-21,0,0,,,0,,
A002464,個人,上班族,2023-04-29,0,0,,,0,,
A002465,個人,上班族,2010-10-29,0,0,,,0,,
A002466,個人,上班族,2011-03-03,0,0,,,0,,
A002467,個人,上班族,2015-03-07,0,0,,,0,,
A002468,個人,上班族,2026-03-27,0,0,,,0,,
A002469,個人,上班族,2009-03-14,0,0,,,0,,
A002470,個人,上班族,2011-06-20,0,0,,,0,,
A002471,個人,上班族,2011-11-25,0,0,,,0,,
A002472,個人,上班族,2013-07-29,0,0,,,0,,
A002473,個人,上班族,2008-06-12,0,0,,,0,,
A002474,個人,上班族,2024-02-11,0,0,,,0,,
A002475,個人,上班族,2014-08-14,1631,0,,,0,,
A002476,個人,上班族,2012-07-31,0,0,,,0,,
A002477,個人,上班族,2014-01-05,0,0,,,0,,
A002478,個人,上班族,2015-08-10,0,0,,,0,,
A002479,個人,上班族,2012-07-01,0,0,,,0,,
A002480,個人,上班族,2016-05-05,0,0,,,0,,
A002481,個人,上班族,2016-01-19,0,0,,,0,,
A002482,個人,上班族,2021-02-24,0,0,,,0,,
A002483,個人,上班族,2024-04-26,0,0,,,0,,
A002484,個人,上班族,2019-12-15,0,0,,,0,,
A002485,個人,上班族,2012-12-16,0,0,,,0,,
A002486,個人,上班族,2024-11-12,0,0,,,0,,
A002487,個人,上班族,2026-02-28,0,0,,,0,,
A002488,個人,上班族,2010-10-08,0,0,,,0,,
A002489,個人,上班族,2010-09-30,0,0,,,0,,
A002490,個人,上班族,2016-06-07,0,0,,,0,,
A002491,個人,上班族,2013-05-15,0,0,,,0,,
A002492,個人,上班族,2019-09-05,0,0,,,0,,
A002493,個人,上班族,2023-10-10,0,0,,,0,,
A002494,個人,上班族,2016-08-27,0,0,,,0,,
A002495,個人,上班族,2017-08-22,0,0,,,0,,
A002496,個人,上班族,2007-10-25,0,0,,,0,,
A002497,個人,上班族,2026-04-07,0,0,,,0,,
A002498,個人,上班族,2018-06-13,0,0,,,0,,
A002499,個人,上班族,2026-04-28,0,0,,,0,,
A002500,個人,上班族,2024-09-16,0,0,,,0,,
A002501,個人,上班族,2022-04-26,0,0,,,0,,
A002502,個人,上班族,2017-11-15,0,0,,,0,,
A002503,個人,上班族,2011-03-09,0,0,,,0,,
A002504,個人,上班族,2011-04-09,0,0,,,0,,
A002505,個人,上班族,2009-01-02,0,0,,,0,,
A002506,個人,上班族,2020-12-02,0,0,,,0,,
A002507,個人,上班族,2016-10-18,0,0,,,0,,
A002508,個人,上班族,2011-01-10,0,0,,,0,,
A002509,個人,上班族,2011-01-20,0,0,,,0,,
A002510,個人,上班族,2024-07-02,0,0,,,0,,
A002511,個人,上班族,2014-07-22,0,0,,,0,,
A002512,個人,上班族,2007-03-25,0,0,,,0,,
A002513,個人,上班族,2016-07-10,0,0,,,0,,
A002514,個人,上班族,2006-06-04,0,0,,,0,,
A002515,個人,上班族,2008-05-06,0,0,,,0,,
A002516,個人,上班族,2008-05-09,0,0,,,0,,
A002517,個人,上班族,2013-09-16,0,0,,,0,,
A002518,個人,上班族,2014-01-06,0,0,,,0,,
A002519,個人,上班族,2007-01-24,0,0,,,0,,
A002520,個人,上班族,2017-11-05,0,0,,,0,,
A002521,個人,上班族,2009-09-12,0,0,,,0,,
A002522,個人,上班族,2006-08-24,0,0,,,0,,
A002523,個人,上班族,2020-06-06,1394,0,,,0,,
A002524,個人,上班族,2006-07-20,0,0,,,0,,
A002525,個人,上班族,2022-07-02,0,0,,,0,,
A002526,個人,上班族,2017-07-31,0,0,,,0,,
A002527,個人,上班族,2011-12-15,0,0,,,0,,
A002528,個人,上班族,2015-02-24,0,0,,,0,,
A002529,個人,上班族,2020-06-10,0,0,,,0,,
A002530,個人,上班族,2019-12-15,0,0,,,0,,
A002531,個人,上班族,2018-12-15,0,0,,,0,,
A002532,個人,上班族,2019-07-26,0,0,,,0,,
A002533,個人,上班族,2016-03-14,0,0,,,0,,
A002534,個人,上班族,2016-03-21,0,0,,,0,,
A002535,個人,上班族,2019-10-21,0,0,,,0,,
A002536,個人,上班族,2012-01-09,0,0,,,0,,
A002537,個人,上班族,2023-08-05,0,0,,,0,,
A002538,個人,上班族,2017-03-18,0,0,,,0,,
A002539,個人,上班族,2006-10-12,0,0,,,0,,
A002540,個人,上班族,2023-09-08,0,0,,,0,,
A002541,個人,上班族,2008-03-30,0,0,,,0,,
A002542,個人,上班族,2026-01-22,0,0,,,0,,
A002543,個人,上班族,2006-11-13,0,0,,,0,,
A002544,個人,上班族,2023-08-29,0,0,,,0,,
A002545,個人,上班族,2012-02-07,0,0,,,0,,
A002546,個人,上班族,2019-09-22,0,0,,,0,,
A002547,個人,上班族,2024-02-10,0,0,,,0,,
A002548,個人,上班族,2018-09-30,0,0,,,0,,
A002549,個人,上班族,2008-08-29,0,0,,,0,,
A002550,個人,上班族,2006-02-23,0,0,,,0,,
A002551,個人,上班族,2016-07-29,0,0,,,0,,
A002552,個人,上班族,2013-08-30,0,0,,,0,,
A002553,個人,上班族,2017-11-26,0,0,,,0,,
A002554,個人,上班族,2012-07-12,0,0,,,0,,
A002555,個人,上班族,2006-02-28,0,0,,,0,,
A002556,個人,上班族,2020-09-22,0,0,,,0,,
A002557,個人,上班族,2015-01-15,0,0,,,0,,
A002558,個人,上班族,2008-03-22,0,0,,,0,,
A002559,個人,上班族,2019-02-09,602,0,,,0,,
A002560,個人,上班族,2024-09-26,0,0,,,0,,
A002561,個人,上班族,2014-12-23,0,0,,,0,,
A002562,個人,上班族,2012-07-16,0,0,,,0,,
A002563,個人,上班族,2015-04-14,0,0,,,0,,
A002564,個人,上班族,2011-09-20,0,0,,,0,,
A002565,個人,上班族,2008-02-07,0,0,,,0,,
A002566,個人,上班族,2012-07-19,0,0,,,0,,
A002567,個人,上班族,2018-10-16,0,0,,,0,,
A002568,個人,上班族,2020-03-27,0,0,,,0,,
A002569,個人,上班族,2021-11-19,0,0,,,0,,
A002570,個人,上班族,2018-12-28,0,0,,,0,,
A002571,個人,上班族,2009-04-13,0,0,,,0,,
A002572,個人,上班族,2015-04-02,0,0,,,0,,
A002573,個人,上班族,2013-01-01,0,0,,,0,,
A002574,個人,上班族,2012-05-17,0,0,,,0,,
A002575,個人,上班族,2007-12-30,0,0,,,0,,
A002576,個人,上班族,2012-05-03,0,0,,,0,,
A002577,個人,上班族,2021-11-17,0,0,,,0,,
A002578,個人,上班族,2019-09-06,0,0,,,0,,
A002579,個人,上班族,2024-02-01,0,0,,,0,,
A002580,個人,上班族,2007-08-04,0,0,,,0,,
A002581,個人,上班族,2017-06-28,0,0,,,0,,
A002582,個人,上班族,2010-01-13,0,0,,,0,,
A002583,個人,上班族,2018-06-29,0,0,,,0,,
A002584,個人,上班族,2015-02-22,0,0,,,0,,
A002585,個人,上班族,2014-02-01,0,0,,,0,,
A002586,個人,上班族,2014-03-14,0,0,,,0,,
A002587,個人,上班族,2018-11-07,0,0,,,0,,
A002588,個人,上班族,2024-07-18,0,0,,,0,,
A002589,個人,上班族,2010-07-15,0,0,,,0,,
A002590,個人,上班族,2013-03-21,0,0,,,0,,
A002591,個人,上班族,2019-02-06,0,0,,,0,,
A002592,個人,上班族,2014-02-09,0,0,,,0,,
A002593,個人,上班族,2016-11-18,0,0,,,0,,
A002594,個人,上班族,2019-03-28,0,0,,,0,,
A002595,個人,上班族,2019-03-13,0,0,,,0,,
A002596,個人,上班族,2017-09-09,0,0,,,0,,
A002597,個人,上班族,2022-04-01,0,0,,,0,,
A002598,個人,上班族,2007-08-10,0,0,,,0,,
A002599,個人,上班族,2017-12-25,0,0,,,0,,
A002600,個人,上班族,2023-07-03,0,0,,,0,,
A002601,個人,上班族,2024-10-17,0,0,,,0,,
A002602,個人,上班族,2008-02-16,0,0,,,0,,
A002603,個人,上班族,2008-05-25,0,0,,,0,,
A002604,個人,上班族,2008-12-21,0,0,,,0,,
A002605,個人,上班族,2013-10-25,0,0,,,0,,
A002606,個人,上班族,2019-12-22,0,0,,,0,,
A002607,個人,上班族,2018-09-14,0,0,,,0,,
A002608,個人,上班族,2016-03-03,0,0,,,0,,
A002609,個人,上班族,2019-09-19,0,0,,,0,,
A002610,個人,上班族,2006-07-31,0,0,,,0,,
A002611,個人,上班族,2008-03-26,0,0,,,0,,
A002612,個人,上班族,2013-08-29,0,0,,,0,,
A002613,個人,上班族,2010-11-14,0,0,,,0,,
A002614,個人,上班族,2020-05-05,0,0,,,0,,
A002615,個人,上班族,2008-08-01,0,0,,,0,,
A002616,個人,上班族,2008-02-09,0,0,,,0,,
A002617,個人,上班族,2022-12-10,0,0,,,0,,
A002618,個人,上班族,2026-04-08,0,0,,,0,,
A002619,個人,上班族,2019-06-12,0,0,,,0,,
A002620,個人,上班族,2023-04-18,0,0,,,0,,
A002621,個人,上班族,2026-04-14,0,0,,,0,,
A002622,個人,上班族,2019-07-19,0,0,,,0,,
A002623,個人,上班族,2012-09-13,0,0,,,0,,
A002624,個人,上班族,2007-01-22,0,0,,,0,,
A002625,個人,上班族,2010-02-05,0,0,,,0,,
A002626,個人,上班族,2021-04-23,0,0,,,0,,
A002627,個人,上班族,2014-07-07,0,0,,,0,,
A002628,個人,上班族,2016-05-10,0,0,,,0,,
A002629,個人,上班族,2021-03-01,0,0,,,0,,
A002630,個人,上班族,2024-03-19,0,0,,,0,,
A002631,個人,上班族,2020-02-28,0,0,,,0,,
A002632,個人,上班族,2020-07-13,0,0,,,0,,
A002633,個人,上班族,2026-01-05,0,0,,,0,,
A002634,個人,上班族,2026-03-06,0,0,,,0,,
A002635,個人,上班族,2020-05-04,0,0,,,0,,
A002636,個人,上班族,2016-12-21,0,0,,,0,,
A002637,個人,上班族,2012-11-29,0,0,,,0,,
A002638,個人,上班族,2021-03-30,0,0,,,0,,
A002639,個人,上班族,2006-03-11,0,0,,,0,,
A002640,個人,上班族,2008-03-10,0,0,,,0,,
A002641,個人,上班族,2021-11-28,0,0,,,0,,
A002642,個人,上班族,2009-02-07,0,0,,,0,,
A002643,個人,上班族,2024-11-11,0,0,,,0,,
A002644,個人,上班族,2009-05-23,0,0,,,0,,
A002645,個人,上班族,2021-08-10,0,0,,,0,,
A002646,個人,上班族,2026-01-29,0,0,,,0,,
A002647,個人,上班族,2016-07-05,0,0,,,0,,
A002648,個人,上班族,2008-08-28,0,0,,,0,,
A002649,個人,上班族,2015-12-20,0,0,,,0,,
A002650,個人,上班族,2020-11-16,0,0,,,0,,
A002651,個人,上班族,2022-04-09,0,0,,,0,,
A002652,個人,上班族,2024-09-22,0,0,,,0,,
A002653,個人,上班族,2021-05-24,0,0,,,0,,
A002654,個人,上班族,2021-06-19,0,0,,,0,,
A002655,個人,上班族,2006-06-25,0,0,,,0,,
A002656,個人,上班族,2026-05-02,0,0,,,0,,
A002657,個人,上班族,2023-03-15,0,0,,,0,,
A002658,個人,上班族,2018-09-09,0,0,,,0,,
A002659,個人,上班族,2008-10-01,0,0,,,0,,
A002660,個人,上班族,2011-11-07,0,0,,,0,,
A002661,個人,上班族,2013-03-25,0,0,,,0,,
A002662,個人,上班族,2014-08-31,0,0,,,0,,
A002663,個人,上班族,2021-07-11,0,0,,,0,,
A002664,個人,上班族,2009-10-15,0,0,,,0,,
A002665,個人,上班族,2023-04-13,0,0,,,0,,
A002666,個人,上班族,2006-06-26,0,0,,,0,,
A002667,個人,上班族,2007-11-28,0,0,,,0,,
A002668,個人,上班族,2023-08-02,0,0,,,0,,
A002669,個人,上班族,2006-07-10,0,0,,,0,,
A002670,個人,上班族,2008-02-07,0,0,,,0,,
A002671,個人,上班族,2010-07-04,0,0,,,0,,
A002672,個人,上班族,2022-07-10,0,0,,,0,,
A002673,個人,上班族,2016-04-18,0,0,,,0,,
A002674,個人,上班族,2016-08-21,0,0,,,0,,
A002675,個人,上班族,2026-03-11,0,0,,,0,,
A002676,個人,上班族,2026-04-17,0,0,,,0,,
A002677,個人,上班族,2012-09-23,0,0,,,0,,
A002678,個人,上班族,2014-03-08,0,0,,,0,,
A002679,個人,上班族,2011-02-09,0,0,,,0,,
A002680,個人,上班族,2026-01-31,0,0,,,0,,
A002681,個人,上班族,2008-08-09,0,0,,,0,,
A002682,個人,上班族,2021-02-07,0,0,,,0,,
A002683,個人,上班族,2006-10-12,1934,0,,,0,,
A002684,個人,上班族,2012-09-04,0,0,,,0,,
A002685,個人,上班族,2017-01-04,0,0,,,0,,
A002686,個人,上班族,2012-06-19,0,0,,,0,,
A002687,個人,上班族,2009-10-18,0,0,,,0,,
A002688,個人,上班族,2014-05-26,0,0,,,0,,
A002689,個人,上班族,2022-07-28,0,0,,,0,,
A002690,個人,上班族,2007-11-14,0,0,,,0,,
A002691,個人,上班族,2007-06-15,0,0,,,0,,
A002692,個人,上班族,2026-05-17,0,0,,,0,,
A002693,個人,上班族,2006-04-09,0,0,,,0,,
A002694,個人,上班族,2010-05-18,0,0,,,0,,
A002695,個人,上班族,2017-08-30,0,0,,,0,,
A002696,個人,上班族,2007-06-10,0,0,,,0,,
A002697,個人,上班族,2006-12-29,0,0,,,0,,
A002698,個人,上班族,2023-12-11,0,0,,,0,,
A002699,個人,上班族,2018-04-21,0,0,,,0,,
A002700,個人,上班族,2022-04-03,0,0,,,0,,
A002701,個人,上班族,2022-08-03,0,0,,,0,,
A002702,個人,上班族,2011-09-04,0,0,,,0,,
A002703,個人,上班族,2024-01-30,0,0,,,0,,
A002704,個人,上班族,2013-05-11,0,0,,,0,,
A002705,個人,上班族,2008-11-10,0,0,,,0,,
A002706,個人,上班族,2009-08-31,0,0,,,0,,
A002707,個人,上班族,2012-02-01,0,0,,,0,,
A002708,個人,上班族,2008-06-07,0,0,,,0,,
A002709,個人,上班族,2011-07-15,900,0,,,0,,
A002710,個人,上班族,2014-01-29,0,0,,,0,,
A002711,個人,上班族,2008-03-06,0,0,,,0,,
A002712,個人,上班族,2013-07-02,0,0,,,0,,
A002713,個人,上班族,2009-12-09,0,0,,,0,,
A002714,個人,上班族,2009-11-06,0,0,,,0,,
A002715,個人,上班族,2026-05-18,0,0,,,0,,
A002716,個人,上班族,2010-05-21,0,0,,,0,,
A002717,個人,上班族,2018-07-24,0,0,,,0,,
A002718,個人,上班族,2012-08-26,0,0,,,0,,
A002719,個人,上班族,2021-04-15,0,0,,,0,,
A002720,個人,上班族,2008-07-01,0,0,,,0,,
A002721,個人,上班族,2016-07-16,0,0,,,0,,
A002722,個人,上班族,2018-11-14,0,0,,,0,,
A002723,個人,上班族,2007-11-01,0,0,,,0,,
A002724,個人,上班族,2018-06-06,0,0,,,0,,
A002725,個人,上班族,2009-08-14,0,0,,,0,,
A002726,個人,上班族,2010-10-15,0,0,,,0,,
A002727,個人,上班族,2019-10-13,0,0,,,0,,
A002728,個人,上班族,2018-09-28,0,0,,,0,,
A002729,個人,上班族,2010-12-28,0,0,,,0,,
A002730,個人,上班族,2006-01-23,0,0,,,0,,
A002731,個人,上班族,2013-09-25,0,0,,,0,,
A002732,個人,上班族,2018-01-04,0,0,,,0,,
A002733,個人,上班族,2011-11-12,0,0,,,0,,
A002734,個人,上班族,2022-10-06,0,0,,,0,,
A002735,個人,上班族,2007-08-10,0,0,,,0,,
A002736,個人,上班族,2018-04-14,0,0,,,0,,
A002737,個人,上班族,2014-02-02,0,0,,,0,,
A002738,個人,上班族,2021-05-13,0,0,,,0,,
A002739,個人,上班族,2022-06-04,0,0,,,0,,
A002740,個人,上班族,2013-09-11,0,0,,,0,,
A002741,個人,上班族,2023-06-27,0,0,,,0,,
A002742,個人,上班族,2010-04-06,0,0,,,0,,
A002743,個人,上班族,2018-09-25,0,0,,,0,,
A002744,個人,上班族,2017-01-13,0,0,,,0,,
A002745,個人,上班族,2014-05-28,0,0,,,0,,
A002746,個人,上班族,2019-04-05,0,0,,,0,,
A002747,個人,上班族,2013-04-18,0,0,,,0,,
A002748,個人,上班族,2011-11-20,0,0,,,0,,
A002749,個人,上班族,2020-07-24,0,0,,,0,,
A002750,個人,上班族,2006-08-28,0,0,,,0,,
A002751,個人,上班族,2008-07-09,0,0,,,0,,
A002752,個人,上班族,2024-02-25,0,0,,,0,,
A002753,個人,上班族,2013-11-26,0,0,,,0,,
A002754,個人,上班族,2017-08-10,0,0,,,0,,
A002755,個人,上班族,2015-12-14,0,0,,,0,,
A002756,個人,上班族,2023-06-24,0,0,,,0,,
A002757,個人,上班族,2013-12-28,0,0,,,0,,
A002758,個人,上班族,2016-05-22,0,0,,,0,,
A002759,個人,上班族,2017-08-27,0,0,,,0,,
A002760,個人,上班族,2006-02-12,0,0,,,0,,
A002761,個人,上班族,2015-04-16,0,0,,,0,,
A002762,個人,上班族,2007-08-19,0,0,,,0,,
A002763,個人,上班族,2007-12-23,0,0,,,0,,
A002764,個人,上班族,2020-02-18,0,0,,,0,,
A002765,個人,上班族,2016-09-22,0,0,,,0,,
A002766,個人,上班族,2015-10-03,0,0,,,0,,
A002767,個人,上班族,2016-07-02,0,0,,,0,,
A002768,個人,上班族,2022-06-25,0,0,,,0,,
A002769,個人,上班族,2021-09-07,0,0,,,0,,
A002770,個人,上班族,2010-08-10,0,0,,,0,,
A002771,個人,上班族,2020-07-31,0,0,,,0,,
A002772,個人,上班族,2020-12-26,0,0,,,0,,
A002773,個人,上班族,2020-12-21,0,0,,,0,,
A002774,個人,上班族,2018-07-29,0,0,,,0,,
A002775,個人,上班族,2008-08-25,0,0,,,0,,
A002776,個人,上班族,2023-08-28,0,0,,,0,,
A002777,個人,上班族,2013-10-25,0,0,,,0,,
A002778,個人,上班族,2008-01-13,0,0,,,0,,
A002779,個人,上班族,2020-05-03,0,0,,,0,,
A002780,個人,上班族,2018-09-16,0,0,,,0,,
A002781,個人,上班族,2018-09-21,0,0,,,0,,
A002782,個人,上班族,2022-01-26,0,0,,,0,,
A002783,個人,上班族,2008-01-07,0,0,,,0,,
A002784,個人,上班族,2009-07-16,0,0,,,0,,
A002785,個人,上班族,2010-09-09,0,0,,,0,,
A002786,個人,上班族,2026-02-26,0,0,,,0,,
A002787,個人,上班族,2016-01-08,0,0,,,0,,
A002788,個人,上班族,2018-11-04,0,0,,,0,,
A002789,個人,上班族,2007-09-20,0,0,,,0,,
A002790,個人,上班族,2024-04-16,0,0,,,0,,
A002791,個人,上班族,2017-12-04,0,0,,,0,,
A002792,個人,上班族,2020-10-11,0,0,,,0,,
A002793,個人,上班族,2013-10-01,0,0,,,0,,
A002794,個人,上班族,2019-06-27,0,0,,,0,,
A002795,個人,上班族,2010-10-06,0,0,,,0,,
A002796,個人,上班族,2006-06-29,0,0,,,0,,
A002797,個人,上班族,2026-04-05,0,0,,,0,,
A002798,個人,上班族,2018-06-25,0,0,,,0,,
A002799,個人,上班族,2016-10-01,0,0,,,0,,
A002800,個人,上班族,2013-06-08,0,0,,,0,,
A002801,個人,上班族,2018-09-30,0,0,,,0,,
A002802,個人,上班族,2013-04-04,0,0,,,0,,
A002803,個人,上班族,2022-01-20,0,0,,,0,,
A002804,個人,上班族,2017-12-03,0,0,,,0,,
A002805,個人,上班族,2017-05-22,0,0,,,0,,
A002806,個人,上班族,2024-09-15,0,0,,,0,,
A002807,個人,上班族,2013-01-16,0,0,,,0,,
A002808,個人,上班族,2026-02-06,0,0,,,0,,
A002809,個人,上班族,2022-01-18,0,0,,,0,,
A002810,個人,上班族,2011-04-05,0,0,,,0,,
A002811,個人,上班族,2023-02-13,0,0,,,0,,
A002812,個人,上班族,2016-05-12,0,0,,,0,,
A002813,個人,上班族,2006-09-25,0,0,,,0,,
A002814,個人,上班族,2026-02-16,0,0,,,0,,
A002815,個人,上班族,2017-09-08,0,0,,,0,,
A002816,個人,上班族,2019-08-11,0,0,,,0,,
A002817,個人,上班族,2022-03-18,0,0,,,0,,
A002818,個人,上班族,2026-04-16,0,0,,,0,,
A002819,個人,上班族,2017-05-05,0,0,,,0,,
A002820,個人,上班族,2013-03-11,0,0,,,0,,
A002821,個人,上班族,2023-03-26,0,0,,,0,,
A002822,個人,上班族,2026-05-20,0,0,,,0,,
A002823,個人,上班族,2023-08-19,0,0,,,0,,
A002824,個人,上班族,2016-08-30,0,0,,,0,,
A002825,個人,上班族,2016-04-01,0,0,,,0,,
A002826,個人,上班族,2007-01-02,0,0,,,0,,
A002827,個人,上班族,2016-10-04,0,0,,,0,,
A002828,個人,上班族,2009-10-08,0,0,,,0,,
A002829,個人,上班族,2026-04-04,0,0,,,0,,
A002830,個人,上班族,2024-12-24,0,0,,,0,,
A002831,個人,上班族,2021-06-25,0,0,,,0,,
A002832,個人,上班族,2012-09-26,0,0,,,0,,
A002833,個人,上班族,2012-10-20,0,0,,,0,,
A002834,個人,上班族,2010-05-11,0,0,,,0,,
A002835,個人,上班族,2012-01-05,0,0,,,0,,
A002836,個人,上班族,2011-06-29,0,0,,,0,,
A002837,個人,上班族,2026-02-26,0,0,,,0,,
A002838,個人,上班族,2024-03-24,0,0,,,0,,
A002839,個人,上班族,2017-06-01,0,0,,,0,,
A002840,個人,上班族,2006-04-17,0,0,,,0,,
A002841,個人,上班族,2026-05-03,0,0,,,0,,
A002842,個人,上班族,2020-07-11,0,0,,,0,,
A002843,個人,上班族,2022-05-28,0,0,,,0,,
A002844,個人,上班族,2017-12-05,0,0,,,0,,
A002845,個人,上班族,2010-10-29,0,0,,,0,,
A002846,個人,上班族,2006-09-27,0,0,,,0,,
A002847,個人,上班族,2007-03-14,0,0,,,0,,
A002848,個人,上班族,2017-07-29,0,0,,,0,,
A002849,個人,上班族,2007-04-01,0,0,,,0,,
A002850,個人,上班族,2019-10-19,0,0,,,0,,
A002851,個人,上班族,2020-09-15,0,0,,,0,,
A002852,個人,上班族,2018-11-27,0,0,,,0,,
A002853,個人,上班族,2024-12-10,0,0,,,0,,
A002854,個人,上班族,2012-02-04,0,0,,,0,,
A002855,個人,上班族,2010-08-25,0,0,,,0,,
A002856,個人,上班族,2024-11-06,0,0,,,0,,
A002857,個人,上班族,2013-10-05,0,0,,,0,,
A002858,個人,上班族,2010-08-22,0,0,,,0,,
A002859,個人,上班族,2008-08-17,0,0,,,0,,
A002860,個人,上班族,2011-04-07,0,0,,,0,,
A002861,個人,上班族,2024-01-20,0,0,,,0,,
A002862,個人,上班族,2024-02-12,0,0,,,0,,
A002863,個人,上班族,2026-01-07,0,0,,,0,,
A002864,個人,上班族,2018-07-19,0,0,,,0,,
A002865,個人,上班族,2020-09-26,0,0,,,0,,
A002866,個人,上班族,2006-10-28,0,0,,,0,,
A002867,個人,上班族,2021-11-21,0,0,,,0,,
A002868,個人,上班族,2019-09-21,0,0,,,0,,
A002869,個人,上班族,2010-09-20,0,0,,,0,,
A002870,個人,上班族,2011-08-05,0,0,,,0,,
A002871,個人,上班族,2013-07-25,0,0,,,0,,
A002872,個人,上班族,2020-10-25,0,0,,,0,,
A002873,個人,上班族,2014-12-09,0,0,,,0,,
A002874,個人,上班族,2016-11-15,0,0,,,0,,
A002875,個人,上班族,2007-10-10,0,0,,,0,,
A002876,個人,上班族,2012-06-02,0,0,,,0,,
A002877,個人,上班族,2006-06-23,0,0,,,0,,
A002878,個人,上班族,2011-03-05,0,0,,,0,,
A002879,個人,上班族,2017-03-15,0,0,,,0,,
A002880,個人,上班族,2021-05-21,0,0,,,0,,
A002881,個人,上班族,2018-07-08,0,0,,,0,,
A002882,個人,上班族,2011-06-14,0,0,,,0,,
A002883,個人,上班族,2015-02-24,0,0,,,0,,
A002884,個人,上班族,2026-02-12,0,0,,,0,,
A002885,個人,上班族,2026-01-07,0,0,,,0,,
A002886,個人,上班族,2012-07-28,0,0,,,0,,
A002887,個人,上班族,2012-05-13,0,0,,,0,,
A002888,個人,上班族,2017-09-03,0,0,,,0,,
A002889,個人,上班族,2007-04-04,0,0,,,0,,
A002890,個人,上班族,2026-01-12,0,0,,,0,,
A002891,個人,上班族,2024-04-20,0,0,,,0,,
A002892,個人,上班族,2019-10-02,0,0,,,0,,
A002893,個人,上班族,2008-10-19,0,0,,,0,,
A002894,個人,上班族,2011-03-14,0,0,,,0,,
A002895,個人,上班族,2009-02-28,0,0,,,0,,
A002896,個人,上班族,2020-10-01,0,0,,,0,,
A002897,個人,上班族,2008-01-13,0,0,,,0,,
A002898,個人,上班族,2017-02-27,0,0,,,0,,
A002899,個人,上班族,2011-10-29,0,0,,,0,,
A002900,個人,上班族,2024-09-24,0,0,,,0,,
A002901,個人,上班族,2008-05-06,0,0,,,0,,
A002902,個人,上班族,2019-11-04,0,0,,,0,,
A002903,個人,上班族,2009-11-26,0,0,,,0,,
A002904,個人,上班族,2021-08-04,0,0,,,0,,
A002905,個人,上班族,2006-04-19,0,0,,,0,,
A002906,個人,上班族,2022-11-07,0,0,,,0,,
A002907,個人,上班族,2024-05-29,0,0,,,0,,
A002908,個人,上班族,2016-07-22,0,0,,,0,,
A002909,個人,上班族,2014-10-13,0,0,,,0,,
A002910,個人,上班族,2007-10-30,0,0,,,0,,
A002911,個人,上班族,2021-07-11,0,0,,,0,,
A002912,個人,上班族,2018-12-26,0,0,,,0,,
A002913,個人,上班族,2023-05-30,0,0,,,0,,
A002914,個人,上班族,2026-04-16,0,0,,,0,,
A002915,個人,上班族,2007-09-10,0,0,,,0,,
A002916,個人,上班族,2024-02-04,0,0,,,0,,
A002917,個人,上班族,2021-12-22,0,0,,,0,,
A002918,個人,上班族,2013-09-24,0,0,,,0,,
A002919,個人,上班族,2016-01-21,0,0,,,0,,
A002920,個人,上班族,2007-03-31,0,0,,,0,,
A002921,個人,上班族,2014-02-19,0,0,,,0,,
A002922,個人,上班族,2018-11-19,0,0,,,0,,
A002923,個人,上班族,2020-01-27,0,0,,,0,,
A002924,個人,上班族,2016-01-15,0,0,,,0,,
A002925,個人,上班族,2020-07-23,0,0,,,0,,
A002926,個人,上班族,2009-06-05,0,0,,,0,,
A002927,個人,上班族,2018-08-17,0,0,,,0,,
A002928,個人,上班族,2021-07-07,0,0,,,0,,
A002929,個人,上班族,2026-02-24,0,0,,,0,,
A002930,個人,上班族,2015-04-05,0,0,,,0,,
A002931,個人,上班族,2024-06-25,0,0,,,0,,
A002932,個人,上班族,2013-12-21,0,0,,,0,,
A002933,個人,上班族,2016-12-03,0,0,,,0,,
A002934,個人,上班族,2009-06-15,0,0,,,0,,
A002935,個人,上班族,2021-04-23,0,0,,,0,,
A002936,個人,上班族,2015-11-17,0,0,,,0,,
A002937,個人,上班族,2009-06-26,0,0,,,0,,
A002938,個人,上班族,2019-11-27,0,0,,,0,,
A002939,個人,上班族,2019-01-11,0,0,,,0,,
A002940,個人,上班族,2006-07-25,0,0,,,0,,
A002941,個人,上班族,2016-11-05,0,0,,,0,,
A002942,個人,上班族,2026-04-09,0,0,,,0,,
A002943,個人,上班族,2018-09-27,0,0,,,0,,
A002944,個人,上班族,2020-04-12,0,0,,,0,,
A002945,個人,上班族,2015-10-10,0,0,,,0,,
A002946,個人,上班族,2017-04-03,0,0,,,0,,
A002947,個人,上班族,2022-05-11,0,0,,,0,,
A002948,個人,上班族,2012-01-04,0,0,,,0,,
A002949,個人,上班族,2018-10-28,0,0,,,0,,
A002950,個人,上班族,2009-04-05,0,0,,,0,,
A002951,個人,上班族,2018-11-14,0,0,,,0,,
A002952,個人,上班族,2008-02-02,0,0,,,0,,
A002953,個人,上班族,2026-01-21,0,0,,,0,,
A002954,個人,上班族,2014-06-01,0,0,,,0,,
A002955,個人,上班族,2022-01-30,0,0,,,0,,
A002956,個人,上班族,2012-05-15,0,0,,,0,,
A002957,個人,上班族,2021-03-16,0,0,,,0,,
A002958,個人,上班族,2023-06-30,0,0,,,0,,
A002959,個人,上班族,2020-02-04,0,0,,,0,,
A002960,個人,上班族,2013-01-14,0,0,,,0,,
A002961,個人,上班族,2008-12-25,0,0,,,0,,
A002962,個人,上班族,2019-07-21,0,0,,,0,,
A002963,個人,上班族,2016-03-14,0,0,,,0,,
A002964,個人,上班族,2015-07-05,0,0,,,0,,
A002965,個人,上班族,2024-09-27,0,0,,,0,,
A002966,個人,上班族,2024-10-07,0,0,,,0,,
A002967,個人,上班族,2013-05-20,0,0,,,0,,
A002968,個人,上班族,2020-02-05,0,0,,,0,,
A002969,個人,上班族,2015-06-23,0,0,,,0,,
A002970,個人,上班族,2017-07-29,0,0,,,0,,
A002971,個人,上班族,2017-03-05,0,0,,,0,,
A002972,個人,上班族,2021-08-19,0,0,,,0,,
A002973,個人,上班族,2018-07-20,0,0,,,0,,
A002974,個人,上班族,2023-09-23,0,0,,,0,,
A002975,個人,上班族,2017-03-10,0,0,,,0,,
A002976,個人,上班族,2010-06-03,0,0,,,0,,
A002977,個人,上班族,2021-06-10,0,0,,,0,,
A002978,個人,上班族,2011-09-07,0,0,,,0,,
A002979,個人,上班族,2023-11-19,0,0,,,0,,
A002980,個人,上班族,2024-09-01,0,0,,,0,,
A002981,個人,上班族,2018-02-07,0,0,,,0,,
A002982,個人,上班族,2016-11-19,0,0,,,0,,
A002983,個人,上班族,2006-09-10,0,0,,,0,,
A002984,個人,上班族,2016-06-29,0,0,,,0,,
A002985,個人,上班族,2016-05-08,0,0,,,0,,
A002986,個人,上班族,2021-11-06,0,0,,,0,,
A002987,個人,上班族,2012-05-15,0,0,,,0,,
A002988,個人,上班族,2021-10-08,0,0,,,0,,
A002989,個人,上班族,2021-09-29,0,0,,,0,,
A002990,個人,上班族,2013-04-24,0,0,,,0,,
A002991,個人,上班族,2014-06-08,0,0,,,0,,
A002992,個人,上班族,2010-02-14,0,0,,,0,,
A002993,個人,上班族,2017-04-21,0,0,,,0,,
A002994,個人,上班族,2007-02-21,0,0,,,0,,
A002995,個人,上班族,2016-09-19,0,0,,,0,,
A002996,個人,上班族,2023-02-03,0,0,,,0,,
A002997,個人,上班族,2013-09-01,0,0,,,0,,
A002998,個人,上班族,2013-04-18,0,0,,,0,,
A002999,個人,上班族,2013-11-06,0,0,,,0,,
A003000,個人,上班族,2015-01-10,0,0,,,0,,
A003001,個人,上班族,2026-03-13,0,0,,,0,,
A003002,個人,上班族,2010-11-25,0,0,,,0,,
A003003,個人,上班族,2006-05-15,0,0,,,0,,
A003004,個人,上班族,2020-11-06,0,0,,,0,,
A003005,個人,上班族,2016-02-28,0,0,,,0,,
A003006,個人,上班族,2007-09-04,0,0,,,0,,
A003007,個人,上班族,2018-08-14,0,0,,,0,,
A003008,個人,上班族,2023-12-22,0,0,,,0,,
A003009,個人,上班族,2019-03-05,0,0,,,0,,
A003010,個人,上班族,2021-09-27,0,0,,,0,,
A003011,個人,上班族,2006-07-11,0,0,,,0,,
A003012,個人,上班族,2006-03-09,0,0,,,0,,
A003013,個人,上班族,2023-07-15,0,0,,,0,,
A003014,個人,上班族,2020-05-24,0,0,,,0,,
A003015,個人,上班族,2010-07-31,0,0,,,0,,
A003016,個人,上班族,2008-09-03,0,0,,,0,,
A003017,個人,上班族,2024-04-08,0,0,,,0,,
A003018,個人,上班族,2014-07-12,0,0,,,0,,
A003019,個人,上班族,2024-12-24,0,0,,,0,,
A003020,個人,上班族,2019-11-11,0,0,,,0,,
A003021,個人,上班族,2009-04-04,0,0,,,0,,
A003022,個人,上班族,2013-06-08,0,0,,,0,,
A003023,個人,上班族,2012-01-30,0,0,,,0,,
A003024,個人,上班族,2020-03-12,0,0,,,0,,
A003025,個人,上班族,2012-07-25,0,0,,,0,,
A003026,個人,上班族,2023-07-26,0,0,,,0,,
A003027,個人,上班族,2018-12-10,0,0,,,0,,
A003028,個人,上班族,2014-09-09,0,0,,,0,,
A003029,個人,上班族,2008-05-03,0,0,,,0,,
A003030,個人,上班族,2024-03-09,0,0,,,0,,
A003031,個人,上班族,2018-01-31,0,0,,,0,,
A003032,個人,上班族,2019-01-15,0,0,,,0,,
A003033,個人,上班族,2018-06-22,0,0,,,0,,
A003034,個人,上班族,2009-09-02,0,0,,,0,,
A003035,個人,上班族,2010-01-05,0,0,,,0,,
A003036,個人,上班族,2023-10-07,0,0,,,0,,
A003037,個人,上班族,2009-07-15,0,0,,,0,,
A003038,個人,上班族,2022-11-18,0,0,,,0,,
A003039,個人,上班族,2023-06-27,0,0,,,0,,
A003040,個人,上班族,2015-07-29,0,0,,,0,,
A003041,個人,上班族,2016-05-22,0,0,,,0,,
A003042,個人,上班族,2010-11-05,0,0,,,0,,
A003043,個人,上班族,2009-02-15,0,0,,,0,,
A003044,個人,上班族,2011-08-31,0,0,,,0,,
A003045,個人,上班族,2018-10-13,0,0,,,0,,
A003046,個人,上班族,2021-07-26,0,0,,,0,,
A003047,個人,上班族,2017-09-11,0,0,,,0,,
A003048,個人,上班族,2018-07-31,0,0,,,0,,
A003049,個人,上班族,2016-12-12,0,0,,,0,,
A003050,個人,上班族,2009-09-20,0,0,,,0,,
A003051,個人,上班族,2009-05-13,0,0,,,0,,
A003052,個人,上班族,2018-07-31,0,0,,,0,,
A003053,個人,上班族,2019-12-26,0,0,,,0,,
A003054,個人,上班族,2023-07-13,0,0,,,0,,
A003055,個人,上班族,2017-06-15,0,0,,,0,,
A003056,個人,上班族,2018-09-07,0,0,,,0,,
A003057,個人,上班族,2012-09-25,0,0,,,0,,
A003058,個人,上班族,2006-01-15,0,0,,,0,,
A003059,個人,上班族,2024-10-02,0,0,,,0,,
A003060,個人,上班族,2008-02-13,0,0,,,0,,
A003061,個人,上班族,2010-04-17,724,0,,,0,,
A003062,個人,上班族,2009-01-04,0,0,,,0,,
A003063,個人,上班族,2011-01-11,0,0,,,0,,
A003064,個人,上班族,2006-08-24,0,0,,,0,,
A003065,個人,上班族,2009-06-02,0,0,,,0,,
A003066,個人,上班族,2021-11-23,0,0,,,0,,
A003067,個人,上班族,2009-07-23,0,0,,,0,,
A003068,個人,上班族,2015-12-12,0,0,,,0,,
A003069,個人,上班族,2019-01-03,0,0,,,0,,
A003070,個人,上班族,2007-06-08,0,0,,,0,,
A003071,個人,上班族,2020-09-20,0,0,,,0,,
A003072,個人,上班族,2024-01-04,0,0,,,0,,
A003073,個人,上班族,2021-03-18,0,0,,,0,,
A003074,個人,上班族,2024-04-15,0,0,,,0,,
A003075,個人,上班族,2017-09-06,0,0,,,0,,
A003076,個人,上班族,2019-09-02,0,0,,,0,,
A003077,個人,上班族,2008-08-23,0,0,,,0,,
A003078,個人,上班族,2026-05-16,0,0,,,0,,
A003079,個人,上班族,2007-07-15,0,0,,,0,,
A003080,個人,上班族,2017-02-11,0,0,,,0,,
A003081,個人,上班族,2012-12-28,0,0,,,0,,
A003082,個人,上班族,2017-02-19,0,0,,,0,,
A003083,個人,上班族,2008-12-10,0,0,,,0,,
A003084,個人,上班族,2011-06-21,0,0,,,0,,
A003085,個人,上班族,2006-01-13,0,0,,,0,,
A003086,個人,上班族,2016-05-20,0,0,,,0,,
A003087,個人,上班族,2019-07-27,0,0,,,0,,
A003088,個人,上班族,2022-12-23,0,0,,,0,,
A003089,個人,上班族,2015-02-12,0,0,,,0,,
A003090,個人,上班族,2010-12-09,0,0,,,0,,
A003091,個人,上班族,2016-01-08,0,0,,,0,,
A003092,個人,上班族,2016-07-12,0,0,,,0,,
A003093,個人,上班族,2019-07-07,0,0,,,0,,
A003094,個人,上班族,2021-04-06,0,0,,,0,,
A003095,個人,上班族,2021-06-16,0,0,,,0,,
A003096,個人,上班族,2020-03-28,0,0,,,0,,
A003097,個人,上班族,2026-03-26,0,0,,,0,,
A003098,個人,上班族,2021-05-11,0,0,,,0,,
A003099,個人,上班族,2021-06-20,0,0,,,0,,
A003100,個人,上班族,2026-04-25,0,0,,,0,,
A003101,個人,上班族,2023-05-31,0,0,,,0,,
A003102,個人,上班族,2020-02-24,0,0,,,0,,
A003103,個人,上班族,2007-09-06,0,0,,,0,,
A003104,個人,上班族,2009-06-23,0,0,,,0,,
A003105,個人,上班族,2008-04-02,0,0,,,0,,
A003106,個人,上班族,2006-07-03,0,0,,,0,,
A003107,個人,上班族,2007-05-19,0,0,,,0,,
A003108,個人,上班族,2008-03-27,0,0,,,0,,
A003109,個人,上班族,2021-07-01,0,0,,,0,,
A003110,個人,上班族,2018-02-12,0,0,,,0,,
A003111,個人,上班族,2024-02-19,0,0,,,0,,
A003112,個人,上班族,2009-06-01,0,0,,,0,,
A003113,個人,上班族,2016-06-12,0,0,,,0,,
A003114,個人,上班族,2015-05-13,0,0,,,0,,
A003115,個人,上班族,2019-06-25,0,0,,,0,,
A003116,個人,上班族,2019-03-22,0,0,,,0,,
A003117,個人,上班族,2006-07-02,0,0,,,0,,
A003118,個人,上班族,2024-10-16,0,0,,,0,,
A003119,個人,上班族,2013-07-20,0,0,,,0,,
A003120,個人,上班族,2012-08-23,0,0,,,0,,
A003121,個人,上班族,2017-11-14,0,0,,,0,,
A003122,個人,上班族,2026-03-02,0,0,,,0,,
A003123,個人,上班族,2010-07-27,0,0,,,0,,
A003124,個人,上班族,2020-09-10,0,0,,,0,,
A003125,個人,上班族,2015-09-27,0,0,,,0,,
A003126,個人,上班族,2020-04-28,0,0,,,0,,
A003127,個人,上班族,2006-03-04,0,0,,,0,,
A003128,個人,上班族,2026-02-22,0,0,,,0,,
A003129,個人,上班族,2010-01-23,0,0,,,0,,
A003130,個人,上班族,2007-04-06,0,0,,,0,,
A003131,個人,上班族,2017-08-31,0,0,,,0,,
A003132,個人,上班族,2021-03-13,0,0,,,0,,
A003133,個人,上班族,2017-08-14,0,0,,,0,,
A003134,個人,上班族,2013-09-15,0,0,,,0,,
A003135,個人,上班族,2010-12-20,0,0,,,0,,
A003136,個人,上班族,2015-09-29,0,0,,,0,,
A003137,個人,上班族,2006-06-25,0,0,,,0,,
A003138,個人,上班族,2020-01-20,0,0,,,0,,
A003139,個人,上班族,2008-01-21,0,0,,,0,,
A003140,個人,上班族,2012-09-18,0,0,,,0,,
A003141,個人,上班族,2020-09-22,0,0,,,0,,
A003142,個人,上班族,2020-07-18,0,0,,,0,,
A003143,個人,上班族,2009-08-02,0,0,,,0,,
A003144,個人,上班族,2013-01-23,0,0,,,0,,
A003145,個人,上班族,2010-05-28,0,0,,,0,,
A003146,個人,上班族,2014-06-03,0,0,,,0,,
A003147,個人,上班族,2006-04-01,0,0,,,0,,
A003148,個人,上班族,2020-03-29,0,0,,,0,,
A003149,個人,上班族,2026-05-20,0,0,,,0,,
A003150,個人,上班族,2010-11-30,0,0,,,0,,
A003151,個人,上班族,2026-02-02,0,0,,,0,,
A003152,個人,上班族,2019-07-18,0,0,,,0,,
A003153,個人,上班族,2009-02-26,0,0,,,0,,
A003154,個人,上班族,2014-07-27,0,0,,,0,,
A003155,個人,上班族,2012-02-21,0,0,,,0,,
A003156,個人,上班族,2017-05-04,0,0,,,0,,
A003157,個人,上班族,2014-02-18,0,0,,,0,,
A003158,個人,上班族,2010-05-29,0,0,,,0,,
A003159,個人,上班族,2010-06-09,0,0,,,0,,
A003160,個人,上班族,2016-03-15,0,0,,,0,,
A003161,個人,上班族,2019-03-10,0,0,,,0,,
A003162,個人,上班族,2015-08-14,0,0,,,0,,
A003163,個人,上班族,2009-12-26,0,0,,,0,,
A003164,個人,上班族,2006-01-06,0,0,,,0,,
A003165,個人,上班族,2014-11-27,0,0,,,0,,
A003166,個人,上班族,2018-10-25,0,0,,,0,,
A003167,個人,上班族,2014-08-20,0,0,,,0,,
A003168,個人,上班族,2010-02-13,0,0,,,0,,
A003169,個人,上班族,2024-03-30,0,0,,,0,,
A003170,個人,上班族,2014-03-12,0,0,,,0,,
A003171,個人,上班族,2012-12-25,0,0,,,0,,
A003172,個人,上班族,2006-10-09,0,0,,,0,,
A003173,個人,上班族,2023-08-04,0,0,,,0,,
A003174,個人,上班族,2010-02-17,0,0,,,0,,
A003175,個人,上班族,2007-07-03,0,0,,,0,,
A003176,個人,上班族,2022-11-26,0,0,,,0,,
A003177,個人,上班族,2020-09-06,0,0,,,0,,
A003178,個人,上班族,2013-05-08,0,0,,,0,,
A003179,個人,上班族,2018-05-16,0,0,,,0,,
A003180,個人,上班族,2007-01-01,0,0,,,0,,
A003181,個人,上班族,2024-04-09,0,0,,,0,,
A003182,個人,上班族,2011-08-15,0,0,,,0,,
A003183,個人,上班族,2020-05-20,0,0,,,0,,
A003184,個人,上班族,2009-07-14,0,0,,,0,,
A003185,個人,上班族,2021-05-05,0,0,,,0,,
A003186,個人,上班族,2023-03-17,0,0,,,0,,
A003187,個人,上班族,2016-10-05,0,0,,,0,,
A003188,個人,上班族,2020-04-05,0,0,,,0,,
A003189,個人,上班族,2015-12-22,0,0,,,0,,
A003190,個人,上班族,2009-02-27,0,0,,,0,,
A003191,個人,上班族,2010-10-12,0,0,,,0,,
A003192,個人,上班族,2007-10-06,0,0,,,0,,
A003193,個人,上班族,2014-09-16,0,0,,,0,,
A003194,個人,上班族,2011-04-28,0,0,,,0,,
A003195,個人,上班族,2020-07-20,0,0,,,0,,
A003196,個人,上班族,2011-11-19,0,0,,,0,,
A003197,個人,上班族,2006-10-20,0,0,,,0,,
A003198,個人,上班族,2014-09-21,0,0,,,0,,
A003199,個人,上班族,2020-09-16,0,0,,,0,,
A003200,個人,上班族,2011-09-21,0,0,,,0,,
A003201,個人,上班族,2014-03-18,0,0,,,0,,
A003202,個人,上班族,2018-05-11,0,0,,,0,,
A003203,個人,上班族,2006-03-07,0,0,,,0,,
A003204,個人,上班族,2008-08-17,0,0,,,0,,
A003205,個人,上班族,2007-06-06,0,0,,,0,,
A003206,個人,上班族,2014-05-18,0,0,,,0,,
A003207,個人,上班族,2013-09-29,0,0,,,0,,
A003208,個人,上班族,2008-03-14,0,0,,,0,,
A003209,個人,上班族,2023-02-16,0,0,,,0,,
A003210,個人,上班族,2015-04-15,0,0,,,0,,
A003211,個人,上班族,2012-03-03,0,0,,,0,,
A003212,個人,上班族,2015-08-11,0,0,,,0,,
A003213,個人,上班族,2021-06-26,0,0,,,0,,
A003214,個人,上班族,2006-05-11,0,0,,,0,,
A003215,個人,上班族,2016-06-26,0,0,,,0,,
A003216,個人,上班族,2022-11-29,0,0,,,0,,
A003217,個人,上班族,2007-08-16,0,0,,,0,,
A003218,個人,上班族,2015-01-30,0,0,,,0,,
A003219,個人,上班族,2012-03-22,0,0,,,0,,
A003220,個人,上班族,2023-09-18,0,0,,,0,,
A003221,個人,上班族,2008-11-23,0,0,,,0,,
A003222,個人,上班族,2018-08-12,0,0,,,0,,
A003223,個人,上班族,2019-03-21,0,0,,,0,,
A003224,個人,上班族,2019-03-10,0,0,,,0,,
A003225,個人,上班族,2020-09-04,0,0,,,0,,
A003226,個人,上班族,2026-04-07,0,0,,,0,,
A003227,個人,上班族,2008-04-17,0,0,,,0,,
A003228,個人,上班族,2012-01-24,0,0,,,0,,
A003229,個人,上班族,2024-09-06,0,0,,,0,,
A003230,個人,上班族,2017-11-11,0,0,,,0,,
A003231,個人,上班族,2019-11-03,0,0,,,0,,
A003232,個人,上班族,2024-12-18,0,0,,,0,,
A003233,個人,上班族,2016-10-16,0,0,,,0,,
A003234,個人,上班族,2020-08-03,0,0,,,0,,
A003235,個人,上班族,2026-01-08,0,0,,,0,,
A003236,個人,上班族,2011-01-11,0,0,,,0,,
A003237,個人,上班族,2008-12-02,0,0,,,0,,
A003238,個人,上班族,2016-02-06,0,0,,,0,,
A003239,個人,上班族,2026-01-10,0,0,,,0,,
A003240,個人,上班族,2024-10-16,0,0,,,0,,
A003241,個人,上班族,2023-02-06,0,0,,,0,,
A003242,個人,上班族,2009-12-10,0,0,,,0,,
A003243,個人,上班族,2011-02-25,0,0,,,0,,
A003244,個人,上班族,2017-02-22,0,0,,,0,,
A003245,個人,上班族,2014-01-02,0,0,,,0,,
A003246,個人,上班族,2021-03-28,0,0,,,0,,
A003247,個人,上班族,2011-04-28,0,0,,,0,,
A003248,個人,上班族,2024-03-29,0,0,,,0,,
A003249,個人,上班族,2009-01-12,0,0,,,0,,
A003250,個人,上班族,2011-07-10,0,0,,,0,,
A003251,個人,上班族,2020-08-03,0,0,,,0,,
A003252,個人,上班族,2007-06-28,0,0,,,0,,
A003253,個人,上班族,2017-09-04,0,0,,,0,,
A003254,個人,上班族,2011-11-04,0,0,,,0,,
A003255,個人,上班族,2006-03-20,0,0,,,0,,
A003256,個人,上班族,2020-05-22,0,0,,,0,,
A003257,個人,上班族,2008-10-03,0,0,,,0,,
A003258,個人,上班族,2018-03-19,0,0,,,0,,
A003259,個人,上班族,2012-10-01,0,0,,,0,,
A003260,個人,上班族,2013-10-20,0,0,,,0,,
A003261,個人,上班族,2016-10-13,0,0,,,0,,
A003262,個人,上班族,2007-01-17,0,0,,,0,,
A003263,個人,上班族,2010-12-16,0,0,,,0,,
A003264,個人,上班族,2018-02-16,0,0,,,0,,
A003265,個人,上班族,2013-08-28,0,0,,,0,,
A003266,個人,上班族,2020-08-24,0,0,,,0,,
A003267,個人,上班族,2009-01-27,0,0,,,0,,
A003268,個人,上班族,2022-08-03,0,0,,,0,,
A003269,個人,上班族,2007-06-15,0,0,,,0,,
A003270,個人,上班族,2007-02-15,0,0,,,0,,
A003271,個人,上班族,2009-06-17,0,0,,,0,,
A003272,個人,上班族,2026-03-02,0,0,,,0,,
A003273,個人,上班族,2016-02-20,0,0,,,0,,
A003274,個人,上班族,2022-06-23,0,0,,,0,,
A003275,個人,上班族,2015-06-04,0,0,,,0,,
A003276,個人,上班族,2007-10-02,0,0,,,0,,
A003277,個人,上班族,2026-01-22,0,0,,,0,,
A003278,個人,上班族,2007-07-28,0,0,,,0,,
A003279,個人,上班族,2022-09-28,0,0,,,0,,
A003280,個人,上班族,2009-12-22,0,0,,,0,,
A003281,個人,上班族,2015-08-08,0,0,,,0,,
A003282,個人,上班族,2026-04-05,0,0,,,0,,
A003283,個人,上班族,2013-03-04,0,0,,,0,,
A003284,個人,上班族,2026-04-19,0,0,,,0,,
A003285,個人,上班族,2009-09-30,0,0,,,0,,
A003286,個人,上班族,2012-03-31,0,0,,,0,,
A003287,個人,上班族,2019-11-24,0,0,,,0,,
A003288,個人,上班族,2018-02-19,0,0,,,0,,
A003289,個人,上班族,2020-06-07,0,0,,,0,,
A003290,個人,上班族,2017-01-07,0,0,,,0,,
A003291,個人,上班族,2019-01-17,0,0,,,0,,
A003292,個人,上班族,2012-10-04,0,0,,,0,,
A003293,個人,上班族,2014-08-07,0,0,,,0,,
A003294,個人,上班族,2018-08-10,0,0,,,0,,
A003295,個人,上班族,2010-12-04,0,0,,,0,,
A003296,個人,上班族,2017-09-01,0,0,,,0,,
A003297,個人,上班族,2013-06-28,0,0,,,0,,
A003298,個人,上班族,2009-03-31,0,0,,,0,,
A003299,個人,上班族,2016-11-18,0,0,,,0,,
A003300,個人,上班族,2018-05-05,0,0,,,0,,
A003301,個人,上班族,2009-08-23,0,0,,,0,,
A003302,個人,上班族,2006-12-16,0,0,,,0,,
A003303,個人,上班族,2020-11-18,0,0,,,0,,
A003304,個人,上班族,2011-05-18,0,0,,,0,,
A003305,個人,上班族,2007-10-07,0,0,,,0,,
A003306,個人,上班族,2008-04-21,0,0,,,0,,
A003307,個人,上班族,2021-07-06,0,0,,,0,,
A003308,個人,上班族,2023-09-19,0,0,,,0,,
A003309,個人,上班族,2009-07-23,0,0,,,0,,
A003310,個人,上班族,2020-04-24,0,0,,,0,,
A003311,個人,上班族,2006-09-26,0,0,,,0,,
A003312,個人,上班族,2008-11-14,0,0,,,0,,
A003313,個人,上班族,2024-09-17,0,0,,,0,,
A003314,個人,上班族,2006-03-14,0,0,,,0,,
A003315,個人,上班族,2013-02-09,0,0,,,0,,
A003316,個人,上班族,2015-04-18,0,0,,,0,,
A003317,個人,上班族,2026-05-20,0,0,,,0,,
A003318,個人,上班族,2007-07-29,0,0,,,0,,
A003319,個人,上班族,2007-05-22,0,0,,,0,,
A003320,個人,上班族,2018-11-04,0,0,,,0,,
A003321,個人,上班族,2010-04-01,0,0,,,0,,
A003322,個人,上班族,2008-10-19,0,0,,,0,,
A003323,個人,上班族,2015-05-22,0,0,,,0,,
A003324,個人,上班族,2014-11-06,0,0,,,0,,
A003325,個人,上班族,2024-08-30,0,0,,,0,,
A003326,個人,上班族,2011-11-22,0,0,,,0,,
A003327,個人,上班族,2019-11-21,0,0,,,0,,
A003328,個人,上班族,2016-11-16,0,0,,,0,,
A003329,個人,上班族,2015-05-25,0,0,,,0,,
A003330,個人,上班族,2019-01-16,0,0,,,0,,
A003331,個人,上班族,2014-01-12,0,0,,,0,,
A003332,個人,上班族,2006-08-19,0,0,,,0,,
A003333,個人,上班族,2010-03-20,0,0,,,0,,
A003334,個人,上班族,2008-01-01,0,0,,,0,,
A003335,個人,上班族,2007-03-28,0,0,,,0,,
A003336,個人,上班族,2013-03-01,0,0,,,0,,
A003337,個人,上班族,2006-02-12,0,0,,,0,,
A003338,個人,上班族,2015-04-05,0,0,,,0,,
A003339,個人,上班族,2026-04-28,0,0,,,0,,
A003340,個人,上班族,2008-01-09,0,0,,,0,,
A003341,個人,上班族,2008-07-16,0,0,,,0,,
A003342,個人,上班族,2011-08-13,0,0,,,0,,
A003343,個人,上班族,2015-12-09,0,0,,,0,,
A003344,個人,上班族,2015-10-22,0,0,,,0,,
A003345,個人,上班族,2026-01-12,0,0,,,0,,
A003346,個人,上班族,2006-07-19,0,0,,,0,,
A003347,個人,上班族,2009-05-15,0,0,,,0,,
A003348,個人,上班族,2026-01-18,0,0,,,0,,
A003349,個人,上班族,2010-06-30,0,0,,,0,,
A003350,個人,上班族,2011-02-13,0,0,,,0,,
A003351,個人,上班族,2010-05-20,0,0,,,0,,
A003352,個人,上班族,2007-05-31,0,0,,,0,,
A003353,個人,上班族,2006-10-01,0,0,,,0,,
A003354,個人,上班族,2014-12-22,0,0,,,0,,
A003355,個人,上班族,2014-11-04,0,0,,,0,,
A003356,個人,上班族,2023-07-14,0,0,,,0,,
A003357,個人,上班族,2014-05-26,0,0,,,0,,
A003358,個人,上班族,2021-06-05,0,0,,,0,,
A003359,個人,上班族,2017-08-14,0,0,,,0,,
A003360,個人,上班族,2024-05-25,0,0,,,0,,
A003361,個人,上班族,2019-09-12,0,0,,,0,,
A003362,個人,上班族,2020-07-28,0,0,,,0,,
A003363,個人,上班族,2022-10-28,0,0,,,0,,
A003364,個人,上班族,2009-11-11,0,0,,,0,,
A003365,個人,上班族,2026-04-19,0,0,,,0,,
A003366,個人,上班族,2019-06-21,0,0,,,0,,
A003367,個人,上班族,2024-09-02,0,0,,,0,,
A003368,個人,上班族,2018-02-19,0,0,,,0,,
A003369,個人,上班族,2018-08-20,0,0,,,0,,
A003370,個人,上班族,2014-01-19,0,0,,,0,,
A003371,個人,上班族,2015-01-20,0,0,,,0,,
A003372,個人,上班族,2024-03-17,0,0,,,0,,
A003373,個人,上班族,2019-03-31,0,0,,,0,,
A003374,個人,上班族,2024-12-09,0,0,,,0,,
A003375,個人,上班族,2013-07-30,0,0,,,0,,
A003376,個人,上班族,2012-06-07,0,0,,,0,,
A003377,個人,上班族,2008-06-05,0,0,,,0,,
A003378,個人,上班族,2024-03-03,0,0,,,0,,
A003379,個人,上班族,2021-05-13,0,0,,,0,,
A003380,個人,上班族,2022-07-05,0,0,,,0,,
A003381,個人,上班族,2026-01-02,0,0,,,0,,
A003382,個人,上班族,2015-10-23,0,0,,,0,,
A003383,個人,上班族,2020-09-11,0,0,,,0,,
A003384,個人,上班族,2012-03-26,0,0,,,0,,
A003385,個人,上班族,2023-06-24,0,0,,,0,,
A003386,個人,上班族,2021-03-31,0,0,,,0,,
A003387,個人,上班族,2007-09-10,0,0,,,0,,
A003388,個人,上班族,2019-05-31,0,0,,,0,,
A003389,個人,上班族,2018-06-04,0,0,,,0,,
A003390,個人,上班族,2019-11-13,0,0,,,0,,
A003391,個人,上班族,2024-05-07,0,0,,,0,,
A003392,個人,上班族,2012-01-21,0,0,,,0,,
A003393,個人,上班族,2021-07-27,0,0,,,0,,
A003394,個人,上班族,2022-06-09,0,0,,,0,,
A003395,個人,上班族,2020-04-07,0,0,,,0,,
A003396,個人,上班族,2016-03-02,0,0,,,0,,
A003397,個人,上班族,2008-03-26,0,0,,,0,,
A003398,個人,上班族,2014-10-10,0,0,,,0,,
A003399,個人,上班族,2024-01-20,0,0,,,0,,
A003400,個人,上班族,2018-04-13,0,0,,,0,,
A003401,個人,上班族,2026-04-18,0,0,,,0,,
A003402,個人,上班族,2023-08-08,0,0,,,0,,
A003403,個人,上班族,2018-08-13,0,0,,,0,,
A003404,個人,上班族,2017-10-13,0,0,,,0,,
A003405,個人,上班族,2022-10-24,0,0,,,0,,
A003406,個人,上班族,2021-10-23,0,0,,,0,,
A003407,個人,上班族,2009-01-04,0,0,,,0,,
A003408,個人,上班族,2026-03-23,0,0,,,0,,
A003409,個人,上班族,2014-09-14,0,0,,,0,,
A003410,個人,上班族,2026-05-02,0,0,,,0,,
A003411,個人,上班族,2009-04-15,0,0,,,0,,
A003412,個人,上班族,2020-05-18,0,0,,,0,,
A003413,個人,上班族,2022-03-02,0,0,,,0,,
A003414,個人,上班族,2014-11-13,0,0,,,0,,
A003415,個人,上班族,2014-04-08,0,0,,,0,,
A003416,個人,上班族,2018-05-07,0,0,,,0,,
A003417,個人,上班族,2016-06-01,0,0,,,0,,
A003418,個人,上班族,2007-09-13,0,0,,,0,,
A003419,個人,上班族,2019-07-15,0,0,,,0,,
A003420,個人,上班族,2008-07-24,0,0,,,0,,
A003421,個人,上班族,2015-08-21,0,0,,,0,,
A003422,個人,上班族,2006-09-13,0,0,,,0,,
A003423,個人,上班族,2017-06-21,0,0,,,0,,
A003424,個人,上班族,2007-03-16,0,0,,,0,,
A003425,個人,上班族,2020-09-20,0,0,,,0,,
A003426,個人,上班族,2007-02-17,0,0,,,0,,
A003427,個人,上班族,2013-07-22,0,0,,,0,,
A003428,個人,上班族,2023-11-15,0,0,,,0,,
A003429,個人,上班族,2019-12-12,0,0,,,0,,
A003430,個人,上班族,2008-01-12,0,0,,,0,,
A003431,個人,上班族,2009-09-06,0,0,,,0,,
A003432,個人,上班族,2010-09-10,0,0,,,0,,
A003433,個人,上班族,2015-04-02,0,0,,,0,,
A003434,個人,上班族,2006-10-12,0,0,,,0,,
A003435,個人,上班族,2008-09-04,0,0,,,0,,
A003436,個人,上班族,2018-07-08,0,0,,,0,,
A003437,個人,上班族,2006-07-19,0,0,,,0,,
A003438,個人,上班族,2011-10-09,0,0,,,0,,
A003439,個人,上班族,2023-01-04,0,0,,,0,,
A003440,個人,上班族,2016-11-10,0,0,,,0,,
A003441,個人,上班族,2022-01-02,0,0,,,0,,
A003442,個人,上班族,2026-04-24,0,0,,,0,,
A003443,個人,上班族,2024-06-05,0,0,,,0,,
A003444,個人,上班族,2018-11-14,0,0,,,0,,
A003445,個人,上班族,2009-07-23,0,0,,,0,,
A003446,個人,上班族,2019-02-23,0,0,,,0,,
A003447,個人,上班族,2007-12-15,0,0,,,0,,
A003448,個人,上班族,2017-03-19,0,0,,,0,,
A003449,個人,上班族,2015-05-22,0,0,,,0,,
A003450,個人,上班族,2008-04-20,0,0,,,0,,
A003451,個人,上班族,2010-10-21,0,0,,,0,,
A003452,個人,上班族,2021-05-01,0,0,,,0,,
A003453,個人,上班族,2013-10-23,0,0,,,0,,
A003454,個人,上班族,2026-01-18,0,0,,,0,,
A003455,個人,上班族,2006-06-19,0,0,,,0,,
A003456,個人,上班族,2020-07-11,0,0,,,0,,
A003457,個人,上班族,2008-01-16,0,0,,,0,,
A003458,個人,上班族,2019-05-16,0,0,,,0,,
A003459,個人,上班族,2024-12-18,0,0,,,0,,
A003460,個人,上班族,2007-08-02,0,0,,,0,,
A003461,個人,上班族,2016-11-12,0,0,,,0,,
A003462,個人,上班族,2017-09-13,0,0,,,0,,
A003463,個人,上班族,2023-01-28,0,0,,,0,,
A003464,個人,上班族,2013-05-28,0,0,,,0,,
A003465,個人,上班族,2014-02-18,0,0,,,0,,
A003466,個人,上班族,2014-08-01,0,0,,,0,,
A003467,個人,上班族,2009-10-30,0,0,,,0,,
A003468,個人,上班族,2008-12-29,0,0,,,0,,
A003469,個人,上班族,2020-01-04,0,0,,,0,,
A003470,個人,上班族,2013-02-27,0,0,,,0,,
A003471,個人,上班族,2011-07-02,0,0,,,0,,
A003472,個人,上班族,2022-12-05,0,0,,,0,,
A003473,個人,上班族,2019-08-08,0,0,,,0,,
A003474,個人,上班族,2026-02-09,0,0,,,0,,
A003475,個人,上班族,2009-11-23,0,0,,,0,,
A003476,個人,上班族,2017-01-06,0,0,,,0,,
A003477,個人,上班族,2008-11-02,0,0,,,0,,
A003478,個人,上班族,2010-12-28,0,0,,,0,,
A003479,個人,上班族,2020-01-20,0,0,,,0,,
A003480,個人,上班族,2015-03-14,0,0,,,0,,
A003481,個人,上班族,2016-09-18,0,0,,,0,,
A003482,個人,上班族,2016-05-29,0,0,,,0,,
A003483,個人,上班族,2015-02-14,0,0,,,0,,
A003484,個人,上班族,2010-04-15,0,0,,,0,,
A003485,個人,上班族,2019-08-10,0,0,,,0,,
A003486,個人,上班族,2012-12-11,0,0,,,0,,
A003487,個人,上班族,2009-05-08,0,0,,,0,,
A003488,個人,上班族,2023-08-23,0,0,,,0,,
A003489,個人,上班族,2021-03-24,0,0,,,0,,
A003490,個人,上班族,2017-12-25,0,0,,,0,,
A003491,個人,上班族,2007-10-09,0,0,,,0,,
A003492,個人,上班族,2023-07-07,0,0,,,0,,
A003493,個人,上班族,2006-10-02,0,0,,,0,,
A003494,個人,上班族,2014-10-06,0,0,,,0,,
A003495,個人,上班族,2009-02-04,0,0,,,0,,
A003496,個人,上班族,2023-03-11,0,0,,,0,,
A003497,個人,上班族,2010-12-10,0,0,,,0,,
A003498,個人,上班族,2020-09-16,0,0,,,0,,
A003499,個人,上班族,2014-11-16,0,0,,,0,,
A003500,個人,上班族,2019-01-18,732,0,,,0,,
A003501,個人,上班族,2017-07-11,0,0,,,0,,
A003502,個人,上班族,2015-08-12,0,0,,,0,,
A003503,個人,上班族,2018-04-22,0,0,,,0,,
A003504,個人,上班族,2015-09-07,0,0,,,0,,
A003505,個人,上班族,2024-11-17,0,0,,,0,,
A003506,個人,上班族,2026-01-22,0,0,,,0,,
A003507,個人,上班族,2009-06-07,0,0,,,0,,
A003508,個人,上班族,2021-06-09,0,0,,,0,,
A003509,個人,上班族,2008-08-20,0,0,,,0,,
A003510,個人,上班族,2017-06-13,0,0,,,0,,
A003511,個人,上班族,2010-11-04,0,0,,,0,,
A003512,個人,上班族,2012-01-05,0,0,,,0,,
A003513,個人,上班族,2024-12-23,0,0,,,0,,
A003514,個人,上班族,2008-02-09,0,0,,,0,,
A003515,個人,上班族,2021-02-26,0,0,,,0,,
A003516,個人,上班族,2017-09-12,0,0,,,0,,
A003517,個人,上班族,2011-03-20,0,0,,,0,,
A003518,個人,上班族,2006-01-09,0,0,,,0,,
A003519,個人,上班族,2010-01-18,0,0,,,0,,
A003520,個人,上班族,2024-05-29,0,0,,,0,,
A003521,個人,上班族,2026-03-03,0,0,,,0,,
A003522,個人,上班族,2022-10-29,0,0,,,0,,
A003523,個人,上班族,2010-06-16,0,0,,,0,,
A003524,個人,上班族,2026-03-23,0,0,,,0,,
A003525,個人,上班族,2016-04-08,0,0,,,0,,
A003526,個人,上班族,2021-08-06,0,0,,,0,,
A003527,個人,上班族,2023-08-27,0,0,,,0,,
A003528,個人,上班族,2026-01-14,0,0,,,0,,
A003529,個人,上班族,2026-03-20,0,0,,,0,,
A003530,個人,上班族,2014-03-31,0,0,,,0,,
A003531,個人,上班族,2007-01-21,0,0,,,0,,
A003532,個人,上班族,2010-09-27,0,0,,,0,,
A003533,個人,上班族,2019-11-04,0,0,,,0,,
A003534,個人,上班族,2017-04-17,0,0,,,0,,
A003535,個人,上班族,2020-02-19,0,0,,,0,,
A003536,個人,上班族,2026-05-08,0,0,,,0,,
A003537,個人,上班族,2008-05-21,0,0,,,0,,
A003538,個人,上班族,2012-07-21,0,0,,,0,,
A003539,個人,上班族,2017-07-05,0,0,,,0,,
A003540,個人,上班族,2026-01-24,0,0,,,0,,
A003541,個人,上班族,2012-11-27,1658,0,,,0,,
A003542,個人,上班族,2008-06-25,0,0,,,0,,
A003543,個人,上班族,2014-08-11,0,0,,,0,,
A003544,個人,上班族,2013-01-01,0,0,,,0,,
A003545,個人,上班族,2021-12-08,0,0,,,0,,
A003546,個人,上班族,2023-01-30,0,0,,,0,,
A003547,個人,上班族,2023-07-04,0,0,,,0,,
A003548,個人,上班族,2008-04-05,0,0,,,0,,
A003549,個人,上班族,2008-06-02,0,0,,,0,,
A003550,個人,上班族,2008-11-09,0,0,,,0,,
A003551,個人,上班族,2006-01-17,0,0,,,0,,
A003552,個人,上班族,2010-12-06,0,0,,,0,,
A003553,個人,上班族,2016-08-21,0,0,,,0,,
A003554,個人,上班族,2012-07-24,0,0,,,0,,
A003555,個人,上班族,2012-01-10,0,0,,,0,,
A003556,個人,上班族,2008-01-27,0,0,,,0,,
A003557,個人,上班族,2007-02-28,0,0,,,0,,
A003558,個人,上班族,2013-11-12,0,0,,,0,,
A003559,個人,上班族,2009-02-19,0,0,,,0,,
A003560,個人,上班族,2014-06-03,0,0,,,0,,
A003561,個人,上班族,2026-05-11,0,0,,,0,,
A003562,個人,上班族,2021-10-26,0,0,,,0,,
A003563,個人,上班族,2018-04-20,0,0,,,0,,
A003564,個人,上班族,2013-08-28,0,0,,,0,,
A003565,個人,上班族,2018-10-27,0,0,,,0,,
A003566,個人,上班族,2006-04-04,0,0,,,0,,
A003567,個人,上班族,2007-01-03,0,0,,,0,,
A003568,個人,上班族,2014-07-02,0,0,,,0,,
A003569,個人,上班族,2008-08-16,0,0,,,0,,
A003570,個人,上班族,2018-03-26,0,0,,,0,,
A003571,個人,上班族,2021-10-07,0,0,,,0,,
A003572,個人,上班族,2024-01-08,0,0,,,0,,
A003573,個人,上班族,2019-05-20,0,0,,,0,,
A003574,個人,上班族,2024-10-20,0,0,,,0,,
A003575,個人,上班族,2015-05-22,0,0,,,0,,
A003576,個人,上班族,2023-09-04,0,0,,,0,,
A003577,個人,上班族,2007-07-09,0,0,,,0,,
A003578,個人,上班族,2024-09-30,0,0,,,0,,
A003579,個人,上班族,2017-12-03,0,0,,,0,,
A003580,個人,上班族,2010-11-06,0,0,,,0,,
A003581,個人,上班族,2026-04-16,0,0,,,0,,
A003582,個人,上班族,2023-02-15,0,0,,,0,,
A003583,個人,上班族,2021-05-26,0,0,,,0,,
A003584,個人,上班族,2023-09-30,0,0,,,0,,
A003585,個人,上班族,2012-09-02,0,0,,,0,,
A003586,個人,上班族,2016-09-19,0,0,,,0,,
A003587,個人,上班族,2010-03-20,0,0,,,0,,
A003588,個人,上班族,2026-04-23,0,0,,,0,,
A003589,個人,上班族,2007-09-02,0,0,,,0,,
A003590,個人,上班族,2020-02-23,0,0,,,0,,
A003591,個人,上班族,2018-01-05,0,0,,,0,,
A003592,個人,上班族,2021-10-01,0,0,,,0,,
A003593,個人,上班族,2022-08-16,0,0,,,0,,
A003594,個人,上班族,2008-12-08,0,0,,,0,,
A003595,個人,上班族,2013-01-26,0,0,,,0,,
A003596,個人,上班族,2021-04-15,0,0,,,0,,
A003597,個人,上班族,2022-11-08,0,0,,,0,,
A003598,個人,上班族,2009-02-24,0,0,,,0,,
A003599,個人,上班族,2024-03-29,0,0,,,0,,
A003600,個人,上班族,2012-08-20,0,0,,,0,,
A003601,個人,上班族,2010-04-02,0,0,,,0,,
A003602,個人,上班族,2018-02-24,0,0,,,0,,
A003603,個人,上班族,2013-05-06,0,0,,,0,,
A003604,個人,上班族,2022-11-07,0,0,,,0,,
A003605,個人,上班族,2016-04-10,0,0,,,0,,
A003606,個人,上班族,2017-09-08,0,0,,,0,,
A003607,個人,上班族,2006-05-02,0,0,,,0,,
A003608,個人,上班族,2011-08-02,0,0,,,0,,
A003609,個人,上班族,2024-08-16,0,0,,,0,,
A003610,個人,上班族,2019-11-08,0,0,,,0,,
A003611,個人,上班族,2011-09-10,0,0,,,0,,
A003612,個人,上班族,2024-09-11,0,0,,,0,,
A003613,個人,上班族,2011-05-26,0,0,,,0,,
A003614,個人,上班族,2014-05-31,0,0,,,0,,
A003615,個人,上班族,2022-09-11,0,0,,,0,,
A003616,個人,上班族,2011-05-01,0,0,,,0,,
A003617,個人,上班族,2008-05-09,0,0,,,0,,
A003618,個人,上班族,2023-11-20,0,0,,,0,,
A003619,個人,上班族,2018-10-17,0,0,,,0,,
A003620,個人,上班族,2007-10-13,0,0,,,0,,
A003621,個人,上班族,2011-12-24,0,0,,,0,,
A003622,個人,上班族,2011-11-19,0,0,,,0,,
A003623,個人,上班族,2012-07-25,0,0,,,0,,
A003624,個人,上班族,2012-03-26,0,0,,,0,,
A003625,個人,上班族,2026-05-12,0,0,,,0,,
A003626,個人,上班族,2011-12-28,0,0,,,0,,
A003627,個人,上班族,2011-10-19,0,0,,,0,,
A003628,個人,上班族,2013-01-13,0,0,,,0,,
A003629,個人,上班族,2016-05-22,0,0,,,0,,
A003630,個人,上班族,2009-01-02,0,0,,,0,,
A003631,個人,上班族,2020-06-10,0,0,,,0,,
A003632,個人,上班族,2014-08-08,0,0,,,0,,
A003633,個人,上班族,2018-12-04,0,0,,,0,,
A003634,個人,上班族,2021-09-25,0,0,,,0,,
A003635,個人,上班族,2018-02-25,0,0,,,0,,
A003636,個人,上班族,2013-03-27,0,0,,,0,,
A003637,個人,上班族,2012-02-06,0,0,,,0,,
A003638,個人,上班族,2020-04-21,0,0,,,0,,
A003639,個人,上班族,2018-06-19,0,0,,,0,,
A003640,個人,上班族,2020-02-06,0,0,,,0,,
A003641,個人,上班族,2024-08-21,0,0,,,0,,
A003642,個人,上班族,2018-03-16,0,0,,,0,,
A003643,個人,上班族,2017-04-30,0,0,,,0,,
A003644,個人,上班族,2019-12-29,0,0,,,0,,
A003645,個人,上班族,2012-01-16,0,0,,,0,,
A003646,個人,上班族,2026-02-07,0,0,,,0,,
A003647,個人,上班族,2018-09-07,0,0,,,0,,
A003648,個人,上班族,2020-06-12,0,0,,,0,,
A003649,個人,上班族,2014-10-11,0,0,,,0,,
A003650,個人,上班族,2026-02-12,0,0,,,0,,
A003651,個人,上班族,2006-12-12,0,0,,,0,,
A003652,個人,上班族,2019-12-09,0,0,,,0,,
A003653,個人,上班族,2013-08-05,0,0,,,0,,
A003654,個人,上班族,2021-08-23,0,0,,,0,,
A003655,個人,上班族,2018-05-12,0,0,,,0,,
A003656,個人,上班族,2017-03-02,0,0,,,0,,
A003657,個人,上班族,2011-04-25,0,0,,,0,,
A003658,個人,上班族,2009-11-04,0,0,,,0,,
A003659,個人,上班族,2016-04-25,0,0,,,0,,
A003660,個人,上班族,2019-09-06,0,0,,,0,,
A003661,個人,上班族,2015-07-07,0,0,,,0,,
A003662,個人,上班族,2012-06-17,0,0,,,0,,
A003663,個人,上班族,2019-10-19,1714,0,,,0,,
A003664,個人,上班族,2006-03-31,0,0,,,0,,
A003665,個人,上班族,2026-03-03,0,0,,,0,,
A003666,個人,上班族,2012-06-11,0,0,,,0,,
A003667,個人,上班族,2009-04-18,0,0,,,0,,
A003668,個人,上班族,2006-10-19,0,0,,,0,,
A003669,個人,上班族,2017-08-31,0,0,,,0,,
A003670,個人,上班族,2008-09-29,0,0,,,0,,
A003671,個人,上班族,2017-12-17,0,0,,,0,,
A003672,個人,上班族,2012-12-22,0,0,,,0,,
A003673,個人,上班族,2026-05-03,0,0,,,0,,
A003674,個人,上班族,2020-03-25,0,0,,,0,,
A003675,個人,上班族,2024-09-11,0,0,,,0,,
A003676,個人,上班族,2020-01-23,0,0,,,0,,
A003677,個人,上班族,2013-01-25,0,0,,,0,,
A003678,個人,上班族,2016-02-18,0,0,,,0,,
A003679,個人,上班族,2017-07-21,0,0,,,0,,
A003680,個人,上班族,2024-03-09,0,0,,,0,,
A003681,個人,上班族,2020-07-03,0,0,,,0,,
A003682,個人,上班族,2019-09-12,0,0,,,0,,
A003683,個人,上班族,2006-03-09,0,0,,,0,,
A003684,個人,上班族,2022-05-14,0,0,,,0,,
A003685,個人,上班族,2020-10-21,0,0,,,0,,
A003686,個人,上班族,2017-04-04,0,0,,,0,,
A003687,個人,上班族,2015-11-04,592,0,,,0,,
A003688,個人,上班族,2017-01-09,0,0,,,0,,
A003689,個人,上班族,2019-12-26,0,0,,,0,,
A003690,個人,上班族,2009-07-04,0,0,,,0,,
A003691,個人,上班族,2007-12-12,0,0,,,0,,
A003692,個人,上班族,2017-04-11,0,0,,,0,,
A003693,個人,上班族,2022-01-08,0,0,,,0,,
A003694,個人,上班族,2007-08-11,0,0,,,0,,
A003695,個人,上班族,2010-11-09,0,0,,,0,,
A003696,個人,上班族,2008-11-17,0,0,,,0,,
A003697,個人,上班族,2024-02-03,0,0,,,0,,
A003698,個人,上班族,2021-12-09,0,0,,,0,,
A003699,個人,上班族,2009-10-17,0,0,,,0,,
A003700,個人,上班族,2015-02-06,0,0,,,0,,
A003701,個人,上班族,2019-03-23,0,0,,,0,,
A003702,個人,上班族,2016-01-31,0,0,,,0,,
A003703,個人,上班族,2010-04-28,0,0,,,0,,
A003704,個人,上班族,2026-04-07,0,0,,,0,,
A003705,個人,上班族,2010-12-29,0,0,,,0,,
A003706,個人,上班族,2010-11-28,0,0,,,0,,
A003707,個人,上班族,2012-03-21,0,0,,,0,,
A003708,個人,上班族,2013-06-28,0,0,,,0,,
A003709,個人,上班族,2007-02-23,0,0,,,0,,
A003710,個人,上班族,2008-09-29,0,0,,,0,,
A003711,個人,上班族,2016-02-01,0,0,,,0,,
A003712,個人,上班族,2019-05-22,0,0,,,0,,
A003713,個人,上班族,2011-03-03,0,0,,,0,,
A003714,個人,上班族,2023-06-19,0,0,,,0,,
A003715,個人,上班族,2023-01-26,0,0,,,0,,
A003716,個人,上班族,2007-11-05,0,0,,,0,,
A003717,個人,上班族,2016-09-09,0,0,,,0,,
A003718,個人,上班族,2012-02-05,0,0,,,0,,
A003719,個人,上班族,2007-10-29,0,0,,,0,,
A003720,個人,上班族,2023-06-07,0,0,,,0,,
A003721,個人,上班族,2011-03-09,0,0,,,0,,
A003722,個人,上班族,2016-04-13,0,0,,,0,,
A003723,個人,上班族,2024-09-02,0,0,,,0,,
A003724,個人,上班族,2016-06-17,0,0,,,0,,
A003725,個人,上班族,2014-11-22,0,0,,,0,,
A003726,個人,上班族,2020-12-28,0,0,,,0,,
A003727,個人,上班族,2023-03-20,0,0,,,0,,
A003728,個人,上班族,2018-03-27,0,0,,,0,,
A003729,個人,上班族,2021-10-15,0,0,,,0,,
A003730,個人,上班族,2011-03-26,0,0,,,0,,
A003731,個人,上班族,2015-08-12,0,0,,,0,,
A003732,個人,上班族,2012-06-02,0,0,,,0,,
A003733,個人,上班族,2011-04-19,0,0,,,0,,
A003734,個人,上班族,2012-12-15,0,0,,,0,,
A003735,個人,上班族,2007-10-16,0,0,,,0,,
A003736,個人,上班族,2023-03-13,0,0,,,0,,
A003737,個人,上班族,2007-02-21,0,0,,,0,,
A003738,個人,上班族,2016-10-25,0,0,,,0,,
A003739,個人,上班族,2008-08-25,0,0,,,0,,
A003740,個人,上班族,2017-07-28,0,0,,,0,,
A003741,個人,上班族,2006-07-07,0,0,,,0,,
A003742,個人,上班族,2010-12-16,0,0,,,0,,
A003743,個人,上班族,2026-05-03,0,0,,,0,,
A003744,個人,上班族,2017-03-02,0,0,,,0,,
A003745,個人,上班族,2016-06-25,0,0,,,0,,
A003746,個人,上班族,2010-04-14,0,0,,,0,,
A003747,個人,上班族,2009-04-29,0,0,,,0,,
A003748,個人,上班族,2019-10-16,0,0,,,0,,
A003749,個人,上班族,2010-07-31,0,0,,,0,,
A003750,個人,上班族,2006-09-24,0,0,,,0,,
A003751,個人,上班族,2018-02-20,0,0,,,0,,
A003752,個人,上班族,2006-10-02,0,0,,,0,,
A003753,個人,上班族,2011-06-02,0,0,,,0,,
A003754,個人,上班族,2008-06-05,0,0,,,0,,
A003755,個人,上班族,2026-04-11,0,0,,,0,,
A003756,個人,上班族,2017-04-07,0,0,,,0,,
A003757,個人,上班族,2006-02-21,0,0,,,0,,
A003758,個人,上班族,2019-11-23,0,0,,,0,,
A003759,個人,上班族,2020-10-07,0,0,,,0,,
A003760,個人,上班族,2023-08-19,0,0,,,0,,
A003761,個人,上班族,2015-09-06,0,0,,,0,,
A003762,個人,上班族,2020-09-02,0,0,,,0,,
A003763,個人,上班族,2019-02-01,0,0,,,0,,
A003764,個人,上班族,2014-03-19,0,0,,,0,,
A003765,個人,上班族,2010-02-24,0,0,,,0,,
A003766,個人,上班族,2009-12-29,0,0,,,0,,
A003767,個人,上班族,2017-07-20,0,0,,,0,,
A003768,個人,上班族,2024-02-26,0,0,,,0,,
A003769,個人,上班族,2013-06-23,0,0,,,0,,
A003770,個人,上班族,2020-12-04,0,0,,,0,,
A003771,個人,上班族,2020-02-23,0,0,,,0,,
A003772,個人,上班族,2023-01-15,0,0,,,0,,
A003773,個人,上班族,2008-07-09,0,0,,,0,,
A003774,個人,上班族,2023-11-09,0,0,,,0,,
A003775,個人,上班族,2024-07-25,0,0,,,0,,
A003776,個人,上班族,2012-04-07,0,0,,,0,,
A003777,個人,上班族,2022-08-11,0,0,,,0,,
A003778,個人,上班族,2024-10-17,0,0,,,0,,
A003779,個人,上班族,2012-08-27,0,0,,,0,,
A003780,個人,上班族,2009-11-24,0,0,,,0,,
A003781,個人,上班族,2026-02-25,0,0,,,0,,
A003782,個人,上班族,2013-05-30,0,0,,,0,,
A003783,個人,上班族,2010-12-24,0,0,,,0,,
A003784,個人,上班族,2019-06-08,0,0,,,0,,
A003785,個人,上班族,2011-02-08,0,0,,,0,,
A003786,個人,上班族,2007-11-16,0,0,,,0,,
A003787,個人,上班族,2015-04-08,0,0,,,0,,
A003788,個人,上班族,2019-11-11,0,0,,,0,,
A003789,個人,上班族,2011-09-13,0,0,,,0,,
A003790,個人,上班族,2011-09-13,0,0,,,0,,
A003791,個人,上班族,2010-08-21,0,0,,,0,,
A003792,個人,上班族,2024-10-11,0,0,,,0,,
A003793,個人,上班族,2018-04-12,0,0,,,0,,
A003794,個人,上班族,2007-01-17,0,0,,,0,,
A003795,個人,上班族,2024-05-31,0,0,,,0,,
A003796,個人,上班族,2024-12-13,0,0,,,0,,
A003797,個人,上班族,2010-01-01,0,0,,,0,,
A003798,個人,上班族,2013-01-04,0,0,,,0,,
A003799,個人,上班族,2019-12-21,0,0,,,0,,
A003800,個人,上班族,2022-01-26,0,0,,,0,,
A003801,個人,上班族,2014-10-24,0,0,,,0,,
A003802,個人,上班族,2010-09-19,0,0,,,0,,
A003803,個人,上班族,2008-08-23,0,0,,,0,,
A003804,個人,上班族,2023-12-08,0,0,,,0,,
A003805,個人,上班族,2018-06-18,0,0,,,0,,
A003806,個人,上班族,2026-04-29,0,0,,,0,,
A003807,個人,上班族,2020-05-27,0,0,,,0,,
A003808,個人,上班族,2006-08-18,0,0,,,0,,
A003809,個人,上班族,2026-03-23,0,0,,,0,,
A003810,個人,上班族,2007-06-15,0,0,,,0,,
A003811,個人,上班族,2019-11-22,0,0,,,0,,
A003812,個人,上班族,2010-12-20,0,0,,,0,,
A003813,個人,上班族,2008-06-14,0,0,,,0,,
A003814,個人,上班族,2018-12-16,0,0,,,0,,
A003815,個人,上班族,2022-06-09,0,0,,,0,,
A003816,個人,上班族,2007-03-05,0,0,,,0,,
A003817,個人,上班族,2018-09-28,0,0,,,0,,
A003818,個人,上班族,2009-11-16,0,0,,,0,,
A003819,個人,上班族,2018-10-06,0,0,,,0,,
A003820,個人,上班族,2014-04-04,0,0,,,0,,
A003821,個人,上班族,2008-02-20,0,0,,,0,,
A003822,個人,上班族,2015-06-17,0,0,,,0,,
A003823,個人,上班族,2018-06-28,0,0,,,0,,
A003824,個人,上班族,2009-07-16,0,0,,,0,,
A003825,個人,上班族,2014-11-04,0,0,,,0,,
A003826,個人,上班族,2013-07-14,0,0,,,0,,
A003827,個人,上班族,2010-09-21,0,0,,,0,,
A003828,個人,上班族,2018-06-21,0,0,,,0,,
A003829,個人,上班族,2009-10-12,0,0,,,0,,
A003830,個人,上班族,2010-06-17,0,0,,,0,,
A003831,個人,上班族,2007-07-24,0,0,,,0,,
A003832,個人,上班族,2022-11-09,0,0,,,0,,
A003833,個人,上班族,2021-05-08,0,0,,,0,,
A003834,個人,上班族,2011-07-10,0,0,,,0,,
A003835,個人,上班族,2009-05-08,0,0,,,0,,
A003836,個人,上班族,2016-02-28,0,0,,,0,,
A003837,個人,上班族,2012-09-11,0,0,,,0,,
A003838,個人,上班族,2026-02-19,0,0,,,0,,
A003839,個人,上班族,2014-09-27,0,0,,,0,,
A003840,個人,上班族,2015-11-21,0,0,,,0,,
A003841,個人,上班族,2014-12-10,0,0,,,0,,
A003842,個人,上班族,2015-01-31,0,0,,,0,,
A003843,個人,上班族,2022-07-01,773,0,,,0,,
A003844,個人,上班族,2013-08-01,0,0,,,0,,
A003845,個人,上班族,2006-12-26,0,0,,,0,,
A003846,個人,上班族,2018-08-16,0,0,,,0,,
A003847,個人,上班族,2020-02-20,0,0,,,0,,
A003848,個人,上班族,2007-06-24,0,0,,,0,,
A003849,個人,上班族,2019-12-30,0,0,,,0,,
A003850,個人,上班族,2020-06-06,0,0,,,0,,
A003851,個人,上班族,2011-07-25,0,0,,,0,,
A003852,個人,上班族,2016-08-13,0,0,,,0,,
A003853,個人,上班族,2026-02-27,0,0,,,0,,
A003854,個人,上班族,2020-08-07,0,0,,,0,,
A003855,個人,上班族,2011-08-14,0,0,,,0,,
A003856,個人,上班族,2010-02-02,0,0,,,0,,
A003857,個人,上班族,2006-07-13,0,0,,,0,,
A003858,個人,上班族,2013-08-27,0,0,,,0,,
A003859,個人,上班族,2008-12-04,0,0,,,0,,
A003860,個人,上班族,2013-05-14,0,0,,,0,,
A003861,個人,上班族,2013-02-19,0,0,,,0,,
A003862,個人,上班族,2007-10-23,0,0,,,0,,
A003863,個人,上班族,2022-11-24,0,0,,,0,,
A003864,個人,上班族,2008-01-21,0,0,,,0,,
A003865,個人,上班族,2008-09-15,0,0,,,0,,
A003866,個人,上班族,2016-09-01,0,0,,,0,,
A003867,個人,上班族,2007-05-09,0,0,,,0,,
A003868,個人,上班族,2008-09-20,0,0,,,0,,
A003869,個人,上班族,2017-10-26,0,0,,,0,,
A003870,個人,上班族,2007-11-01,0,0,,,0,,
A003871,個人,上班族,2017-06-11,0,0,,,0,,
A003872,個人,上班族,2020-03-20,0,0,,,0,,
A003873,個人,上班族,2023-03-06,0,0,,,0,,
A003874,個人,上班族,2016-05-27,0,0,,,0,,
A003875,個人,上班族,2017-01-19,0,0,,,0,,
A003876,個人,上班族,2011-03-16,0,0,,,0,,
A003877,個人,上班族,2013-09-17,0,0,,,0,,
A003878,個人,上班族,2020-04-07,0,0,,,0,,
A003879,個人,上班族,2018-09-05,0,0,,,0,,
A003880,個人,上班族,2011-09-19,0,0,,,0,,
A003881,個人,上班族,2022-10-28,0,0,,,0,,
A003882,個人,上班族,2017-06-09,0,0,,,0,,
A003883,個人,上班族,2008-08-19,0,0,,,0,,
A003884,個人,上班族,2020-02-28,0,0,,,0,,
A003885,個人,上班族,2017-02-02,0,0,,,0,,
A003886,個人,上班族,2021-03-26,0,0,,,0,,
A003887,個人,上班族,2024-09-04,0,0,,,0,,
A003888,個人,上班族,2016-09-28,0,0,,,0,,
A003889,個人,上班族,2007-08-07,0,0,,,0,,
A003890,個人,上班族,2021-09-27,0,0,,,0,,
A003891,個人,上班族,2011-12-18,0,0,,,0,,
A003892,個人,上班族,2016-08-02,0,0,,,0,,
A003893,個人,上班族,2022-06-17,0,0,,,0,,
A003894,個人,上班族,2016-12-26,0,0,,,0,,
A003895,個人,上班族,2018-08-07,0,0,,,0,,
A003896,個人,上班族,2020-07-18,0,0,,,0,,
A003897,個人,上班族,2020-11-08,0,0,,,0,,
A003898,個人,上班族,2008-09-06,0,0,,,0,,
A003899,個人,上班族,2020-02-12,0,0,,,0,,
A003900,個人,上班族,2012-07-20,0,0,,,0,,
A003901,個人,上班族,2008-12-27,0,0,,,0,,
A003902,個人,上班族,2015-12-19,0,0,,,0,,
A003903,個人,上班族,2006-10-21,0,0,,,0,,
A003904,個人,上班族,2026-01-31,0,0,,,0,,
A003905,個人,上班族,2020-08-28,0,0,,,0,,
A003906,個人,上班族,2017-08-19,0,0,,,0,,
A003907,個人,上班族,2026-01-07,0,0,,,0,,
A003908,個人,上班族,2021-10-17,0,0,,,0,,
A003909,個人,上班族,2015-08-03,0,0,,,0,,
A003910,個人,上班族,2020-03-29,0,0,,,0,,
A003911,個人,上班族,2010-05-25,0,0,,,0,,
A003912,個人,上班族,2011-02-26,0,0,,,0,,
A003913,個人,上班族,2014-02-21,0,0,,,0,,
A003914,個人,上班族,2026-02-26,0,0,,,0,,
A003915,個人,上班族,2020-01-23,0,0,,,0,,
A003916,個人,上班族,2021-08-21,0,0,,,0,,
A003917,個人,上班族,2009-09-06,0,0,,,0,,
A003918,個人,上班族,2026-04-07,0,0,,,0,,
A003919,個人,上班族,2015-01-05,0,0,,,0,,
A003920,個人,上班族,2011-03-01,0,0,,,0,,
A003921,個人,上班族,2008-12-27,0,0,,,0,,
A003922,個人,上班族,2014-05-07,0,0,,,0,,
A003923,個人,上班族,2013-08-12,0,0,,,0,,
A003924,個人,上班族,2026-01-06,0,0,,,0,,
A003925,個人,上班族,2018-04-12,0,0,,,0,,
A003926,個人,上班族,2023-09-04,0,0,,,0,,
A003927,個人,上班族,2026-04-13,0,0,,,0,,
A003928,個人,上班族,2019-01-27,0,0,,,0,,
A003929,個人,上班族,2013-08-15,0,0,,,0,,
A003930,個人,上班族,2015-03-26,0,0,,,0,,
A003931,個人,上班族,2015-07-02,0,0,,,0,,
A003932,個人,上班族,2023-05-03,0,0,,,0,,
A003933,個人,上班族,2023-02-10,0,0,,,0,,
A003934,個人,上班族,2023-06-11,0,0,,,0,,
A003935,個人,上班族,2013-01-22,0,0,,,0,,
A003936,個人,上班族,2022-11-19,0,0,,,0,,
A003937,個人,上班族,2010-08-02,0,0,,,0,,
A003938,個人,上班族,2017-03-10,0,0,,,0,,
A003939,個人,上班族,2026-02-28,0,0,,,0,,
A003940,個人,上班族,2014-12-07,0,0,,,0,,
A003941,個人,上班族,2014-08-29,0,0,,,0,,
A003942,個人,上班族,2026-01-02,0,0,,,0,,
A003943,個人,上班族,2019-05-19,0,0,,,0,,
A003944,個人,上班族,2017-02-09,0,0,,,0,,
A003945,個人,上班族,2017-07-20,0,0,,,0,,
A003946,個人,上班族,2007-09-22,0,0,,,0,,
A003947,個人,上班族,2011-02-07,0,0,,,0,,
A003948,個人,上班族,2012-09-06,0,0,,,0,,
A003949,個人,上班族,2006-07-12,0,0,,,0,,
A003950,個人,上班族,2018-10-27,0,0,,,0,,
A003951,個人,上班族,2007-05-02,0,0,,,0,,
A003952,個人,上班族,2011-06-18,0,0,,,0,,
A003953,個人,上班族,2024-02-02,0,0,,,0,,
A003954,個人,上班族,2007-07-01,0,0,,,0,,
A003955,個人,上班族,2017-06-24,0,0,,,0,,
A003956,個人,上班族,2020-09-11,0,0,,,0,,
A003957,個人,上班族,2009-09-23,0,0,,,0,,
A003958,個人,上班族,2010-03-27,0,0,,,0,,
A003959,個人,上班族,2010-02-12,0,0,,,0,,
A003960,個人,上班族,2018-10-26,0,0,,,0,,
A003961,個人,上班族,2009-08-08,0,0,,,0,,
A003962,個人,上班族,2012-11-11,0,0,,,0,,
A003963,個人,上班族,2015-11-14,0,0,,,0,,
A003964,個人,上班族,2018-10-27,0,0,,,0,,
A003965,個人,上班族,2019-12-14,0,0,,,0,,
A003966,個人,上班族,2012-02-23,0,0,,,0,,
A003967,個人,上班族,2024-10-20,0,0,,,0,,
A003968,個人,上班族,2016-02-05,0,0,,,0,,
A003969,個人,上班族,2014-10-05,0,0,,,0,,
A003970,個人,上班族,2018-04-09,0,0,,,0,,
A003971,個人,上班族,2019-10-27,0,0,,,0,,
A003972,個人,上班族,2017-09-11,0,0,,,0,,
A003973,個人,上班族,2016-03-29,0,0,,,0,,
A003974,個人,上班族,2021-04-14,0,0,,,0,,
A003975,個人,上班族,2007-11-09,0,0,,,0,,
A003976,個人,上班族,2022-01-04,0,0,,,0,,
A003977,個人,上班族,2009-06-20,0,0,,,0,,
A003978,個人,上班族,2026-03-17,0,0,,,0,,
A003979,個人,上班族,2023-08-06,0,0,,,0,,
A003980,個人,上班族,2015-11-28,0,0,,,0,,
A003981,個人,上班族,2011-04-28,0,0,,,0,,
A003982,個人,上班族,2013-01-31,0,0,,,0,,
A003983,個人,上班族,2006-06-11,0,0,,,0,,
A003984,個人,上班族,2018-12-29,0,0,,,0,,
A003985,個人,上班族,2018-05-21,0,0,,,0,,
A003986,個人,上班族,2026-03-16,0,0,,,0,,
A003987,個人,上班族,2026-04-18,0,0,,,0,,
A003988,個人,上班族,2024-05-12,0,0,,,0,,
A003989,個人,上班族,2021-09-22,0,0,,,0,,
A003990,個人,上班族,2013-06-23,0,0,,,0,,
A003991,個人,上班族,2018-11-17,0,0,,,0,,
A003992,個人,上班族,2009-09-27,0,0,,,0,,
A003993,個人,上班族,2024-08-24,0,0,,,0,,
A003994,個人,上班族,2012-10-02,0,0,,,0,,
A003995,個人,上班族,2015-11-08,0,0,,,0,,
A003996,個人,上班族,2017-11-06,0,0,,,0,,
A003997,個人,上班族,2006-03-10,0,0,,,0,,
A003998,個人,上班族,2017-10-24,0,0,,,0,,
A003999,個人,上班族,2024-04-26,0,0,,,0,,
A004000,個人,上班族,2023-10-17,0,0,,,0,,
A004001,個人,上班族,2023-06-03,0,0,,,0,,
A004002,個人,上班族,2023-10-04,0,0,,,0,,
A004003,個人,上班族,2022-07-07,0,0,,,0,,
A004004,個人,上班族,2013-04-06,0,0,,,0,,
A004005,個人,上班族,2016-08-09,0,0,,,0,,
A004006,個人,上班族,2008-10-30,0,0,,,0,,
A004007,個人,上班族,2022-08-23,1916,0,,,0,,
A004008,個人,上班族,2014-03-02,0,0,,,0,,
A004009,個人,上班族,2012-05-17,0,0,,,0,,
A004010,個人,上班族,2021-12-19,0,0,,,0,,
A004011,個人,上班族,2023-11-23,0,0,,,0,,
A004012,個人,上班族,2020-02-05,0,0,,,0,,
A004013,個人,上班族,2007-05-04,0,0,,,0,,
A004014,個人,上班族,2007-04-11,0,0,,,0,,
A004015,個人,上班族,2015-12-22,0,0,,,0,,
A004016,個人,上班族,2021-05-29,0,0,,,0,,
A004017,個人,上班族,2018-01-26,0,0,,,0,,
A004018,個人,上班族,2007-09-19,0,0,,,0,,
A004019,個人,上班族,2019-10-29,0,0,,,0,,
A004020,個人,上班族,2022-03-18,0,0,,,0,,
A004021,個人,上班族,2020-08-01,0,0,,,0,,
A004022,個人,上班族,2016-09-15,0,0,,,0,,
A004023,個人,上班族,2012-08-05,0,0,,,0,,
A004024,個人,上班族,2014-09-20,0,0,,,0,,
A004025,個人,上班族,2007-09-27,0,0,,,0,,
A004026,個人,上班族,2018-03-12,0,0,,,0,,
A004027,個人,上班族,2006-06-11,0,0,,,0,,
A004028,個人,上班族,2019-03-06,0,0,,,0,,
A004029,個人,上班族,2012-02-06,0,0,,,0,,
A004030,個人,上班族,2011-12-02,0,0,,,0,,
A004031,個人,上班族,2020-05-30,0,0,,,0,,
A004032,個人,上班族,2014-06-12,0,0,,,0,,
A004033,個人,上班族,2008-12-11,0,0,,,0,,
A004034,個人,上班族,2013-07-12,0,0,,,0,,
A004035,個人,上班族,2015-01-02,0,0,,,0,,
A004036,個人,上班族,2017-05-31,0,0,,,0,,
A004037,個人,上班族,2018-10-05,0,0,,,0,,
A004038,個人,上班族,2012-01-22,0,0,,,0,,
A004039,個人,上班族,2014-09-20,0,0,,,0,,
A004040,個人,上班族,2014-06-14,0,0,,,0,,
A004041,個人,上班族,2010-12-30,0,0,,,0,,
A004042,個人,上班族,2008-02-10,0,0,,,0,,
A004043,個人,上班族,2024-08-13,0,0,,,0,,
A004044,個人,上班族,2017-10-23,0,0,,,0,,
A004045,個人,上班族,2020-06-07,0,0,,,0,,
A004046,個人,上班族,2010-09-08,0,0,,,0,,
A004047,個人,上班族,2011-12-18,0,0,,,0,,
A004048,個人,上班族,2008-02-22,0,0,,,0,,
A004049,個人,上班族,2011-01-24,0,0,,,0,,
A004050,個人,上班族,2026-04-09,0,0,,,0,,
A004051,個人,上班族,2023-05-23,0,0,,,0,,
A004052,個人,上班族,2021-03-21,0,0,,,0,,
A004053,個人,上班族,2013-02-03,0,0,,,0,,
A004054,個人,上班族,2021-05-04,0,0,,,0,,
A004055,個人,上班族,2023-04-16,0,0,,,0,,
A004056,個人,上班族,2018-06-25,0,0,,,0,,
A004057,個人,上班族,2014-07-18,0,0,,,0,,
A004058,個人,上班族,2014-06-14,0,0,,,0,,
A004059,個人,上班族,2007-08-28,0,0,,,0,,
A004060,個人,上班族,2010-11-07,0,0,,,0,,
A004061,個人,上班族,2006-07-15,0,0,,,0,,
A004062,個人,上班族,2014-06-24,0,0,,,0,,
A004063,個人,上班族,2008-09-07,0,0,,,0,,
A004064,個人,上班族,2009-03-23,0,0,,,0,,
A004065,個人,上班族,2009-01-08,0,0,,,0,,
A004066,個人,上班族,2023-11-02,0,0,,,0,,
A004067,個人,上班族,2009-04-04,0,0,,,0,,
A004068,個人,上班族,2023-10-09,0,0,,,0,,
A004069,個人,上班族,2010-06-21,0,0,,,0,,
A004070,個人,上班族,2023-06-17,0,0,,,0,,
A004071,個人,上班族,2009-10-13,0,0,,,0,,
A004072,個人,上班族,2010-12-18,0,0,,,0,,
A004073,個人,上班族,2012-09-14,0,0,,,0,,
A004074,個人,上班族,2011-01-13,0,0,,,0,,
A004075,個人,上班族,2021-08-19,0,0,,,0,,
A004076,個人,上班族,2010-05-21,0,0,,,0,,
A004077,個人,上班族,2015-10-28,0,0,,,0,,
A004078,個人,上班族,2019-12-11,0,0,,,0,,
A004079,個人,上班族,2020-11-07,0,0,,,0,,
A004080,個人,上班族,2019-07-07,0,0,,,0,,
A004081,個人,上班族,2008-02-24,0,0,,,0,,
A004082,個人,上班族,2007-06-19,0,0,,,0,,
A004083,個人,上班族,2011-02-10,0,0,,,0,,
A004084,個人,上班族,2022-06-01,0,0,,,0,,
A004085,個人,上班族,2020-06-06,0,0,,,0,,
A004086,個人,上班族,2016-11-15,0,0,,,0,,
A004087,個人,上班族,2006-05-20,0,0,,,0,,
A004088,個人,上班族,2014-02-20,0,0,,,0,,
A004089,個人,上班族,2018-08-09,0,0,,,0,,
A004090,個人,上班族,2022-09-13,0,0,,,0,,
A004091,個人,上班族,2010-04-27,0,0,,,0,,
A004092,個人,上班族,2008-01-15,0,0,,,0,,
A004093,個人,上班族,2024-10-19,0,0,,,0,,
A004094,個人,上班族,2022-05-24,0,0,,,0,,
A004095,個人,上班族,2006-12-17,0,0,,,0,,
A004096,個人,上班族,2017-07-25,0,0,,,0,,
A004097,個人,上班族,2007-12-19,0,0,,,0,,
A004098,個人,上班族,2017-01-25,0,0,,,0,,
A004099,個人,上班族,2019-11-12,0,0,,,0,,
A004100,個人,上班族,2009-01-02,0,0,,,0,,
A004101,個人,上班族,2026-05-05,0,0,,,0,,
A004102,個人,上班族,2019-10-25,762,0,,,0,,
A004103,個人,上班族,2017-07-03,0,0,,,0,,
A004104,個人,上班族,2017-04-02,0,0,,,0,,
A004105,個人,上班族,2009-02-26,0,0,,,0,,
A004106,個人,上班族,2012-09-07,0,0,,,0,,
A004107,個人,上班族,2017-08-28,0,0,,,0,,
A004108,個人,上班族,2021-05-02,0,0,,,0,,
A004109,個人,上班族,2010-07-30,0,0,,,0,,
A004110,個人,上班族,2007-06-17,0,0,,,0,,
A004111,個人,上班族,2006-06-05,0,0,,,0,,
A004112,個人,上班族,2022-06-21,0,0,,,0,,
A004113,個人,上班族,2022-02-18,0,0,,,0,,
A004114,個人,上班族,2026-05-12,0,0,,,0,,
A004115,個人,上班族,2015-10-10,0,0,,,0,,
A004116,個人,上班族,2013-01-25,0,0,,,0,,
A004117,個人,上班族,2009-10-09,0,0,,,0,,
A004118,個人,上班族,2009-06-28,0,0,,,0,,
A004119,個人,上班族,2017-04-10,0,0,,,0,,
A004120,個人,上班族,2011-09-15,0,0,,,0,,
A004121,個人,上班族,2026-04-01,0,0,,,0,,
A004122,個人,上班族,2018-07-13,0,0,,,0,,
A004123,個人,上班族,2011-10-16,0,0,,,0,,
A004124,個人,上班族,2020-04-05,0,0,,,0,,
A004125,個人,上班族,2026-02-05,0,0,,,0,,
A004126,個人,上班族,2013-12-13,0,0,,,0,,
A004127,個人,上班族,2007-12-31,0,0,,,0,,
A004128,個人,上班族,2022-11-23,0,0,,,0,,
A004129,個人,上班族,2024-10-03,0,0,,,0,,
A004130,個人,上班族,2016-06-30,0,0,,,0,,
A004131,個人,上班族,2026-03-02,0,0,,,0,,
A004132,個人,上班族,2009-04-10,0,0,,,0,,
A004133,個人,上班族,2022-06-08,0,0,,,0,,
A004134,個人,上班族,2024-04-07,0,0,,,0,,
A004135,個人,上班族,2006-08-02,0,0,,,0,,
A004136,個人,上班族,2014-08-10,0,0,,,0,,
A004137,個人,上班族,2020-11-11,0,0,,,0,,
A004138,個人,上班族,2020-09-17,0,0,,,0,,
A004139,個人,上班族,2020-08-21,0,0,,,0,,
A004140,個人,上班族,2022-09-30,0,0,,,0,,
A004141,個人,上班族,2014-10-11,0,0,,,0,,
A004142,個人,上班族,2009-05-05,0,0,,,0,,
A004143,個人,上班族,2009-03-05,0,0,,,0,,
A004144,個人,上班族,2008-03-24,0,0,,,0,,
A004145,個人,上班族,2022-12-03,0,0,,,0,,
A004146,個人,上班族,2010-03-10,0,0,,,0,,
A004147,個人,上班族,2016-07-28,0,0,,,0,,
A004148,個人,上班族,2023-06-20,0,0,,,0,,
A004149,個人,上班族,2022-04-30,0,0,,,0,,
A004150,個人,上班族,2021-03-17,0,0,,,0,,
A004151,個人,上班族,2014-05-22,0,0,,,0,,
A004152,個人,上班族,2018-12-26,0,0,,,0,,
A004153,個人,上班族,2010-06-02,0,0,,,0,,
A004154,個人,上班族,2020-11-10,0,0,,,0,,
A004155,個人,上班族,2019-06-22,0,0,,,0,,
A004156,個人,上班族,2007-12-11,0,0,,,0,,
A004157,個人,上班族,2014-09-22,0,0,,,0,,
A004158,個人,上班族,2016-03-23,0,0,,,0,,
A004159,個人,上班族,2013-09-18,0,0,,,0,,
A004160,個人,上班族,2015-11-09,0,0,,,0,,
A004161,個人,上班族,2017-08-27,0,0,,,0,,
A004162,個人,上班族,2020-05-23,0,0,,,0,,
A004163,個人,上班族,2014-06-22,0,0,,,0,,
A004164,個人,上班族,2019-04-05,0,0,,,0,,
A004165,個人,上班族,2020-02-14,0,0,,,0,,
A004166,個人,上班族,2023-03-08,0,0,,,0,,
A004167,個人,上班族,2013-11-15,0,0,,,0,,
A004168,個人,上班族,2020-10-12,0,0,,,0,,
A004169,個人,上班族,2006-01-06,0,0,,,0,,
A004170,個人,上班族,2006-04-09,0,0,,,0,,
A004171,個人,上班族,2006-12-16,0,0,,,0,,
A004172,個人,上班族,2012-11-09,0,0,,,0,,
A004173,個人,上班族,2011-01-06,0,0,,,0,,
A004174,個人,上班族,2019-04-19,0,0,,,0,,
A004175,個人,上班族,2015-02-03,0,0,,,0,,
A004176,個人,上班族,2018-06-08,0,0,,,0,,
A004177,個人,上班族,2017-01-15,0,0,,,0,,
A004178,個人,上班族,2021-01-26,0,0,,,0,,
A004179,個人,上班族,2014-06-13,0,0,,,0,,
A004180,個人,上班族,2026-04-03,0,0,,,0,,
A004181,個人,上班族,2020-11-08,402,0,,,0,,
A004182,個人,上班族,2015-12-06,0,0,,,0,,
A004183,個人,上班族,2010-08-10,0,0,,,0,,
A004184,個人,上班族,2006-01-21,0,0,,,0,,
A004185,個人,上班族,2020-01-08,0,0,,,0,,
A004186,個人,上班族,2024-05-24,0,0,,,0,,
A004187,個人,上班族,2016-03-18,0,0,,,0,,
A004188,個人,上班族,2016-07-09,0,0,,,0,,
A004189,個人,上班族,2026-01-16,0,0,,,0,,
A004190,個人,上班族,2026-01-18,0,0,,,0,,
A004191,個人,上班族,2018-12-10,0,0,,,0,,
A004192,個人,上班族,2012-10-14,0,0,,,0,,
A004193,個人,上班族,2017-08-27,0,0,,,0,,
A004194,個人,上班族,2007-11-12,0,0,,,0,,
A004195,個人,上班族,2009-06-07,0,0,,,0,,
A004196,個人,上班族,2009-11-01,0,0,,,0,,
A004197,個人,上班族,2013-11-19,0,0,,,0,,
A004198,個人,上班族,2020-01-28,0,0,,,0,,
A004199,個人,上班族,2013-09-24,0,0,,,0,,
A004200,個人,上班族,2020-07-10,0,0,,,0,,
A004201,個人,上班族,2013-11-21,0,0,,,0,,
A004202,個人,上班族,2014-10-05,0,0,,,0,,
A004203,個人,上班族,2021-03-23,0,0,,,0,,
A004204,個人,上班族,2024-07-30,0,0,,,0,,
A004205,個人,上班族,2020-03-09,0,0,,,0,,
A004206,個人,上班族,2011-05-26,0,0,,,0,,
A004207,個人,上班族,2008-04-01,0,0,,,0,,
A004208,個人,上班族,2016-06-01,0,0,,,0,,
A004209,個人,上班族,2012-06-25,0,0,,,0,,
A004210,個人,上班族,2019-03-14,0,0,,,0,,
A004211,個人,上班族,2018-11-11,0,0,,,0,,
A004212,個人,上班族,2023-04-01,0,0,,,0,,
A004213,個人,上班族,2021-04-17,0,0,,,0,,
A004214,個人,上班族,2015-01-11,0,0,,,0,,
A004215,個人,上班族,2006-09-17,0,0,,,0,,
A004216,個人,上班族,2017-05-01,0,0,,,0,,
A004217,個人,上班族,2016-12-30,0,0,,,0,,
A004218,個人,上班族,2024-02-20,0,0,,,0,,
A004219,個人,上班族,2017-05-04,0,0,,,0,,
A004220,個人,上班族,2016-10-08,0,0,,,0,,
A004221,個人,上班族,2013-01-29,0,0,,,0,,
A004222,個人,上班族,2022-11-30,0,0,,,0,,
A004223,個人,上班族,2017-07-26,0,0,,,0,,
A004224,個人,上班族,2009-01-17,0,0,,,0,,
A004225,個人,上班族,2009-01-21,0,0,,,0,,
A004226,個人,上班族,2018-01-13,0,0,,,0,,
A004227,個人,上班族,2022-05-01,0,0,,,0,,
A004228,個人,上班族,2008-04-03,0,0,,,0,,
A004229,個人,上班族,2020-01-18,0,0,,,0,,
A004230,個人,上班族,2012-10-23,0,0,,,0,,
A004231,個人,上班族,2006-10-31,0,0,,,0,,
A004232,個人,上班族,2020-06-11,0,0,,,0,,
A004233,個人,上班族,2021-07-12,0,0,,,0,,
A004234,個人,上班族,2010-11-04,0,0,,,0,,
A004235,個人,上班族,2019-05-02,0,0,,,0,,
A004236,個人,上班族,2007-10-31,0,0,,,0,,
A004237,個人,上班族,2015-05-16,0,0,,,0,,
A004238,個人,上班族,2015-08-09,0,0,,,0,,
A004239,個人,上班族,2010-08-01,0,0,,,0,,
A004240,個人,上班族,2015-01-09,0,0,,,0,,
A004241,個人,上班族,2011-04-30,0,0,,,0,,
A004242,個人,上班族,2018-02-26,0,0,,,0,,
A004243,個人,上班族,2015-01-25,0,0,,,0,,
A004244,個人,上班族,2020-04-02,0,0,,,0,,
A004245,個人,上班族,2019-10-06,0,0,,,0,,
A004246,個人,上班族,2008-06-01,0,0,,,0,,
A004247,個人,上班族,2023-04-09,0,0,,,0,,
A004248,個人,上班族,2015-09-08,0,0,,,0,,
A004249,個人,上班族,2013-01-23,0,0,,,0,,
A004250,個人,上班族,2014-06-24,0,0,,,0,,
A004251,個人,上班族,2020-10-09,0,0,,,0,,
A004252,個人,上班族,2021-06-06,0,0,,,0,,
A004253,個人,上班族,2012-09-15,0,0,,,0,,
A004254,個人,上班族,2013-02-11,0,0,,,0,,
A004255,個人,上班族,2020-12-23,0,0,,,0,,
A004256,個人,上班族,2018-04-30,0,0,,,0,,
A004257,個人,上班族,2006-02-09,0,0,,,0,,
A004258,個人,上班族,2021-09-11,0,0,,,0,,
A004259,個人,上班族,2019-08-14,0,0,,,0,,
A004260,個人,上班族,2008-02-24,0,0,,,0,,
A004261,個人,上班族,2016-12-01,0,0,,,0,,
A004262,個人,上班族,2021-05-22,0,0,,,0,,
A004263,個人,上班族,2020-05-01,0,0,,,0,,
A004264,個人,上班族,2015-05-22,0,0,,,0,,
A004265,個人,上班族,2023-04-23,0,0,,,0,,
A004266,個人,上班族,2010-05-23,0,0,,,0,,
A004267,個人,上班族,2018-12-30,0,0,,,0,,
A004268,個人,上班族,2015-05-30,0,0,,,0,,
A004269,個人,上班族,2012-08-30,0,0,,,0,,
A004270,個人,上班族,2010-07-30,0,0,,,0,,
A004271,個人,上班族,2019-09-21,0,0,,,0,,
A004272,個人,上班族,2014-12-22,0,0,,,0,,
A004273,個人,上班族,2010-10-09,0,0,,,0,,
A004274,個人,上班族,2008-07-20,0,0,,,0,,
A004275,個人,上班族,2010-09-03,0,0,,,0,,
A004276,個人,上班族,2013-10-19,0,0,,,0,,
A004277,個人,上班族,2014-01-28,0,0,,,0,,
A004278,個人,上班族,2011-01-17,0,0,,,0,,
A004279,個人,上班族,2014-05-13,1785,0,,,0,,
A004280,個人,上班族,2021-09-10,0,0,,,0,,
A004281,個人,上班族,2006-08-11,0,0,,,0,,
A004282,個人,上班族,2009-12-20,0,0,,,0,,
A004283,個人,上班族,2012-11-28,0,0,,,0,,
A004284,個人,上班族,2017-02-05,0,0,,,0,,
A004285,個人,上班族,2014-05-24,0,0,,,0,,
A004286,個人,上班族,2010-02-28,0,0,,,0,,
A004287,個人,上班族,2011-08-23,0,0,,,0,,
A004288,個人,上班族,2022-02-01,0,0,,,0,,
A004289,個人,上班族,2024-12-13,0,0,,,0,,
A004290,個人,上班族,2012-01-29,0,0,,,0,,
A004291,個人,上班族,2011-03-02,0,0,,,0,,
A004292,個人,上班族,2013-07-05,0,0,,,0,,
A004293,個人,上班族,2026-05-22,0,0,,,0,,
A004294,個人,上班族,2022-10-12,0,0,,,0,,
A004295,個人,上班族,2024-01-28,0,0,,,0,,
A004296,個人,上班族,2013-12-04,0,0,,,0,,
A004297,個人,上班族,2022-09-15,0,0,,,0,,
A004298,個人,上班族,2013-05-31,0,0,,,0,,
A004299,個人,上班族,2016-10-09,0,0,,,0,,
A004300,個人,上班族,2018-06-03,0,0,,,0,,
A004301,個人,上班族,2016-06-20,0,0,,,0,,
A004302,個人,上班族,2010-04-07,0,0,,,0,,
A004303,個人,上班族,2014-04-23,0,0,,,0,,
A004304,個人,上班族,2011-11-13,0,0,,,0,,
A004305,個人,上班族,2013-12-06,0,0,,,0,,
A004306,個人,上班族,2026-03-26,0,0,,,0,,
A004307,個人,上班族,2006-03-06,0,0,,,0,,
A004308,個人,上班族,2012-10-21,0,0,,,0,,
A004309,個人,上班族,2016-09-09,0,0,,,0,,
A004310,個人,上班族,2006-11-16,0,0,,,0,,
A004311,個人,上班族,2014-01-30,0,0,,,0,,
A004312,個人,上班族,2012-11-17,0,0,,,0,,
A004313,個人,上班族,2007-10-28,0,0,,,0,,
A004314,個人,上班族,2021-12-02,0,0,,,0,,
A004315,個人,上班族,2010-11-11,0,0,,,0,,
A004316,個人,上班族,2026-02-21,0,0,,,0,,
A004317,個人,上班族,2020-10-02,0,0,,,0,,
A004318,個人,上班族,2018-05-02,0,0,,,0,,
A004319,個人,上班族,2026-01-30,0,0,,,0,,
A004320,個人,上班族,2013-04-30,0,0,,,0,,
A004321,個人,上班族,2012-09-09,0,0,,,0,,
A004322,個人,上班族,2022-10-04,0,0,,,0,,
A004323,個人,上班族,2024-06-06,0,0,,,0,,
A004324,個人,上班族,2011-03-07,0,0,,,0,,
A004325,個人,上班族,2007-05-07,0,0,,,0,,
A004326,個人,上班族,2022-07-21,0,0,,,0,,
A004327,個人,上班族,2020-11-10,0,0,,,0,,
A004328,個人,上班族,2018-02-03,0,0,,,0,,
A004329,個人,上班族,2023-10-31,0,0,,,0,,
A004330,個人,上班族,2006-03-09,0,0,,,0,,
A004331,個人,上班族,2014-07-23,0,0,,,0,,
A004332,個人,上班族,2016-05-24,0,0,,,0,,
A004333,個人,上班族,2023-09-15,0,0,,,0,,
A004334,個人,上班族,2022-03-16,0,0,,,0,,
A004335,個人,上班族,2016-12-14,0,0,,,0,,
A004336,個人,上班族,2014-05-03,0,0,,,0,,
A004337,個人,上班族,2022-09-14,0,0,,,0,,
A004338,個人,上班族,2010-06-11,0,0,,,0,,
A004339,個人,上班族,2009-09-04,0,0,,,0,,
A004340,個人,上班族,2018-01-11,0,0,,,0,,
A004341,個人,上班族,2007-11-12,0,0,,,0,,
A004342,個人,上班族,2006-12-22,0,0,,,0,,
A004343,個人,上班族,2022-07-01,0,0,,,0,,
A004344,個人,上班族,2020-04-15,0,0,,,0,,
A004345,個人,上班族,2019-04-03,0,0,,,0,,
A004346,個人,上班族,2006-12-27,0,0,,,0,,
A004347,個人,上班族,2018-08-14,0,0,,,0,,
A004348,個人,上班族,2017-02-10,0,0,,,0,,
A004349,個人,上班族,2023-04-09,0,0,,,0,,
A004350,個人,上班族,2012-01-14,0,0,,,0,,
A004351,個人,上班族,2026-05-20,0,0,,,0,,
A004352,個人,上班族,2024-08-29,0,0,,,0,,
A004353,個人,上班族,2008-10-07,0,0,,,0,,
A004354,個人,上班族,2007-03-18,0,0,,,0,,
A004355,個人,上班族,2017-06-25,0,0,,,0,,
A004356,個人,上班族,2024-10-19,0,0,,,0,,
A004357,個人,上班族,2012-06-23,0,0,,,0,,
A004358,個人,上班族,2018-05-04,0,0,,,0,,
A004359,個人,上班族,2021-02-24,0,0,,,0,,
A004360,個人,上班族,2019-10-16,0,0,,,0,,
A004361,個人,上班族,2026-02-23,0,0,,,0,,
A004362,個人,上班族,2019-10-25,0,0,,,0,,
A004363,個人,上班族,2018-03-26,0,0,,,0,,
A004364,個人,上班族,2008-10-18,0,0,,,0,,
A004365,個人,上班族,2014-03-14,0,0,,,0,,
A004366,個人,上班族,2010-11-08,0,0,,,0,,
A004367,個人,上班族,2022-07-03,0,0,,,0,,
A004368,個人,上班族,2018-04-30,0,0,,,0,,
A004369,個人,上班族,2006-11-25,0,0,,,0,,
A004370,個人,上班族,2006-04-04,0,0,,,0,,
A004371,個人,上班族,2014-01-29,0,0,,,0,,
A004372,個人,上班族,2026-01-03,0,0,,,0,,
A004373,個人,上班族,2017-01-26,0,0,,,0,,
A004374,個人,上班族,2026-01-01,0,0,,,0,,
A004375,個人,上班族,2022-08-21,0,0,,,0,,
A004376,個人,上班族,2026-04-24,0,0,,,0,,
A004377,個人,上班族,2018-02-09,0,0,,,0,,
A004378,個人,上班族,2015-04-20,0,0,,,0,,
A004379,個人,上班族,2023-12-14,0,0,,,0,,
A004380,個人,上班族,2018-12-31,0,0,,,0,,
A004381,個人,上班族,2009-08-01,0,0,,,0,,
A004382,個人,上班族,2022-07-22,0,0,,,0,,
A004383,個人,上班族,2008-05-31,0,0,,,0,,
A004384,個人,上班族,2009-09-24,0,0,,,0,,
A004385,個人,上班族,2020-06-07,0,0,,,0,,
A004386,個人,上班族,2013-02-06,0,0,,,0,,
A004387,個人,上班族,2009-07-12,0,0,,,0,,
A004388,個人,上班族,2018-09-19,0,0,,,0,,
A004389,個人,上班族,2016-01-13,0,0,,,0,,
A004390,個人,上班族,2022-06-06,0,0,,,0,,
A004391,個人,上班族,2026-04-20,0,0,,,0,,
A004392,個人,上班族,2016-08-24,0,0,,,0,,
A004393,個人,上班族,2016-11-14,0,0,,,0,,
A004394,個人,上班族,2016-11-12,0,0,,,0,,
A004395,個人,上班族,2013-05-04,0,0,,,0,,
A004396,個人,上班族,2009-04-29,0,0,,,0,,
A004397,個人,上班族,2006-03-25,0,0,,,0,,
A004398,個人,上班族,2019-10-21,0,0,,,0,,
A004399,個人,上班族,2018-06-21,0,0,,,0,,
A004400,個人,上班族,2014-10-31,0,0,,,0,,
A004401,個人,上班族,2008-08-14,0,0,,,0,,
A004402,個人,上班族,2024-03-25,0,0,,,0,,
A004403,個人,上班族,2015-05-01,0,0,,,0,,
A004404,個人,上班族,2014-09-03,0,0,,,0,,
A004405,個人,上班族,2020-10-18,0,0,,,0,,
A004406,個人,上班族,2013-10-28,0,0,,,0,,
A004407,個人,上班族,2022-07-30,0,0,,,0,,
A004408,個人,上班族,2022-10-29,0,0,,,0,,
A004409,個人,上班族,2019-11-09,0,0,,,0,,
A004410,個人,上班族,2018-08-07,0,0,,,0,,
A004411,個人,上班族,2007-02-28,0,0,,,0,,
A004412,個人,上班族,2009-05-29,0,0,,,0,,
A004413,個人,上班族,2022-11-20,0,0,,,0,,
A004414,個人,上班族,2006-08-03,0,0,,,0,,
A004415,個人,上班族,2023-10-09,0,0,,,0,,
A004416,個人,上班族,2013-11-26,0,0,,,0,,
A004417,個人,上班族,2014-06-03,0,0,,,0,,
A004418,個人,上班族,2022-03-11,0,0,,,0,,
A004419,個人,上班族,2021-06-08,0,0,,,0,,
A004420,個人,上班族,2006-04-17,0,0,,,0,,
A004421,個人,上班族,2006-07-06,0,0,,,0,,
A004422,個人,上班族,2007-02-06,0,0,,,0,,
A004423,個人,上班族,2019-07-25,0,0,,,0,,
A004424,個人,上班族,2006-12-15,0,0,,,0,,
A004425,個人,上班族,2010-08-05,397,0,,,0,,
A004426,個人,上班族,2021-11-28,0,0,,,0,,
A004427,個人,上班族,2017-03-16,0,0,,,0,,
A004428,個人,上班族,2023-11-16,0,0,,,0,,
A004429,個人,上班族,2019-08-29,0,0,,,0,,
A004430,個人,上班族,2014-10-31,0,0,,,0,,
A004431,個人,上班族,2008-04-22,0,0,,,0,,
A004432,個人,上班族,2010-02-11,0,0,,,0,,
A004433,個人,上班族,2013-06-28,0,0,,,0,,
A004434,個人,上班族,2009-04-27,0,0,,,0,,
A004435,個人,上班族,2013-01-29,0,0,,,0,,
A004436,個人,上班族,2020-05-22,248,0,,,0,,
A004437,個人,上班族,2012-07-19,0,0,,,0,,
A004438,個人,上班族,2017-04-22,0,0,,,0,,
A004439,個人,上班族,2023-11-26,0,0,,,0,,
A004440,個人,上班族,2015-12-06,0,0,,,0,,
A004441,個人,上班族,2013-08-24,0,0,,,0,,
A004442,個人,上班族,2015-04-29,0,0,,,0,,
A004443,個人,上班族,2007-04-21,0,0,,,0,,
A004444,個人,上班族,2018-02-13,0,0,,,0,,
A004445,個人,上班族,2020-12-29,0,0,,,0,,
A004446,個人,上班族,2019-10-22,0,0,,,0,,
A004447,個人,上班族,2020-07-16,0,0,,,0,,
A004448,個人,上班族,2015-03-29,0,0,,,0,,
A004449,個人,上班族,2024-08-02,0,0,,,0,,
A004450,個人,上班族,2006-11-02,0,0,,,0,,
A004451,個人,上班族,2013-04-11,0,0,,,0,,
A004452,個人,上班族,2013-07-10,0,0,,,0,,
A004453,個人,上班族,2021-01-03,0,0,,,0,,
A004454,個人,上班族,2018-04-16,0,0,,,0,,
A004455,個人,上班族,2007-07-27,0,0,,,0,,
A004456,個人,上班族,2022-08-16,0,0,,,0,,
A004457,個人,上班族,2014-05-06,0,0,,,0,,
A004458,個人,上班族,2014-03-08,0,0,,,0,,
A004459,個人,上班族,2021-05-13,0,0,,,0,,
A004460,個人,上班族,2015-06-08,0,0,,,0,,
A004461,個人,上班族,2007-01-15,0,0,,,0,,
A004462,個人,上班族,2017-05-22,0,0,,,0,,
A004463,個人,上班族,2023-05-02,0,0,,,0,,
A004464,個人,上班族,2022-06-23,0,0,,,0,,
A004465,個人,上班族,2024-03-28,0,0,,,0,,
A004466,個人,上班族,2019-10-26,0,0,,,0,,
A004467,個人,上班族,2012-04-05,0,0,,,0,,
A004468,個人,上班族,2009-08-19,0,0,,,0,,
A004469,個人,上班族,2007-09-23,0,0,,,0,,
A004470,個人,上班族,2022-07-10,0,0,,,0,,
A004471,個人,上班族,2022-09-19,0,0,,,0,,
A004472,個人,上班族,2021-12-29,0,0,,,0,,
A004473,個人,上班族,2011-06-04,0,0,,,0,,
A004474,個人,上班族,2026-04-25,0,0,,,0,,
A004475,個人,上班族,2026-04-18,0,0,,,0,,
A004476,個人,上班族,2013-03-03,0,0,,,0,,
A004477,個人,上班族,2011-07-06,0,0,,,0,,
A004478,個人,上班族,2012-06-09,0,0,,,0,,
A004479,個人,上班族,2012-06-28,0,0,,,0,,
A004480,個人,上班族,2020-02-22,0,0,,,0,,
A004481,個人,上班族,2008-05-31,0,0,,,0,,
A004482,個人,上班族,2007-08-16,0,0,,,0,,
A004483,個人,上班族,2022-02-24,0,0,,,0,,
A004484,個人,上班族,2020-07-19,0,0,,,0,,
A004485,個人,上班族,2022-02-22,0,0,,,0,,
A004486,個人,上班族,2008-12-20,0,0,,,0,,
A004487,個人,上班族,2021-03-12,0,0,,,0,,
A004488,個人,上班族,2018-12-27,0,0,,,0,,
A004489,個人,上班族,2018-09-05,0,0,,,0,,
A004490,個人,上班族,2011-12-13,0,0,,,0,,
A004491,個人,上班族,2020-10-26,0,0,,,0,,
A004492,個人,上班族,2007-05-10,0,0,,,0,,
A004493,個人,上班族,2019-01-12,0,0,,,0,,
A004494,個人,上班族,2023-03-08,0,0,,,0,,
A004495,個人,上班族,2013-01-23,0,0,,,0,,
A004496,個人,上班族,2012-02-15,0,0,,,0,,
A004497,個人,上班族,2021-11-23,0,0,,,0,,
A004498,個人,上班族,2010-03-22,0,0,,,0,,
A004499,個人,上班族,2026-04-09,0,0,,,0,,
A004500,個人,上班族,2009-06-04,0,0,,,0,,
A004501,個人,上班族,2009-03-25,0,0,,,0,,
A004502,個人,上班族,2015-03-24,0,0,,,0,,
A004503,個人,上班族,2018-04-09,0,0,,,0,,
A004504,個人,上班族,2015-10-31,0,0,,,0,,
A004505,個人,上班族,2014-09-11,0,0,,,0,,
A004506,個人,上班族,2024-10-14,0,0,,,0,,
A004507,個人,上班族,2008-09-14,0,0,,,0,,
A004508,個人,上班族,2024-09-15,0,0,,,0,,
A004509,個人,上班族,2009-09-03,0,0,,,0,,
A004510,個人,上班族,2008-11-20,0,0,,,0,,
A004511,個人,上班族,2017-01-01,0,0,,,0,,
A004512,個人,上班族,2014-10-08,0,0,,,0,,
A004513,個人,上班族,2013-08-15,0,0,,,0,,
A004514,個人,上班族,2026-03-20,0,0,,,0,,
A004515,個人,上班族,2019-10-05,0,0,,,0,,
A004516,個人,上班族,2019-11-07,0,0,,,0,,
A004517,個人,上班族,2009-06-18,0,0,,,0,,
A004518,個人,上班族,2017-02-22,0,0,,,0,,
A004519,個人,上班族,2008-02-23,0,0,,,0,,
A004520,個人,上班族,2022-03-19,0,0,,,0,,
A004521,個人,上班族,2008-05-21,0,0,,,0,,
A004522,個人,上班族,2007-04-15,0,0,,,0,,
A004523,個人,上班族,2017-05-02,0,0,,,0,,
A004524,個人,上班族,2011-06-11,0,0,,,0,,
A004525,個人,上班族,2026-03-26,0,0,,,0,,
A004526,個人,上班族,2019-06-07,0,0,,,0,,
A004527,個人,上班族,2013-03-09,0,0,,,0,,
A004528,個人,上班族,2011-01-13,0,0,,,0,,
A004529,個人,上班族,2006-05-31,0,0,,,0,,
A004530,個人,上班族,2026-03-29,0,0,,,0,,
A004531,個人,上班族,2006-03-31,0,0,,,0,,
A004532,個人,上班族,2010-04-12,0,0,,,0,,
A004533,個人,上班族,2011-05-15,0,0,,,0,,
A004534,個人,上班族,2023-05-10,0,0,,,0,,
A004535,個人,上班族,2019-02-05,0,0,,,0,,
A004536,個人,上班族,2016-11-27,0,0,,,0,,
A004537,個人,上班族,2024-03-15,0,0,,,0,,
A004538,個人,上班族,2015-08-28,0,0,,,0,,
A004539,個人,上班族,2017-10-17,0,0,,,0,,
A004540,個人,上班族,2023-02-15,0,0,,,0,,
A004541,個人,上班族,2014-03-26,0,0,,,0,,
A004542,個人,上班族,2023-08-30,0,0,,,0,,
A004543,個人,上班族,2007-03-29,0,0,,,0,,
A004544,個人,上班族,2013-01-01,0,0,,,0,,
A004545,個人,上班族,2021-12-18,0,0,,,0,,
A004546,個人,上班族,2012-07-09,0,0,,,0,,
A004547,個人,上班族,2009-08-13,0,0,,,0,,
A004548,個人,上班族,2021-04-08,0,0,,,0,,
A004549,個人,上班族,2022-03-09,0,0,,,0,,
A004550,個人,上班族,2012-01-09,0,0,,,0,,
A004551,個人,上班族,2016-10-06,0,0,,,0,,
A004552,個人,上班族,2014-03-01,0,0,,,0,,
A004553,個人,上班族,2018-11-05,0,0,,,0,,
A004554,個人,上班族,2013-07-22,0,0,,,0,,
A004555,個人,上班族,2019-06-04,1643,0,,,0,,
A004556,個人,上班族,2009-05-29,0,0,,,0,,
A004557,個人,上班族,2026-03-17,0,0,,,0,,
A004558,個人,上班族,2009-01-28,0,0,,,0,,
A004559,個人,上班族,2012-05-13,0,0,,,0,,
A004560,個人,上班族,2010-11-04,0,0,,,0,,
A004561,個人,上班族,2018-01-10,0,0,,,0,,
A004562,個人,上班族,2024-09-28,0,0,,,0,,
A004563,個人,上班族,2016-05-11,0,0,,,0,,
A004564,個人,上班族,2012-10-20,0,0,,,0,,
A004565,個人,上班族,2024-03-30,0,0,,,0,,
A004566,個人,上班族,2008-04-12,0,0,,,0,,
A004567,個人,上班族,2011-12-13,0,0,,,0,,
A004568,個人,上班族,2018-01-18,0,0,,,0,,
A004569,個人,上班族,2024-02-05,0,0,,,0,,
A004570,個人,上班族,2017-05-08,0,0,,,0,,
A004571,個人,上班族,2014-09-18,0,0,,,0,,
A004572,個人,上班族,2021-07-08,0,0,,,0,,
A004573,個人,上班族,2026-04-11,0,0,,,0,,
A004574,個人,上班族,2012-08-02,0,0,,,0,,
A004575,個人,上班族,2014-06-23,0,0,,,0,,
A004576,個人,上班族,2023-04-23,0,0,,,0,,
A004577,個人,上班族,2023-10-10,0,0,,,0,,
A004578,個人,上班族,2015-05-25,0,0,,,0,,
A004579,個人,上班族,2019-02-27,0,0,,,0,,
A004580,個人,上班族,2024-02-16,0,0,,,0,,
A004581,個人,上班族,2014-12-17,0,0,,,0,,
A004582,個人,上班族,2006-04-22,0,0,,,0,,
A004583,個人,上班族,2011-03-07,0,0,,,0,,
A004584,個人,上班族,2011-05-30,0,0,,,0,,
A004585,個人,上班族,2023-11-30,0,0,,,0,,
A004586,個人,上班族,2015-10-15,0,0,,,0,,
A004587,個人,上班族,2020-04-13,0,0,,,0,,
A004588,個人,上班族,2018-03-11,0,0,,,0,,
A004589,個人,上班族,2020-05-13,0,0,,,0,,
A004590,個人,上班族,2014-12-27,0,0,,,0,,
A004591,個人,上班族,2012-04-21,0,0,,,0,,
A004592,個人,上班族,2017-07-29,0,0,,,0,,
A004593,個人,上班族,2009-03-20,0,0,,,0,,
A004594,個人,上班族,2020-08-01,0,0,,,0,,
A004595,個人,上班族,2016-09-23,0,0,,,0,,
A004596,個人,上班族,2010-01-06,0,0,,,0,,
A004597,個人,上班族,2018-02-18,0,0,,,0,,
A004598,個人,上班族,2026-01-14,0,0,,,0,,
A004599,個人,上班族,2010-09-27,0,0,,,0,,
A004600,個人,上班族,2009-07-08,0,0,,,0,,
A004601,個人,上班族,2016-09-13,0,0,,,0,,
A004602,個人,上班族,2015-07-25,0,0,,,0,,
A004603,個人,上班族,2024-03-15,0,0,,,0,,
A004604,個人,上班族,2006-12-29,1927,0,,,0,,
A004605,個人,上班族,2009-08-12,0,0,,,0,,
A004606,個人,上班族,2010-01-23,0,0,,,0,,
A004607,個人,上班族,2008-02-20,0,0,,,0,,
A004608,個人,上班族,2010-08-11,0,0,,,0,,
A004609,個人,上班族,2016-06-25,0,0,,,0,,
A004610,個人,上班族,2014-11-21,0,0,,,0,,
A004611,個人,上班族,2023-05-09,0,0,,,0,,
A004612,個人,上班族,2026-04-05,0,0,,,0,,
A004613,個人,上班族,2023-05-14,0,0,,,0,,
A004614,個人,上班族,2008-02-10,0,0,,,0,,
A004615,個人,上班族,2015-05-03,0,0,,,0,,
A004616,個人,上班族,2021-03-18,0,0,,,0,,
A004617,個人,上班族,2008-01-26,0,0,,,0,,
A004618,個人,上班族,2016-12-07,0,0,,,0,,
A004619,個人,上班族,2022-02-24,0,0,,,0,,
A004620,個人,上班族,2020-08-19,0,0,,,0,,
A004621,個人,上班族,2021-10-01,0,0,,,0,,
A004622,個人,上班族,2015-04-07,0,0,,,0,,
A004623,個人,上班族,2012-02-24,0,0,,,0,,
A004624,個人,上班族,2017-05-23,0,0,,,0,,
A004625,個人,上班族,2014-05-28,0,0,,,0,,
A004626,個人,上班族,2015-07-09,0,0,,,0,,
A004627,個人,上班族,2012-08-22,0,0,,,0,,
A004628,個人,上班族,2008-03-16,0,0,,,0,,
A004629,個人,上班族,2022-09-07,0,0,,,0,,
A004630,個人,上班族,2013-04-07,0,0,,,0,,
A004631,個人,上班族,2006-06-30,0,0,,,0,,
A004632,個人,上班族,2017-09-18,0,0,,,0,,
A004633,個人,上班族,2018-03-01,0,0,,,0,,
A004634,個人,上班族,2019-10-16,0,0,,,0,,
A004635,個人,上班族,2015-02-20,0,0,,,0,,
A004636,個人,上班族,2021-01-31,0,0,,,0,,
A004637,個人,上班族,2014-08-09,0,0,,,0,,
A004638,個人,上班族,2015-03-01,0,0,,,0,,
A004639,個人,上班族,2006-07-18,0,0,,,0,,
A004640,個人,上班族,2026-03-31,0,0,,,0,,
A004641,個人,上班族,2015-12-28,0,0,,,0,,
A004642,個人,上班族,2019-05-27,0,0,,,0,,
A004643,個人,上班族,2006-10-14,0,0,,,0,,
A004644,個人,上班族,2021-08-31,0,0,,,0,,
A004645,個人,上班族,2017-07-13,0,0,,,0,,
A004646,個人,上班族,2023-11-20,0,0,,,0,,
A004647,個人,上班族,2009-05-10,0,0,,,0,,
A004648,個人,上班族,2016-02-18,0,0,,,0,,
A004649,個人,上班族,2023-07-09,0,0,,,0,,
A004650,個人,上班族,2017-03-02,0,0,,,0,,
A004651,個人,上班族,2010-10-23,0,0,,,0,,
A004652,個人,上班族,2022-04-02,0,0,,,0,,
A004653,個人,上班族,2007-11-16,0,0,,,0,,
A004654,個人,上班族,2007-08-29,0,0,,,0,,
A004655,個人,上班族,2012-04-10,0,0,,,0,,
A004656,個人,上班族,2015-07-23,0,0,,,0,,
A004657,個人,上班族,2008-01-23,0,0,,,0,,
A004658,個人,上班族,2010-09-16,0,0,,,0,,
A004659,個人,上班族,2013-03-06,0,0,,,0,,
A004660,個人,上班族,2020-02-25,0,0,,,0,,
A004661,個人,上班族,2006-01-25,0,0,,,0,,
A004662,個人,上班族,2009-10-07,0,0,,,0,,
A004663,個人,上班族,2022-02-17,0,0,,,0,,
A004664,個人,上班族,2022-02-21,0,0,,,0,,
A004665,個人,上班族,2017-04-03,0,0,,,0,,
A004666,個人,上班族,2009-03-12,0,0,,,0,,
A004667,個人,上班族,2014-12-26,0,0,,,0,,
A004668,個人,上班族,2020-09-05,0,0,,,0,,
A004669,個人,上班族,2015-08-17,0,0,,,0,,
A004670,個人,上班族,2016-10-27,0,0,,,0,,
A004671,個人,上班族,2017-12-03,0,0,,,0,,
A004672,個人,上班族,2020-02-15,0,0,,,0,,
A004673,個人,上班族,2006-05-26,0,0,,,0,,
A004674,個人,上班族,2006-06-15,0,0,,,0,,
A004675,個人,上班族,2022-01-24,0,0,,,0,,
A004676,個人,上班族,2018-02-24,0,0,,,0,,
A004677,個人,上班族,2006-01-24,0,0,,,0,,
A004678,個人,上班族,2014-01-05,0,0,,,0,,
A004679,個人,上班族,2011-04-08,0,0,,,0,,
A004680,個人,上班族,2007-05-03,0,0,,,0,,
A004681,個人,上班族,2013-02-02,0,0,,,0,,
A004682,個人,上班族,2010-01-30,0,0,,,0,,
A004683,個人,上班族,2023-07-07,0,0,,,0,,
A004684,個人,上班族,2006-10-19,0,0,,,0,,
A004685,個人,上班族,2014-03-04,0,0,,,0,,
A004686,個人,上班族,2008-12-26,0,0,,,0,,
A004687,個人,上班族,2014-09-22,0,0,,,0,,
A004688,個人,上班族,2017-08-26,0,0,,,0,,
A004689,個人,上班族,2011-02-11,0,0,,,0,,
A004690,個人,上班族,2017-07-25,0,0,,,0,,
A004691,個人,上班族,2024-07-28,0,0,,,0,,
A004692,個人,上班族,2019-11-02,0,0,,,0,,
A004693,個人,上班族,2010-12-09,0,0,,,0,,
A004694,個人,上班族,2008-09-15,0,0,,,0,,
A004695,個人,上班族,2006-09-06,0,0,,,0,,
A004696,個人,上班族,2009-12-30,0,0,,,0,,
A004697,個人,上班族,2009-09-13,0,0,,,0,,
A004698,個人,上班族,2017-11-15,0,0,,,0,,
A004699,個人,上班族,2015-12-06,0,0,,,0,,
A004700,個人,上班族,2010-04-25,0,0,,,0,,
A004701,個人,上班族,2009-07-19,0,0,,,0,,
A004702,個人,上班族,2022-12-23,0,0,,,0,,
A004703,個人,上班族,2006-12-19,0,0,,,0,,
A004704,個人,上班族,2026-02-06,0,0,,,0,,
A004705,個人,上班族,2018-03-04,0,0,,,0,,
A004706,個人,上班族,2011-03-25,0,0,,,0,,
A004707,個人,上班族,2019-04-08,0,0,,,0,,
A004708,個人,上班族,2016-12-19,0,0,,,0,,
A004709,個人,上班族,2018-10-02,0,0,,,0,,
A004710,個人,上班族,2008-12-28,0,0,,,0,,
A004711,個人,上班族,2013-02-21,0,0,,,0,,
A004712,個人,上班族,2006-03-13,0,0,,,0,,
A004713,個人,上班族,2011-03-06,0,0,,,0,,
A004714,個人,上班族,2023-09-21,0,0,,,0,,
A004715,個人,上班族,2022-04-12,0,0,,,0,,
A004716,個人,上班族,2007-02-19,0,0,,,0,,
A004717,個人,上班族,2014-04-21,0,0,,,0,,
A004718,個人,上班族,2006-12-29,0,0,,,0,,
A004719,個人,上班族,2013-09-21,0,0,,,0,,
A004720,個人,上班族,2010-08-13,0,0,,,0,,
A004721,個人,上班族,2011-06-07,0,0,,,0,,
A004722,個人,上班族,2014-10-25,0,0,,,0,,
A004723,個人,上班族,2012-11-09,0,0,,,0,,
A004724,個人,上班族,2007-07-26,0,0,,,0,,
A004725,個人,上班族,2015-09-09,0,0,,,0,,
A004726,個人,上班族,2022-09-29,0,0,,,0,,
A004727,個人,上班族,2010-01-22,0,0,,,0,,
A004728,個人,上班族,2018-04-25,0,0,,,0,,
A004729,個人,上班族,2012-11-09,0,0,,,0,,
A004730,個人,上班族,2019-04-14,0,0,,,0,,
A004731,個人,上班族,2012-03-14,0,0,,,0,,
A004732,個人,上班族,2009-02-15,0,0,,,0,,
A004733,個人,上班族,2014-11-04,0,0,,,0,,
A004734,個人,上班族,2020-10-10,0,0,,,0,,
A004735,個人,上班族,2008-01-25,0,0,,,0,,
A004736,個人,上班族,2019-12-21,0,0,,,0,,
A004737,個人,上班族,2009-12-23,0,0,,,0,,
A004738,個人,上班族,2013-10-06,0,0,,,0,,
A004739,個人,上班族,2026-02-16,0,0,,,0,,
A004740,個人,上班族,2008-03-12,0,0,,,0,,
A004741,個人,上班族,2021-02-21,0,0,,,0,,
A004742,個人,上班族,2013-10-21,0,0,,,0,,
A004743,個人,上班族,2012-02-23,0,0,,,0,,
A004744,個人,上班族,2006-11-06,0,0,,,0,,
A004745,個人,上班族,2016-04-14,0,0,,,0,,
A004746,個人,上班族,2020-07-29,0,0,,,0,,
A004747,個人,上班族,2011-01-21,0,0,,,0,,
A004748,個人,上班族,2007-01-28,0,0,,,0,,
A004749,個人,上班族,2007-04-26,0,0,,,0,,
A004750,個人,上班族,2016-05-10,0,0,,,0,,
A004751,個人,上班族,2017-03-23,0,0,,,0,,
A004752,個人,上班族,2021-10-19,0,0,,,0,,
A004753,個人,上班族,2017-11-26,0,0,,,0,,
A004754,個人,上班族,2018-04-27,0,0,,,0,,
A004755,個人,上班族,2018-04-03,0,0,,,0,,
A004756,個人,上班族,2011-09-14,0,0,,,0,,
A004757,個人,上班族,2006-10-28,0,0,,,0,,
A004758,個人,上班族,2018-11-10,0,0,,,0,,
A004759,個人,上班族,2021-07-25,0,0,,,0,,
A004760,個人,上班族,2020-03-27,0,0,,,0,,
A004761,個人,上班族,2017-02-24,0,0,,,0,,
A004762,個人,上班族,2019-02-18,0,0,,,0,,
A004763,個人,上班族,2007-12-16,0,0,,,0,,
A004764,個人,上班族,2010-05-02,0,0,,,0,,
A004765,個人,上班族,2009-07-11,0,0,,,0,,
A004766,個人,上班族,2022-10-23,0,0,,,0,,
A004767,個人,上班族,2018-07-03,0,0,,,0,,
A004768,個人,上班族,2022-04-30,0,0,,,0,,
A004769,個人,上班族,2009-01-17,0,0,,,0,,
A004770,個人,上班族,2013-10-28,0,0,,,0,,
A004771,個人,上班族,2011-03-20,0,0,,,0,,
A004772,個人,上班族,2024-03-12,0,0,,,0,,
A004773,個人,上班族,2024-08-26,0,0,,,0,,
A004774,個人,上班族,2024-06-05,0,0,,,0,,
A004775,個人,上班族,2021-01-24,0,0,,,0,,
A004776,個人,上班族,2026-04-06,0,0,,,0,,
A004777,個人,上班族,2015-01-13,0,0,,,0,,
A004778,個人,上班族,2007-12-31,0,0,,,0,,
A004779,個人,上班族,2011-12-13,0,0,,,0,,
A004780,個人,上班族,2021-05-02,0,0,,,0,,
A004781,個人,上班族,2026-02-10,0,0,,,0,,
A004782,個人,上班族,2014-11-26,0,0,,,0,,
A004783,個人,上班族,2009-12-29,0,0,,,0,,
A004784,個人,上班族,2024-05-12,0,0,,,0,,
A004785,個人,上班族,2023-12-25,0,0,,,0,,
A004786,個人,上班族,2009-11-16,0,0,,,0,,
A004787,個人,上班族,2020-05-28,0,0,,,0,,
A004788,個人,上班族,2016-10-21,0,0,,,0,,
A004789,個人,上班族,2016-03-31,0,0,,,0,,
A004790,個人,上班族,2020-06-20,0,0,,,0,,
A004791,個人,上班族,2012-04-06,0,0,,,0,,
A004792,個人,上班族,2007-01-08,0,0,,,0,,
A004793,個人,上班族,2014-06-15,0,0,,,0,,
A004794,個人,上班族,2016-03-30,0,0,,,0,,
A004795,個人,上班族,2023-10-04,0,0,,,0,,
A004796,個人,上班族,2008-09-25,0,0,,,0,,
A004797,個人,上班族,2006-03-27,0,0,,,0,,
A004798,個人,上班族,2026-03-31,0,0,,,0,,
A004799,個人,上班族,2021-10-24,0,0,,,0,,
A004800,個人,上班族,2023-10-24,0,0,,,0,,
A004801,個人,上班族,2018-09-12,0,0,,,0,,
A004802,個人,上班族,2007-06-20,0,0,,,0,,
A004803,個人,上班族,2017-12-24,0,0,,,0,,
A004804,個人,上班族,2022-01-31,0,0,,,0,,
A004805,個人,上班族,2012-03-13,0,0,,,0,,
A004806,個人,上班族,2009-07-10,0,0,,,0,,
A004807,個人,上班族,2011-01-23,0,0,,,0,,
A004808,個人,上班族,2020-08-07,0,0,,,0,,
A004809,個人,上班族,2023-04-02,0,0,,,0,,
A004810,個人,上班族,2022-07-08,0,0,,,0,,
A004811,個人,上班族,2017-09-17,0,0,,,0,,
A004812,個人,上班族,2009-08-12,0,0,,,0,,
A004813,個人,上班族,2026-04-21,0,0,,,0,,
A004814,個人,上班族,2018-01-22,0,0,,,0,,
A004815,個人,上班族,2016-01-10,0,0,,,0,,
A004816,個人,上班族,2008-08-08,0,0,,,0,,
A004817,個人,上班族,2015-01-29,0,0,,,0,,
A004818,個人,上班族,2016-02-27,0,0,,,0,,
A004819,個人,上班族,2010-09-24,0,0,,,0,,
A004820,個人,上班族,2020-08-15,0,0,,,0,,
A004821,個人,上班族,2011-10-01,0,0,,,0,,
A004822,個人,上班族,2008-07-02,0,0,,,0,,
A004823,個人,上班族,2018-12-05,0,0,,,0,,
A004824,個人,上班族,2007-02-19,0,0,,,0,,
A004825,個人,上班族,2020-01-24,0,0,,,0,,
A004826,個人,上班族,2026-02-20,0,0,,,0,,
A004827,個人,上班族,2007-12-31,0,0,,,0,,
A004828,個人,上班族,2006-08-27,0,0,,,0,,
A004829,個人,上班族,2008-04-23,0,0,,,0,,
A004830,個人,上班族,2007-07-25,0,0,,,0,,
A004831,個人,上班族,2014-05-19,0,0,,,0,,
A004832,個人,上班族,2022-03-01,0,0,,,0,,
A004833,個人,上班族,2008-09-16,0,0,,,0,,
A004834,個人,上班族,2017-06-07,0,0,,,0,,
A004835,個人,上班族,2006-03-14,0,0,,,0,,
A004836,個人,上班族,2018-01-24,0,0,,,0,,
A004837,個人,上班族,2006-12-20,0,0,,,0,,
A004838,個人,上班族,2016-08-09,0,0,,,0,,
A004839,個人,上班族,2009-08-21,0,0,,,0,,
A004840,個人,上班族,2010-10-28,0,0,,,0,,
A004841,個人,上班族,2006-12-16,0,0,,,0,,
A004842,個人,上班族,2014-04-13,0,0,,,0,,
A004843,個人,上班族,2019-07-09,0,0,,,0,,
A004844,個人,上班族,2020-12-01,0,0,,,0,,
A004845,個人,上班族,2019-05-13,0,0,,,0,,
A004846,個人,上班族,2019-01-07,0,0,,,0,,
A004847,個人,上班族,2012-09-26,0,0,,,0,,
A004848,個人,上班族,2020-02-22,0,0,,,0,,
A004849,個人,上班族,2016-08-15,0,0,,,0,,
A004850,個人,上班族,2011-08-29,0,0,,,0,,
A004851,個人,上班族,2026-03-09,0,0,,,0,,
A004852,個人,上班族,2017-06-07,585,0,,,0,,
A004853,個人,上班族,2009-04-20,0,0,,,0,,
A004854,個人,上班族,2014-09-16,0,0,,,0,,
A004855,個人,上班族,2009-05-30,0,0,,,0,,
A004856,個人,上班族,2023-07-25,0,0,,,0,,
A004857,個人,上班族,2012-10-31,0,0,,,0,,
A004858,個人,上班族,2014-11-22,0,0,,,0,,
A004859,個人,上班族,2012-07-12,0,0,,,0,,
A004860,個人,上班族,2016-07-02,0,0,,,0,,
A004861,個人,上班族,2015-06-30,0,0,,,0,,
A004862,個人,上班族,2014-02-04,0,0,,,0,,
A004863,個人,上班族,2016-01-31,0,0,,,0,,
A004864,個人,上班族,2013-07-20,0,0,,,0,,
A004865,個人,上班族,2020-10-04,0,0,,,0,,
A004866,個人,上班族,2011-03-30,0,0,,,0,,
A004867,個人,上班族,2024-10-24,0,0,,,0,,
A004868,個人,上班族,2009-11-24,0,0,,,0,,
A004869,個人,上班族,2023-07-21,0,0,,,0,,
A004870,個人,上班族,2016-05-21,0,0,,,0,,
A004871,個人,上班族,2018-12-26,0,0,,,0,,
A004872,個人,上班族,2014-04-07,0,0,,,0,,
A004873,個人,上班族,2007-11-18,0,0,,,0,,
A004874,個人,上班族,2022-01-10,0,0,,,0,,
A004875,個人,上班族,2014-03-25,0,0,,,0,,
A004876,個人,上班族,2012-09-26,0,0,,,0,,
A004877,個人,上班族,2020-01-11,0,0,,,0,,
A004878,個人,上班族,2023-07-02,0,0,,,0,,
A004879,個人,上班族,2026-01-22,0,0,,,0,,
A004880,個人,上班族,2007-04-16,0,0,,,0,,
A004881,個人,上班族,2022-08-28,0,0,,,0,,
A004882,個人,上班族,2010-12-28,0,0,,,0,,
A004883,個人,上班族,2006-10-02,0,0,,,0,,
A004884,個人,上班族,2019-07-29,0,0,,,0,,
A004885,個人,上班族,2018-12-14,0,0,,,0,,
A004886,個人,上班族,2017-08-14,0,0,,,0,,
A004887,個人,上班族,2015-05-11,0,0,,,0,,
A004888,個人,上班族,2019-07-29,0,0,,,0,,
A004889,個人,上班族,2008-06-03,0,0,,,0,,
A004890,個人,上班族,2015-09-25,0,0,,,0,,
A004891,個人,上班族,2009-12-05,0,0,,,0,,
A004892,個人,上班族,2008-08-30,0,0,,,0,,
A004893,個人,上班族,2019-05-09,0,0,,,0,,
A004894,個人,上班族,2020-05-22,0,0,,,0,,
A004895,個人,上班族,2020-05-18,0,0,,,0,,
A004896,個人,上班族,2012-12-16,0,0,,,0,,
A004897,個人,上班族,2023-12-03,0,0,,,0,,
A004898,個人,上班族,2010-05-15,0,0,,,0,,
A004899,個人,上班族,2013-03-17,0,0,,,0,,
A004900,個人,上班族,2022-12-21,0,0,,,0,,
A004901,個人,上班族,2015-09-04,0,0,,,0,,
A004902,個人,上班族,2015-05-01,0,0,,,0,,
A004903,個人,上班族,2015-01-01,0,0,,,0,,
A004904,個人,上班族,2015-01-14,0,0,,,0,,
A004905,個人,上班族,2022-12-16,0,0,,,0,,
A004906,個人,上班族,2011-08-18,0,0,,,0,,
A004907,個人,上班族,2021-04-12,0,0,,,0,,
A004908,個人,上班族,2023-12-24,0,0,,,0,,
A004909,個人,上班族,2019-10-23,0,0,,,0,,
A004910,個人,上班族,2018-11-22,0,0,,,0,,
A004911,個人,上班族,2022-05-11,0,0,,,0,,
A004912,個人,上班族,2019-04-09,0,0,,,0,,
A004913,個人,上班族,2016-09-27,0,0,,,0,,
A004914,個人,上班族,2011-11-11,0,0,,,0,,
A004915,個人,上班族,2006-08-13,0,0,,,0,,
A004916,個人,上班族,2014-11-11,0,0,,,0,,
A004917,個人,上班族,2013-08-07,0,0,,,0,,
A004918,個人,上班族,2006-04-13,0,0,,,0,,
A004919,個人,上班族,2014-10-27,0,0,,,0,,
A004920,個人,上班族,2018-02-08,0,0,,,0,,
A004921,個人,上班族,2011-11-03,0,0,,,0,,
A004922,個人,上班族,2009-01-14,0,0,,,0,,
A004923,個人,上班族,2010-08-13,0,0,,,0,,
A004924,個人,上班族,2022-06-12,0,0,,,0,,
A004925,個人,上班族,2013-03-01,0,0,,,0,,
A004926,個人,上班族,2018-06-13,0,0,,,0,,
A004927,個人,上班族,2017-12-22,0,0,,,0,,
A004928,個人,上班族,2009-12-14,0,0,,,0,,
A004929,個人,上班族,2009-03-05,0,0,,,0,,
A004930,個人,上班族,2023-06-08,0,0,,,0,,
A004931,個人,上班族,2019-03-10,0,0,,,0,,
A004932,個人,上班族,2021-12-16,0,0,,,0,,
A004933,個人,上班族,2016-11-24,0,0,,,0,,
A004934,個人,上班族,2021-11-29,0,0,,,0,,
A004935,個人,上班族,2019-06-15,0,0,,,0,,
A004936,個人,上班族,2023-07-02,0,0,,,0,,
A004937,個人,上班族,2014-11-03,0,0,,,0,,
A004938,個人,上班族,2010-12-07,0,0,,,0,,
A004939,個人,上班族,2019-05-23,0,0,,,0,,
A004940,個人,上班族,2021-08-27,0,0,,,0,,
A004941,個人,上班族,2008-06-03,0,0,,,0,,
A004942,個人,上班族,2023-04-22,0,0,,,0,,
A004943,個人,上班族,2022-11-22,0,0,,,0,,
A004944,個人,上班族,2019-05-25,0,0,,,0,,
A004945,個人,上班族,2007-03-20,0,0,,,0,,
A004946,個人,上班族,2026-05-20,0,0,,,0,,
A004947,個人,上班族,2022-08-16,0,0,,,0,,
A004948,個人,上班族,2013-09-07,0,0,,,0,,
A004949,個人,上班族,2011-10-31,0,0,,,0,,
A004950,個人,上班族,2015-07-12,0,0,,,0,,
A004951,個人,上班族,2019-08-19,0,0,,,0,,
A004952,個人,上班族,2021-02-25,0,0,,,0,,
A004953,個人,上班族,2015-01-06,0,0,,,0,,
A004954,個人,上班族,2010-11-07,0,0,,,0,,
A004955,個人,上班族,2010-03-17,1167,0,,,0,,
A004956,個人,上班族,2022-03-22,0,0,,,0,,
A004957,個人,上班族,2006-03-26,0,0,,,0,,
A004958,個人,上班族,2023-09-20,0,0,,,0,,
A004959,個人,上班族,2019-12-02,0,0,,,0,,
A004960,個人,上班族,2017-09-08,0,0,,,0,,
A004961,個人,上班族,2023-06-26,0,0,,,0,,
A004962,個人,上班族,2018-03-27,0,0,,,0,,
A004963,個人,上班族,2020-11-17,0,0,,,0,,
A004964,個人,上班族,2006-05-29,0,0,,,0,,
A004965,個人,上班族,2009-09-28,0,0,,,0,,
A004966,個人,上班族,2026-04-12,0,0,,,0,,
A004967,個人,上班族,2008-03-04,0,0,,,0,,
A004968,個人,上班族,2009-03-19,0,0,,,0,,
A004969,個人,上班族,2009-05-06,0,0,,,0,,
A004970,個人,上班族,2015-11-01,0,0,,,0,,
A004971,個人,上班族,2020-03-15,0,0,,,0,,
A004972,個人,上班族,2007-02-08,0,0,,,0,,
A004973,個人,上班族,2013-03-11,0,0,,,0,,
A004974,個人,上班族,2010-05-21,0,0,,,0,,
A004975,個人,上班族,2011-10-18,0,0,,,0,,
A004976,個人,上班族,2011-04-03,0,0,,,0,,
A004977,個人,上班族,2009-12-08,0,0,,,0,,
A004978,個人,上班族,2013-08-29,0,0,,,0,,
A004979,個人,上班族,2013-02-21,0,0,,,0,,
A004980,個人,上班族,2022-02-12,0,0,,,0,,
A004981,個人,上班族,2019-01-04,0,0,,,0,,
A004982,個人,上班族,2026-01-17,0,0,,,0,,
A004983,個人,上班族,2012-11-06,0,0,,,0,,
A004984,個人,上班族,2012-07-05,0,0,,,0,,
A004985,個人,上班族,2016-05-01,0,0,,,0,,
A004986,個人,上班族,2007-05-27,0,0,,,0,,
A004987,個人,上班族,2015-12-18,0,0,,,0,,
A004988,個人,上班族,2018-04-02,0,0,,,0,,
A004989,個人,上班族,2010-01-26,0,0,,,0,,
A004990,個人,上班族,2010-05-23,0,0,,,0,,
A004991,個人,上班族,2015-04-27,0,0,,,0,,
A004992,個人,上班族,2019-07-13,0,0,,,0,,
A004993,個人,上班族,2018-07-28,0,0,,,0,,
A004994,個人,上班族,2019-05-23,0,0,,,0,,
A004995,個人,上班族,2010-07-11,0,0,,,0,,
A004996,個人,上班族,2013-04-27,0,0,,,0,,
A004997,個人,上班族,2010-08-05,0,0,,,0,,
A004998,個人,上班族,2012-02-26,0,0,,,0,,
A004999,個人,上班族,2023-12-15,0,0,,,0,,
A005000,個人,上班族,2020-06-26,0,0,,,0,,
A005001,個人,上班族,2007-07-31,0,0,,,0,,
A005002,個人,上班族,2024-12-28,0,0,,,0,,
A005003,個人,上班族,2026-01-16,0,0,,,0,,
A005004,個人,上班族,2012-06-30,0,0,,,0,,
A005005,個人,上班族,2020-11-10,0,0,,,0,,
A005006,個人,上班族,2017-10-13,0,0,,,0,,
A005007,個人,上班族,2011-12-29,0,0,,,0,,
A005008,個人,上班族,2026-05-16,0,0,,,0,,
A005009,個人,上班族,2008-08-12,0,0,,,0,,
A005010,個人,上班族,2026-01-14,0,0,,,0,,
A005011,個人,上班族,2024-09-16,0,0,,,0,,
A005012,個人,上班族,2026-04-11,0,0,,,0,,
A005013,個人,上班族,2015-05-03,0,0,,,0,,
A005014,個人,上班族,2017-06-20,0,0,,,0,,
A005015,個人,上班族,2022-07-01,0,0,,,0,,
A005016,個人,上班族,2019-03-10,0,0,,,0,,
A005017,個人,上班族,2017-06-16,0,0,,,0,,
A005018,個人,上班族,2007-04-21,0,0,,,0,,
A005019,個人,上班族,2015-02-12,0,0,,,0,,
A005020,個人,上班族,2015-10-04,0,0,,,0,,
A005021,個人,上班族,2018-02-01,0,0,,,0,,
A005022,個人,上班族,2020-03-25,0,0,,,0,,
A005023,個人,上班族,2014-05-14,0,0,,,0,,
A005024,個人,上班族,2023-01-15,0,0,,,0,,
A005025,個人,上班族,2009-02-02,0,0,,,0,,
A005026,個人,上班族,2012-11-29,0,0,,,0,,
A005027,個人,上班族,2007-07-24,0,0,,,0,,
A005028,個人,上班族,2021-09-21,0,0,,,0,,
A005029,個人,上班族,2013-07-02,0,0,,,0,,
A005030,個人,上班族,2014-11-21,0,0,,,0,,
A005031,個人,上班族,2016-05-15,0,0,,,0,,
A005032,個人,上班族,2019-01-19,0,0,,,0,,
A005033,個人,上班族,2008-10-21,0,0,,,0,,
A005034,個人,上班族,2014-09-02,0,0,,,0,,
A005035,個人,上班族,2010-12-18,0,0,,,0,,
A005036,個人,上班族,2014-05-25,0,0,,,0,,
A005037,個人,上班族,2017-04-22,0,0,,,0,,
A005038,個人,上班族,2012-12-28,0,0,,,0,,
A005039,個人,上班族,2014-09-05,0,0,,,0,,
A005040,個人,上班族,2015-07-14,0,0,,,0,,
A005041,個人,上班族,2011-11-12,0,0,,,0,,
A005042,個人,上班族,2015-10-19,0,0,,,0,,
A005043,個人,上班族,2021-10-01,0,0,,,0,,
A005044,個人,上班族,2020-03-23,1773,0,,,0,,
A005045,個人,上班族,2007-04-28,0,0,,,0,,
A005046,個人,上班族,2017-06-19,0,0,,,0,,
A005047,個人,上班族,2022-09-27,0,0,,,0,,
A005048,個人,上班族,2023-04-07,0,0,,,0,,
A005049,個人,上班族,2012-11-21,0,0,,,0,,
A005050,個人,上班族,2018-12-03,0,0,,,0,,
A005051,個人,上班族,2023-02-17,0,0,,,0,,
A005052,個人,上班族,2010-12-01,0,0,,,0,,
A005053,個人,上班族,2011-04-04,0,0,,,0,,
A005054,個人,上班族,2008-10-20,0,0,,,0,,
A005055,個人,上班族,2009-11-29,0,0,,,0,,
A005056,個人,上班族,2008-09-29,0,0,,,0,,
A005057,個人,上班族,2011-12-23,0,0,,,0,,
A005058,個人,上班族,2018-09-23,0,0,,,0,,
A005059,個人,上班族,2024-01-17,0,0,,,0,,
A005060,個人,上班族,2007-09-30,0,0,,,0,,
A005061,個人,上班族,2009-11-10,0,0,,,0,,
A005062,個人,上班族,2024-07-24,0,0,,,0,,
A005063,個人,上班族,2018-10-05,0,0,,,0,,
A005064,個人,上班族,2020-04-26,0,0,,,0,,
A005065,個人,上班族,2009-04-24,0,0,,,0,,
A005066,個人,上班族,2023-09-21,0,0,,,0,,
A005067,個人,上班族,2007-10-12,0,0,,,0,,
A005068,個人,上班族,2006-03-26,0,0,,,0,,
A005069,個人,上班族,2020-10-23,0,0,,,0,,
A005070,個人,上班族,2026-02-23,0,0,,,0,,
A005071,個人,上班族,2024-05-22,0,0,,,0,,
A005072,個人,上班族,2024-10-17,0,0,,,0,,
A005073,個人,上班族,2016-07-31,0,0,,,0,,
A005074,個人,上班族,2018-10-14,0,0,,,0,,
A005075,個人,上班族,2024-02-15,0,0,,,0,,
A005076,個人,上班族,2018-10-07,0,0,,,0,,
A005077,個人,上班族,2019-02-18,0,0,,,0,,
A005078,個人,上班族,2022-03-10,0,0,,,0,,
A005079,個人,上班族,2020-09-21,0,0,,,0,,
A005080,個人,上班族,2022-09-23,0,0,,,0,,
A005081,個人,上班族,2015-12-22,0,0,,,0,,
A005082,個人,上班族,2011-10-15,0,0,,,0,,
A005083,個人,上班族,2016-02-17,0,0,,,0,,
A005084,個人,上班族,2012-06-13,0,0,,,0,,
A005085,個人,上班族,2008-08-25,0,0,,,0,,
A005086,個人,上班族,2010-02-16,0,0,,,0,,
A005087,個人,上班族,2013-06-20,0,0,,,0,,
A005088,個人,上班族,2008-01-04,0,0,,,0,,
A005089,個人,上班族,2020-01-19,0,0,,,0,,
A005090,個人,上班族,2019-04-26,0,0,,,0,,
A005091,個人,上班族,2006-01-15,0,0,,,0,,
A005092,個人,上班族,2018-02-11,0,0,,,0,,
A005093,個人,上班族,2023-09-07,315,0,,,0,,
A005094,個人,上班族,2016-10-11,0,0,,,0,,
A005095,個人,上班族,2010-03-21,0,0,,,0,,
A005096,個人,上班族,2016-06-02,0,0,,,0,,
A005097,個人,上班族,2015-10-31,0,0,,,0,,
A005098,個人,上班族,2006-01-24,0,0,,,0,,
A005099,個人,上班族,2014-06-03,0,0,,,0,,
A005100,個人,上班族,2016-02-07,0,0,,,0,,
A005101,個人,上班族,2013-06-23,0,0,,,0,,
A005102,個人,上班族,2016-04-07,0,0,,,0,,
A005103,個人,上班族,2017-10-20,0,0,,,0,,
A005104,個人,上班族,2021-12-21,0,0,,,0,,
A005105,個人,上班族,2013-11-12,0,0,,,0,,
A005106,個人,上班族,2019-08-31,0,0,,,0,,
A005107,個人,上班族,2019-08-25,0,0,,,0,,
A005108,個人,上班族,2006-06-18,0,0,,,0,,
A005109,個人,上班族,2013-05-03,0,0,,,0,,
A005110,個人,上班族,2023-06-10,0,0,,,0,,
A005111,個人,上班族,2006-10-30,0,0,,,0,,
A005112,個人,上班族,2010-03-02,0,0,,,0,,
A005113,個人,上班族,2018-10-09,0,0,,,0,,
A005114,個人,上班族,2010-01-17,0,0,,,0,,
A005115,個人,上班族,2017-06-08,0,0,,,0,,
A005116,個人,上班族,2021-09-13,0,0,,,0,,
A005117,個人,上班族,2016-04-06,0,0,,,0,,
A005118,個人,上班族,2010-04-23,0,0,,,0,,
A005119,個人,上班族,2019-06-09,0,0,,,0,,
A005120,個人,上班族,2024-02-21,0,0,,,0,,
A005121,個人,上班族,2022-08-16,0,0,,,0,,
A005122,個人,上班族,2026-03-15,0,0,,,0,,
A005123,個人,上班族,2017-04-24,0,0,,,0,,
A005124,個人,上班族,2015-04-11,0,0,,,0,,
A005125,個人,上班族,2018-08-19,0,0,,,0,,
A005126,個人,上班族,2018-08-21,0,0,,,0,,
A005127,個人,上班族,2012-01-16,0,0,,,0,,
A005128,個人,上班族,2020-01-26,0,0,,,0,,
A005129,個人,上班族,2006-06-15,0,0,,,0,,
A005130,個人,上班族,2014-08-10,0,0,,,0,,
A005131,個人,上班族,2023-11-28,0,0,,,0,,
A005132,個人,上班族,2015-10-17,0,0,,,0,,
A005133,個人,上班族,2019-06-28,0,0,,,0,,
A005134,個人,上班族,2016-11-12,0,0,,,0,,
A005135,個人,上班族,2022-02-05,0,0,,,0,,
A005136,個人,上班族,2023-05-03,0,0,,,0,,
A005137,個人,上班族,2006-11-18,0,0,,,0,,
A005138,個人,上班族,2017-05-26,0,0,,,0,,
A005139,個人,上班族,2007-11-22,0,0,,,0,,
A005140,個人,上班族,2016-03-01,0,0,,,0,,
A005141,個人,上班族,2011-04-03,0,0,,,0,,
A005142,個人,上班族,2026-04-26,0,0,,,0,,
A005143,個人,上班族,2016-08-09,0,0,,,0,,
A005144,個人,上班族,2020-02-16,0,0,,,0,,
A005145,個人,上班族,2011-06-25,0,0,,,0,,
A005146,個人,上班族,2013-05-23,0,0,,,0,,
A005147,個人,上班族,2020-03-24,1745,0,,,0,,
A005148,個人,上班族,2006-08-07,0,0,,,0,,
A005149,個人,上班族,2026-03-05,0,0,,,0,,
A005150,個人,上班族,2023-11-28,0,0,,,0,,
A005151,個人,上班族,2018-07-29,0,0,,,0,,
A005152,個人,上班族,2014-12-02,0,0,,,0,,
A005153,個人,上班族,2006-10-16,0,0,,,0,,
A005154,個人,上班族,2007-01-22,0,0,,,0,,
A005155,個人,上班族,2026-01-04,0,0,,,0,,
A005156,個人,上班族,2020-09-10,0,0,,,0,,
A005157,個人,上班族,2006-02-10,0,0,,,0,,
A005158,個人,上班族,2021-10-06,0,0,,,0,,
A005159,個人,上班族,2011-06-22,0,0,,,0,,
A005160,個人,上班族,2006-06-30,0,0,,,0,,
A005161,個人,上班族,2022-10-16,0,0,,,0,,
A005162,個人,上班族,2013-04-07,0,0,,,0,,
A005163,個人,上班族,2016-02-09,0,0,,,0,,
A005164,個人,上班族,2021-02-24,0,0,,,0,,
A005165,個人,上班族,2022-07-07,0,0,,,0,,
A005166,個人,上班族,2021-12-13,0,0,,,0,,
A005167,個人,上班族,2017-11-13,0,0,,,0,,
A005168,個人,上班族,2013-05-20,0,0,,,0,,
A005169,個人,上班族,2006-02-10,0,0,,,0,,
A005170,個人,上班族,2024-02-25,0,0,,,0,,
A005171,個人,上班族,2024-05-15,0,0,,,0,,
A005172,個人,上班族,2009-07-10,0,0,,,0,,
A005173,個人,上班族,2011-12-11,0,0,,,0,,
A005174,個人,上班族,2014-04-11,0,0,,,0,,
A005175,個人,上班族,2016-05-05,0,0,,,0,,
A005176,個人,上班族,2006-09-25,0,0,,,0,,
A005177,個人,上班族,2013-04-23,0,0,,,0,,
A005178,個人,上班族,2022-07-29,0,0,,,0,,
A005179,個人,上班族,2019-03-14,0,0,,,0,,
A005180,個人,上班族,2026-01-29,0,0,,,0,,
A005181,個人,上班族,2012-03-08,0,0,,,0,,
A005182,個人,上班族,2022-04-07,0,0,,,0,,
A005183,個人,上班族,2007-01-05,0,0,,,0,,
A005184,個人,上班族,2016-04-26,0,0,,,0,,
A005185,個人,上班族,2015-04-27,0,0,,,0,,
A005186,個人,上班族,2021-06-07,0,0,,,0,,
A005187,個人,上班族,2019-05-18,0,0,,,0,,
A005188,個人,上班族,2019-11-12,0,0,,,0,,
A005189,個人,上班族,2011-06-20,0,0,,,0,,
A005190,個人,上班族,2013-03-11,0,0,,,0,,
A005191,個人,上班族,2018-09-04,0,0,,,0,,
A005192,個人,上班族,2016-11-27,0,0,,,0,,
A005193,個人,上班族,2011-10-28,0,0,,,0,,
A005194,個人,上班族,2015-05-13,0,0,,,0,,
A005195,個人,上班族,2015-03-10,0,0,,,0,,
A005196,個人,上班族,2022-11-09,0,0,,,0,,
A005197,個人,上班族,2026-03-31,0,0,,,0,,
A005198,個人,上班族,2010-03-22,0,0,,,0,,
A005199,個人,上班族,2017-12-03,0,0,,,0,,
A005200,個人,上班族,2007-06-22,0,0,,,0,,
A005201,個人,上班族,2016-01-20,0,0,,,0,,
A005202,個人,上班族,2009-02-10,0,0,,,0,,
A005203,個人,上班族,2021-01-16,0,0,,,0,,
A005204,個人,上班族,2011-03-13,0,0,,,0,,
A005205,個人,上班族,2024-03-28,0,0,,,0,,
A005206,個人,上班族,2007-08-06,0,0,,,0,,
A005207,個人,上班族,2026-01-18,0,0,,,0,,
A005208,個人,上班族,2020-08-05,0,0,,,0,,
A005209,個人,上班族,2026-02-11,0,0,,,0,,
A005210,個人,上班族,2017-02-03,0,0,,,0,,
A005211,個人,上班族,2017-04-11,0,0,,,0,,
A005212,個人,上班族,2010-02-14,1236,0,,,0,,
A005213,個人,上班族,2014-10-31,0,0,,,0,,
A005214,個人,上班族,2018-07-08,0,0,,,0,,
A005215,個人,上班族,2022-04-27,0,0,,,0,,
A005216,個人,上班族,2022-12-09,0,0,,,0,,
A005217,個人,上班族,2022-03-26,0,0,,,0,,
A005218,個人,上班族,2013-05-29,0,0,,,0,,
A005219,個人,上班族,2024-06-29,0,0,,,0,,
A005220,個人,上班族,2018-03-18,0,0,,,0,,
A005221,個人,上班族,2022-03-19,0,0,,,0,,
A005222,個人,上班族,2022-09-06,0,0,,,0,,
A005223,個人,上班族,2022-08-25,0,0,,,0,,
A005224,個人,上班族,2024-07-08,0,0,,,0,,
A005225,個人,上班族,2021-09-15,0,0,,,0,,
A005226,個人,上班族,2016-11-09,0,0,,,0,,
A005227,個人,上班族,2023-01-19,0,0,,,0,,
A005228,個人,上班族,2017-01-17,0,0,,,0,,
A005229,個人,上班族,2023-03-17,0,0,,,0,,
A005230,個人,上班族,2013-03-31,0,0,,,0,,
A005231,個人,上班族,2012-07-20,0,0,,,0,,
A005232,個人,上班族,2011-01-02,0,0,,,0,,
A005233,個人,上班族,2022-02-07,0,0,,,0,,
A005234,個人,上班族,2007-10-05,0,0,,,0,,
A005235,個人,上班族,2026-01-10,0,0,,,0,,
A005236,個人,上班族,2010-09-12,0,0,,,0,,
A005237,個人,上班族,2007-11-17,0,0,,,0,,
A005238,個人,上班族,2026-02-11,0,0,,,0,,
A005239,個人,上班族,2016-08-04,0,0,,,0,,
A005240,個人,上班族,2017-02-01,0,0,,,0,,
A005241,個人,上班族,2015-08-07,0,0,,,0,,
A005242,個人,上班族,2015-05-05,0,0,,,0,,
A005243,個人,上班族,2019-06-18,0,0,,,0,,
A005244,個人,上班族,2007-07-10,0,0,,,0,,
A005245,個人,上班族,2021-09-05,0,0,,,0,,
A005246,個人,上班族,2009-09-22,0,0,,,0,,
A005247,個人,上班族,2026-01-21,0,0,,,0,,
A005248,個人,上班族,2015-08-27,0,0,,,0,,
A005249,個人,上班族,2010-07-15,0,0,,,0,,
A005250,個人,上班族,2010-07-09,0,0,,,0,,
A005251,個人,上班族,2015-09-13,0,0,,,0,,
A005252,個人,上班族,2008-09-14,0,0,,,0,,
A005253,個人,上班族,2015-01-18,0,0,,,0,,
A005254,個人,上班族,2013-10-26,0,0,,,0,,
A005255,個人,上班族,2006-07-02,0,0,,,0,,
A005256,個人,上班族,2017-07-16,0,0,,,0,,
A005257,個人,上班族,2019-04-09,0,0,,,0,,
A005258,個人,上班族,2010-08-26,0,0,,,0,,
A005259,個人,上班族,2012-02-26,0,0,,,0,,
A005260,個人,上班族,2011-09-25,0,0,,,0,,
A005261,個人,上班族,2024-04-12,0,0,,,0,,
A005262,個人,上班族,2023-02-23,0,0,,,0,,
A005263,個人,上班族,2011-12-26,0,0,,,0,,
A005264,個人,上班族,2007-04-01,0,0,,,0,,
A005265,個人,上班族,2012-08-08,0,0,,,0,,
A005266,個人,上班族,2022-02-14,0,0,,,0,,
A005267,個人,上班族,2006-09-07,0,0,,,0,,
A005268,個人,上班族,2013-04-06,0,0,,,0,,
A005269,個人,上班族,2013-12-01,0,0,,,0,,
A005270,個人,上班族,2015-11-24,0,0,,,0,,
A005271,個人,上班族,2007-07-01,0,0,,,0,,
A005272,個人,上班族,2015-10-26,0,0,,,0,,
A005273,個人,上班族,2020-02-06,0,0,,,0,,
A005274,個人,上班族,2016-04-13,0,0,,,0,,
A005275,個人,上班族,2008-10-27,0,0,,,0,,
A005276,個人,上班族,2020-09-15,0,0,,,0,,
A005277,個人,上班族,2020-09-05,0,0,,,0,,
A005278,個人,上班族,2022-11-27,0,0,,,0,,
A005279,個人,上班族,2020-06-30,0,0,,,0,,
A005280,個人,上班族,2007-11-29,0,0,,,0,,
A005281,個人,上班族,2007-06-17,0,0,,,0,,
A005282,個人,上班族,2010-01-06,0,0,,,0,,
A005283,個人,上班族,2008-03-18,0,0,,,0,,
A005284,個人,上班族,2012-09-07,0,0,,,0,,
A005285,個人,上班族,2021-02-11,0,0,,,0,,
A005286,個人,上班族,2015-02-27,0,0,,,0,,
A005287,個人,上班族,2020-11-02,0,0,,,0,,
A005288,個人,上班族,2019-01-10,0,0,,,0,,
A005289,個人,上班族,2013-12-18,0,0,,,0,,
A005290,個人,上班族,2007-11-06,0,0,,,0,,
A005291,個人,上班族,2011-01-13,0,0,,,0,,
A005292,個人,上班族,2013-03-25,0,0,,,0,,
A005293,個人,上班族,2022-03-24,627,0,,,0,,
A005294,個人,上班族,2024-09-07,0,0,,,0,,
A005295,個人,上班族,2011-11-01,0,0,,,0,,
A005296,個人,上班族,2014-01-01,0,0,,,0,,
A005297,個人,上班族,2013-07-16,0,0,,,0,,
A005298,個人,上班族,2022-08-05,0,0,,,0,,
A005299,個人,上班族,2008-05-22,0,0,,,0,,
A005300,個人,上班族,2010-11-01,0,0,,,0,,
A005301,個人,上班族,2010-03-18,0,0,,,0,,
A005302,個人,上班族,2014-08-09,0,0,,,0,,
A005303,個人,上班族,2026-03-22,0,0,,,0,,
A005304,個人,上班族,2010-02-12,0,0,,,0,,
A005305,個人,上班族,2018-12-04,0,0,,,0,,
A005306,個人,上班族,2017-11-22,0,0,,,0,,
A005307,個人,上班族,2012-01-01,0,0,,,0,,
A005308,個人,上班族,2024-07-21,0,0,,,0,,
A005309,個人,上班族,2006-01-19,0,0,,,0,,
A005310,個人,上班族,2023-06-23,0,0,,,0,,
A005311,個人,上班族,2014-02-05,0,0,,,0,,
A005312,個人,上班族,2026-05-13,0,0,,,0,,
A005313,個人,上班族,2017-11-30,0,0,,,0,,
A005314,個人,上班族,2014-06-29,0,0,,,0,,
A005315,個人,上班族,2020-10-02,0,0,,,0,,
A005316,個人,上班族,2008-06-23,0,0,,,0,,
A005317,個人,上班族,2024-10-17,0,0,,,0,,
A005318,個人,上班族,2020-10-11,0,0,,,0,,
A005319,個人,上班族,2007-12-14,0,0,,,0,,
A005320,個人,上班族,2006-04-01,0,0,,,0,,
A005321,個人,上班族,2018-01-05,0,0,,,0,,
A005322,個人,上班族,2024-08-08,0,0,,,0,,
A005323,個人,上班族,2007-07-11,0,0,,,0,,
A005324,個人,上班族,2017-01-12,0,0,,,0,,
A005325,個人,上班族,2008-03-01,0,0,,,0,,
A005326,個人,上班族,2013-11-29,0,0,,,0,,
A005327,個人,上班族,2023-04-21,0,0,,,0,,
A005328,個人,上班族,2007-08-09,0,0,,,0,,
A005329,個人,上班族,2017-05-07,0,0,,,0,,
A005330,個人,上班族,2019-04-29,0,0,,,0,,
A005331,個人,上班族,2015-02-09,0,0,,,0,,
A005332,個人,上班族,2026-02-25,0,0,,,0,,
A005333,個人,上班族,2022-05-30,0,0,,,0,,
A005334,個人,上班族,2010-06-09,0,0,,,0,,
A005335,個人,上班族,2010-05-05,0,0,,,0,,
A005336,個人,上班族,2010-03-05,0,0,,,0,,
A005337,個人,上班族,2020-11-13,0,0,,,0,,
A005338,個人,上班族,2008-11-09,0,0,,,0,,
A005339,個人,上班族,2014-01-29,0,0,,,0,,
A005340,個人,上班族,2014-08-24,0,0,,,0,,
A005341,個人,上班族,2017-02-10,0,0,,,0,,
A005342,個人,上班族,2015-05-20,0,0,,,0,,
A005343,個人,上班族,2008-02-11,0,0,,,0,,
A005344,個人,上班族,2006-07-21,0,0,,,0,,
A005345,個人,上班族,2021-02-26,0,0,,,0,,
A005346,個人,上班族,2026-05-17,0,0,,,0,,
A005347,個人,上班族,2006-08-21,0,0,,,0,,
A005348,個人,上班族,2010-12-26,0,0,,,0,,
A005349,個人,上班族,2015-11-20,0,0,,,0,,
A005350,個人,上班族,2020-07-14,0,0,,,0,,
A005351,個人,上班族,2018-06-23,0,0,,,0,,
A005352,個人,上班族,2024-03-25,0,0,,,0,,
A005353,個人,上班族,2019-01-04,0,0,,,0,,
A005354,個人,上班族,2009-12-18,0,0,,,0,,
A005355,個人,上班族,2024-12-23,0,0,,,0,,
A005356,個人,上班族,2013-09-05,0,0,,,0,,
A005357,個人,上班族,2024-09-14,0,0,,,0,,
A005358,個人,上班族,2011-11-01,0,0,,,0,,
A005359,個人,上班族,2013-05-11,1071,0,,,0,,
A005360,個人,上班族,2019-03-17,0,0,,,0,,
A005361,個人,上班族,2019-12-30,0,0,,,0,,
A005362,個人,上班族,2021-07-30,0,0,,,0,,
A005363,個人,上班族,2006-09-27,0,0,,,0,,
A005364,個人,上班族,2021-08-19,0,0,,,0,,
A005365,個人,上班族,2019-04-17,0,0,,,0,,
A005366,個人,上班族,2006-08-30,0,0,,,0,,
A005367,個人,上班族,2023-06-02,0,0,,,0,,
A005368,個人,上班族,2006-05-23,0,0,,,0,,
A005369,個人,上班族,2016-03-05,0,0,,,0,,
A005370,個人,上班族,2014-01-16,0,0,,,0,,
A005371,個人,上班族,2016-07-15,0,0,,,0,,
A005372,個人,上班族,2022-02-19,0,0,,,0,,
A005373,個人,上班族,2023-03-18,0,0,,,0,,
A005374,個人,上班族,2008-08-13,0,0,,,0,,
A005375,個人,上班族,2018-09-06,0,0,,,0,,
A005376,個人,上班族,2021-11-10,0,0,,,0,,
A005377,個人,上班族,2014-12-15,0,0,,,0,,
A005378,個人,上班族,2010-06-06,0,0,,,0,,
A005379,個人,上班族,2022-05-23,0,0,,,0,,
A005380,個人,上班族,2021-11-16,0,0,,,0,,
A005381,個人,上班族,2023-01-06,0,0,,,0,,
A005382,個人,上班族,2023-08-09,0,0,,,0,,
A005383,個人,上班族,2012-02-01,0,0,,,0,,
A005384,個人,上班族,2007-02-01,0,0,,,0,,
A005385,個人,上班族,2015-02-26,0,0,,,0,,
A005386,個人,上班族,2017-07-07,0,0,,,0,,
A005387,個人,上班族,2013-04-28,0,0,,,0,,
A005388,個人,上班族,2009-01-17,0,0,,,0,,
A005389,個人,上班族,2015-08-16,0,0,,,0,,
A005390,個人,上班族,2009-07-17,0,0,,,0,,
A005391,個人,上班族,2018-11-03,0,0,,,0,,
A005392,個人,上班族,2017-06-15,0,0,,,0,,
A005393,個人,上班族,2024-10-29,0,0,,,0,,
A005394,個人,上班族,2024-11-09,0,0,,,0,,
A005395,個人,上班族,2007-06-24,0,0,,,0,,
A005396,個人,上班族,2016-11-27,0,0,,,0,,
A005397,個人,上班族,2023-01-11,0,0,,,0,,
A005398,個人,上班族,2008-02-05,0,0,,,0,,
A005399,個人,上班族,2009-11-19,0,0,,,0,,
A005400,個人,上班族,2018-12-22,0,0,,,0,,
A005401,個人,上班族,2007-10-13,0,0,,,0,,
A005402,個人,上班族,2018-01-27,0,0,,,0,,
A005403,個人,上班族,2009-09-30,0,0,,,0,,
A005404,個人,上班族,2008-12-20,0,0,,,0,,
A005405,個人,上班族,2006-02-10,0,0,,,0,,
A005406,個人,上班族,2017-12-09,0,0,,,0,,
A005407,個人,上班族,2007-04-12,0,0,,,0,,
A005408,個人,上班族,2019-04-05,0,0,,,0,,
A005409,個人,上班族,2009-02-12,0,0,,,0,,
A005410,個人,上班族,2024-03-31,0,0,,,0,,
A005411,個人,上班族,2015-03-21,0,0,,,0,,
A005412,個人,上班族,2009-04-04,0,0,,,0,,
A005413,個人,上班族,2024-01-31,0,0,,,0,,
A005414,個人,上班族,2011-05-30,0,0,,,0,,
A005415,個人,上班族,2018-02-14,0,0,,,0,,
A005416,個人,上班族,2021-05-28,0,0,,,0,,
A005417,個人,上班族,2011-06-15,0,0,,,0,,
A005418,個人,上班族,2006-02-08,0,0,,,0,,
A005419,個人,上班族,2011-04-07,0,0,,,0,,
A005420,個人,上班族,2014-05-28,0,0,,,0,,
A005421,個人,上班族,2019-08-23,0,0,,,0,,
A005422,個人,上班族,2024-01-06,0,0,,,0,,
A005423,個人,上班族,2013-01-30,0,0,,,0,,
A005424,個人,上班族,2026-02-12,0,0,,,0,,
A005425,個人,上班族,2022-10-13,0,0,,,0,,
A005426,個人,上班族,2006-09-05,0,0,,,0,,
A005427,個人,上班族,2023-07-24,0,0,,,0,,
A005428,個人,上班族,2014-01-09,0,0,,,0,,
A005429,個人,上班族,2009-06-04,0,0,,,0,,
A005430,個人,上班族,2017-06-22,0,0,,,0,,
A005431,個人,上班族,2010-08-20,0,0,,,0,,
A005432,個人,上班族,2010-02-21,0,0,,,0,,
A005433,個人,上班族,2011-06-25,0,0,,,0,,
A005434,個人,上班族,2026-01-19,0,0,,,0,,
A005435,個人,上班族,2020-07-18,0,0,,,0,,
A005436,個人,上班族,2021-04-10,0,0,,,0,,
A005437,個人,上班族,2006-12-15,0,0,,,0,,
A005438,個人,上班族,2012-09-10,0,0,,,0,,
A005439,個人,上班族,2014-09-10,0,0,,,0,,
A005440,個人,上班族,2014-04-08,0,0,,,0,,
A005441,個人,上班族,2016-10-13,0,0,,,0,,
A005442,個人,上班族,2024-09-14,0,0,,,0,,
A005443,個人,上班族,2023-08-05,0,0,,,0,,
A005444,個人,上班族,2014-05-08,0,0,,,0,,
A005445,個人,上班族,2014-05-08,0,0,,,0,,
A005446,個人,上班族,2010-01-14,0,0,,,0,,
A005447,個人,上班族,2013-05-27,0,0,,,0,,
A005448,個人,上班族,2009-11-08,0,0,,,0,,
A005449,個人,上班族,2007-02-24,0,0,,,0,,
A005450,個人,上班族,2024-05-13,0,0,,,0,,
A005451,個人,上班族,2008-02-07,0,0,,,0,,
A005452,個人,上班族,2017-12-31,0,0,,,0,,
A005453,個人,上班族,2012-03-22,0,0,,,0,,
A005454,個人,上班族,2015-05-10,0,0,,,0,,
A005455,個人,上班族,2024-02-05,0,0,,,0,,
A005456,個人,上班族,2012-08-02,0,0,,,0,,
A005457,個人,上班族,2014-07-30,0,0,,,0,,
A005458,個人,上班族,2013-01-20,0,0,,,0,,
A005459,個人,上班族,2019-04-07,0,0,,,0,,
A005460,個人,上班族,2006-05-04,0,0,,,0,,
A005461,個人,上班族,2009-09-14,0,0,,,0,,
A005462,個人,上班族,2008-11-30,0,0,,,0,,
A005463,個人,上班族,2019-05-28,0,0,,,0,,
A005464,個人,上班族,2015-10-11,0,0,,,0,,
A005465,個人,上班族,2010-01-05,0,0,,,0,,
A005466,個人,上班族,2013-08-19,0,0,,,0,,
A005467,個人,上班族,2013-03-28,0,0,,,0,,
A005468,個人,上班族,2006-02-18,0,0,,,0,,
A005469,個人,上班族,2006-08-21,0,0,,,0,,
A005470,個人,上班族,2021-03-23,0,0,,,0,,
A005471,個人,上班族,2021-11-18,0,0,,,0,,
A005472,個人,上班族,2015-11-29,0,0,,,0,,
A005473,個人,上班族,2021-11-09,0,0,,,0,,
A005474,個人,上班族,2006-07-01,0,0,,,0,,
A005475,個人,上班族,2009-08-14,0,0,,,0,,
A005476,個人,上班族,2019-10-14,0,0,,,0,,
A005477,個人,上班族,2021-08-21,0,0,,,0,,
A005478,個人,上班族,2008-11-26,0,0,,,0,,
A005479,個人,上班族,2018-04-29,0,0,,,0,,
A005480,個人,上班族,2017-03-12,0,0,,,0,,
A005481,個人,上班族,2017-02-18,0,0,,,0,,
A005482,個人,上班族,2014-04-11,0,0,,,0,,
A005483,個人,上班族,2006-04-20,0,0,,,0,,
A005484,個人,上班族,2020-04-08,0,0,,,0,,
A005485,個人,上班族,2020-09-26,0,0,,,0,,
A005486,個人,上班族,2022-03-29,0,0,,,0,,
A005487,個人,上班族,2026-01-14,0,0,,,0,,
A005488,個人,上班族,2023-10-08,0,0,,,0,,
A005489,個人,上班族,2017-01-09,0,0,,,0,,
A005490,個人,上班族,2014-12-20,0,0,,,0,,
A005491,個人,上班族,2022-08-22,0,0,,,0,,
A005492,個人,上班族,2011-07-02,0,0,,,0,,
A005493,個人,上班族,2015-10-13,0,0,,,0,,
A005494,個人,上班族,2023-01-01,0,0,,,0,,
A005495,個人,上班族,2021-01-13,0,0,,,0,,
A005496,個人,上班族,2016-06-08,0,0,,,0,,
A005497,個人,上班族,2018-01-07,0,0,,,0,,
A005498,個人,上班族,2023-02-28,0,0,,,0,,
A005499,個人,上班族,2006-12-07,0,0,,,0,,
A005500,個人,上班族,2006-09-13,0,0,,,0,,
A005501,個人,上班族,2011-12-30,0,0,,,0,,
A005502,個人,上班族,2017-03-14,0,0,,,0,,
A005503,個人,上班族,2007-06-03,0,0,,,0,,
A005504,個人,上班族,2019-10-16,0,0,,,0,,
A005505,個人,上班族,2011-01-19,0,0,,,0,,
A005506,個人,上班族,2015-11-06,0,0,,,0,,
A005507,個人,上班族,2008-12-20,0,0,,,0,,
A005508,個人,上班族,2007-02-02,0,0,,,0,,
A005509,個人,上班族,2013-01-19,0,0,,,0,,
A005510,個人,上班族,2018-02-17,0,0,,,0,,
A005511,個人,上班族,2012-12-06,0,0,,,0,,
A005512,個人,上班族,2011-10-12,0,0,,,0,,
A005513,個人,上班族,2006-08-27,0,0,,,0,,
A005514,個人,上班族,2023-09-23,0,0,,,0,,
A005515,個人,上班族,2008-11-04,0,0,,,0,,
A005516,個人,上班族,2009-04-04,0,0,,,0,,
A005517,個人,上班族,2017-05-02,0,0,,,0,,
A005518,個人,上班族,2023-04-03,0,0,,,0,,
A005519,個人,上班族,2024-04-21,0,0,,,0,,
A005520,個人,上班族,2012-06-23,0,0,,,0,,
A005521,個人,上班族,2014-02-08,0,0,,,0,,
A005522,個人,上班族,2016-08-05,0,0,,,0,,
A005523,個人,上班族,2012-07-23,0,0,,,0,,
A005524,個人,上班族,2020-11-11,0,0,,,0,,
A005525,個人,上班族,2010-02-01,0,0,,,0,,
A005526,個人,上班族,2009-03-24,0,0,,,0,,
A005527,個人,上班族,2006-04-02,0,0,,,0,,
A005528,個人,上班族,2008-07-06,0,0,,,0,,
A005529,個人,上班族,2018-11-06,1553,0,,,0,,
A005530,個人,上班族,2018-09-22,1398,0,,,0,,
A005531,個人,上班族,2007-06-16,0,0,,,0,,
A005532,個人,上班族,2016-01-01,0,0,,,0,,
A005533,個人,上班族,2015-06-10,0,0,,,0,,
A005534,個人,上班族,2016-01-02,0,0,,,0,,
A005535,個人,上班族,2014-09-24,0,0,,,0,,
A005536,個人,上班族,2022-02-13,0,0,,,0,,
A005537,個人,上班族,2011-11-08,0,0,,,0,,
A005538,個人,上班族,2019-07-22,0,0,,,0,,
A005539,個人,上班族,2022-10-21,0,0,,,0,,
A005540,個人,上班族,2013-02-08,0,0,,,0,,
A005541,個人,上班族,2014-07-25,0,0,,,0,,
A005542,個人,上班族,2024-05-16,0,0,,,0,,
A005543,個人,上班族,2016-10-18,0,0,,,0,,
A005544,個人,上班族,2015-09-09,0,0,,,0,,
A005545,個人,上班族,2010-08-15,0,0,,,0,,
A005546,個人,上班族,2014-10-01,0,0,,,0,,
A005547,個人,上班族,2006-02-25,0,0,,,0,,
A005548,個人,上班族,2023-07-29,0,0,,,0,,
A005549,個人,上班族,2010-07-10,0,0,,,0,,
A005550,個人,上班族,2024-10-28,0,0,,,0,,
A005551,個人,上班族,2024-09-27,0,0,,,0,,
A005552,個人,上班族,2009-04-19,0,0,,,0,,
A005553,個人,上班族,2019-03-30,0,0,,,0,,
A005554,個人,上班族,2010-11-01,0,0,,,0,,
A005555,個人,上班族,2012-05-22,1159,0,,,0,,
A005556,個人,上班族,2021-03-11,0,0,,,0,,
A005557,個人,上班族,2011-02-07,0,0,,,0,,
A005558,個人,上班族,2026-03-08,0,0,,,0,,
A005559,個人,上班族,2022-02-25,0,0,,,0,,
A005560,個人,上班族,2012-10-22,0,0,,,0,,
A005561,個人,上班族,2015-05-12,0,0,,,0,,
A005562,個人,上班族,2006-08-08,0,0,,,0,,
A005563,個人,上班族,2017-10-17,0,0,,,0,,
A005564,個人,上班族,2019-06-26,0,0,,,0,,
A005565,個人,上班族,2026-01-16,0,0,,,0,,
A005566,個人,上班族,2024-08-31,0,0,,,0,,
A005567,個人,上班族,2009-03-13,0,0,,,0,,
A005568,個人,上班族,2010-12-08,0,0,,,0,,
A005569,個人,上班族,2012-10-11,0,0,,,0,,
A005570,個人,上班族,2014-05-25,0,0,,,0,,
A005571,個人,上班族,2011-09-02,0,0,,,0,,
A005572,個人,上班族,2023-02-24,0,0,,,0,,
A005573,個人,上班族,2006-10-03,0,0,,,0,,
A005574,個人,上班族,2009-01-11,0,0,,,0,,
A005575,個人,上班族,2016-04-01,0,0,,,0,,
A005576,個人,上班族,2006-07-16,0,0,,,0,,
A005577,個人,上班族,2021-09-21,0,0,,,0,,
A005578,個人,上班族,2020-09-11,0,0,,,0,,
A005579,個人,上班族,2017-06-12,0,0,,,0,,
A005580,個人,上班族,2019-12-07,0,0,,,0,,
A005581,個人,上班族,2021-04-08,0,0,,,0,,
A005582,個人,上班族,2020-07-19,0,0,,,0,,
A005583,個人,上班族,2007-07-30,0,0,,,0,,
A005584,個人,上班族,2011-05-27,0,0,,,0,,
A005585,個人,上班族,2024-04-04,0,0,,,0,,
A005586,個人,上班族,2024-09-07,0,0,,,0,,
A005587,個人,上班族,2024-11-20,0,0,,,0,,
A005588,個人,上班族,2024-09-04,0,0,,,0,,
A005589,個人,上班族,2019-08-23,0,0,,,0,,
A005590,個人,上班族,2007-04-13,0,0,,,0,,
A005591,個人,上班族,2011-10-16,0,0,,,0,,
A005592,個人,上班族,2026-04-03,0,0,,,0,,
A005593,個人,上班族,2014-04-11,0,0,,,0,,
A005594,個人,上班族,2018-12-11,0,0,,,0,,
A005595,個人,上班族,2017-10-19,0,0,,,0,,
A005596,個人,上班族,2021-09-26,0,0,,,0,,
A005597,個人,上班族,2017-07-23,0,0,,,0,,
A005598,個人,上班族,2009-03-22,0,0,,,0,,
A005599,個人,上班族,2016-08-13,0,0,,,0,,
A005600,個人,上班族,2011-10-13,0,0,,,0,,
A005601,個人,上班族,2008-04-08,0,0,,,0,,
A005602,個人,上班族,2016-08-26,0,0,,,0,,
A005603,個人,上班族,2012-03-19,0,0,,,0,,
A005604,個人,上班族,2010-07-05,0,0,,,0,,
A005605,個人,上班族,2015-08-22,0,0,,,0,,
A005606,個人,上班族,2015-05-04,0,0,,,0,,
A005607,個人,上班族,2022-01-30,0,0,,,0,,
A005608,個人,上班族,2017-07-18,0,0,,,0,,
A005609,個人,上班族,2007-11-29,0,0,,,0,,
A005610,個人,上班族,2006-01-18,0,0,,,0,,
A005611,個人,上班族,2017-03-17,0,0,,,0,,
A005612,個人,上班族,2015-06-19,0,0,,,0,,
A005613,個人,上班族,2018-01-30,0,0,,,0,,
A005614,個人,上班族,2023-08-20,1531,0,,,0,,
A005615,個人,上班族,2026-02-22,0,0,,,0,,
A005616,個人,上班族,2010-06-25,0,0,,,0,,
A005617,個人,上班族,2018-07-02,0,0,,,0,,
A005618,個人,上班族,2007-03-28,0,0,,,0,,
A005619,個人,上班族,2014-09-15,0,0,,,0,,
A005620,個人,上班族,2010-05-12,0,0,,,0,,
A005621,個人,上班族,2010-12-22,0,0,,,0,,
A005622,個人,上班族,2023-04-17,0,0,,,0,,
A005623,個人,上班族,2018-11-29,0,0,,,0,,
A005624,個人,上班族,2020-02-22,0,0,,,0,,
A005625,個人,上班族,2009-12-06,0,0,,,0,,
A005626,個人,上班族,2011-06-10,0,0,,,0,,
A005627,個人,上班族,2026-01-23,0,0,,,0,,
A005628,個人,上班族,2013-01-31,0,0,,,0,,
A005629,個人,上班族,2013-05-17,0,0,,,0,,
A005630,個人,上班族,2024-02-19,0,0,,,0,,
A005631,個人,上班族,2023-02-14,0,0,,,0,,
A005632,個人,上班族,2019-04-04,0,0,,,0,,
A005633,個人,上班族,2022-06-05,0,0,,,0,,
A005634,個人,上班族,2018-06-24,0,0,,,0,,
A005635,個人,上班族,2022-05-01,0,0,,,0,,
A005636,個人,上班族,2010-04-03,0,0,,,0,,
A005637,個人,上班族,2006-11-02,0,0,,,0,,
A005638,個人,上班族,2007-07-05,0,0,,,0,,
A005639,個人,上班族,2020-03-12,0,0,,,0,,
A005640,個人,上班族,2006-10-27,0,0,,,0,,
A005641,個人,上班族,2010-05-23,0,0,,,0,,
A005642,個人,上班族,2022-12-15,0,0,,,0,,
A005643,個人,上班族,2026-03-28,0,0,,,0,,
A005644,個人,上班族,2019-07-03,0,0,,,0,,
A005645,個人,上班族,2023-12-21,0,0,,,0,,
A005646,個人,上班族,2012-03-06,0,0,,,0,,
A005647,個人,上班族,2017-05-08,0,0,,,0,,
A005648,個人,上班族,2012-07-21,0,0,,,0,,
A005649,個人,上班族,2021-03-10,0,0,,,0,,
A005650,個人,上班族,2024-05-14,0,0,,,0,,
A005651,個人,上班族,2018-01-19,0,0,,,0,,
A005652,個人,上班族,2022-11-06,0,0,,,0,,
A005653,個人,上班族,2014-04-15,0,0,,,0,,
A005654,個人,上班族,2006-06-10,0,0,,,0,,
A005655,個人,上班族,2012-07-30,0,0,,,0,,
A005656,個人,上班族,2022-10-26,0,0,,,0,,
A005657,個人,上班族,2020-09-15,0,0,,,0,,
A005658,個人,上班族,2019-09-28,0,0,,,0,,
A005659,個人,上班族,2009-05-22,0,0,,,0,,
A005660,個人,上班族,2011-07-27,0,0,,,0,,
A005661,個人,上班族,2009-10-28,0,0,,,0,,
A005662,個人,上班族,2024-11-04,0,0,,,0,,
A005663,個人,上班族,2019-03-01,0,0,,,0,,
A005664,個人,上班族,2011-12-11,0,0,,,0,,
A005665,個人,上班族,2019-10-17,0,0,,,0,,
A005666,個人,上班族,2026-01-10,0,0,,,0,,
A005667,個人,上班族,2016-03-15,0,0,,,0,,
A005668,個人,上班族,2012-08-14,0,0,,,0,,
A005669,個人,上班族,2008-06-12,0,0,,,0,,
A005670,個人,上班族,2006-05-19,0,0,,,0,,
A005671,個人,上班族,2008-08-01,0,0,,,0,,
A005672,個人,上班族,2013-10-30,0,0,,,0,,
A005673,個人,上班族,2013-07-07,0,0,,,0,,
A005674,個人,上班族,2023-07-09,0,0,,,0,,
A005675,個人,上班族,2015-07-28,0,0,,,0,,
A005676,個人,上班族,2011-08-13,0,0,,,0,,
A005677,個人,上班族,2016-10-07,0,0,,,0,,
A005678,個人,上班族,2024-12-06,0,0,,,0,,
A005679,個人,上班族,2009-02-24,0,0,,,0,,
A005680,個人,上班族,2024-03-25,0,0,,,0,,
A005681,個人,上班族,2006-04-29,0,0,,,0,,
A005682,個人,上班族,2022-10-20,0,0,,,0,,
A005683,個人,上班族,2022-11-01,0,0,,,0,,
A005684,個人,上班族,2010-08-30,0,0,,,0,,
A005685,個人,上班族,2015-04-28,0,0,,,0,,
A005686,個人,上班族,2015-12-25,0,0,,,0,,
A005687,個人,上班族,2012-08-13,0,0,,,0,,
A005688,個人,上班族,2007-08-18,0,0,,,0,,
A005689,個人,上班族,2009-04-09,0,0,,,0,,
A005690,個人,上班族,2011-05-26,0,0,,,0,,
A005691,個人,上班族,2020-02-21,0,0,,,0,,
A005692,個人,上班族,2024-03-15,0,0,,,0,,
A005693,個人,上班族,2016-10-18,0,0,,,0,,
A005694,個人,上班族,2019-03-01,0,0,,,0,,
A005695,個人,上班族,2018-08-24,0,0,,,0,,
A005696,個人,上班族,2019-07-27,0,0,,,0,,
A005697,個人,上班族,2026-02-06,0,0,,,0,,
A005698,個人,上班族,2014-04-17,0,0,,,0,,
A005699,個人,上班族,2023-02-20,0,0,,,0,,
A005700,個人,上班族,2024-09-17,0,0,,,0,,
A005701,個人,上班族,2021-09-02,0,0,,,0,,
A005702,個人,上班族,2009-12-25,0,0,,,0,,
A005703,個人,上班族,2011-12-24,0,0,,,0,,
A005704,個人,上班族,2013-10-10,0,0,,,0,,
A005705,個人,上班族,2013-12-19,0,0,,,0,,
A005706,個人,上班族,2026-03-10,0,0,,,0,,
A005707,個人,上班族,2013-09-20,0,0,,,0,,
A005708,個人,上班族,2014-04-14,0,0,,,0,,
A005709,個人,上班族,2019-07-31,0,0,,,0,,
A005710,個人,上班族,2019-07-27,0,0,,,0,,
A005711,個人,上班族,2023-03-29,0,0,,,0,,
A005712,個人,上班族,2023-08-16,0,0,,,0,,
A005713,個人,上班族,2023-07-05,0,0,,,0,,
A005714,個人,上班族,2007-04-19,0,0,,,0,,
A005715,個人,上班族,2023-05-06,0,0,,,0,,
A005716,個人,上班族,2016-02-26,0,0,,,0,,
A005717,個人,上班族,2013-04-29,0,0,,,0,,
A005718,個人,上班族,2010-07-05,0,0,,,0,,
A005719,個人,上班族,2019-06-03,0,0,,,0,,
A005720,個人,上班族,2010-08-21,0,0,,,0,,
A005721,個人,上班族,2022-11-11,0,0,,,0,,
A005722,個人,上班族,2019-11-14,0,0,,,0,,
A005723,個人,上班族,2012-05-17,0,0,,,0,,
A005724,個人,上班族,2024-08-24,0,0,,,0,,
A005725,個人,上班族,2006-05-10,0,0,,,0,,
A005726,個人,上班族,2018-10-04,0,0,,,0,,
A005727,個人,上班族,2018-04-08,0,0,,,0,,
A005728,個人,上班族,2014-12-03,0,0,,,0,,
A005729,個人,上班族,2007-07-21,0,0,,,0,,
A005730,個人,上班族,2024-05-18,0,0,,,0,,
A005731,個人,上班族,2026-02-03,0,0,,,0,,
A005732,個人,上班族,2011-01-04,0,0,,,0,,
A005733,個人,上班族,2012-04-13,0,0,,,0,,
A005734,個人,上班族,2023-03-23,0,0,,,0,,
A005735,個人,上班族,2015-04-08,0,0,,,0,,
A005736,個人,上班族,2007-08-07,0,0,,,0,,
A005737,個人,上班族,2007-10-16,0,0,,,0,,
A005738,個人,上班族,2019-04-03,0,0,,,0,,
A005739,個人,上班族,2012-07-24,0,0,,,0,,
A005740,個人,上班族,2022-02-02,0,0,,,0,,
A005741,個人,上班族,2013-03-30,0,0,,,0,,
A005742,個人,上班族,2009-07-24,0,0,,,0,,
A005743,個人,上班族,2023-02-16,0,0,,,0,,
A005744,個人,上班族,2007-11-29,0,0,,,0,,
A005745,個人,上班族,2014-11-13,0,0,,,0,,
A005746,個人,上班族,2021-02-02,0,0,,,0,,
A005747,個人,上班族,2016-06-10,0,0,,,0,,
A005748,個人,上班族,2021-08-02,0,0,,,0,,
A005749,個人,上班族,2024-03-17,0,0,,,0,,
A005750,個人,上班族,2017-10-27,0,0,,,0,,
A005751,個人,上班族,2020-10-22,0,0,,,0,,
A005752,個人,上班族,2016-01-23,0,0,,,0,,
A005753,個人,上班族,2008-09-02,0,0,,,0,,
A005754,個人,上班族,2020-08-31,0,0,,,0,,
A005755,個人,上班族,2009-11-08,0,0,,,0,,
A005756,個人,上班族,2008-02-22,0,0,,,0,,
A005757,個人,上班族,2020-01-08,0,0,,,0,,
A005758,個人,上班族,2007-03-28,0,0,,,0,,
A005759,個人,上班族,2021-02-03,0,0,,,0,,
A005760,個人,上班族,2022-08-03,0,0,,,0,,
A005761,個人,上班族,2026-02-15,0,0,,,0,,
A005762,個人,上班族,2016-03-26,0,0,,,0,,
A005763,個人,上班族,2008-10-24,0,0,,,0,,
A005764,個人,上班族,2022-04-13,0,0,,,0,,
A005765,個人,上班族,2026-04-02,1919,0,,,0,,
A005766,個人,上班族,2024-09-06,0,0,,,0,,
A005767,個人,上班族,2024-07-06,0,0,,,0,,
A005768,個人,上班族,2021-04-25,0,0,,,0,,
A005769,個人,上班族,2018-04-23,0,0,,,0,,
A005770,個人,上班族,2017-11-09,0,0,,,0,,
A005771,個人,上班族,2019-09-03,0,0,,,0,,
A005772,個人,上班族,2021-03-04,0,0,,,0,,
A005773,個人,上班族,2024-03-05,0,0,,,0,,
A005774,個人,上班族,2010-07-06,0,0,,,0,,
A005775,個人,上班族,2019-06-09,0,0,,,0,,
A005776,個人,上班族,2006-07-14,0,0,,,0,,
A005777,個人,上班族,2023-01-17,0,0,,,0,,
A005778,個人,上班族,2020-05-22,0,0,,,0,,
A005779,個人,上班族,2019-08-14,0,0,,,0,,
A005780,個人,上班族,2009-08-30,0,0,,,0,,
A005781,個人,上班族,2010-03-21,0,0,,,0,,
A005782,個人,上班族,2026-01-17,0,0,,,0,,
A005783,個人,上班族,2019-10-16,0,0,,,0,,
A005784,個人,上班族,2011-12-02,0,0,,,0,,
A005785,個人,上班族,2020-12-29,0,0,,,0,,
A005786,個人,上班族,2010-05-03,0,0,,,0,,
A005787,個人,上班族,2020-04-14,0,0,,,0,,
A005788,個人,上班族,2014-03-19,0,0,,,0,,
A005789,個人,上班族,2024-03-16,0,0,,,0,,
A005790,個人,上班族,2011-03-20,0,0,,,0,,
A005791,個人,上班族,2018-06-28,0,0,,,0,,
A005792,個人,上班族,2026-05-13,0,0,,,0,,
A005793,個人,上班族,2017-06-03,0,0,,,0,,
A005794,個人,上班族,2024-07-08,0,0,,,0,,
A005795,個人,上班族,2010-07-13,0,0,,,0,,
A005796,個人,上班族,2015-02-11,0,0,,,0,,
A005797,個人,上班族,2009-06-07,0,0,,,0,,
A005798,個人,上班族,2014-06-19,0,0,,,0,,
A005799,個人,上班族,2009-04-13,0,0,,,0,,
A005800,個人,上班族,2022-04-06,0,0,,,0,,
A005801,個人,上班族,2006-08-06,0,0,,,0,,
A005802,個人,上班族,2015-05-28,0,0,,,0,,
A005803,個人,上班族,2010-11-08,0,0,,,0,,
A005804,個人,上班族,2007-10-29,0,0,,,0,,
A005805,個人,上班族,2014-10-18,0,0,,,0,,
A005806,個人,上班族,2013-02-04,0,0,,,0,,
A005807,個人,上班族,2012-04-07,0,0,,,0,,
A005808,個人,上班族,2012-03-03,0,0,,,0,,
A005809,個人,上班族,2026-01-29,0,0,,,0,,
A005810,個人,上班族,2007-08-14,0,0,,,0,,
A005811,個人,上班族,2022-08-25,0,0,,,0,,
A005812,個人,上班族,2019-10-14,0,0,,,0,,
A005813,個人,上班族,2007-10-09,0,0,,,0,,
A005814,個人,上班族,2014-03-02,0,0,,,0,,
A005815,個人,上班族,2015-09-19,0,0,,,0,,
A005816,個人,上班族,2012-06-02,0,0,,,0,,
A005817,個人,上班族,2023-10-28,0,0,,,0,,
A005818,個人,上班族,2026-01-14,0,0,,,0,,
A005819,個人,上班族,2006-02-15,0,0,,,0,,
A005820,個人,上班族,2006-03-27,0,0,,,0,,
A005821,個人,上班族,2007-01-25,0,0,,,0,,
A005822,個人,上班族,2018-06-01,0,0,,,0,,
A005823,個人,上班族,2015-02-04,0,0,,,0,,
A005824,個人,上班族,2013-03-15,0,0,,,0,,
A005825,個人,上班族,2009-01-16,0,0,,,0,,
A005826,個人,上班族,2009-10-12,0,0,,,0,,
A005827,個人,上班族,2019-06-24,0,0,,,0,,
A005828,個人,上班族,2018-11-20,0,0,,,0,,
A005829,個人,上班族,2015-08-02,0,0,,,0,,
A005830,個人,上班族,2019-05-10,0,0,,,0,,
A005831,個人,上班族,2014-10-28,0,0,,,0,,
A005832,個人,上班族,2026-01-16,0,0,,,0,,
A005833,個人,上班族,2011-10-08,0,0,,,0,,
A005834,個人,上班族,2012-02-18,0,0,,,0,,
A005835,個人,上班族,2017-08-08,0,0,,,0,,
A005836,個人,上班族,2006-09-25,0,0,,,0,,
A005837,個人,上班族,2024-01-15,0,0,,,0,,
A005838,個人,上班族,2008-04-11,0,0,,,0,,
A005839,個人,上班族,2008-07-10,0,0,,,0,,
A005840,個人,上班族,2007-01-27,0,0,,,0,,
A005841,個人,上班族,2016-06-19,0,0,,,0,,
A005842,個人,上班族,2006-03-31,0,0,,,0,,
A005843,個人,上班族,2008-04-16,0,0,,,0,,
A005844,個人,上班族,2019-04-06,0,0,,,0,,
A005845,個人,上班族,2016-02-28,0,0,,,0,,
A005846,個人,上班族,2022-04-05,0,0,,,0,,
A005847,個人,上班族,2014-05-16,0,0,,,0,,
A005848,個人,上班族,2011-09-19,0,0,,,0,,
A005849,個人,上班族,2018-12-04,0,0,,,0,,
A005850,個人,上班族,2026-03-29,0,0,,,0,,
A005851,個人,上班族,2026-05-13,0,0,,,0,,
A005852,個人,上班族,2010-06-28,0,0,,,0,,
A005853,個人,上班族,2021-03-23,0,0,,,0,,
A005854,個人,上班族,2019-09-01,0,0,,,0,,
A005855,個人,上班族,2024-08-21,0,0,,,0,,
A005856,個人,上班族,2022-08-04,0,0,,,0,,
A005857,個人,上班族,2010-01-08,0,0,,,0,,
A005858,個人,上班族,2024-01-09,0,0,,,0,,
A005859,個人,上班族,2007-05-24,0,0,,,0,,
A005860,個人,上班族,2013-06-08,0,0,,,0,,
A005861,個人,上班族,2011-12-02,0,0,,,0,,
A005862,個人,上班族,2006-02-19,0,0,,,0,,
A005863,個人,上班族,2019-09-24,0,0,,,0,,
A005864,個人,上班族,2018-09-11,0,0,,,0,,
A005865,個人,上班族,2006-06-21,0,0,,,0,,
A005866,個人,上班族,2016-11-07,0,0,,,0,,
A005867,個人,上班族,2006-09-15,0,0,,,0,,
A005868,個人,上班族,2008-02-15,0,0,,,0,,
A005869,個人,上班族,2024-12-05,0,0,,,0,,
A005870,個人,上班族,2011-01-25,0,0,,,0,,
A005871,個人,上班族,2011-02-06,0,0,,,0,,
A005872,個人,上班族,2019-10-30,0,0,,,0,,
A005873,個人,上班族,2011-06-26,0,0,,,0,,
A005874,個人,上班族,2011-01-11,0,0,,,0,,
A005875,個人,上班族,2022-04-25,0,0,,,0,,
A005876,個人,上班族,2021-09-14,0,0,,,0,,
A005877,個人,上班族,2012-09-05,0,0,,,0,,
A005878,個人,上班族,2020-10-16,0,0,,,0,,
A005879,個人,上班族,2024-01-14,0,0,,,0,,
A005880,個人,上班族,2023-01-12,0,0,,,0,,
A005881,個人,上班族,2015-06-18,0,0,,,0,,
A005882,個人,上班族,2013-01-26,0,0,,,0,,
A005883,個人,上班族,2022-12-24,0,0,,,0,,
A005884,個人,上班族,2020-01-12,0,0,,,0,,
A005885,個人,上班族,2016-07-03,0,0,,,0,,
A005886,個人,上班族,2024-10-13,0,0,,,0,,
A005887,個人,上班族,2019-12-18,0,0,,,0,,
A005888,個人,上班族,2011-05-17,0,0,,,0,,
A005889,個人,上班族,2006-02-16,0,0,,,0,,
A005890,個人,上班族,2009-11-01,0,0,,,0,,
A005891,個人,上班族,2010-02-01,0,0,,,0,,
A005892,個人,上班族,2008-04-08,0,0,,,0,,
A005893,個人,上班族,2009-04-12,0,0,,,0,,
A005894,個人,上班族,2018-07-08,0,0,,,0,,
A005895,個人,上班族,2020-01-20,0,0,,,0,,
A005896,個人,上班族,2017-01-10,0,0,,,0,,
A005897,個人,上班族,2011-09-03,0,0,,,0,,
A005898,個人,上班族,2016-04-09,0,0,,,0,,
A005899,個人,上班族,2006-03-05,0,0,,,0,,
A005900,個人,上班族,2021-10-09,0,0,,,0,,
A005901,個人,上班族,2012-04-05,1199,0,,,0,,
A005902,個人,上班族,2009-07-19,0,0,,,0,,
A005903,個人,上班族,2013-12-12,0,0,,,0,,
A005904,個人,上班族,2013-01-07,0,0,,,0,,
A005905,個人,上班族,2010-07-21,0,0,,,0,,
A005906,個人,上班族,2026-02-13,0,0,,,0,,
A005907,個人,上班族,2017-03-04,0,0,,,0,,
A005908,個人,上班族,2009-06-18,0,0,,,0,,
A005909,個人,上班族,2007-11-15,0,0,,,0,,
A005910,個人,上班族,2017-09-10,0,0,,,0,,
A005911,個人,上班族,2022-04-09,0,0,,,0,,
A005912,個人,上班族,2011-07-12,0,0,,,0,,
A005913,個人,上班族,2021-04-20,0,0,,,0,,
A005914,個人,上班族,2007-07-29,0,0,,,0,,
A005915,個人,上班族,2017-10-31,0,0,,,0,,
A005916,個人,上班族,2024-10-22,0,0,,,0,,
A005917,個人,上班族,2021-12-08,0,0,,,0,,
A005918,個人,上班族,2022-09-04,0,0,,,0,,
A005919,個人,上班族,2020-01-29,0,0,,,0,,
A005920,個人,上班族,2007-10-22,0,0,,,0,,
A005921,個人,上班族,2014-01-25,0,0,,,0,,
A005922,個人,上班族,2012-09-21,0,0,,,0,,
A005923,個人,上班族,2014-01-11,0,0,,,0,,
A005924,個人,上班族,2016-09-18,0,0,,,0,,
A005925,個人,上班族,2026-02-09,0,0,,,0,,
A005926,個人,上班族,2017-07-07,0,0,,,0,,
A005927,個人,上班族,2020-03-04,0,0,,,0,,
A005928,個人,上班族,2013-09-05,0,0,,,0,,
A005929,個人,上班族,2011-02-16,0,0,,,0,,
A005930,個人,上班族,2019-12-21,0,0,,,0,,
A005931,個人,上班族,2022-02-21,0,0,,,0,,
A005932,個人,上班族,2010-02-10,0,0,,,0,,
A005933,個人,上班族,2018-10-18,0,0,,,0,,
A005934,個人,上班族,2019-02-06,0,0,,,0,,
A005935,個人,上班族,2010-04-19,0,0,,,0,,
A005936,個人,上班族,2008-01-26,0,0,,,0,,
A005937,個人,上班族,2010-03-10,0,0,,,0,,
A005938,個人,上班族,2012-01-13,0,0,,,0,,
A005939,個人,上班族,2006-10-19,0,0,,,0,,
A005940,個人,上班族,2007-09-07,0,0,,,0,,
A005941,個人,上班族,2006-07-20,0,0,,,0,,
A005942,個人,上班族,2007-06-17,0,0,,,0,,
A005943,個人,上班族,2020-08-27,0,0,,,0,,
A005944,個人,上班族,2018-01-01,0,0,,,0,,
A005945,個人,上班族,2018-04-15,0,0,,,0,,
A005946,個人,上班族,2015-11-01,0,0,,,0,,
A005947,個人,上班族,2006-05-11,0,0,,,0,,
A005948,個人,上班族,2024-12-31,0,0,,,0,,
A005949,個人,上班族,2020-12-17,0,0,,,0,,
A005950,個人,上班族,2026-05-04,0,0,,,0,,
A005951,個人,上班族,2018-04-07,0,0,,,0,,
A005952,個人,上班族,2024-07-30,0,0,,,0,,
A005953,個人,上班族,2019-10-19,0,0,,,0,,
A005954,個人,上班族,2021-09-28,0,0,,,0,,
A005955,個人,上班族,2013-01-17,0,0,,,0,,
A005956,個人,上班族,2023-06-09,0,0,,,0,,
A005957,個人,上班族,2011-12-24,0,0,,,0,,
A005958,個人,上班族,2013-09-18,0,0,,,0,,
A005959,個人,上班族,2015-11-11,0,0,,,0,,
A005960,個人,上班族,2015-01-08,0,0,,,0,,
A005961,個人,上班族,2007-08-07,0,0,,,0,,
A005962,個人,上班族,2022-12-15,0,0,,,0,,
A005963,個人,上班族,2017-09-03,0,0,,,0,,
A005964,個人,上班族,2014-01-24,0,0,,,0,,
A005965,個人,上班族,2011-03-22,0,0,,,0,,
A005966,個人,上班族,2019-04-22,0,0,,,0,,
A005967,個人,上班族,2007-08-12,0,0,,,0,,
A005968,個人,上班族,2024-07-31,0,0,,,0,,
A005969,個人,上班族,2014-01-09,0,0,,,0,,
A005970,個人,上班族,2006-12-27,0,0,,,0,,
A005971,個人,上班族,2021-02-13,0,0,,,0,,
A005972,個人,上班族,2006-12-27,0,0,,,0,,
A005973,個人,上班族,2012-06-06,0,0,,,0,,
A005974,個人,上班族,2021-11-25,0,0,,,0,,
A005975,個人,上班族,2014-05-16,0,0,,,0,,
A005976,個人,上班族,2020-10-26,0,0,,,0,,
A005977,個人,上班族,2007-11-22,0,0,,,0,,
A005978,個人,上班族,2013-07-06,0,0,,,0,,
A005979,個人,上班族,2026-03-14,0,0,,,0,,
A005980,個人,上班族,2017-05-10,0,0,,,0,,
A005981,個人,上班族,2006-02-05,0,0,,,0,,
A005982,個人,上班族,2006-12-20,0,0,,,0,,
A005983,個人,上班族,2024-12-12,0,0,,,0,,
A005984,個人,上班族,2021-02-21,0,0,,,0,,
A005985,個人,上班族,2021-01-13,0,0,,,0,,
A005986,個人,上班族,2014-07-21,0,0,,,0,,
A005987,個人,上班族,2019-02-24,0,0,,,0,,
A005988,個人,上班族,2013-12-23,0,0,,,0,,
A005989,個人,上班族,2006-02-03,0,0,,,0,,
A005990,個人,上班族,2024-03-29,0,0,,,0,,
A005991,個人,上班族,2010-09-11,0,0,,,0,,
A005992,個人,上班族,2006-09-02,0,0,,,0,,
A005993,個人,上班族,2024-08-26,0,0,,,0,,
A005994,個人,上班族,2013-12-19,0,0,,,0,,
A005995,個人,上班族,2009-07-08,0,0,,,0,,
A005996,個人,上班族,2009-09-14,0,0,,,0,,
A005997,個人,上班族,2024-06-10,0,0,,,0,,
A005998,個人,上班族,2013-12-09,0,0,,,0,,
A005999,個人,上班族,2026-04-08,0,0,,,0,,
A006000,個人,上班族,2015-10-11,0,0,,,0,,
A006001,個人,上班族,2022-09-20,0,0,,,0,,
A006002,個人,上班族,2019-02-24,0,0,,,0,,
A006003,個人,上班族,2020-04-27,0,0,,,0,,
A006004,個人,上班族,2020-06-18,0,0,,,0,,
A006005,個人,上班族,2018-05-03,0,0,,,0,,
A006006,個人,上班族,2023-01-27,0,0,,,0,,
A006007,個人,上班族,2010-06-07,0,0,,,0,,
A006008,個人,上班族,2014-12-11,0,0,,,0,,
A006009,個人,上班族,2023-09-17,0,0,,,0,,
A006010,個人,上班族,2017-07-11,0,0,,,0,,
A006011,個人,上班族,2020-07-09,0,0,,,0,,
A006012,個人,上班族,2022-10-04,0,0,,,0,,
A006013,個人,上班族,2017-06-04,0,0,,,0,,
A006014,個人,上班族,2018-02-15,0,0,,,0,,
A006015,個人,上班族,2018-06-16,0,0,,,0,,
A006016,個人,上班族,2021-10-04,0,0,,,0,,
A006017,個人,上班族,2019-05-30,0,0,,,0,,
A006018,個人,上班族,2012-09-13,0,0,,,0,,
A006019,個人,上班族,2017-02-01,0,0,,,0,,
A006020,個人,上班族,2007-11-22,0,0,,,0,,
A006021,個人,上班族,2008-10-05,0,0,,,0,,
A006022,個人,上班族,2022-11-27,0,0,,,0,,
A006023,個人,上班族,2021-11-16,0,0,,,0,,
A006024,個人,上班族,2012-02-01,0,0,,,0,,
A006025,個人,上班族,2014-04-19,0,0,,,0,,
A006026,個人,上班族,2024-02-24,0,0,,,0,,
A006027,個人,上班族,2011-05-04,1016,0,,,0,,
A006028,個人,上班族,2024-04-16,430,0,,,0,,
A006029,個人,上班族,2021-05-18,0,0,,,0,,
A006030,個人,上班族,2022-11-08,0,0,,,0,,
A006031,個人,上班族,2013-07-17,0,0,,,0,,
A006032,個人,上班族,2013-07-14,0,0,,,0,,
A006033,個人,上班族,2007-01-04,0,0,,,0,,
A006034,個人,上班族,2012-06-30,0,0,,,0,,
A006035,個人,上班族,2010-12-06,0,0,,,0,,
A006036,個人,上班族,2015-09-06,0,0,,,0,,
A006037,個人,上班族,2014-01-16,0,0,,,0,,
A006038,個人,上班族,2014-04-06,0,0,,,0,,
A006039,個人,上班族,2023-07-17,0,0,,,0,,
A006040,個人,上班族,2008-04-30,0,0,,,0,,
A006041,個人,上班族,2012-02-21,0,0,,,0,,
A006042,個人,上班族,2009-09-28,0,0,,,0,,
A006043,個人,上班族,2011-09-19,0,0,,,0,,
A006044,個人,上班族,2017-12-01,0,0,,,0,,
A006045,個人,上班族,2026-01-20,0,0,,,0,,
A006046,個人,上班族,2016-09-23,0,0,,,0,,
A006047,個人,上班族,2012-02-25,0,0,,,0,,
A006048,個人,上班族,2010-03-08,0,0,,,0,,
A006049,個人,上班族,2020-01-18,0,0,,,0,,
A006050,個人,上班族,2023-04-24,0,0,,,0,,
A006051,個人,上班族,2019-04-15,0,0,,,0,,
A006052,個人,上班族,2017-04-17,0,0,,,0,,
A006053,個人,上班族,2013-09-22,0,0,,,0,,
A006054,個人,上班族,2006-06-10,0,0,,,0,,
A006055,個人,上班族,2016-07-19,0,0,,,0,,
A006056,個人,上班族,2021-04-17,0,0,,,0,,
A006057,個人,上班族,2016-04-17,0,0,,,0,,
A006058,個人,上班族,2006-09-09,0,0,,,0,,
A006059,個人,上班族,2006-08-12,0,0,,,0,,
A006060,個人,上班族,2019-02-01,0,0,,,0,,
A006061,個人,上班族,2009-09-21,0,0,,,0,,
A006062,個人,上班族,2026-01-12,0,0,,,0,,
A006063,個人,上班族,2026-05-20,0,0,,,0,,
A006064,個人,上班族,2023-08-09,0,0,,,0,,
A006065,個人,上班族,2014-08-25,0,0,,,0,,
A006066,個人,上班族,2020-04-06,0,0,,,0,,
A006067,個人,上班族,2013-08-29,0,0,,,0,,
A006068,個人,上班族,2017-07-11,0,0,,,0,,
A006069,個人,上班族,2007-10-18,377,0,,,0,,
A006070,個人,上班族,2010-08-26,0,0,,,0,,
A006071,個人,上班族,2020-06-19,0,0,,,0,,
A006072,個人,上班族,2022-11-24,0,0,,,0,,
A006073,個人,上班族,2022-08-30,0,0,,,0,,
A006074,個人,上班族,2010-07-07,0,0,,,0,,
A006075,個人,上班族,2010-02-21,0,0,,,0,,
A006076,個人,上班族,2018-08-24,0,0,,,0,,
A006077,個人,上班族,2019-10-07,0,0,,,0,,
A006078,個人,上班族,2009-05-09,0,0,,,0,,
A006079,個人,上班族,2014-01-08,0,0,,,0,,
A006080,個人,上班族,2024-05-19,0,0,,,0,,
A006081,個人,上班族,2021-02-25,0,0,,,0,,
A006082,個人,上班族,2014-02-12,0,0,,,0,,
A006083,個人,上班族,2023-03-08,0,0,,,0,,
A006084,個人,上班族,2021-06-11,0,0,,,0,,
A006085,個人,上班族,2022-09-25,0,0,,,0,,
A006086,個人,上班族,2026-02-21,0,0,,,0,,
A006087,個人,上班族,2021-08-30,0,0,,,0,,
A006088,個人,上班族,2015-06-25,0,0,,,0,,
A006089,個人,上班族,2014-11-20,0,0,,,0,,
A006090,個人,上班族,2023-05-01,0,0,,,0,,
A006091,個人,上班族,2021-01-18,0,0,,,0,,
A006092,個人,上班族,2009-01-06,0,0,,,0,,
A006093,個人,上班族,2015-06-17,0,0,,,0,,
A006094,個人,上班族,2016-08-26,0,0,,,0,,
A006095,個人,上班族,2006-07-13,0,0,,,0,,
A006096,個人,上班族,2013-12-20,0,0,,,0,,
A006097,個人,上班族,2012-09-26,0,0,,,0,,
A006098,個人,上班族,2026-04-17,0,0,,,0,,
A006099,個人,上班族,2009-06-25,0,0,,,0,,
A006100,個人,上班族,2013-07-08,0,0,,,0,,
A006101,個人,上班族,2010-04-10,0,0,,,0,,
A006102,個人,上班族,2019-08-25,0,0,,,0,,
A006103,個人,上班族,2024-12-31,0,0,,,0,,
A006104,個人,上班族,2020-10-31,0,0,,,0,,
A006105,個人,上班族,2026-04-09,0,0,,,0,,
A006106,個人,上班族,2026-05-18,0,0,,,0,,
A006107,個人,上班族,2011-06-08,0,0,,,0,,
A006108,個人,上班族,2016-03-18,0,0,,,0,,
A006109,個人,上班族,2007-09-16,0,0,,,0,,
A006110,個人,上班族,2023-08-26,0,0,,,0,,
A006111,個人,上班族,2010-02-16,0,0,,,0,,
A006112,個人,上班族,2026-02-01,0,0,,,0,,
A006113,個人,上班族,2010-10-29,0,0,,,0,,
A006114,個人,上班族,2021-06-25,0,0,,,0,,
A006115,個人,上班族,2018-02-28,0,0,,,0,,
A006116,個人,上班族,2007-05-19,0,0,,,0,,
A006117,個人,上班族,2015-09-26,0,0,,,0,,
A006118,個人,上班族,2019-02-06,0,0,,,0,,
A006119,個人,上班族,2014-08-01,0,0,,,0,,
A006120,個人,上班族,2012-12-17,0,0,,,0,,
A006121,個人,上班族,2008-07-03,0,0,,,0,,
A006122,個人,上班族,2010-06-09,0,0,,,0,,
A006123,個人,上班族,2011-12-01,0,0,,,0,,
A006124,個人,上班族,2024-11-06,0,0,,,0,,
A006125,個人,上班族,2021-03-01,0,0,,,0,,
A006126,個人,上班族,2024-12-01,0,0,,,0,,
A006127,個人,上班族,2013-02-20,0,0,,,0,,
A006128,個人,上班族,2008-12-02,0,0,,,0,,
A006129,個人,上班族,2026-04-27,612,0,,,0,,
A006130,個人,上班族,2010-03-17,0,0,,,0,,
A006131,個人,上班族,2015-07-09,0,0,,,0,,
A006132,個人,上班族,2026-05-07,0,0,,,0,,
A006133,個人,上班族,2016-02-26,0,0,,,0,,
A006134,個人,上班族,2006-09-01,0,0,,,0,,
A006135,個人,上班族,2015-08-25,0,0,,,0,,
A006136,個人,上班族,2017-05-02,0,0,,,0,,
A006137,個人,上班族,2010-03-04,0,0,,,0,,
A006138,個人,上班族,2017-04-03,0,0,,,0,,
A006139,個人,上班族,2006-07-28,0,0,,,0,,
A006140,個人,上班族,2017-06-19,0,0,,,0,,
A006141,個人,上班族,2019-09-25,0,0,,,0,,
A006142,個人,上班族,2021-09-15,0,0,,,0,,
A006143,個人,上班族,2019-11-08,0,0,,,0,,
A006144,個人,上班族,2020-07-04,0,0,,,0,,
A006145,個人,上班族,2013-03-17,0,0,,,0,,
A006146,個人,上班族,2026-04-11,0,0,,,0,,
A006147,個人,上班族,2012-01-15,0,0,,,0,,
A006148,個人,上班族,2024-04-16,0,0,,,0,,
A006149,個人,上班族,2006-06-20,0,0,,,0,,
A006150,個人,上班族,2006-10-12,0,0,,,0,,
A006151,個人,上班族,2021-12-03,0,0,,,0,,
A006152,個人,上班族,2011-12-11,0,0,,,0,,
A006153,個人,上班族,2024-01-11,0,0,,,0,,
A006154,個人,上班族,2023-11-01,0,0,,,0,,
A006155,個人,上班族,2016-09-23,0,0,,,0,,
A006156,個人,上班族,2007-06-23,0,0,,,0,,
A006157,個人,上班族,2017-05-04,0,0,,,0,,
A006158,個人,上班族,2007-05-02,0,0,,,0,,
A006159,個人,上班族,2010-11-16,0,0,,,0,,
A006160,個人,上班族,2011-07-14,0,0,,,0,,
A006161,個人,上班族,2007-07-25,0,0,,,0,,
A006162,個人,上班族,2019-06-19,0,0,,,0,,
A006163,個人,上班族,2016-12-17,0,0,,,0,,
A006164,個人,上班族,2018-07-25,0,0,,,0,,
A006165,個人,上班族,2024-02-03,0,0,,,0,,
A006166,個人,上班族,2026-05-17,0,0,,,0,,
A006167,個人,上班族,2021-12-04,0,0,,,0,,
A006168,個人,上班族,2022-10-30,0,0,,,0,,
A006169,個人,上班族,2009-06-16,0,0,,,0,,
A006170,個人,上班族,2015-02-01,0,0,,,0,,
A006171,個人,上班族,2026-01-30,0,0,,,0,,
A006172,個人,上班族,2016-10-18,0,0,,,0,,
A006173,個人,上班族,2010-05-20,0,0,,,0,,
A006174,個人,上班族,2013-07-16,0,0,,,0,,
A006175,個人,上班族,2018-06-03,0,0,,,0,,
A006176,個人,上班族,2014-06-24,0,0,,,0,,
A006177,個人,上班族,2008-04-02,0,0,,,0,,
A006178,個人,上班族,2006-05-28,0,0,,,0,,
A006179,個人,上班族,2024-02-10,0,0,,,0,,
A006180,個人,上班族,2017-04-10,0,0,,,0,,
A006181,個人,上班族,2009-09-23,0,0,,,0,,
A006182,個人,上班族,2012-01-26,0,0,,,0,,
A006183,個人,上班族,2009-07-27,0,0,,,0,,
A006184,個人,上班族,2016-11-27,0,0,,,0,,
A006185,個人,上班族,2022-09-06,0,0,,,0,,
A006186,個人,上班族,2015-02-08,0,0,,,0,,
A006187,個人,上班族,2008-08-25,0,0,,,0,,
A006188,個人,上班族,2013-07-03,0,0,,,0,,
A006189,個人,上班族,2021-09-28,0,0,,,0,,
A006190,個人,上班族,2007-03-30,0,0,,,0,,
A006191,個人,上班族,2009-11-23,0,0,,,0,,
A006192,個人,上班族,2017-10-20,0,0,,,0,,
A006193,個人,上班族,2009-01-01,0,0,,,0,,
A006194,個人,上班族,2014-06-21,0,0,,,0,,
A006195,個人,上班族,2017-08-06,0,0,,,0,,
A006196,個人,上班族,2022-10-03,0,0,,,0,,
A006197,個人,上班族,2015-02-09,0,0,,,0,,
A006198,個人,上班族,2008-10-07,0,0,,,0,,
A006199,個人,上班族,2008-01-19,0,0,,,0,,
A006200,個人,上班族,2024-09-24,0,0,,,0,,
A006201,個人,上班族,2017-09-12,0,0,,,0,,
A006202,個人,上班族,2022-10-05,0,0,,,0,,
A006203,個人,上班族,2018-12-14,0,0,,,0,,
A006204,個人,上班族,2020-03-04,0,0,,,0,,
A006205,個人,上班族,2026-05-08,0,0,,,0,,
A006206,個人,上班族,2006-06-17,0,0,,,0,,
A006207,個人,上班族,2019-01-23,0,0,,,0,,
A006208,個人,上班族,2008-07-04,0,0,,,0,,
A006209,個人,上班族,2007-04-11,0,0,,,0,,
A006210,個人,上班族,2010-10-24,0,0,,,0,,
A006211,個人,上班族,2010-02-09,0,0,,,0,,
A006212,個人,上班族,2018-10-29,0,0,,,0,,
A006213,個人,上班族,2010-03-07,0,0,,,0,,
A006214,個人,上班族,2019-07-01,0,0,,,0,,
A006215,個人,上班族,2019-10-26,0,0,,,0,,
A006216,個人,上班族,2017-03-06,0,0,,,0,,
A006217,個人,上班族,2006-04-21,0,0,,,0,,
A006218,個人,上班族,2011-11-18,0,0,,,0,,
A006219,個人,上班族,2015-02-11,0,0,,,0,,
A006220,個人,上班族,2023-04-30,0,0,,,0,,
A006221,個人,上班族,2026-03-24,0,0,,,0,,
A006222,個人,上班族,2016-02-28,0,0,,,0,,
A006223,個人,上班族,2022-10-27,0,0,,,0,,
A006224,個人,上班族,2011-08-30,0,0,,,0,,
A006225,個人,上班族,2023-03-08,0,0,,,0,,
A006226,個人,上班族,2024-07-23,0,0,,,0,,
A006227,個人,上班族,2021-05-08,0,0,,,0,,
A006228,個人,上班族,2017-08-30,0,0,,,0,,
A006229,個人,上班族,2011-06-15,0,0,,,0,,
A006230,個人,上班族,2016-05-10,0,0,,,0,,
A006231,個人,上班族,2013-09-03,0,0,,,0,,
A006232,個人,上班族,2020-04-17,0,0,,,0,,
A006233,個人,上班族,2024-07-11,0,0,,,0,,
A006234,個人,上班族,2010-05-11,0,0,,,0,,
A006235,個人,上班族,2024-11-08,0,0,,,0,,
A006236,個人,上班族,2007-11-15,0,0,,,0,,
A006237,個人,上班族,2014-10-29,0,0,,,0,,
A006238,個人,上班族,2017-08-13,0,0,,,0,,
A006239,個人,上班族,2010-10-29,0,0,,,0,,
A006240,個人,上班族,2009-03-12,0,0,,,0,,
A006241,個人,上班族,2022-04-11,0,0,,,0,,
A006242,個人,上班族,2026-05-11,0,0,,,0,,
A006243,個人,上班族,2015-12-21,0,0,,,0,,
A006244,個人,上班族,2020-09-15,0,0,,,0,,
A006245,個人,上班族,2019-07-22,0,0,,,0,,
A006246,個人,上班族,2009-04-25,0,0,,,0,,
A006247,個人,上班族,2008-10-31,0,0,,,0,,
A006248,個人,上班族,2012-08-19,0,0,,,0,,
A006249,個人,上班族,2009-07-06,0,0,,,0,,
A006250,個人,上班族,2009-12-04,0,0,,,0,,
A006251,個人,上班族,2018-05-19,0,0,,,0,,
A006252,個人,上班族,2008-05-12,0,0,,,0,,
A006253,個人,上班族,2017-09-30,0,0,,,0,,
A006254,個人,上班族,2019-10-12,0,0,,,0,,
A006255,個人,上班族,2008-04-09,0,0,,,0,,
A006256,個人,上班族,2020-10-03,0,0,,,0,,
A006257,個人,上班族,2010-11-14,0,0,,,0,,
A006258,個人,上班族,2010-07-14,0,0,,,0,,
A006259,個人,上班族,2026-04-03,0,0,,,0,,
A006260,個人,上班族,2022-02-25,0,0,,,0,,
A006261,個人,上班族,2006-07-29,1403,0,,,0,,
A006262,個人,上班族,2021-02-22,0,0,,,0,,
A006263,個人,上班族,2026-05-18,0,0,,,0,,
A006264,個人,上班族,2019-05-19,0,0,,,0,,
A006265,個人,上班族,2016-06-14,0,0,,,0,,
A006266,個人,上班族,2009-07-08,0,0,,,0,,
A006267,個人,上班族,2007-02-17,0,0,,,0,,
A006268,個人,上班族,2010-07-21,0,0,,,0,,
A006269,個人,上班族,2006-02-26,0,0,,,0,,
A006270,個人,上班族,2008-06-11,0,0,,,0,,
A006271,個人,上班族,2016-10-27,0,0,,,0,,
A006272,個人,上班族,2019-03-29,0,0,,,0,,
A006273,個人,上班族,2017-03-21,0,0,,,0,,
A006274,個人,上班族,2012-01-16,0,0,,,0,,
A006275,個人,上班族,2012-02-16,0,0,,,0,,
A006276,個人,上班族,2006-06-12,0,0,,,0,,
A006277,個人,上班族,2020-07-16,0,0,,,0,,
A006278,個人,上班族,2015-01-19,0,0,,,0,,
A006279,個人,上班族,2019-03-15,0,0,,,0,,
A006280,個人,上班族,2026-01-19,0,0,,,0,,
A006281,個人,上班族,2012-06-22,0,0,,,0,,
A006282,個人,上班族,2013-08-30,0,0,,,0,,
A006283,個人,上班族,2007-10-09,0,0,,,0,,
A006284,個人,上班族,2023-10-06,0,0,,,0,,
A006285,個人,上班族,2015-11-02,0,0,,,0,,
A006286,個人,上班族,2014-08-13,0,0,,,0,,
A006287,個人,上班族,2018-02-09,0,0,,,0,,
A006288,個人,上班族,2012-06-02,0,0,,,0,,
A006289,個人,上班族,2022-03-18,0,0,,,0,,
A006290,個人,上班族,2012-03-13,0,0,,,0,,
A006291,個人,上班族,2016-03-16,0,0,,,0,,
A006292,個人,上班族,2021-07-25,0,0,,,0,,
A006293,個人,上班族,2015-07-03,0,0,,,0,,
A006294,個人,上班族,2023-05-25,0,0,,,0,,
A006295,個人,上班族,2018-05-01,0,0,,,0,,
A006296,個人,上班族,2020-05-08,0,0,,,0,,
A006297,個人,上班族,2024-03-14,0,0,,,0,,
A006298,個人,上班族,2014-11-05,0,0,,,0,,
A006299,個人,上班族,2021-09-20,0,0,,,0,,
A006300,個人,上班族,2022-10-18,0,0,,,0,,
A006301,個人,上班族,2014-01-14,0,0,,,0,,
A006302,個人,上班族,2022-06-10,0,0,,,0,,
A006303,個人,上班族,2007-01-24,0,0,,,0,,
A006304,個人,上班族,2024-10-24,0,0,,,0,,
A006305,個人,上班族,2019-12-09,0,0,,,0,,
A006306,個人,上班族,2019-05-16,0,0,,,0,,
A006307,個人,上班族,2009-11-12,0,0,,,0,,
A006308,個人,上班族,2018-06-27,0,0,,,0,,
A006309,個人,上班族,2022-03-25,0,0,,,0,,
A006310,個人,上班族,2006-11-04,0,0,,,0,,
A006311,個人,上班族,2014-07-09,0,0,,,0,,
A006312,個人,上班族,2022-06-30,0,0,,,0,,
A006313,個人,上班族,2011-01-23,0,0,,,0,,
A006314,個人,上班族,2016-06-05,0,0,,,0,,
A006315,個人,上班族,2020-08-07,0,0,,,0,,
A006316,個人,上班族,2024-11-25,0,0,,,0,,
A006317,個人,上班族,2008-12-24,0,0,,,0,,
A006318,個人,上班族,2020-12-26,0,0,,,0,,
A006319,個人,上班族,2022-03-15,0,0,,,0,,
A006320,個人,上班族,2017-06-14,0,0,,,0,,
A006321,個人,上班族,2022-12-10,0,0,,,0,,
A006322,個人,上班族,2022-11-05,0,0,,,0,,
A006323,個人,上班族,2008-02-12,0,0,,,0,,
A006324,個人,上班族,2016-01-01,0,0,,,0,,
A006325,個人,上班族,2009-08-20,0,0,,,0,,
A006326,個人,上班族,2024-08-22,0,0,,,0,,
A006327,個人,上班族,2020-11-23,0,0,,,0,,
A006328,個人,上班族,2014-04-04,0,0,,,0,,
A006329,個人,上班族,2015-08-21,0,0,,,0,,
A006330,個人,上班族,2023-11-03,0,0,,,0,,
A006331,個人,上班族,2007-03-02,0,0,,,0,,
A006332,個人,上班族,2014-06-18,0,0,,,0,,
A006333,個人,上班族,2022-04-04,0,0,,,0,,
A006334,個人,上班族,2023-01-28,0,0,,,0,,
A006335,個人,上班族,2021-03-11,0,0,,,0,,
A006336,個人,上班族,2014-05-22,0,0,,,0,,
A006337,個人,上班族,2016-04-13,0,0,,,0,,
A006338,個人,上班族,2023-12-31,0,0,,,0,,
A006339,個人,上班族,2021-08-31,0,0,,,0,,
A006340,個人,上班族,2010-12-22,0,0,,,0,,
A006341,個人,上班族,2013-02-15,0,0,,,0,,
A006342,個人,上班族,2017-01-13,0,0,,,0,,
A006343,個人,上班族,2017-06-01,0,0,,,0,,
A006344,個人,上班族,2011-09-22,0,0,,,0,,
A006345,個人,上班族,2017-09-17,0,0,,,0,,
A006346,個人,上班族,2010-06-16,0,0,,,0,,
A006347,個人,上班族,2017-12-25,0,0,,,0,,
A006348,個人,上班族,2015-09-08,0,0,,,0,,
A006349,個人,上班族,2006-05-09,0,0,,,0,,
A006350,個人,上班族,2006-02-01,0,0,,,0,,
A006351,個人,上班族,2022-05-24,0,0,,,0,,
A006352,個人,上班族,2011-03-24,0,0,,,0,,
A006353,個人,上班族,2021-04-27,0,0,,,0,,
A006354,個人,上班族,2020-09-30,0,0,,,0,,
A006355,個人,上班族,2013-10-03,0,0,,,0,,
A006356,個人,上班族,2021-02-10,0,0,,,0,,
A006357,個人,上班族,2010-03-18,0,0,,,0,,
A006358,個人,上班族,2021-09-21,0,0,,,0,,
A006359,個人,上班族,2015-07-26,0,0,,,0,,
A006360,個人,上班族,2015-05-15,0,0,,,0,,
A006361,個人,上班族,2021-12-01,0,0,,,0,,
A006362,個人,上班族,2020-02-07,0,0,,,0,,
A006363,個人,上班族,2026-05-16,0,0,,,0,,
A006364,個人,上班族,2007-10-05,0,0,,,0,,
A006365,個人,上班族,2020-12-18,0,0,,,0,,
A006366,個人,上班族,2020-07-12,1590,0,,,0,,
A006367,個人,上班族,2023-02-07,0,0,,,0,,
A006368,個人,上班族,2023-12-05,0,0,,,0,,
A006369,個人,上班族,2010-04-10,0,0,,,0,,
A006370,個人,上班族,2010-09-17,0,0,,,0,,
A006371,個人,上班族,2007-10-22,0,0,,,0,,
A006372,個人,上班族,2021-06-08,0,0,,,0,,
A006373,個人,上班族,2019-08-16,0,0,,,0,,
A006374,個人,上班族,2010-02-05,0,0,,,0,,
A006375,個人,上班族,2023-11-30,0,0,,,0,,
A006376,個人,上班族,2013-03-21,0,0,,,0,,
A006377,個人,上班族,2010-02-08,0,0,,,0,,
A006378,個人,上班族,2018-08-20,0,0,,,0,,
A006379,個人,上班族,2022-10-21,0,0,,,0,,
A006380,個人,上班族,2008-07-01,0,0,,,0,,
A006381,個人,上班族,2012-04-28,0,0,,,0,,
A006382,個人,上班族,2024-07-10,0,0,,,0,,
A006383,個人,上班族,2022-07-31,0,0,,,0,,
A006384,個人,上班族,2007-06-30,0,0,,,0,,
A006385,個人,上班族,2008-06-20,0,0,,,0,,
A006386,個人,上班族,2013-11-17,0,0,,,0,,
A006387,個人,上班族,2021-08-13,0,0,,,0,,
A006388,個人,上班族,2026-05-10,0,0,,,0,,
A006389,個人,上班族,2019-08-29,0,0,,,0,,
A006390,個人,上班族,2016-09-09,0,0,,,0,,
A006391,個人,上班族,2017-09-25,0,0,,,0,,
A006392,個人,上班族,2019-10-25,0,0,,,0,,
A006393,個人,上班族,2009-05-03,0,0,,,0,,
A006394,個人,上班族,2006-02-20,0,0,,,0,,
A006395,個人,上班族,2017-10-30,0,0,,,0,,
A006396,個人,上班族,2019-12-19,0,0,,,0,,
A006397,個人,上班族,2024-08-14,0,0,,,0,,
A006398,個人,上班族,2007-11-01,0,0,,,0,,
A006399,個人,上班族,2016-03-08,0,0,,,0,,
A006400,個人,上班族,2023-06-02,0,0,,,0,,
A006401,個人,上班族,2009-05-21,0,0,,,0,,
A006402,個人,上班族,2006-07-15,0,0,,,0,,
A006403,個人,上班族,2023-09-15,0,0,,,0,,
A006404,個人,上班族,2008-11-20,0,0,,,0,,
A006405,個人,上班族,2023-06-29,0,0,,,0,,
A006406,個人,上班族,2010-12-13,0,0,,,0,,
A006407,個人,上班族,2012-06-13,0,0,,,0,,
A006408,個人,上班族,2007-07-29,0,0,,,0,,
A006409,個人,上班族,2021-07-26,0,0,,,0,,
A006410,個人,上班族,2012-03-18,0,0,,,0,,
A006411,個人,上班族,2023-06-29,0,0,,,0,,
A006412,個人,上班族,2018-01-15,0,0,,,0,,
A006413,個人,上班族,2026-05-15,0,0,,,0,,
A006414,個人,上班族,2022-07-30,0,0,,,0,,
A006415,個人,上班族,2016-09-14,0,0,,,0,,
A006416,個人,上班族,2022-08-20,0,0,,,0,,
A006417,個人,上班族,2013-03-16,0,0,,,0,,
A006418,個人,上班族,2022-01-30,0,0,,,0,,
A006419,個人,上班族,2016-06-21,0,0,,,0,,
A006420,個人,上班族,2019-02-05,0,0,,,0,,
A006421,個人,上班族,2011-11-22,0,0,,,0,,
A006422,個人,上班族,2007-01-14,0,0,,,0,,
A006423,個人,上班族,2020-08-18,0,0,,,0,,
A006424,個人,上班族,2019-01-29,0,0,,,0,,
A006425,個人,上班族,2022-04-28,0,0,,,0,,
A006426,個人,上班族,2010-07-01,0,0,,,0,,
A006427,個人,上班族,2019-10-07,0,0,,,0,,
A006428,個人,上班族,2021-06-07,0,0,,,0,,
A006429,個人,上班族,2010-07-07,0,0,,,0,,
A006430,個人,上班族,2017-03-17,0,0,,,0,,
A006431,個人,上班族,2026-04-14,0,0,,,0,,
A006432,個人,上班族,2008-12-10,0,0,,,0,,
A006433,個人,上班族,2008-03-08,0,0,,,0,,
A006434,個人,上班族,2015-01-23,0,0,,,0,,
A006435,個人,上班族,2026-02-01,0,0,,,0,,
A006436,個人,上班族,2011-06-25,0,0,,,0,,
A006437,個人,上班族,2022-09-20,0,0,,,0,,
A006438,個人,上班族,2013-06-06,0,0,,,0,,
A006439,個人,上班族,2023-04-29,0,0,,,0,,
A006440,個人,上班族,2019-04-25,0,0,,,0,,
A006441,個人,上班族,2011-08-13,0,0,,,0,,
A006442,個人,上班族,2021-07-01,0,0,,,0,,
A006443,個人,上班族,2026-04-09,0,0,,,0,,
A006444,個人,上班族,2017-12-16,0,0,,,0,,
A006445,個人,上班族,2018-08-14,0,0,,,0,,
A006446,個人,上班族,2022-02-09,640,0,,,0,,
A006447,個人,上班族,2010-06-07,0,0,,,0,,
A006448,個人,上班族,2009-12-21,0,0,,,0,,
A006449,個人,上班族,2024-04-22,0,0,,,0,,
A006450,個人,上班族,2006-02-21,0,0,,,0,,
A006451,個人,上班族,2010-02-18,0,0,,,0,,
A006452,個人,上班族,2026-01-06,0,0,,,0,,
A006453,個人,上班族,2019-07-12,0,0,,,0,,
A006454,個人,上班族,2013-06-14,0,0,,,0,,
A006455,個人,上班族,2014-11-12,0,0,,,0,,
A006456,個人,上班族,2016-08-09,0,0,,,0,,
A006457,個人,上班族,2011-01-29,0,0,,,0,,
A006458,個人,上班族,2015-03-02,0,0,,,0,,
A006459,個人,上班族,2014-07-10,0,0,,,0,,
A006460,個人,上班族,2018-11-01,0,0,,,0,,
A006461,個人,上班族,2015-10-13,0,0,,,0,,
A006462,個人,上班族,2015-06-24,0,0,,,0,,
A006463,個人,上班族,2021-01-16,0,0,,,0,,
A006464,個人,上班族,2006-10-08,0,0,,,0,,
A006465,個人,上班族,2023-01-06,0,0,,,0,,
A006466,個人,上班族,2020-03-18,0,0,,,0,,
A006467,個人,上班族,2006-07-26,0,0,,,0,,
A006468,個人,上班族,2006-02-24,0,0,,,0,,
A006469,個人,上班族,2011-03-05,0,0,,,0,,
A006470,個人,上班族,2018-12-08,0,0,,,0,,
A006471,個人,上班族,2017-06-07,0,0,,,0,,
A006472,個人,上班族,2010-10-18,0,0,,,0,,
A006473,個人,上班族,2006-11-13,0,0,,,0,,
A006474,個人,上班族,2015-11-18,0,0,,,0,,
A006475,個人,上班族,2019-01-16,0,0,,,0,,
A006476,個人,上班族,2012-05-28,0,0,,,0,,
A006477,個人,上班族,2018-07-20,0,0,,,0,,
A006478,個人,上班族,2016-09-28,0,0,,,0,,
A006479,個人,上班族,2008-04-08,0,0,,,0,,
A006480,個人,上班族,2019-04-14,0,0,,,0,,
A006481,個人,上班族,2018-08-15,0,0,,,0,,
A006482,個人,上班族,2011-09-18,0,0,,,0,,
A006483,個人,上班族,2008-03-22,0,0,,,0,,
A006484,個人,上班族,2015-01-12,0,0,,,0,,
A006485,個人,上班族,2015-03-23,0,0,,,0,,
A006486,個人,上班族,2010-10-10,0,0,,,0,,
A006487,個人,上班族,2007-02-28,0,0,,,0,,
A006488,個人,上班族,2013-01-07,0,0,,,0,,
A006489,個人,上班族,2012-03-20,0,0,,,0,,
A006490,個人,上班族,2016-05-07,1125,0,,,0,,
A006491,個人,上班族,2012-05-23,0,0,,,0,,
A006492,個人,上班族,2023-08-06,0,0,,,0,,
A006493,個人,上班族,2022-06-08,0,0,,,0,,
A006494,個人,上班族,2017-09-01,0,0,,,0,,
A006495,個人,上班族,2023-02-23,0,0,,,0,,
A006496,個人,上班族,2020-03-08,0,0,,,0,,
A006497,個人,上班族,2024-05-11,0,0,,,0,,
A006498,個人,上班族,2019-02-27,0,0,,,0,,
A006499,個人,上班族,2014-03-20,0,0,,,0,,
A006500,個人,上班族,2012-09-08,0,0,,,0,,
A006501,個人,上班族,2007-04-01,0,0,,,0,,
A006502,個人,上班族,2017-03-17,0,0,,,0,,
A006503,個人,上班族,2022-01-10,0,0,,,0,,
A006504,個人,上班族,2022-04-22,0,0,,,0,,
A006505,個人,上班族,2006-03-02,0,0,,,0,,
A006506,個人,上班族,2019-03-29,0,0,,,0,,
A006507,個人,上班族,2008-08-27,0,0,,,0,,
A006508,個人,上班族,2020-10-26,0,0,,,0,,
A006509,個人,上班族,2019-07-26,0,0,,,0,,
A006510,個人,上班族,2009-09-16,0,0,,,0,,
A006511,個人,上班族,2016-02-07,0,0,,,0,,
A006512,個人,上班族,2010-03-03,0,0,,,0,,
A006513,個人,上班族,2010-12-19,0,0,,,0,,
A006514,個人,上班族,2015-11-06,0,0,,,0,,
A006515,個人,上班族,2018-07-18,0,0,,,0,,
A006516,個人,上班族,2020-01-08,0,0,,,0,,
A006517,個人,上班族,2007-11-30,0,0,,,0,,
A006518,個人,上班族,2006-10-17,0,0,,,0,,
A006519,個人,上班族,2019-01-05,0,0,,,0,,
A006520,個人,上班族,2015-09-19,0,0,,,0,,
A006521,個人,上班族,2006-07-05,0,0,,,0,,
A006522,個人,上班族,2015-02-27,0,0,,,0,,
A006523,個人,上班族,2020-03-31,0,0,,,0,,
A006524,個人,上班族,2011-10-27,0,0,,,0,,
A006525,個人,上班族,2019-04-11,0,0,,,0,,
A006526,個人,上班族,2007-07-27,0,0,,,0,,
A006527,個人,上班族,2020-03-29,0,0,,,0,,
A006528,個人,上班族,2015-09-05,0,0,,,0,,
A006529,個人,上班族,2022-10-22,0,0,,,0,,
A006530,個人,上班族,2015-01-03,0,0,,,0,,
A006531,個人,上班族,2014-11-12,0,0,,,0,,
A006532,個人,上班族,2020-11-20,0,0,,,0,,
A006533,個人,上班族,2017-06-22,0,0,,,0,,
A006534,個人,上班族,2018-11-21,0,0,,,0,,
A006535,個人,上班族,2022-04-09,0,0,,,0,,
A006536,個人,上班族,2018-09-20,0,0,,,0,,
A006537,個人,上班族,2011-03-02,0,0,,,0,,
A006538,個人,上班族,2023-06-14,0,0,,,0,,
A006539,個人,上班族,2014-09-26,0,0,,,0,,
A006540,個人,上班族,2006-11-13,0,0,,,0,,
A006541,個人,上班族,2016-08-17,0,0,,,0,,
A006542,個人,上班族,2014-10-13,0,0,,,0,,
A006543,個人,上班族,2021-04-25,0,0,,,0,,
A006544,個人,上班族,2012-04-29,0,0,,,0,,
A006545,個人,上班族,2017-01-31,0,0,,,0,,
A006546,個人,上班族,2020-07-08,973,0,,,0,,
A006547,個人,上班族,2022-12-07,0,0,,,0,,
A006548,個人,上班族,2020-07-14,0,0,,,0,,
A006549,個人,上班族,2017-09-09,0,0,,,0,,
A006550,個人,上班族,2006-11-08,533,0,,,0,,
A006551,個人,上班族,2019-11-12,0,0,,,0,,
A006552,個人,上班族,2013-07-13,0,0,,,0,,
A006553,個人,上班族,2008-09-20,0,0,,,0,,
A006554,個人,上班族,2009-06-19,0,0,,,0,,
A006555,個人,上班族,2024-02-19,0,0,,,0,,
A006556,個人,上班族,2006-10-09,0,0,,,0,,
A006557,個人,上班族,2012-11-02,0,0,,,0,,
A006558,個人,上班族,2015-03-24,0,0,,,0,,
A006559,個人,上班族,2022-07-11,0,0,,,0,,
A006560,個人,上班族,2019-04-11,0,0,,,0,,
A006561,個人,上班族,2021-09-28,0,0,,,0,,
A006562,個人,上班族,2006-01-19,0,0,,,0,,
A006563,個人,上班族,2006-11-27,0,0,,,0,,
A006564,個人,上班族,2016-04-15,0,0,,,0,,
A006565,個人,上班族,2009-08-28,0,0,,,0,,
A006566,個人,上班族,2015-12-13,0,0,,,0,,
A006567,個人,上班族,2012-09-27,0,0,,,0,,
A006568,個人,上班族,2017-03-29,0,0,,,0,,
A006569,個人,上班族,2009-04-15,0,0,,,0,,
A006570,個人,上班族,2009-02-10,0,0,,,0,,
A006571,個人,上班族,2012-08-13,0,0,,,0,,
A006572,個人,上班族,2015-02-23,0,0,,,0,,
A006573,個人,上班族,2019-12-06,0,0,,,0,,
A006574,個人,上班族,2020-06-22,0,0,,,0,,
A006575,個人,上班族,2018-03-23,0,0,,,0,,
A006576,個人,上班族,2014-09-16,0,0,,,0,,
A006577,個人,上班族,2020-10-28,0,0,,,0,,
A006578,個人,上班族,2016-03-13,0,0,,,0,,
A006579,個人,上班族,2013-11-14,0,0,,,0,,
A006580,個人,上班族,2013-11-13,0,0,,,0,,
A006581,個人,上班族,2013-02-03,0,0,,,0,,
A006582,個人,上班族,2021-02-12,0,0,,,0,,
A006583,個人,上班族,2006-02-28,0,0,,,0,,
A006584,個人,上班族,2007-02-10,0,0,,,0,,
A006585,個人,上班族,2018-01-27,0,0,,,0,,
A006586,個人,上班族,2024-07-25,0,0,,,0,,
A006587,個人,上班族,2008-09-18,0,0,,,0,,
A006588,個人,上班族,2018-09-12,0,0,,,0,,
A006589,個人,上班族,2026-02-10,0,0,,,0,,
A006590,個人,上班族,2006-09-04,0,0,,,0,,
A006591,個人,上班族,2006-03-17,0,0,,,0,,
A006592,個人,上班族,2019-08-09,0,0,,,0,,
A006593,個人,上班族,2012-07-07,0,0,,,0,,
A006594,個人,上班族,2023-03-07,0,0,,,0,,
A006595,個人,上班族,2018-11-02,0,0,,,0,,
A006596,個人,上班族,2012-07-12,0,0,,,0,,
A006597,個人,上班族,2017-07-05,0,0,,,0,,
A006598,個人,上班族,2026-05-22,0,0,,,0,,
A006599,個人,上班族,2012-09-05,0,0,,,0,,
A006600,個人,上班族,2017-06-27,0,0,,,0,,
A006601,個人,上班族,2017-02-27,0,0,,,0,,
A006602,個人,上班族,2014-11-06,0,0,,,0,,
A006603,個人,上班族,2013-07-25,0,0,,,0,,
A006604,個人,上班族,2021-06-16,0,0,,,0,,
A006605,個人,上班族,2009-06-08,0,0,,,0,,
A006606,個人,上班族,2009-07-30,0,0,,,0,,
A006607,個人,上班族,2015-12-13,0,0,,,0,,
A006608,個人,上班族,2015-09-28,0,0,,,0,,
A006609,個人,上班族,2014-09-25,0,0,,,0,,
A006610,個人,上班族,2021-10-22,0,0,,,0,,
A006611,個人,上班族,2012-12-23,0,0,,,0,,
A006612,個人,上班族,2014-04-26,0,0,,,0,,
A006613,個人,上班族,2012-06-01,0,0,,,0,,
A006614,個人,上班族,2015-08-07,0,0,,,0,,
A006615,個人,上班族,2016-12-30,0,0,,,0,,
A006616,個人,上班族,2008-07-29,0,0,,,0,,
A006617,個人,上班族,2023-10-24,0,0,,,0,,
A006618,個人,上班族,2014-08-07,0,0,,,0,,
A006619,個人,上班族,2018-06-11,0,0,,,0,,
A006620,個人,上班族,2016-11-11,0,0,,,0,,
A006621,個人,上班族,2017-10-06,0,0,,,0,,
A006622,個人,上班族,2024-11-08,0,0,,,0,,
A006623,個人,上班族,2024-01-31,0,0,,,0,,
A006624,個人,上班族,2014-02-11,0,0,,,0,,
A006625,個人,上班族,2013-07-08,0,0,,,0,,
A006626,個人,上班族,2008-11-15,0,0,,,0,,
A006627,個人,上班族,2026-01-13,0,0,,,0,,
A006628,個人,上班族,2019-03-11,0,0,,,0,,
A006629,個人,上班族,2008-03-24,0,0,,,0,,
A006630,個人,上班族,2020-06-06,0,0,,,0,,
A006631,個人,上班族,2024-04-27,0,0,,,0,,
A006632,個人,上班族,2017-12-12,0,0,,,0,,
A006633,個人,上班族,2015-04-20,0,0,,,0,,
A006634,個人,上班族,2013-09-26,0,0,,,0,,
A006635,個人,上班族,2018-04-10,0,0,,,0,,
A006636,個人,上班族,2010-07-23,0,0,,,0,,
A006637,個人,上班族,2009-08-22,0,0,,,0,,
A006638,個人,上班族,2013-09-29,0,0,,,0,,
A006639,個人,上班族,2014-10-20,0,0,,,0,,
A006640,個人,上班族,2026-01-25,0,0,,,0,,
A006641,個人,上班族,2011-05-19,0,0,,,0,,
A006642,個人,上班族,2011-10-05,0,0,,,0,,
A006643,個人,上班族,2012-02-24,0,0,,,0,,
A006644,個人,上班族,2020-02-22,0,0,,,0,,
A006645,個人,上班族,2010-12-07,0,0,,,0,,
A006646,個人,上班族,2013-08-09,0,0,,,0,,
A006647,個人,上班族,2026-03-13,0,0,,,0,,
A006648,個人,上班族,2022-05-23,0,0,,,0,,
A006649,個人,上班族,2022-11-11,0,0,,,0,,
A006650,個人,上班族,2026-04-24,0,0,,,0,,
A006651,個人,上班族,2008-01-28,0,0,,,0,,
A006652,個人,上班族,2013-12-31,0,0,,,0,,
A006653,個人,上班族,2018-08-04,0,0,,,0,,
A006654,個人,上班族,2024-01-28,0,0,,,0,,
A006655,個人,上班族,2011-09-01,0,0,,,0,,
A006656,個人,上班族,2013-12-29,0,0,,,0,,
A006657,個人,上班族,2015-01-04,0,0,,,0,,
A006658,個人,上班族,2017-01-29,0,0,,,0,,
A006659,個人,上班族,2018-10-16,0,0,,,0,,
A006660,個人,上班族,2026-03-18,0,0,,,0,,
A006661,個人,上班族,2022-11-10,0,0,,,0,,
A006662,個人,上班族,2026-04-13,0,0,,,0,,
A006663,個人,上班族,2017-12-14,0,0,,,0,,
A006664,個人,上班族,2023-01-19,0,0,,,0,,
A006665,個人,上班族,2011-08-23,0,0,,,0,,
A006666,個人,上班族,2013-07-07,0,0,,,0,,
A006667,個人,上班族,2008-08-10,0,0,,,0,,
A006668,個人,上班族,2020-06-08,0,0,,,0,,
A006669,個人,上班族,2006-10-01,0,0,,,0,,
A006670,個人,上班族,2018-06-19,0,0,,,0,,
A006671,個人,上班族,2014-03-17,0,0,,,0,,
A006672,個人,上班族,2020-01-26,1969,0,,,0,,
A006673,個人,上班族,2024-10-19,0,0,,,0,,
A006674,個人,上班族,2022-12-21,0,0,,,0,,
A006675,個人,上班族,2014-02-17,0,0,,,0,,
A006676,個人,上班族,2007-10-08,0,0,,,0,,
A006677,個人,上班族,2018-11-08,0,0,,,0,,
A006678,個人,上班族,2012-07-11,0,0,,,0,,
A006679,個人,上班族,2011-01-04,0,0,,,0,,
A006680,個人,上班族,2013-03-03,0,0,,,0,,
A006681,個人,上班族,2016-09-03,0,0,,,0,,
A006682,個人,上班族,2026-05-16,0,0,,,0,,
A006683,個人,上班族,2013-05-06,0,0,,,0,,
A006684,個人,上班族,2018-10-08,0,0,,,0,,
A006685,個人,上班族,2009-09-25,0,0,,,0,,
A006686,個人,上班族,2018-10-21,0,0,,,0,,
A006687,個人,上班族,2006-07-10,0,0,,,0,,
A006688,個人,上班族,2009-12-21,0,0,,,0,,
A006689,個人,上班族,2009-10-10,0,0,,,0,,
A006690,個人,上班族,2017-10-13,0,0,,,0,,
A006691,個人,上班族,2013-12-10,0,0,,,0,,
A006692,個人,上班族,2019-01-26,0,0,,,0,,
A006693,個人,上班族,2006-07-20,0,0,,,0,,
A006694,個人,上班族,2009-08-09,0,0,,,0,,
A006695,個人,上班族,2023-10-10,0,0,,,0,,
A006696,個人,上班族,2010-03-21,0,0,,,0,,
A006697,個人,上班族,2014-06-21,0,0,,,0,,
A006698,個人,上班族,2013-11-03,0,0,,,0,,
A006699,個人,上班族,2019-07-02,0,0,,,0,,
A006700,個人,上班族,2026-02-05,0,0,,,0,,
A006701,個人,上班族,2021-08-21,0,0,,,0,,
A006702,個人,上班族,2019-07-07,0,0,,,0,,
A006703,個人,上班族,2024-04-06,0,0,,,0,,
A006704,個人,上班族,2019-01-19,0,0,,,0,,
A006705,個人,上班族,2016-04-26,0,0,,,0,,
A006706,個人,上班族,2023-09-28,0,0,,,0,,
A006707,個人,上班族,2007-09-13,0,0,,,0,,
A006708,個人,上班族,2016-10-30,0,0,,,0,,
A006709,個人,上班族,2011-04-14,0,0,,,0,,
A006710,個人,上班族,2023-04-30,0,0,,,0,,
A006711,個人,上班族,2018-05-11,0,0,,,0,,
A006712,個人,上班族,2008-10-08,0,0,,,0,,
A006713,個人,上班族,2018-04-05,0,0,,,0,,
A006714,個人,上班族,2011-02-04,0,0,,,0,,
A006715,個人,上班族,2024-09-26,0,0,,,0,,
A006716,個人,上班族,2015-10-21,0,0,,,0,,
A006717,個人,上班族,2014-07-12,0,0,,,0,,
A006718,個人,上班族,2026-04-13,0,0,,,0,,
A006719,個人,上班族,2016-08-20,0,0,,,0,,
A006720,個人,上班族,2012-04-10,0,0,,,0,,
A006721,個人,上班族,2009-01-15,0,0,,,0,,
A006722,個人,上班族,2024-04-11,0,0,,,0,,
A006723,個人,上班族,2017-03-30,0,0,,,0,,
A006724,個人,上班族,2021-02-27,0,0,,,0,,
A006725,個人,上班族,2015-08-08,0,0,,,0,,
A006726,個人,上班族,2017-09-20,0,0,,,0,,
A006727,個人,上班族,2006-12-26,0,0,,,0,,
A006728,個人,上班族,2006-09-19,0,0,,,0,,
A006729,個人,上班族,2012-12-11,0,0,,,0,,
A006730,個人,上班族,2012-05-01,0,0,,,0,,
A006731,個人,上班族,2024-06-06,0,0,,,0,,
A006732,個人,上班族,2023-11-16,0,0,,,0,,
A006733,個人,上班族,2023-12-13,0,0,,,0,,
A006734,個人,上班族,2008-05-18,0,0,,,0,,
A006735,個人,上班族,2013-09-12,0,0,,,0,,
A006736,個人,上班族,2012-11-07,0,0,,,0,,
A006737,個人,上班族,2007-06-28,0,0,,,0,,
A006738,個人,上班族,2021-05-22,0,0,,,0,,
A006739,個人,上班族,2010-02-16,0,0,,,0,,
A006740,個人,上班族,2015-02-03,0,0,,,0,,
A006741,個人,上班族,2009-08-04,0,0,,,0,,
A006742,個人,上班族,2023-11-29,0,0,,,0,,
A006743,個人,上班族,2008-03-20,0,0,,,0,,
A006744,個人,上班族,2019-10-09,0,0,,,0,,
A006745,個人,上班族,2011-04-04,0,0,,,0,,
A006746,個人,上班族,2009-04-04,0,0,,,0,,
A006747,個人,上班族,2014-10-03,0,0,,,0,,
A006748,個人,上班族,2019-09-28,0,0,,,0,,
A006749,個人,上班族,2016-04-02,0,0,,,0,,
A006750,個人,上班族,2023-10-08,0,0,,,0,,
A006751,個人,上班族,2021-04-19,0,0,,,0,,
A006752,個人,上班族,2024-01-29,0,0,,,0,,
A006753,個人,上班族,2019-12-06,0,0,,,0,,
A006754,個人,上班族,2016-09-25,0,0,,,0,,
A006755,個人,上班族,2013-01-02,0,0,,,0,,
A006756,個人,上班族,2023-09-04,0,0,,,0,,
A006757,個人,上班族,2013-12-04,0,0,,,0,,
A006758,個人,上班族,2015-06-27,0,0,,,0,,
A006759,個人,上班族,2019-08-14,0,0,,,0,,
A006760,個人,上班族,2019-03-10,0,0,,,0,,
A006761,個人,上班族,2019-02-04,0,0,,,0,,
A006762,個人,上班族,2014-07-13,0,0,,,0,,
A006763,個人,上班族,2023-05-21,0,0,,,0,,
A006764,個人,上班族,2011-06-16,0,0,,,0,,
A006765,個人,上班族,2006-01-24,0,0,,,0,,
A006766,個人,上班族,2015-03-30,0,0,,,0,,
A006767,個人,上班族,2011-06-01,0,0,,,0,,
A006768,個人,上班族,2014-07-28,0,0,,,0,,
A006769,個人,上班族,2016-09-20,0,0,,,0,,
A006770,個人,上班族,2017-03-22,0,0,,,0,,
A006771,個人,上班族,2006-07-07,0,0,,,0,,
A006772,個人,上班族,2007-08-23,0,0,,,0,,
A006773,個人,上班族,2011-10-25,0,0,,,0,,
A006774,個人,上班族,2007-01-03,0,0,,,0,,
A006775,個人,上班族,2006-10-28,0,0,,,0,,
A006776,個人,上班族,2024-06-02,0,0,,,0,,
A006777,個人,上班族,2007-11-10,0,0,,,0,,
A006778,個人,上班族,2009-08-16,0,0,,,0,,
A006779,個人,上班族,2026-03-13,0,0,,,0,,
A006780,個人,上班族,2022-02-03,0,0,,,0,,
A006781,個人,上班族,2019-08-22,0,0,,,0,,
A006782,個人,上班族,2026-03-01,0,0,,,0,,
A006783,個人,上班族,2015-01-05,0,0,,,0,,
A006784,個人,上班族,2024-12-19,0,0,,,0,,
A006785,個人,上班族,2017-04-24,0,0,,,0,,
A006786,個人,上班族,2023-12-21,0,0,,,0,,
A006787,個人,上班族,2016-11-09,0,0,,,0,,
A006788,個人,上班族,2019-08-30,0,0,,,0,,
A006789,個人,上班族,2010-07-21,0,0,,,0,,
A006790,個人,上班族,2023-10-18,0,0,,,0,,
A006791,個人,上班族,2010-03-31,0,0,,,0,,
A006792,個人,上班族,2024-03-06,0,0,,,0,,
A006793,個人,上班族,2023-01-03,0,0,,,0,,
A006794,個人,上班族,2012-02-17,0,0,,,0,,
A006795,個人,上班族,2023-09-25,0,0,,,0,,
A006796,個人,上班族,2012-05-16,0,0,,,0,,
A006797,個人,上班族,2021-01-10,0,0,,,0,,
A006798,個人,上班族,2017-05-29,0,0,,,0,,
A006799,個人,上班族,2009-08-01,0,0,,,0,,
A006800,個人,上班族,2009-05-31,0,0,,,0,,
A006801,個人,上班族,2010-02-09,0,0,,,0,,
A006802,個人,上班族,2009-06-29,0,0,,,0,,
A006803,個人,上班族,2019-06-08,0,0,,,0,,
A006804,個人,上班族,2021-07-29,0,0,,,0,,
A006805,個人,上班族,2007-04-13,0,0,,,0,,
A006806,個人,上班族,2011-02-09,0,0,,,0,,
A006807,個人,上班族,2010-09-15,0,0,,,0,,
A006808,個人,上班族,2014-05-31,0,0,,,0,,
A006809,個人,上班族,2008-08-05,0,0,,,0,,
A006810,個人,上班族,2019-04-23,0,0,,,0,,
A006811,個人,上班族,2010-02-16,0,0,,,0,,
A006812,個人,上班族,2015-12-18,0,0,,,0,,
A006813,個人,上班族,2019-08-21,0,0,,,0,,
A006814,個人,上班族,2016-12-10,0,0,,,0,,
A006815,個人,上班族,2023-03-22,0,0,,,0,,
A006816,個人,上班族,2026-04-29,0,0,,,0,,
A006817,個人,上班族,2016-02-13,0,0,,,0,,
A006818,個人,上班族,2006-10-04,0,0,,,0,,
A006819,個人,上班族,2023-02-03,0,0,,,0,,
A006820,個人,上班族,2023-06-23,0,0,,,0,,
A006821,個人,上班族,2026-02-09,0,0,,,0,,
A006822,個人,上班族,2023-07-22,0,0,,,0,,
A006823,個人,上班族,2021-08-27,0,0,,,0,,
A006824,個人,上班族,2012-06-12,0,0,,,0,,
A006825,個人,上班族,2011-04-07,0,0,,,0,,
A006826,個人,上班族,2017-01-08,0,0,,,0,,
A006827,個人,上班族,2010-07-13,0,0,,,0,,
A006828,個人,上班族,2012-09-07,0,0,,,0,,
A006829,個人,上班族,2015-01-02,0,0,,,0,,
A006830,個人,上班族,2006-05-28,0,0,,,0,,
A006831,個人,上班族,2009-04-09,0,0,,,0,,
A006832,個人,上班族,2012-06-05,0,0,,,0,,
A006833,個人,上班族,2021-08-29,0,0,,,0,,
A006834,個人,上班族,2009-11-25,279,0,,,0,,
A006835,個人,上班族,2015-05-12,0,0,,,0,,
A006836,個人,上班族,2011-09-05,0,0,,,0,,
A006837,個人,上班族,2024-05-09,0,0,,,0,,
A006838,個人,上班族,2024-04-18,0,0,,,0,,
A006839,個人,上班族,2014-05-30,0,0,,,0,,
A006840,個人,上班族,2011-01-08,0,0,,,0,,
A006841,個人,上班族,2011-01-16,0,0,,,0,,
A006842,個人,上班族,2010-07-24,0,0,,,0,,
A006843,個人,上班族,2017-05-16,0,0,,,0,,
A006844,個人,上班族,2011-07-06,0,0,,,0,,
A006845,個人,上班族,2013-01-06,0,0,,,0,,
A006846,個人,上班族,2024-05-01,0,0,,,0,,
A006847,個人,上班族,2017-09-28,0,0,,,0,,
A006848,個人,上班族,2022-10-18,0,0,,,0,,
A006849,個人,上班族,2008-04-22,0,0,,,0,,
A006850,個人,上班族,2023-12-29,0,0,,,0,,
A006851,個人,上班族,2007-10-14,0,0,,,0,,
A006852,個人,上班族,2010-09-14,0,0,,,0,,
A006853,個人,上班族,2009-03-26,0,0,,,0,,
A006854,個人,上班族,2024-08-20,0,0,,,0,,
A006855,個人,上班族,2008-08-11,0,0,,,0,,
A006856,個人,上班族,2017-04-06,0,0,,,0,,
A006857,個人,上班族,2021-03-30,0,0,,,0,,
A006858,個人,上班族,2010-09-11,0,0,,,0,,
A006859,個人,上班族,2022-08-31,0,0,,,0,,
A006860,個人,上班族,2026-02-28,0,0,,,0,,
A006861,個人,上班族,2023-04-19,0,0,,,0,,
A006862,個人,上班族,2023-03-16,0,0,,,0,,
A006863,個人,上班族,2009-12-09,0,0,,,0,,
A006864,個人,上班族,2016-01-10,0,0,,,0,,
A006865,個人,上班族,2006-10-21,0,0,,,0,,
A006866,個人,上班族,2019-03-13,0,0,,,0,,
A006867,個人,上班族,2014-09-11,0,0,,,0,,
A006868,個人,上班族,2015-07-19,0,0,,,0,,
A006869,個人,上班族,2026-01-12,0,0,,,0,,
A006870,個人,上班族,2022-12-29,0,0,,,0,,
A006871,個人,上班族,2011-02-18,0,0,,,0,,
A006872,個人,上班族,2021-10-07,0,0,,,0,,
A006873,個人,上班族,2016-11-12,0,0,,,0,,
A006874,個人,上班族,2009-05-09,0,0,,,0,,
A006875,個人,上班族,2006-01-29,0,0,,,0,,
A006876,個人,上班族,2018-07-28,0,0,,,0,,
A006877,個人,上班族,2020-02-12,0,0,,,0,,
A006878,個人,上班族,2020-01-29,0,0,,,0,,
A006879,個人,上班族,2009-09-26,0,0,,,0,,
A006880,個人,上班族,2010-04-28,0,0,,,0,,
A006881,個人,上班族,2022-09-24,0,0,,,0,,
A006882,個人,上班族,2015-10-05,0,0,,,0,,
A006883,個人,上班族,2006-12-06,0,0,,,0,,
A006884,個人,上班族,2016-03-10,0,0,,,0,,
A006885,個人,上班族,2010-10-25,0,0,,,0,,
A006886,個人,上班族,2022-07-17,0,0,,,0,,
A006887,個人,上班族,2017-03-21,233,0,,,0,,
A006888,個人,上班族,2009-07-22,0,0,,,0,,
A006889,個人,上班族,2019-05-11,0,0,,,0,,
A006890,個人,上班族,2021-05-07,0,0,,,0,,
A006891,個人,上班族,2016-10-05,0,0,,,0,,
A006892,個人,上班族,2012-12-07,0,0,,,0,,
A006893,個人,上班族,2019-12-24,0,0,,,0,,
A006894,個人,上班族,2022-02-12,0,0,,,0,,
A006895,個人,上班族,2007-12-27,0,0,,,0,,
A006896,個人,上班族,2009-11-01,0,0,,,0,,
A006897,個人,上班族,2006-12-04,0,0,,,0,,
A006898,個人,上班族,2015-06-30,0,0,,,0,,
A006899,個人,上班族,2006-09-17,0,0,,,0,,
A006900,個人,上班族,2021-10-30,0,0,,,0,,
A006901,個人,上班族,2008-05-16,0,0,,,0,,
A006902,個人,上班族,2018-05-30,0,0,,,0,,
A006903,個人,上班族,2019-08-28,0,0,,,0,,
A006904,個人,上班族,2016-08-01,0,0,,,0,,
A006905,個人,上班族,2008-09-21,0,0,,,0,,
A006906,個人,上班族,2018-09-10,0,0,,,0,,
A006907,個人,上班族,2024-08-29,0,0,,,0,,
A006908,個人,上班族,2013-03-23,0,0,,,0,,
A006909,個人,上班族,2023-02-25,0,0,,,0,,
A006910,個人,上班族,2011-12-06,0,0,,,0,,
A006911,個人,上班族,2013-11-09,0,0,,,0,,
A006912,個人,上班族,2021-06-14,0,0,,,0,,
A006913,個人,上班族,2022-09-29,0,0,,,0,,
A006914,個人,上班族,2021-07-28,0,0,,,0,,
A006915,個人,上班族,2007-08-04,0,0,,,0,,
A006916,個人,上班族,2009-05-02,0,0,,,0,,
A006917,個人,上班族,2007-01-02,0,0,,,0,,
A006918,個人,上班族,2019-05-18,0,0,,,0,,
A006919,個人,上班族,2020-09-06,0,0,,,0,,
A006920,個人,上班族,2009-04-14,0,0,,,0,,
A006921,個人,上班族,2022-01-15,0,0,,,0,,
A006922,個人,上班族,2024-04-19,0,0,,,0,,
A006923,個人,上班族,2022-05-05,0,0,,,0,,
A006924,個人,上班族,2014-08-26,0,0,,,0,,
A006925,個人,上班族,2007-02-09,0,0,,,0,,
A006926,個人,上班族,2026-05-07,0,0,,,0,,
A006927,個人,上班族,2006-05-31,0,0,,,0,,
A006928,個人,上班族,2007-04-29,0,0,,,0,,
A006929,個人,上班族,2008-03-01,0,0,,,0,,
A006930,個人,上班族,2024-03-23,0,0,,,0,,
A006931,個人,上班族,2007-04-07,0,0,,,0,,
A006932,個人,上班族,2017-11-28,0,0,,,0,,
A006933,個人,上班族,2008-10-21,0,0,,,0,,
A006934,個人,上班族,2026-03-08,0,0,,,0,,
A006935,個人,上班族,2026-01-19,0,0,,,0,,
A006936,個人,上班族,2024-12-05,0,0,,,0,,
A006937,個人,上班族,2020-09-17,0,0,,,0,,
A006938,個人,上班族,2011-08-03,0,0,,,0,,
A006939,個人,上班族,2015-12-23,0,0,,,0,,
A006940,個人,上班族,2016-12-08,0,0,,,0,,
A006941,個人,上班族,2022-06-16,0,0,,,0,,
A006942,個人,上班族,2020-09-18,0,0,,,0,,
A006943,個人,上班族,2021-09-20,0,0,,,0,,
A006944,個人,上班族,2021-02-01,0,0,,,0,,
A006945,個人,上班族,2011-09-05,0,0,,,0,,
A006946,個人,上班族,2019-04-27,0,0,,,0,,
A006947,個人,上班族,2015-08-26,0,0,,,0,,
A006948,個人,上班族,2013-01-08,0,0,,,0,,
A006949,個人,上班族,2008-09-20,0,0,,,0,,
A006950,個人,上班族,2020-06-07,0,0,,,0,,
A006951,個人,上班族,2017-11-18,0,0,,,0,,
A006952,個人,上班族,2012-05-22,0,0,,,0,,
A006953,個人,上班族,2022-09-20,0,0,,,0,,
A006954,個人,上班族,2014-08-21,0,0,,,0,,
A006955,個人,上班族,2007-02-02,0,0,,,0,,
A006956,個人,上班族,2022-12-01,0,0,,,0,,
A006957,個人,上班族,2011-04-10,0,0,,,0,,
A006958,個人,上班族,2026-04-27,0,0,,,0,,
A006959,個人,上班族,2020-06-08,0,0,,,0,,
A006960,個人,上班族,2007-07-09,0,0,,,0,,
A006961,個人,上班族,2022-05-24,0,0,,,0,,
A006962,個人,上班族,2022-07-29,0,0,,,0,,
A006963,個人,上班族,2011-05-20,0,0,,,0,,
A006964,個人,上班族,2011-10-27,0,0,,,0,,
A006965,個人,上班族,2010-07-19,0,0,,,0,,
A006966,個人,上班族,2014-04-05,0,0,,,0,,
A006967,個人,上班族,2024-11-21,0,0,,,0,,
A006968,個人,上班族,2015-03-09,0,0,,,0,,
A006969,個人,上班族,2015-06-23,0,0,,,0,,
A006970,個人,上班族,2016-06-03,0,0,,,0,,
A006971,個人,上班族,2019-07-06,0,0,,,0,,
A006972,個人,上班族,2011-10-10,0,0,,,0,,
A006973,個人,上班族,2015-06-22,0,0,,,0,,
A006974,個人,上班族,2007-09-07,0,0,,,0,,
A006975,個人,上班族,2023-08-19,0,0,,,0,,
A006976,個人,上班族,2009-10-22,0,0,,,0,,
A006977,個人,上班族,2013-03-08,0,0,,,0,,
A006978,個人,上班族,2023-02-07,0,0,,,0,,
A006979,個人,上班族,2014-09-11,0,0,,,0,,
A006980,個人,上班族,2017-04-08,0,0,,,0,,
A006981,個人,上班族,2018-03-07,0,0,,,0,,
A006982,個人,上班族,2017-02-28,0,0,,,0,,
A006983,個人,上班族,2016-08-30,0,0,,,0,,
A006984,個人,上班族,2020-04-30,0,0,,,0,,
A006985,個人,上班族,2013-09-12,0,0,,,0,,
A006986,個人,上班族,2009-02-13,0,0,,,0,,
A006987,個人,上班族,2008-12-22,0,0,,,0,,
A006988,個人,上班族,2017-06-08,0,0,,,0,,
A006989,個人,上班族,2014-01-06,0,0,,,0,,
A006990,個人,上班族,2026-04-12,0,0,,,0,,
A006991,個人,上班族,2014-01-17,0,0,,,0,,
A006992,個人,上班族,2024-05-01,0,0,,,0,,
A006993,個人,上班族,2011-02-24,0,0,,,0,,
A006994,個人,上班族,2009-02-26,0,0,,,0,,
A006995,個人,上班族,2009-06-30,0,0,,,0,,
A006996,個人,上班族,2013-08-05,0,0,,,0,,
A006997,個人,上班族,2020-04-19,0,0,,,0,,
A006998,個人,上班族,2013-09-28,0,0,,,0,,
A006999,個人,上班族,2012-07-30,0,0,,,0,,
A007000,個人,上班族,2008-07-25,0,0,,,0,,
A007001,個人,上班族,2007-12-05,0,0,,,0,,
A007002,個人,上班族,2023-07-08,0,0,,,0,,
A007003,個人,上班族,2024-12-04,0,0,,,0,,
A007004,個人,上班族,2021-04-20,0,0,,,0,,
A007005,個人,上班族,2010-11-08,0,0,,,0,,
A007006,個人,上班族,2017-09-29,0,0,,,0,,
A007007,個人,上班族,2008-03-17,0,0,,,0,,
A007008,個人,上班族,2026-05-19,0,0,,,0,,
A007009,個人,上班族,2017-06-18,0,0,,,0,,
A007010,個人,上班族,2023-04-19,0,0,,,0,,
A007011,個人,上班族,2013-07-27,0,0,,,0,,
A007012,個人,上班族,2019-06-29,0,0,,,0,,
A007013,個人,上班族,2024-03-12,0,0,,,0,,
A007014,個人,上班族,2008-11-26,0,0,,,0,,
A007015,個人,上班族,2022-08-16,0,0,,,0,,
A007016,個人,上班族,2020-06-15,0,0,,,0,,
A007017,個人,上班族,2022-09-16,0,0,,,0,,
A007018,個人,上班族,2017-04-14,0,0,,,0,,
A007019,個人,上班族,2023-03-12,0,0,,,0,,
A007020,個人,上班族,2016-04-26,0,0,,,0,,
A007021,個人,上班族,2021-01-15,0,0,,,0,,
A007022,個人,上班族,2024-12-24,0,0,,,0,,
A007023,個人,上班族,2022-01-31,0,0,,,0,,
A007024,個人,上班族,2016-09-21,0,0,,,0,,
A007025,個人,上班族,2022-05-31,0,0,,,0,,
A007026,個人,上班族,2006-11-12,0,0,,,0,,
A007027,個人,上班族,2023-05-01,0,0,,,0,,
A007028,個人,上班族,2010-11-26,0,0,,,0,,
A007029,個人,上班族,2023-01-12,0,0,,,0,,
A007030,個人,上班族,2012-03-11,0,0,,,0,,
A007031,個人,上班族,2018-04-17,0,0,,,0,,
A007032,個人,上班族,2015-10-10,0,0,,,0,,
A007033,個人,上班族,2008-11-16,0,0,,,0,,
A007034,個人,上班族,2006-08-01,0,0,,,0,,
A007035,個人,上班族,2026-04-25,0,0,,,0,,
A007036,個人,上班族,2006-05-11,0,0,,,0,,
A007037,個人,上班族,2020-08-30,0,0,,,0,,
A007038,個人,上班族,2020-02-10,0,0,,,0,,
A007039,個人,上班族,2015-03-02,0,0,,,0,,
A007040,個人,上班族,2020-08-12,0,0,,,0,,
A007041,個人,上班族,2015-03-22,0,0,,,0,,
A007042,個人,上班族,2012-10-23,0,0,,,0,,
A007043,個人,上班族,2017-09-02,0,0,,,0,,
A007044,個人,上班族,2011-10-16,0,0,,,0,,
A007045,個人,上班族,2011-06-29,0,0,,,0,,
A007046,個人,上班族,2014-11-22,0,0,,,0,,
A007047,個人,上班族,2024-01-16,0,0,,,0,,
A007048,個人,上班族,2017-08-08,0,0,,,0,,
A007049,個人,上班族,2024-11-11,0,0,,,0,,
A007050,個人,上班族,2023-02-03,0,0,,,0,,
A007051,個人,上班族,2018-07-25,0,0,,,0,,
A007052,個人,上班族,2012-06-24,0,0,,,0,,
A007053,個人,上班族,2011-04-11,1718,0,,,0,,
A007054,個人,上班族,2009-12-12,0,0,,,0,,
A007055,個人,上班族,2014-06-07,0,0,,,0,,
A007056,個人,上班族,2019-03-03,0,0,,,0,,
A007057,個人,上班族,2026-04-26,0,0,,,0,,
A007058,個人,上班族,2020-05-07,0,0,,,0,,
A007059,個人,上班族,2023-07-29,0,0,,,0,,
A007060,個人,上班族,2020-08-02,0,0,,,0,,
A007061,個人,上班族,2023-11-25,0,0,,,0,,
A007062,個人,上班族,2013-04-02,0,0,,,0,,
A007063,個人,上班族,2023-02-25,0,0,,,0,,
A007064,個人,上班族,2014-11-23,0,0,,,0,,
A007065,個人,上班族,2015-06-21,0,0,,,0,,
A007066,個人,上班族,2015-12-07,0,0,,,0,,
A007067,個人,上班族,2020-07-20,0,0,,,0,,
A007068,個人,上班族,2024-05-08,0,0,,,0,,
A007069,個人,上班族,2007-07-03,0,0,,,0,,
A007070,個人,上班族,2019-07-17,0,0,,,0,,
A007071,個人,上班族,2026-05-05,0,0,,,0,,
A007072,個人,上班族,2015-12-14,0,0,,,0,,
A007073,個人,上班族,2021-06-28,0,0,,,0,,
A007074,個人,上班族,2013-11-23,0,0,,,0,,
A007075,個人,上班族,2026-03-24,0,0,,,0,,
A007076,個人,上班族,2015-07-10,0,0,,,0,,
A007077,個人,上班族,2017-01-11,0,0,,,0,,
A007078,個人,上班族,2007-10-20,0,0,,,0,,
A007079,個人,上班族,2012-06-10,0,0,,,0,,
A007080,個人,上班族,2016-02-28,0,0,,,0,,
A007081,個人,上班族,2019-11-02,0,0,,,0,,
A007082,個人,上班族,2014-12-03,0,0,,,0,,
A007083,個人,上班族,2011-02-05,0,0,,,0,,
A007084,個人,上班族,2024-02-26,0,0,,,0,,
A007085,個人,上班族,2009-10-01,0,0,,,0,,
A007086,個人,上班族,2010-04-18,0,0,,,0,,
A007087,個人,上班族,2007-02-13,0,0,,,0,,
A007088,個人,上班族,2019-10-13,0,0,,,0,,
A007089,個人,上班族,2006-02-09,0,0,,,0,,
A007090,個人,上班族,2010-10-18,0,0,,,0,,
A007091,個人,上班族,2026-02-15,0,0,,,0,,
A007092,個人,上班族,2021-10-07,0,0,,,0,,
A007093,個人,上班族,2015-07-30,0,0,,,0,,
A007094,個人,上班族,2013-03-16,0,0,,,0,,
A007095,個人,上班族,2013-03-16,0,0,,,0,,
A007096,個人,上班族,2018-12-24,0,0,,,0,,
A007097,個人,上班族,2018-08-28,0,0,,,0,,
A007098,個人,上班族,2006-04-22,0,0,,,0,,
A007099,個人,上班族,2012-07-14,0,0,,,0,,
A007100,個人,上班族,2007-08-09,0,0,,,0,,
A007101,個人,上班族,2018-01-01,0,0,,,0,,
A007102,個人,上班族,2022-11-06,0,0,,,0,,
A007103,個人,上班族,2023-04-14,0,0,,,0,,
A007104,個人,上班族,2024-11-10,0,0,,,0,,
A007105,個人,上班族,2016-06-15,0,0,,,0,,
A007106,個人,上班族,2018-11-23,0,0,,,0,,
A007107,個人,上班族,2022-04-30,0,0,,,0,,
A007108,個人,上班族,2008-03-01,0,0,,,0,,
A007109,個人,上班族,2009-04-16,0,0,,,0,,
A007110,個人,上班族,2007-06-04,0,0,,,0,,
A007111,個人,上班族,2017-09-18,0,0,,,0,,
A007112,個人,上班族,2010-04-29,0,0,,,0,,
A007113,個人,上班族,2020-07-05,0,0,,,0,,
A007114,個人,上班族,2021-12-02,0,0,,,0,,
A007115,個人,上班族,2017-06-08,0,0,,,0,,
A007116,個人,上班族,2018-06-14,0,0,,,0,,
A007117,個人,上班族,2007-07-01,0,0,,,0,,
A007118,個人,上班族,2006-03-10,0,0,,,0,,
A007119,個人,上班族,2017-01-30,0,0,,,0,,
A007120,個人,上班族,2016-05-05,0,0,,,0,,
A007121,個人,上班族,2014-05-17,0,0,,,0,,
A007122,個人,上班族,2015-08-11,0,0,,,0,,
A007123,個人,上班族,2013-12-21,0,0,,,0,,
A007124,個人,上班族,2018-08-17,0,0,,,0,,
A007125,個人,上班族,2017-04-24,0,0,,,0,,
A007126,個人,上班族,2022-11-02,0,0,,,0,,
A007127,個人,上班族,2012-03-07,0,0,,,0,,
A007128,個人,上班族,2023-06-05,0,0,,,0,,
A007129,個人,上班族,2019-12-16,0,0,,,0,,
A007130,個人,上班族,2008-01-27,0,0,,,0,,
A007131,個人,上班族,2026-03-12,0,0,,,0,,
A007132,個人,上班族,2021-06-30,0,0,,,0,,
A007133,個人,上班族,2023-10-13,0,0,,,0,,
A007134,個人,上班族,2017-08-24,0,0,,,0,,
A007135,個人,上班族,2009-03-21,0,0,,,0,,
A007136,個人,上班族,2012-01-27,0,0,,,0,,
A007137,個人,上班族,2007-07-06,0,0,,,0,,
A007138,個人,上班族,2015-03-01,0,0,,,0,,
A007139,個人,上班族,2021-03-31,0,0,,,0,,
A007140,個人,上班族,2022-10-24,0,0,,,0,,
A007141,個人,上班族,2013-03-27,0,0,,,0,,
A007142,個人,上班族,2026-01-25,0,0,,,0,,
A007143,個人,上班族,2010-04-29,0,0,,,0,,
A007144,個人,上班族,2009-06-26,0,0,,,0,,
A007145,個人,上班族,2024-01-17,0,0,,,0,,
A007146,個人,上班族,2026-05-04,0,0,,,0,,
A007147,個人,上班族,2019-07-18,0,0,,,0,,
A007148,個人,上班族,2012-12-14,0,0,,,0,,
A007149,個人,上班族,2022-04-10,0,0,,,0,,
A007150,個人,上班族,2011-05-22,0,0,,,0,,
A007151,個人,上班族,2022-08-17,0,0,,,0,,
A007152,個人,上班族,2006-10-12,0,0,,,0,,
A007153,個人,上班族,2017-02-28,0,0,,,0,,
A007154,個人,上班族,2015-03-03,0,0,,,0,,
A007155,個人,上班族,2012-08-27,0,0,,,0,,
A007156,個人,上班族,2007-02-23,0,0,,,0,,
A007157,個人,上班族,2009-02-03,0,0,,,0,,
A007158,個人,上班族,2015-03-29,0,0,,,0,,
A007159,個人,上班族,2011-11-28,0,0,,,0,,
A007160,個人,上班族,2013-01-12,0,0,,,0,,
A007161,個人,上班族,2015-03-27,0,0,,,0,,
A007162,個人,上班族,2009-05-17,0,0,,,0,,
A007163,個人,上班族,2013-02-17,0,0,,,0,,
A007164,個人,上班族,2009-11-19,0,0,,,0,,
A007165,個人,上班族,2010-01-12,0,0,,,0,,
A007166,個人,上班族,2010-05-13,0,0,,,0,,
A007167,個人,上班族,2020-03-08,0,0,,,0,,
A007168,個人,上班族,2015-04-13,0,0,,,0,,
A007169,個人,上班族,2023-11-29,0,0,,,0,,
A007170,個人,上班族,2016-11-22,0,0,,,0,,
A007171,個人,上班族,2012-11-09,0,0,,,0,,
A007172,個人,上班族,2022-08-09,0,0,,,0,,
A007173,個人,上班族,2011-11-19,0,0,,,0,,
A007174,個人,上班族,2006-01-26,0,0,,,0,,
A007175,個人,上班族,2017-06-18,0,0,,,0,,
A007176,個人,上班族,2019-11-05,0,0,,,0,,
A007177,個人,上班族,2022-02-08,0,0,,,0,,
A007178,個人,上班族,2018-02-01,0,0,,,0,,
A007179,個人,上班族,2020-04-10,0,0,,,0,,
A007180,個人,上班族,2008-11-08,0,0,,,0,,
A007181,個人,上班族,2013-02-19,0,0,,,0,,
A007182,個人,上班族,2007-08-24,0,0,,,0,,
A007183,個人,上班族,2018-06-08,0,0,,,0,,
A007184,個人,上班族,2012-01-02,0,0,,,0,,
A007185,個人,上班族,2020-01-20,0,0,,,0,,
A007186,個人,上班族,2007-12-14,0,0,,,0,,
A007187,個人,上班族,2014-01-02,0,0,,,0,,
A007188,個人,上班族,2019-02-03,0,0,,,0,,
A007189,個人,上班族,2009-03-18,0,0,,,0,,
A007190,個人,上班族,2017-01-24,0,0,,,0,,
A007191,個人,上班族,2018-02-09,0,0,,,0,,
A007192,個人,上班族,2010-09-03,0,0,,,0,,
A007193,個人,上班族,2013-12-30,0,0,,,0,,
A007194,個人,上班族,2006-10-08,0,0,,,0,,
A007195,個人,上班族,2022-07-27,0,0,,,0,,
A007196,個人,上班族,2017-05-16,0,0,,,0,,
A007197,個人,上班族,2009-06-08,0,0,,,0,,
A007198,個人,上班族,2024-06-06,0,0,,,0,,
A007199,個人,上班族,2012-12-17,0,0,,,0,,
A007200,個人,上班族,2008-11-19,0,0,,,0,,
A007201,個人,上班族,2018-10-03,0,0,,,0,,
A007202,個人,上班族,2015-10-30,0,0,,,0,,
A007203,個人,上班族,2024-11-15,0,0,,,0,,
A007204,個人,上班族,2012-03-28,0,0,,,0,,
A007205,個人,上班族,2010-07-05,0,0,,,0,,
A007206,個人,上班族,2011-08-02,0,0,,,0,,
A007207,個人,上班族,2023-06-13,0,0,,,0,,
A007208,個人,上班族,2008-11-09,0,0,,,0,,
A007209,個人,上班族,2011-11-10,0,0,,,0,,
A007210,個人,上班族,2024-02-17,0,0,,,0,,
A007211,個人,上班族,2021-05-01,0,0,,,0,,
A007212,個人,上班族,2007-02-10,0,0,,,0,,
A007213,個人,上班族,2021-08-16,0,0,,,0,,
A007214,個人,上班族,2006-05-26,0,0,,,0,,
A007215,個人,上班族,2012-07-25,0,0,,,0,,
A007216,個人,上班族,2011-07-11,0,0,,,0,,
A007217,個人,上班族,2010-07-22,0,0,,,0,,
A007218,個人,上班族,2011-02-19,0,0,,,0,,
A007219,個人,上班族,2016-10-16,0,0,,,0,,
A007220,個人,上班族,2022-09-12,0,0,,,0,,
A007221,個人,上班族,2010-07-24,0,0,,,0,,
A007222,個人,上班族,2012-08-23,0,0,,,0,,
A007223,個人,上班族,2021-01-11,0,0,,,0,,
A007224,個人,上班族,2006-08-14,0,0,,,0,,
A007225,個人,上班族,2010-09-16,0,0,,,0,,
A007226,個人,上班族,2018-04-30,0,0,,,0,,
A007227,個人,上班族,2007-02-06,0,0,,,0,,
A007228,個人,上班族,2016-04-29,0,0,,,0,,
A007229,個人,上班族,2021-03-08,0,0,,,0,,
A007230,個人,上班族,2017-04-17,0,0,,,0,,
A007231,個人,上班族,2011-11-25,0,0,,,0,,
A007232,個人,上班族,2014-09-22,0,0,,,0,,
A007233,個人,上班族,2023-06-04,0,0,,,0,,
A007234,個人,上班族,2026-02-06,0,0,,,0,,
A007235,個人,上班族,2016-05-25,0,0,,,0,,
A007236,個人,上班族,2023-12-10,0,0,,,0,,
A007237,個人,上班族,2016-11-11,0,0,,,0,,
A007238,個人,上班族,2010-04-27,0,0,,,0,,
A007239,個人,上班族,2006-06-21,0,0,,,0,,
A007240,個人,上班族,2014-11-19,0,0,,,0,,
A007241,個人,上班族,2026-02-20,0,0,,,0,,
A007242,個人,上班族,2024-11-01,0,0,,,0,,
A007243,個人,上班族,2021-05-18,0,0,,,0,,
A007244,個人,上班族,2011-08-11,0,0,,,0,,
A007245,個人,上班族,2009-08-08,0,0,,,0,,
A007246,個人,上班族,2018-09-29,0,0,,,0,,
A007247,個人,上班族,2024-02-11,0,0,,,0,,
A007248,個人,上班族,2015-05-05,0,0,,,0,,
A007249,個人,上班族,2007-11-02,0,0,,,0,,
A007250,個人,上班族,2007-09-07,0,0,,,0,,
A007251,個人,上班族,2006-11-03,0,0,,,0,,
A007252,個人,上班族,2020-07-22,0,0,,,0,,
A007253,個人,上班族,2016-02-14,0,0,,,0,,
A007254,個人,上班族,2012-03-22,0,0,,,0,,
A007255,個人,上班族,2021-11-08,0,0,,,0,,
A007256,個人,上班族,2021-10-12,0,0,,,0,,
A007257,個人,上班族,2012-12-30,0,0,,,0,,
A007258,個人,上班族,2018-01-12,0,0,,,0,,
A007259,個人,上班族,2026-01-21,0,0,,,0,,
A007260,個人,上班族,2019-12-07,0,0,,,0,,
A007261,個人,上班族,2010-11-21,0,0,,,0,,
A007262,個人,上班族,2008-07-13,0,0,,,0,,
A007263,個人,上班族,2019-01-05,0,0,,,0,,
A007264,個人,上班族,2021-07-24,0,0,,,0,,
A007265,個人,上班族,2024-07-29,0,0,,,0,,
A007266,個人,上班族,2022-02-27,0,0,,,0,,
A007267,個人,上班族,2014-11-28,0,0,,,0,,
A007268,個人,上班族,2008-07-06,0,0,,,0,,
A007269,個人,上班族,2015-06-06,0,0,,,0,,
A007270,個人,上班族,2010-01-28,0,0,,,0,,
A007271,個人,上班族,2015-08-30,0,0,,,0,,
A007272,個人,上班族,2008-02-21,0,0,,,0,,
A007273,個人,上班族,2007-07-09,0,0,,,0,,
A007274,個人,上班族,2021-11-18,0,0,,,0,,
A007275,個人,上班族,2021-12-15,0,0,,,0,,
A007276,個人,上班族,2012-04-27,0,0,,,0,,
A007277,個人,上班族,2026-05-09,0,0,,,0,,
A007278,個人,上班族,2018-11-06,0,0,,,0,,
A007279,個人,上班族,2023-03-28,0,0,,,0,,
A007280,個人,上班族,2010-12-27,0,0,,,0,,
A007281,個人,上班族,2017-02-15,0,0,,,0,,
A007282,個人,上班族,2018-12-27,0,0,,,0,,
A007283,個人,上班族,2009-07-22,0,0,,,0,,
A007284,個人,上班族,2011-12-01,0,0,,,0,,
A007285,個人,上班族,2012-02-07,0,0,,,0,,
A007286,個人,上班族,2018-10-04,0,0,,,0,,
A007287,個人,上班族,2017-08-28,0,0,,,0,,
A007288,個人,上班族,2009-05-04,0,0,,,0,,
A007289,個人,上班族,2015-09-11,0,0,,,0,,
A007290,個人,上班族,2020-12-29,0,0,,,0,,
A007291,個人,上班族,2015-09-18,0,0,,,0,,
A007292,個人,上班族,2009-09-26,0,0,,,0,,
A007293,個人,上班族,2015-09-10,0,0,,,0,,
A007294,個人,上班族,2014-06-26,0,0,,,0,,
A007295,個人,上班族,2014-07-09,0,0,,,0,,
A007296,個人,上班族,2018-02-23,0,0,,,0,,
A007297,個人,上班族,2026-03-23,0,0,,,0,,
A007298,個人,上班族,2010-01-10,0,0,,,0,,
A007299,個人,上班族,2022-05-02,0,0,,,0,,
A007300,個人,上班族,2024-03-12,0,0,,,0,,
A007301,個人,上班族,2020-07-10,0,0,,,0,,
A007302,個人,上班族,2011-10-01,0,0,,,0,,
A007303,個人,上班族,2014-09-03,0,0,,,0,,
A007304,個人,上班族,2011-09-10,0,0,,,0,,
A007305,個人,上班族,2022-10-21,442,0,,,0,,
A007306,個人,上班族,2020-05-26,0,0,,,0,,
A007307,個人,上班族,2019-12-17,0,0,,,0,,
A007308,個人,上班族,2007-07-19,0,0,,,0,,
A007309,個人,上班族,2006-10-28,0,0,,,0,,
A007310,個人,上班族,2021-07-16,0,0,,,0,,
A007311,個人,上班族,2017-08-26,0,0,,,0,,
A007312,個人,上班族,2008-05-12,0,0,,,0,,
A007313,個人,上班族,2007-05-16,0,0,,,0,,
A007314,個人,上班族,2022-03-07,0,0,,,0,,
A007315,個人,上班族,2011-03-27,0,0,,,0,,
A007316,個人,上班族,2009-08-23,0,0,,,0,,
A007317,個人,上班族,2016-11-28,0,0,,,0,,
A007318,個人,上班族,2021-10-31,0,0,,,0,,
A007319,個人,上班族,2009-03-04,0,0,,,0,,
A007320,個人,上班族,2006-11-08,0,0,,,0,,
A007321,個人,上班族,2015-02-20,0,0,,,0,,
A007322,個人,上班族,2017-12-31,0,0,,,0,,
A007323,個人,上班族,2026-03-15,0,0,,,0,,
A007324,個人,上班族,2008-04-15,0,0,,,0,,
A007325,個人,上班族,2007-03-05,0,0,,,0,,
A007326,個人,上班族,2013-10-13,0,0,,,0,,
A007327,個人,上班族,2022-09-19,0,0,,,0,,
A007328,個人,上班族,2006-02-02,0,0,,,0,,
A007329,個人,上班族,2007-12-21,0,0,,,0,,
A007330,個人,上班族,2006-08-28,0,0,,,0,,
A007331,個人,上班族,2016-12-02,0,0,,,0,,
A007332,個人,上班族,2008-03-11,0,0,,,0,,
A007333,個人,上班族,2014-10-22,0,0,,,0,,
A007334,個人,上班族,2021-11-01,0,0,,,0,,
A007335,個人,上班族,2022-11-15,0,0,,,0,,
A007336,個人,上班族,2013-05-05,0,0,,,0,,
A007337,個人,上班族,2013-07-31,0,0,,,0,,
A007338,個人,上班族,2018-03-22,0,0,,,0,,
A007339,個人,上班族,2010-10-30,0,0,,,0,,
A007340,個人,上班族,2019-12-09,0,0,,,0,,
A007341,個人,上班族,2011-06-16,0,0,,,0,,
A007342,個人,上班族,2018-03-07,0,0,,,0,,
A007343,個人,上班族,2013-10-05,0,0,,,0,,
A007344,個人,上班族,2012-07-31,0,0,,,0,,
A007345,個人,上班族,2017-11-08,0,0,,,0,,
A007346,個人,上班族,2012-06-23,0,0,,,0,,
A007347,個人,上班族,2006-09-03,0,0,,,0,,
A007348,個人,上班族,2021-04-12,0,0,,,0,,
A007349,個人,上班族,2024-09-28,0,0,,,0,,
A007350,個人,上班族,2017-09-19,0,0,,,0,,
A007351,個人,上班族,2021-08-19,0,0,,,0,,
A007352,個人,上班族,2016-12-10,0,0,,,0,,
A007353,個人,上班族,2021-10-14,0,0,,,0,,
A007354,個人,上班族,2020-01-21,0,0,,,0,,
A007355,個人,上班族,2016-09-28,0,0,,,0,,
A007356,個人,上班族,2016-12-04,0,0,,,0,,
A007357,個人,上班族,2016-08-16,0,0,,,0,,
A007358,個人,上班族,2011-01-01,0,0,,,0,,
A007359,個人,上班族,2012-10-14,0,0,,,0,,
A007360,個人,上班族,2020-10-31,0,0,,,0,,
A007361,個人,上班族,2014-01-28,0,0,,,0,,
A007362,個人,上班族,2018-05-08,0,0,,,0,,
A007363,個人,上班族,2020-02-24,0,0,,,0,,
A007364,個人,上班族,2018-04-14,0,0,,,0,,
A007365,個人,上班族,2018-05-03,0,0,,,0,,
A007366,個人,上班族,2021-09-13,0,0,,,0,,
A007367,個人,上班族,2016-09-30,0,0,,,0,,
A007368,個人,上班族,2026-04-18,0,0,,,0,,
A007369,個人,上班族,2024-02-27,0,0,,,0,,
A007370,個人,上班族,2022-08-21,0,0,,,0,,
A007371,個人,上班族,2026-03-11,0,0,,,0,,
A007372,個人,上班族,2023-12-16,0,0,,,0,,
A007373,個人,上班族,2008-06-01,0,0,,,0,,
A007374,個人,上班族,2006-08-15,0,0,,,0,,
A007375,個人,上班族,2013-04-11,0,0,,,0,,
A007376,個人,上班族,2016-03-16,0,0,,,0,,
A007377,個人,上班族,2006-07-08,0,0,,,0,,
A007378,個人,上班族,2011-02-10,0,0,,,0,,
A007379,個人,上班族,2022-01-05,0,0,,,0,,
A007380,個人,上班族,2023-08-31,0,0,,,0,,
A007381,個人,上班族,2020-11-06,0,0,,,0,,
A007382,個人,上班族,2012-11-13,0,0,,,0,,
A007383,個人,上班族,2022-01-20,0,0,,,0,,
A007384,個人,上班族,2018-12-22,0,0,,,0,,
A007385,個人,上班族,2009-10-15,0,0,,,0,,
A007386,個人,上班族,2014-01-28,0,0,,,0,,
A007387,個人,上班族,2024-10-01,0,0,,,0,,
A007388,個人,上班族,2022-02-20,0,0,,,0,,
A007389,個人,上班族,2022-11-28,0,0,,,0,,
A007390,個人,上班族,2017-03-25,0,0,,,0,,
A007391,個人,上班族,2024-03-17,0,0,,,0,,
A007392,個人,上班族,2024-01-24,0,0,,,0,,
A007393,個人,上班族,2007-07-28,0,0,,,0,,
A007394,個人,上班族,2024-02-14,0,0,,,0,,
A007395,個人,上班族,2021-01-19,0,0,,,0,,
A007396,個人,上班族,2006-01-13,0,0,,,0,,
A007397,個人,上班族,2017-06-14,0,0,,,0,,
A007398,個人,上班族,2010-05-12,0,0,,,0,,
A007399,個人,上班族,2009-02-25,0,0,,,0,,
A007400,個人,上班族,2026-05-03,0,0,,,0,,
A007401,個人,上班族,2007-02-13,0,0,,,0,,
A007402,個人,上班族,2024-10-12,0,0,,,0,,
A007403,個人,上班族,2013-12-11,0,0,,,0,,
A007404,個人,上班族,2026-02-10,0,0,,,0,,
A007405,個人,上班族,2012-02-06,0,0,,,0,,
A007406,個人,上班族,2020-08-06,0,0,,,0,,
A007407,個人,上班族,2009-12-26,0,0,,,0,,
A007408,個人,上班族,2024-07-10,0,0,,,0,,
A007409,個人,上班族,2010-08-27,0,0,,,0,,
A007410,個人,上班族,2009-03-26,0,0,,,0,,
A007411,個人,上班族,2012-07-14,1905,0,,,0,,
A007412,個人,上班族,2015-03-19,0,0,,,0,,
A007413,個人,上班族,2021-12-27,0,0,,,0,,
A007414,個人,上班族,2013-06-10,0,0,,,0,,
A007415,個人,上班族,2022-11-27,0,0,,,0,,
A007416,個人,上班族,2006-05-21,0,0,,,0,,
A007417,個人,上班族,2019-10-05,0,0,,,0,,
A007418,個人,上班族,2006-01-25,0,0,,,0,,
A007419,個人,上班族,2014-08-15,0,0,,,0,,
A007420,個人,上班族,2014-01-13,0,0,,,0,,
A007421,個人,上班族,2021-05-28,0,0,,,0,,
A007422,個人,上班族,2026-01-15,0,0,,,0,,
A007423,個人,上班族,2006-11-07,0,0,,,0,,
A007424,個人,上班族,2022-05-24,0,0,,,0,,
A007425,個人,上班族,2024-05-03,0,0,,,0,,
A007426,個人,上班族,2020-04-19,0,0,,,0,,
A007427,個人,上班族,2010-06-13,0,0,,,0,,
A007428,個人,上班族,2015-08-26,0,0,,,0,,
A007429,個人,上班族,2018-06-28,0,0,,,0,,
A007430,個人,上班族,2017-02-13,0,0,,,0,,
A007431,個人,上班族,2023-09-12,0,0,,,0,,
A007432,個人,上班族,2016-09-24,0,0,,,0,,
A007433,個人,上班族,2012-09-09,0,0,,,0,,
A007434,個人,上班族,2011-12-16,0,0,,,0,,
A007435,個人,上班族,2013-04-07,0,0,,,0,,
A007436,個人,上班族,2008-07-21,0,0,,,0,,
A007437,個人,上班族,2015-11-21,0,0,,,0,,
A007438,個人,上班族,2019-06-02,0,0,,,0,,
A007439,個人,上班族,2009-08-26,0,0,,,0,,
A007440,個人,上班族,2006-08-18,0,0,,,0,,
A007441,個人,上班族,2020-11-18,0,0,,,0,,
A007442,個人,上班族,2019-12-26,0,0,,,0,,
A007443,個人,上班族,2011-03-10,0,0,,,0,,
A007444,個人,上班族,2020-06-11,0,0,,,0,,
A007445,個人,上班族,2011-11-30,0,0,,,0,,
A007446,個人,上班族,2026-02-13,0,0,,,0,,
A007447,個人,上班族,2010-05-28,0,0,,,0,,
A007448,個人,上班族,2022-06-23,0,0,,,0,,
A007449,個人,上班族,2006-06-19,0,0,,,0,,
A007450,個人,上班族,2006-03-12,0,0,,,0,,
A007451,個人,上班族,2017-04-15,0,0,,,0,,
A007452,個人,上班族,2008-11-21,0,0,,,0,,
A007453,個人,上班族,2006-07-24,0,0,,,0,,
A007454,個人,上班族,2011-08-27,0,0,,,0,,
A007455,個人,上班族,2024-11-28,0,0,,,0,,
A007456,個人,上班族,2022-09-07,0,0,,,0,,
A007457,個人,上班族,2023-09-15,0,0,,,0,,
A007458,個人,上班族,2021-11-25,0,0,,,0,,
A007459,個人,上班族,2026-03-09,0,0,,,0,,
A007460,個人,上班族,2007-10-10,0,0,,,0,,
A007461,個人,上班族,2006-03-16,0,0,,,0,,
A007462,個人,上班族,2008-05-03,0,0,,,0,,
A007463,個人,上班族,2007-04-28,0,0,,,0,,
A007464,個人,上班族,2015-08-29,0,0,,,0,,
A007465,個人,上班族,2012-11-29,0,0,,,0,,
A007466,個人,上班族,2026-01-27,0,0,,,0,,
A007467,個人,上班族,2019-07-04,0,0,,,0,,
A007468,個人,上班族,2023-04-21,0,0,,,0,,
A007469,個人,上班族,2022-03-18,0,0,,,0,,
A007470,個人,上班族,2026-03-28,0,0,,,0,,
A007471,個人,上班族,2009-04-23,0,0,,,0,,
A007472,個人,上班族,2026-02-05,0,0,,,0,,
A007473,個人,上班族,2013-03-20,0,0,,,0,,
A007474,個人,上班族,2015-05-09,0,0,,,0,,
A007475,個人,上班族,2007-07-24,0,0,,,0,,
A007476,個人,上班族,2018-10-19,0,0,,,0,,
A007477,個人,上班族,2016-06-22,0,0,,,0,,
A007478,個人,上班族,2018-08-13,0,0,,,0,,
A007479,個人,上班族,2013-03-27,0,0,,,0,,
A007480,個人,上班族,2007-02-28,0,0,,,0,,
A007481,個人,上班族,2011-08-15,0,0,,,0,,
A007482,個人,上班族,2017-01-08,0,0,,,0,,
A007483,個人,上班族,2010-11-26,0,0,,,0,,
A007484,個人,上班族,2013-02-02,0,0,,,0,,
A007485,個人,上班族,2007-09-13,0,0,,,0,,
A007486,個人,上班族,2018-07-25,0,0,,,0,,
A007487,個人,上班族,2021-03-04,0,0,,,0,,
A007488,個人,上班族,2017-04-12,0,0,,,0,,
A007489,個人,上班族,2007-05-01,0,0,,,0,,
A007490,個人,上班族,2010-04-22,0,0,,,0,,
A007491,個人,上班族,2016-07-19,0,0,,,0,,
A007492,個人,上班族,2013-09-26,0,0,,,0,,
A007493,個人,上班族,2008-05-02,0,0,,,0,,
A007494,個人,上班族,2021-07-18,0,0,,,0,,
A007495,個人,上班族,2020-06-26,0,0,,,0,,
A007496,個人,上班族,2022-03-06,0,0,,,0,,
A007497,個人,上班族,2008-10-26,0,0,,,0,,
A007498,個人,上班族,2026-05-08,0,0,,,0,,
A007499,個人,上班族,2023-01-19,0,0,,,0,,
A007500,個人,上班族,2011-11-04,0,0,,,0,,
A007501,個人,上班族,2015-06-29,0,0,,,0,,
A007502,個人,上班族,2007-02-11,0,0,,,0,,
A007503,個人,上班族,2012-05-09,0,0,,,0,,
A007504,個人,上班族,2008-11-17,0,0,,,0,,
A007505,個人,上班族,2014-11-23,0,0,,,0,,
A007506,個人,上班族,2009-08-31,0,0,,,0,,
A007507,個人,上班族,2007-10-28,0,0,,,0,,
A007508,個人,上班族,2012-11-21,0,0,,,0,,
A007509,個人,上班族,2017-05-23,0,0,,,0,,
A007510,個人,上班族,2019-07-01,0,0,,,0,,
A007511,個人,上班族,2015-12-26,0,0,,,0,,
A007512,個人,上班族,2006-08-16,0,0,,,0,,
A007513,個人,上班族,2022-08-17,0,0,,,0,,
A007514,個人,上班族,2015-01-22,0,0,,,0,,
A007515,個人,上班族,2026-04-06,0,0,,,0,,
A007516,個人,上班族,2020-09-03,0,0,,,0,,
A007517,個人,上班族,2018-09-06,0,0,,,0,,
A007518,個人,上班族,2014-01-15,0,0,,,0,,
A007519,個人,上班族,2021-03-22,0,0,,,0,,
A007520,個人,上班族,2008-12-25,0,0,,,0,,
A007521,個人,上班族,2010-07-05,0,0,,,0,,
A007522,個人,上班族,2013-08-09,0,0,,,0,,
A007523,個人,上班族,2017-05-08,0,0,,,0,,
A007524,個人,上班族,2014-11-24,0,0,,,0,,
A007525,個人,上班族,2010-04-30,0,0,,,0,,
A007526,個人,上班族,2007-08-26,0,0,,,0,,
A007527,個人,上班族,2016-11-24,0,0,,,0,,
A007528,個人,上班族,2009-07-24,0,0,,,0,,
A007529,個人,上班族,2010-06-09,0,0,,,0,,
A007530,個人,上班族,2012-09-23,0,0,,,0,,
A007531,個人,上班族,2015-07-23,0,0,,,0,,
A007532,個人,上班族,2020-01-25,0,0,,,0,,
A007533,個人,上班族,2011-02-01,0,0,,,0,,
A007534,個人,上班族,2023-03-18,0,0,,,0,,
A007535,個人,上班族,2012-11-06,0,0,,,0,,
A007536,個人,上班族,2017-01-31,0,0,,,0,,
A007537,個人,上班族,2020-05-15,0,0,,,0,,
A007538,個人,上班族,2015-02-03,0,0,,,0,,
A007539,個人,上班族,2010-06-29,0,0,,,0,,
A007540,個人,上班族,2016-12-07,0,0,,,0,,
A007541,個人,上班族,2021-10-08,0,0,,,0,,
A007542,個人,上班族,2008-10-26,0,0,,,0,,
A007543,個人,上班族,2023-08-21,0,0,,,0,,
A007544,個人,上班族,2026-02-03,0,0,,,0,,
A007545,個人,上班族,2021-05-24,0,0,,,0,,
A007546,個人,上班族,2024-12-22,0,0,,,0,,
A007547,個人,上班族,2024-02-16,0,0,,,0,,
A007548,個人,上班族,2026-02-20,0,0,,,0,,
A007549,個人,上班族,2018-07-19,0,0,,,0,,
A007550,個人,上班族,2012-04-30,0,0,,,0,,
A007551,個人,上班族,2006-06-10,0,0,,,0,,
A007552,個人,上班族,2018-11-14,0,0,,,0,,
A007553,個人,上班族,2011-11-17,0,0,,,0,,
A007554,個人,上班族,2012-08-05,0,0,,,0,,
A007555,個人,上班族,2020-08-27,0,0,,,0,,
A007556,個人,上班族,2011-01-15,0,0,,,0,,
A007557,個人,上班族,2006-03-05,0,0,,,0,,
A007558,個人,上班族,2019-09-11,0,0,,,0,,
A007559,個人,上班族,2014-10-25,0,0,,,0,,
A007560,個人,上班族,2011-05-05,0,0,,,0,,
A007561,個人,上班族,2017-04-18,0,0,,,0,,
A007562,個人,上班族,2016-04-01,0,0,,,0,,
A007563,個人,上班族,2013-12-06,0,0,,,0,,
A007564,個人,上班族,2021-09-19,0,0,,,0,,
A007565,個人,上班族,2019-03-13,0,0,,,0,,
A007566,個人,上班族,2023-12-24,0,0,,,0,,
A007567,個人,上班族,2017-11-08,0,0,,,0,,
A007568,個人,上班族,2023-11-23,0,0,,,0,,
A007569,個人,上班族,2026-04-09,0,0,,,0,,
A007570,個人,上班族,2024-02-18,0,0,,,0,,
A007571,個人,上班族,2023-11-23,0,0,,,0,,
A007572,個人,上班族,2017-05-25,0,0,,,0,,
A007573,個人,上班族,2008-02-22,0,0,,,0,,
A007574,個人,上班族,2014-05-19,0,0,,,0,,
A007575,個人,上班族,2007-08-19,0,0,,,0,,
A007576,個人,上班族,2021-09-09,0,0,,,0,,
A007577,個人,上班族,2020-09-12,0,0,,,0,,
A007578,個人,上班族,2007-06-30,0,0,,,0,,
A007579,個人,上班族,2018-06-10,0,0,,,0,,
A007580,個人,上班族,2016-10-18,0,0,,,0,,
A007581,個人,上班族,2011-12-08,0,0,,,0,,
A007582,個人,上班族,2023-07-14,0,0,,,0,,
A007583,個人,上班族,2015-06-14,0,0,,,0,,
A007584,個人,上班族,2014-11-27,0,0,,,0,,
A007585,個人,上班族,2014-09-06,0,0,,,0,,
A007586,個人,上班族,2017-07-07,0,0,,,0,,
A007587,個人,上班族,2026-04-19,0,0,,,0,,
A007588,個人,上班族,2024-01-16,0,0,,,0,,
A007589,個人,上班族,2014-05-10,0,0,,,0,,
A007590,個人,上班族,2013-08-21,0,0,,,0,,
A007591,個人,上班族,2018-10-12,0,0,,,0,,
A007592,個人,上班族,2024-08-03,0,0,,,0,,
A007593,個人,上班族,2013-07-10,0,0,,,0,,
A007594,個人,上班族,2009-06-26,0,0,,,0,,
A007595,個人,上班族,2018-03-02,0,0,,,0,,
A007596,個人,上班族,2007-09-19,0,0,,,0,,
A007597,個人,上班族,2008-04-17,0,0,,,0,,
A007598,個人,上班族,2017-04-25,0,0,,,0,,
A007599,個人,上班族,2015-02-11,0,0,,,0,,
A007600,個人,上班族,2020-01-19,0,0,,,0,,
A007601,個人,上班族,2010-01-08,0,0,,,0,,
A007602,個人,上班族,2015-11-09,0,0,,,0,,
A007603,個人,上班族,2026-04-28,0,0,,,0,,
A007604,個人,上班族,2024-03-07,0,0,,,0,,
A007605,個人,上班族,2010-12-15,0,0,,,0,,
A007606,個人,上班族,2022-05-22,0,0,,,0,,
A007607,個人,上班族,2026-03-07,0,0,,,0,,
A007608,個人,上班族,2014-04-07,0,0,,,0,,
A007609,個人,上班族,2021-04-28,0,0,,,0,,
A007610,個人,上班族,2020-07-21,0,0,,,0,,
A007611,個人,上班族,2008-03-20,0,0,,,0,,
A007612,個人,上班族,2009-11-22,0,0,,,0,,
A007613,個人,上班族,2007-05-19,0,0,,,0,,
A007614,個人,上班族,2006-06-23,0,0,,,0,,
A007615,個人,上班族,2014-11-03,0,0,,,0,,
A007616,個人,上班族,2009-11-22,0,0,,,0,,
A007617,個人,上班族,2009-06-25,0,0,,,0,,
A007618,個人,上班族,2010-05-13,0,0,,,0,,
A007619,個人,上班族,2026-05-05,0,0,,,0,,
A007620,個人,上班族,2017-04-27,0,0,,,0,,
A007621,個人,上班族,2011-02-21,0,0,,,0,,
A007622,個人,上班族,2007-07-23,0,0,,,0,,
A007623,個人,上班族,2012-08-05,0,0,,,0,,
A007624,個人,上班族,2020-10-15,0,0,,,0,,
A007625,個人,上班族,2015-04-30,0,0,,,0,,
A007626,個人,上班族,2017-02-15,0,0,,,0,,
A007627,個人,上班族,2010-05-05,0,0,,,0,,
A007628,個人,上班族,2016-08-31,0,0,,,0,,
A007629,個人,上班族,2023-08-06,0,0,,,0,,
A007630,個人,上班族,2020-10-26,0,0,,,0,,
A007631,個人,上班族,2008-01-07,0,0,,,0,,
A007632,個人,上班族,2010-04-30,0,0,,,0,,
A007633,個人,上班族,2014-01-22,0,0,,,0,,
A007634,個人,上班族,2019-09-18,0,0,,,0,,
A007635,個人,上班族,2008-05-27,0,0,,,0,,
A007636,個人,上班族,2008-03-19,0,0,,,0,,
A007637,個人,上班族,2007-11-13,0,0,,,0,,
A007638,個人,上班族,2018-06-14,0,0,,,0,,
A007639,個人,上班族,2015-08-05,0,0,,,0,,
A007640,個人,上班族,2021-05-13,0,0,,,0,,
A007641,個人,上班族,2014-12-24,0,0,,,0,,
A007642,個人,上班族,2015-12-08,0,0,,,0,,
A007643,個人,上班族,2017-11-16,0,0,,,0,,
A007644,個人,上班族,2014-01-09,0,0,,,0,,
A007645,個人,上班族,2014-09-12,0,0,,,0,,
A007646,個人,上班族,2023-04-01,0,0,,,0,,
A007647,個人,上班族,2007-10-14,0,0,,,0,,
A007648,個人,上班族,2012-03-31,0,0,,,0,,
A007649,個人,上班族,2007-01-06,0,0,,,0,,
A007650,個人,上班族,2015-12-16,0,0,,,0,,
A007651,個人,上班族,2018-09-03,0,0,,,0,,
A007652,個人,上班族,2007-01-28,0,0,,,0,,
A007653,個人,上班族,2013-04-07,0,0,,,0,,
A007654,個人,上班族,2015-03-08,0,0,,,0,,
A007655,個人,上班族,2009-05-31,0,0,,,0,,
A007656,個人,上班族,2013-12-25,0,0,,,0,,
A007657,個人,上班族,2007-09-07,0,0,,,0,,
A007658,個人,上班族,2007-11-21,0,0,,,0,,
A007659,個人,上班族,2009-12-20,0,0,,,0,,
A007660,個人,上班族,2013-04-10,0,0,,,0,,
A007661,個人,上班族,2023-03-11,0,0,,,0,,
A007662,個人,上班族,2021-04-16,0,0,,,0,,
A007663,個人,上班族,2016-05-26,0,0,,,0,,
A007664,個人,上班族,2023-08-20,0,0,,,0,,
A007665,個人,上班族,2011-12-30,0,0,,,0,,
A007666,個人,上班族,2021-05-06,0,0,,,0,,
A007667,個人,上班族,2010-01-04,0,0,,,0,,
A007668,個人,上班族,2018-05-03,0,0,,,0,,
A007669,個人,上班族,2020-07-15,0,0,,,0,,
A007670,個人,上班族,2021-09-16,0,0,,,0,,
A007671,個人,上班族,2020-06-29,0,0,,,0,,
A007672,個人,上班族,2010-11-10,0,0,,,0,,
A007673,個人,上班族,2023-04-29,0,0,,,0,,
A007674,個人,上班族,2014-06-19,0,0,,,0,,
A007675,個人,上班族,2020-04-23,0,0,,,0,,
A007676,個人,上班族,2015-08-03,0,0,,,0,,
A007677,個人,上班族,2012-09-09,0,0,,,0,,
A007678,個人,上班族,2022-07-08,0,0,,,0,,
A007679,個人,上班族,2024-10-02,0,0,,,0,,
A007680,個人,上班族,2026-02-13,0,0,,,0,,
A007681,個人,上班族,2012-05-14,0,0,,,0,,
A007682,個人,上班族,2012-09-26,0,0,,,0,,
A007683,個人,上班族,2007-07-05,0,0,,,0,,
A007684,個人,上班族,2026-02-21,0,0,,,0,,
A007685,個人,上班族,2023-12-06,0,0,,,0,,
A007686,個人,上班族,2007-02-06,0,0,,,0,,
A007687,個人,上班族,2009-10-03,0,0,,,0,,
A007688,個人,上班族,2012-09-04,0,0,,,0,,
A007689,個人,上班族,2011-03-21,0,0,,,0,,
A007690,個人,上班族,2022-02-14,0,0,,,0,,
A007691,個人,上班族,2007-10-19,0,0,,,0,,
A007692,個人,上班族,2008-02-25,0,0,,,0,,
A007693,個人,上班族,2017-04-17,0,0,,,0,,
A007694,個人,上班族,2020-01-29,0,0,,,0,,
A007695,個人,上班族,2026-03-04,0,0,,,0,,
A007696,個人,上班族,2006-06-14,0,0,,,0,,
A007697,個人,上班族,2018-10-20,0,0,,,0,,
A007698,個人,上班族,2016-04-27,0,0,,,0,,
A007699,個人,上班族,2024-06-15,0,0,,,0,,
A007700,個人,上班族,2020-03-01,0,0,,,0,,
A007701,個人,上班族,2015-02-25,0,0,,,0,,
A007702,個人,上班族,2007-11-06,0,0,,,0,,
A007703,個人,上班族,2017-09-08,0,0,,,0,,
A007704,個人,上班族,2023-04-13,0,0,,,0,,
A007705,個人,上班族,2007-07-30,0,0,,,0,,
A007706,個人,上班族,2007-08-10,0,0,,,0,,
A007707,個人,上班族,2014-04-20,0,0,,,0,,
A007708,個人,上班族,2007-08-21,0,0,,,0,,
A007709,個人,上班族,2016-10-31,905,0,,,0,,
A007710,個人,上班族,2021-07-01,0,0,,,0,,
A007711,個人,上班族,2023-10-23,0,0,,,0,,
A007712,個人,上班族,2023-05-22,0,0,,,0,,
A007713,個人,上班族,2022-05-20,0,0,,,0,,
A007714,個人,上班族,2023-10-18,0,0,,,0,,
A007715,個人,上班族,2010-04-24,0,0,,,0,,
A007716,個人,上班族,2026-04-05,0,0,,,0,,
A007717,個人,上班族,2015-11-13,0,0,,,0,,
A007718,個人,上班族,2018-06-13,0,0,,,0,,
A007719,個人,上班族,2013-12-31,0,0,,,0,,
A007720,個人,上班族,2011-01-04,0,0,,,0,,
A007721,個人,上班族,2011-08-08,0,0,,,0,,
A007722,個人,上班族,2024-06-15,0,0,,,0,,
A007723,個人,上班族,2021-03-03,0,0,,,0,,
A007724,個人,上班族,2015-05-31,0,0,,,0,,
A007725,個人,上班族,2008-12-30,0,0,,,0,,
A007726,個人,上班族,2019-07-30,0,0,,,0,,
A007727,個人,上班族,2022-07-29,0,0,,,0,,
A007728,個人,上班族,2006-03-22,0,0,,,0,,
A007729,個人,上班族,2015-11-03,0,0,,,0,,
A007730,個人,上班族,2018-03-19,0,0,,,0,,
A007731,個人,上班族,2021-10-13,0,0,,,0,,
A007732,個人,上班族,2017-04-16,0,0,,,0,,
A007733,個人,上班族,2006-05-05,0,0,,,0,,
A007734,個人,上班族,2019-12-15,0,0,,,0,,
A007735,個人,上班族,2012-08-21,0,0,,,0,,
A007736,個人,上班族,2007-03-14,0,0,,,0,,
A007737,個人,上班族,2011-05-29,0,0,,,0,,
A007738,個人,上班族,2021-10-25,0,0,,,0,,
A007739,個人,上班族,2012-09-10,0,0,,,0,,
A007740,個人,上班族,2012-03-13,0,0,,,0,,
A007741,個人,上班族,2015-02-21,0,0,,,0,,
A007742,個人,上班族,2010-07-14,0,0,,,0,,
A007743,個人,上班族,2010-07-05,0,0,,,0,,
A007744,個人,上班族,2011-04-01,0,0,,,0,,
A007745,個人,上班族,2023-11-07,0,0,,,0,,
A007746,個人,上班族,2009-09-09,0,0,,,0,,
A007747,個人,上班族,2016-08-29,0,0,,,0,,
A007748,個人,上班族,2015-07-30,0,0,,,0,,
A007749,個人,上班族,2017-10-17,0,0,,,0,,
A007750,個人,上班族,2016-02-09,0,0,,,0,,
A007751,個人,上班族,2019-12-25,0,0,,,0,,
A007752,個人,上班族,2019-04-09,0,0,,,0,,
A007753,個人,上班族,2020-06-05,0,0,,,0,,
A007754,個人,上班族,2006-06-09,0,0,,,0,,
A007755,個人,上班族,2009-09-25,0,0,,,0,,
A007756,個人,上班族,2009-06-30,0,0,,,0,,
A007757,個人,上班族,2007-12-07,0,0,,,0,,
A007758,個人,上班族,2007-01-23,0,0,,,0,,
A007759,個人,上班族,2019-12-30,0,0,,,0,,
A007760,個人,上班族,2016-08-13,0,0,,,0,,
A007761,個人,上班族,2007-07-13,0,0,,,0,,
A007762,個人,上班族,2016-10-31,0,0,,,0,,
A007763,個人,上班族,2015-01-18,0,0,,,0,,
A007764,個人,上班族,2006-08-21,0,0,,,0,,
A007765,個人,上班族,2006-05-06,0,0,,,0,,
A007766,個人,上班族,2010-04-05,0,0,,,0,,
A007767,個人,上班族,2007-08-13,0,0,,,0,,
A007768,個人,上班族,2018-04-09,0,0,,,0,,
A007769,個人,上班族,2026-03-16,0,0,,,0,,
A007770,個人,上班族,2011-07-11,0,0,,,0,,
A007771,個人,上班族,2011-07-01,0,0,,,0,,
A007772,個人,上班族,2013-05-21,0,0,,,0,,
A007773,個人,上班族,2023-04-22,0,0,,,0,,
A007774,個人,上班族,2008-03-13,0,0,,,0,,
A007775,個人,上班族,2009-10-28,0,0,,,0,,
A007776,個人,上班族,2015-03-07,0,0,,,0,,
A007777,個人,上班族,2010-09-14,0,0,,,0,,
A007778,個人,上班族,2021-12-14,0,0,,,0,,
A007779,個人,上班族,2011-04-12,0,0,,,0,,
A007780,個人,上班族,2007-04-17,0,0,,,0,,
A007781,個人,上班族,2020-08-01,0,0,,,0,,
A007782,個人,上班族,2013-03-19,0,0,,,0,,
A007783,個人,上班族,2023-05-26,0,0,,,0,,
A007784,個人,上班族,2020-06-01,0,0,,,0,,
A007785,個人,上班族,2008-11-20,0,0,,,0,,
A007786,個人,上班族,2018-05-06,0,0,,,0,,
A007787,個人,上班族,2007-11-29,0,0,,,0,,
A007788,個人,上班族,2019-03-24,0,0,,,0,,
A007789,個人,上班族,2021-12-29,0,0,,,0,,
A007790,個人,上班族,2014-01-17,0,0,,,0,,
A007791,個人,上班族,2019-03-11,0,0,,,0,,
A007792,個人,上班族,2024-02-14,0,0,,,0,,
A007793,個人,上班族,2020-07-12,0,0,,,0,,
A007794,個人,上班族,2013-11-10,0,0,,,0,,
A007795,個人,上班族,2019-02-11,0,0,,,0,,
A007796,個人,上班族,2019-02-01,0,0,,,0,,
A007797,個人,上班族,2009-01-21,0,0,,,0,,
A007798,個人,上班族,2023-06-18,0,0,,,0,,
A007799,個人,上班族,2026-01-25,0,0,,,0,,
A007800,個人,上班族,2009-03-05,0,0,,,0,,
A007801,個人,上班族,2013-10-31,0,0,,,0,,
A007802,個人,上班族,2011-02-26,0,0,,,0,,
A007803,個人,上班族,2020-05-21,0,0,,,0,,
A007804,個人,上班族,2007-11-01,0,0,,,0,,
A007805,個人,上班族,2014-09-27,0,0,,,0,,
A007806,個人,上班族,2017-07-01,0,0,,,0,,
A007807,個人,上班族,2006-04-01,0,0,,,0,,
A007808,個人,上班族,2008-04-06,0,0,,,0,,
A007809,個人,上班族,2007-09-04,0,0,,,0,,
A007810,個人,上班族,2015-01-30,0,0,,,0,,
A007811,個人,上班族,2023-05-19,0,0,,,0,,
A007812,個人,上班族,2017-08-24,0,0,,,0,,
A007813,個人,上班族,2006-06-15,0,0,,,0,,
A007814,個人,上班族,2010-06-23,0,0,,,0,,
A007815,個人,上班族,2014-09-28,0,0,,,0,,
A007816,個人,上班族,2009-05-08,0,0,,,0,,
A007817,個人,上班族,2017-01-15,0,0,,,0,,
A007818,個人,上班族,2015-05-05,0,0,,,0,,
A007819,個人,上班族,2009-08-16,0,0,,,0,,
A007820,個人,上班族,2018-01-04,0,0,,,0,,
A007821,個人,上班族,2024-03-13,0,0,,,0,,
A007822,個人,上班族,2007-09-17,0,0,,,0,,
A007823,個人,上班族,2022-01-31,0,0,,,0,,
A007824,個人,上班族,2014-01-20,0,0,,,0,,
A007825,個人,上班族,2019-02-20,0,0,,,0,,
A007826,個人,上班族,2016-09-17,0,0,,,0,,
A007827,個人,上班族,2017-12-09,0,0,,,0,,
A007828,個人,上班族,2016-07-23,0,0,,,0,,
A007829,個人,上班族,2023-01-06,0,0,,,0,,
A007830,個人,上班族,2012-10-23,0,0,,,0,,
A007831,個人,上班族,2023-12-21,0,0,,,0,,
A007832,個人,上班族,2006-07-14,0,0,,,0,,
A007833,個人,上班族,2022-05-10,0,0,,,0,,
A007834,個人,上班族,2007-01-16,0,0,,,0,,
A007835,個人,上班族,2011-08-06,0,0,,,0,,
A007836,個人,上班族,2026-02-16,0,0,,,0,,
A007837,個人,上班族,2016-05-19,0,0,,,0,,
A007838,個人,上班族,2010-04-06,0,0,,,0,,
A007839,個人,上班族,2026-03-19,0,0,,,0,,
A007840,個人,上班族,2021-10-06,0,0,,,0,,
A007841,個人,上班族,2011-02-09,0,0,,,0,,
A007842,個人,上班族,2015-01-25,0,0,,,0,,
A007843,個人,上班族,2006-07-21,0,0,,,0,,
A007844,個人,上班族,2007-04-01,0,0,,,0,,
A007845,個人,上班族,2010-06-05,0,0,,,0,,
A007846,個人,上班族,2015-05-26,0,0,,,0,,
A007847,個人,上班族,2015-05-03,0,0,,,0,,
A007848,個人,上班族,2014-06-30,0,0,,,0,,
A007849,個人,上班族,2019-07-01,0,0,,,0,,
A007850,個人,上班族,2020-02-06,0,0,,,0,,
A007851,個人,上班族,2016-01-22,0,0,,,0,,
A007852,個人,上班族,2024-09-07,0,0,,,0,,
A007853,個人,上班族,2026-01-12,0,0,,,0,,
A007854,個人,上班族,2012-10-10,0,0,,,0,,
A007855,個人,上班族,2015-10-24,0,0,,,0,,
A007856,個人,上班族,2013-02-04,0,0,,,0,,
A007857,個人,上班族,2012-07-06,0,0,,,0,,
A007858,個人,上班族,2007-10-21,0,0,,,0,,
A007859,個人,上班族,2011-08-28,0,0,,,0,,
A007860,個人,上班族,2011-05-12,0,0,,,0,,
A007861,個人,上班族,2009-10-16,0,0,,,0,,
A007862,個人,上班族,2014-05-29,0,0,,,0,,
A007863,個人,上班族,2010-08-26,0,0,,,0,,
A007864,個人,上班族,2018-05-08,0,0,,,0,,
A007865,個人,上班族,2011-05-08,0,0,,,0,,
A007866,個人,上班族,2016-07-07,0,0,,,0,,
A007867,個人,上班族,2009-02-13,0,0,,,0,,
A007868,個人,上班族,2007-05-22,0,0,,,0,,
A007869,個人,上班族,2007-12-29,0,0,,,0,,
A007870,個人,上班族,2018-12-30,0,0,,,0,,
A007871,個人,上班族,2015-08-15,0,0,,,0,,
A007872,個人,上班族,2006-10-25,0,0,,,0,,
A007873,個人,上班族,2014-02-10,0,0,,,0,,
A007874,個人,上班族,2017-06-19,0,0,,,0,,
A007875,個人,上班族,2022-02-18,0,0,,,0,,
A007876,個人,上班族,2010-08-20,0,0,,,0,,
A007877,個人,上班族,2010-04-01,0,0,,,0,,
A007878,個人,上班族,2026-01-28,0,0,,,0,,
A007879,個人,上班族,2007-12-10,0,0,,,0,,
A007880,個人,上班族,2011-08-28,0,0,,,0,,
A007881,個人,上班族,2019-04-11,0,0,,,0,,
A007882,個人,上班族,2018-01-17,0,0,,,0,,
A007883,個人,上班族,2015-04-15,0,0,,,0,,
A007884,個人,上班族,2026-04-12,0,0,,,0,,
A007885,個人,上班族,2009-04-26,0,0,,,0,,
A007886,個人,上班族,2010-06-12,0,0,,,0,,
A007887,個人,上班族,2024-03-12,0,0,,,0,,
A007888,個人,上班族,2019-09-13,0,0,,,0,,
A007889,個人,上班族,2024-04-06,0,0,,,0,,
A007890,個人,上班族,2020-10-12,0,0,,,0,,
A007891,個人,上班族,2024-08-20,0,0,,,0,,
A007892,個人,上班族,2026-04-16,0,0,,,0,,
A007893,個人,上班族,2020-09-29,0,0,,,0,,
A007894,個人,上班族,2026-02-27,0,0,,,0,,
A007895,個人,上班族,2021-06-26,0,0,,,0,,
A007896,個人,上班族,2007-08-27,0,0,,,0,,
A007897,個人,上班族,2018-11-15,0,0,,,0,,
A007898,個人,上班族,2022-02-20,0,0,,,0,,
A007899,個人,上班族,2024-03-01,0,0,,,0,,
A007900,個人,上班族,2017-12-31,0,0,,,0,,
A007901,個人,上班族,2012-12-06,0,0,,,0,,
A007902,個人,上班族,2022-10-15,0,0,,,0,,
A007903,個人,上班族,2010-08-31,0,0,,,0,,
A007904,個人,上班族,2012-02-05,0,0,,,0,,
A007905,個人,上班族,2014-06-10,0,0,,,0,,
A007906,個人,上班族,2012-05-25,0,0,,,0,,
A007907,個人,上班族,2018-11-22,0,0,,,0,,
A007908,個人,上班族,2020-06-01,0,0,,,0,,
A007909,個人,上班族,2026-02-15,0,0,,,0,,
A007910,個人,上班族,2006-07-15,0,0,,,0,,
A007911,個人,上班族,2010-07-17,0,0,,,0,,
A007912,個人,上班族,2007-03-14,0,0,,,0,,
A007913,個人,上班族,2023-06-01,0,0,,,0,,
A007914,個人,上班族,2016-10-27,0,0,,,0,,
A007915,個人,上班族,2011-07-25,0,0,,,0,,
A007916,個人,上班族,2022-03-22,0,0,,,0,,
A007917,個人,上班族,2009-03-14,0,0,,,0,,
A007918,個人,上班族,2014-10-27,0,0,,,0,,
A007919,個人,上班族,2011-05-10,0,0,,,0,,
A007920,個人,上班族,2012-04-20,0,0,,,0,,
A007921,個人,上班族,2017-04-13,0,0,,,0,,
A007922,個人,上班族,2018-10-11,0,0,,,0,,
A007923,個人,上班族,2019-04-08,0,0,,,0,,
A007924,個人,上班族,2013-12-17,0,0,,,0,,
A007925,個人,上班族,2015-05-14,0,0,,,0,,
A007926,個人,上班族,2012-07-30,0,0,,,0,,
A007927,個人,上班族,2010-06-22,0,0,,,0,,
A007928,個人,上班族,2019-12-01,0,0,,,0,,
A007929,個人,上班族,2016-04-20,0,0,,,0,,
A007930,個人,上班族,2009-01-07,0,0,,,0,,
A007931,個人,上班族,2012-08-21,0,0,,,0,,
A007932,個人,上班族,2010-07-30,0,0,,,0,,
A007933,個人,上班族,2008-01-04,0,0,,,0,,
A007934,個人,上班族,2017-11-13,0,0,,,0,,
A007935,個人,上班族,2013-04-09,0,0,,,0,,
A007936,個人,上班族,2021-12-17,0,0,,,0,,
A007937,個人,上班族,2026-03-21,0,0,,,0,,
A007938,個人,上班族,2006-06-30,0,0,,,0,,
A007939,個人,上班族,2022-05-01,0,0,,,0,,
A007940,個人,上班族,2009-02-27,0,0,,,0,,
A007941,個人,上班族,2016-12-26,0,0,,,0,,
A007942,個人,上班族,2011-08-10,0,0,,,0,,
A007943,個人,上班族,2008-01-13,0,0,,,0,,
A007944,個人,上班族,2016-06-28,0,0,,,0,,
A007945,個人,上班族,2024-11-09,0,0,,,0,,
A007946,個人,上班族,2015-07-27,0,0,,,0,,
A007947,個人,上班族,2006-11-05,0,0,,,0,,
A007948,個人,上班族,2013-02-22,0,0,,,0,,
A007949,個人,上班族,2014-12-13,0,0,,,0,,
A007950,個人,上班族,2021-09-27,0,0,,,0,,
A007951,個人,上班族,2006-03-10,0,0,,,0,,
A007952,個人,上班族,2021-04-21,0,0,,,0,,
A007953,個人,上班族,2016-01-06,0,0,,,0,,
A007954,個人,上班族,2014-01-20,0,0,,,0,,
A007955,個人,上班族,2007-03-11,0,0,,,0,,
A007956,個人,上班族,2017-12-21,0,0,,,0,,
A007957,個人,上班族,2009-12-27,0,0,,,0,,
A007958,個人,上班族,2011-02-19,0,0,,,0,,
A007959,個人,上班族,2007-10-03,0,0,,,0,,
A007960,個人,上班族,2015-08-03,1264,0,,,0,,
A007961,個人,上班族,2010-07-17,0,0,,,0,,
A007962,個人,上班族,2013-09-18,0,0,,,0,,
A007963,個人,學生,2016-06-26,0,0,,,0,,
A007964,個人,學生,2026-03-22,0,0,,,0,,
A007965,個人,學生,2022-02-18,0,0,,,0,,
A007966,個人,學生,2012-12-23,0,0,,,0,,
A007967,個人,學生,2020-10-27,0,0,,,0,,
A007968,個人,學生,2018-04-29,0,0,,,0,,
A007969,個人,學生,2022-02-12,0,0,,,0,,
A007970,個人,學生,2007-11-21,0,0,,,0,,
A007971,個人,學生,2020-05-05,0,0,,,0,,
A007972,個人,學生,2026-03-22,0,0,,,0,,
A007973,個人,學生,2006-03-22,0,0,,,0,,
A007974,個人,學生,2017-06-12,0,0,,,0,,
A007975,個人,學生,2008-04-20,0,0,,,0,,
A007976,個人,學生,2019-02-19,0,0,,,0,,
A007977,個人,學生,2021-07-01,0,0,,,0,,
A007978,個人,學生,2014-03-26,0,0,,,0,,
A007979,個人,學生,2013-01-08,0,0,,,0,,
A007980,個人,學生,2024-08-08,0,0,,,0,,
A007981,個人,學生,2026-02-09,0,0,,,0,,
A007982,個人,學生,2019-04-22,0,0,,,0,,
A007983,個人,學生,2010-05-26,0,0,,,0,,
A007984,個人,學生,2016-06-22,0,0,,,0,,
A007985,個人,學生,2017-12-22,0,0,,,0,,
A007986,個人,學生,2012-10-09,0,0,,,0,,
A007987,個人,學生,2012-05-16,0,0,,,0,,
A007988,個人,學生,2015-10-12,0,0,,,0,,
A007989,個人,學生,2020-03-25,0,0,,,0,,
A007990,個人,學生,2024-05-17,0,0,,,0,,
A007991,個人,學生,2018-04-24,0,0,,,0,,
A007992,個人,學生,2020-03-08,0,0,,,0,,
A007993,個人,學生,2021-09-01,0,0,,,0,,
A007994,個人,學生,2018-11-28,0,0,,,0,,
A007995,個人,學生,2020-05-05,0,0,,,0,,
A007996,個人,學生,2026-03-29,0,0,,,0,,
A007997,個人,學生,2022-07-03,0,0,,,0,,
A007998,個人,學生,2007-11-09,0,0,,,0,,
A007999,個人,學生,2013-08-12,0,0,,,0,,
A008000,個人,學生,2010-03-06,0,0,,,0,,
A008001,個人,學生,2020-04-23,0,0,,,0,,
A008002,個人,學生,2017-09-08,0,0,,,0,,
A008003,個人,學生,2014-02-26,0,0,,,0,,
A008004,個人,學生,2018-11-27,0,0,,,0,,
A008005,個人,學生,2009-12-10,0,0,,,0,,
A008006,個人,學生,2010-07-17,0,0,,,0,,
A008007,個人,學生,2020-05-02,0,0,,,0,,
A008008,個人,學生,2013-06-08,0,0,,,0,,
A008009,個人,學生,2026-03-29,0,0,,,0,,
A008010,個人,學生,2009-10-03,0,0,,,0,,
A008011,個人,學生,2024-11-22,0,0,,,0,,
A008012,個人,學生,2010-05-28,0,0,,,0,,
A008013,個人,學生,2022-08-14,0,0,,,0,,
A008014,個人,學生,2021-10-08,0,0,,,0,,
A008015,個人,學生,2021-09-05,0,0,,,0,,
A008016,個人,學生,2015-07-10,0,0,,,0,,
A008017,個人,學生,2023-09-29,0,0,,,0,,
A008018,個人,學生,2015-05-04,0,0,,,0,,
A008019,個人,學生,2014-01-01,0,0,,,0,,
A008020,個人,學生,2008-08-23,0,0,,,0,,
A008021,個人,學生,2008-11-30,0,0,,,0,,
A008022,個人,學生,2026-05-03,0,0,,,0,,
A008023,個人,學生,2013-05-23,0,0,,,0,,
A008024,個人,學生,2017-10-06,0,0,,,0,,
A008025,個人,學生,2008-11-03,0,0,,,0,,
A008026,個人,學生,2019-11-12,0,0,,,0,,
A008027,個人,學生,2016-12-22,0,0,,,0,,
A008028,個人,學生,2012-04-27,0,0,,,0,,
A008029,個人,學生,2024-08-08,0,0,,,0,,
A008030,個人,學生,2013-09-07,0,0,,,0,,
A008031,個人,學生,2014-05-01,0,0,,,0,,
A008032,個人,學生,2013-10-02,0,0,,,0,,
A008033,個人,學生,2013-09-17,0,0,,,0,,
A008034,個人,學生,2023-03-20,0,0,,,0,,
A008035,個人,學生,2007-08-04,0,0,,,0,,
A008036,個人,學生,2016-06-17,0,0,,,0,,
A008037,個人,學生,2022-11-13,0,0,,,0,,
A008038,個人,學生,2016-05-18,0,0,,,0,,
A008039,個人,學生,2023-02-12,0,0,,,0,,
A008040,個人,學生,2018-11-10,0,0,,,0,,
A008041,個人,學生,2006-09-17,0,0,,,0,,
A008042,個人,學生,2015-01-23,0,0,,,0,,
A008043,個人,學生,2006-12-26,0,0,,,0,,
A008044,個人,學生,2019-07-29,0,0,,,0,,
A008045,個人,學生,2026-02-19,0,0,,,0,,
A008046,個人,學生,2026-05-07,0,0,,,0,,
A008047,個人,學生,2007-09-15,0,0,,,0,,
A008048,個人,學生,2009-02-13,0,0,,,0,,
A008049,個人,學生,2012-08-08,0,0,,,0,,
A008050,個人,學生,2023-09-22,0,0,,,0,,
A008051,個人,學生,2024-09-07,0,0,,,0,,
A008052,個人,學生,2016-09-25,0,0,,,0,,
A008053,個人,學生,2011-06-10,0,0,,,0,,
A008054,個人,學生,2024-12-10,0,0,,,0,,
A008055,個人,學生,2019-11-18,0,0,,,0,,
A008056,個人,學生,2008-10-10,0,0,,,0,,
A008057,個人,學生,2009-12-10,0,0,,,0,,
A008058,個人,學生,2008-01-07,0,0,,,0,,
A008059,個人,學生,2008-08-18,0,0,,,0,,
A008060,個人,學生,2019-07-07,0,0,,,0,,
A008061,個人,學生,2016-08-19,0,0,,,0,,
A008062,個人,學生,2020-09-20,0,0,,,0,,
A008063,個人,學生,2013-07-15,0,0,,,0,,
A008064,個人,學生,2019-05-17,0,0,,,0,,
A008065,個人,學生,2024-06-22,0,0,,,0,,
A008066,個人,學生,2010-02-23,0,0,,,0,,
A008067,個人,學生,2022-05-24,0,0,,,0,,
A008068,個人,學生,2008-03-21,0,0,,,0,,
A008069,個人,學生,2017-07-24,0,0,,,0,,
A008070,個人,學生,2013-02-16,0,0,,,0,,
A008071,個人,學生,2008-03-28,0,0,,,0,,
A008072,個人,學生,2013-12-09,0,0,,,0,,
A008073,個人,學生,2016-10-22,0,0,,,0,,
A008074,個人,學生,2007-11-30,0,0,,,0,,
A008075,個人,學生,2022-10-26,0,0,,,0,,
A008076,個人,學生,2026-03-25,0,0,,,0,,
A008077,個人,學生,2020-03-14,0,0,,,0,,
A008078,個人,學生,2021-05-25,0,0,,,0,,
A008079,個人,學生,2010-06-18,0,0,,,0,,
A008080,個人,學生,2020-08-04,0,0,,,0,,
A008081,個人,學生,2024-01-25,0,0,,,0,,
A008082,個人,學生,2024-03-28,0,0,,,0,,
A008083,個人,學生,2021-02-12,0,0,,,0,,
A008084,個人,學生,2021-01-15,0,0,,,0,,
A008085,個人,學生,2019-04-07,0,0,,,0,,
A008086,個人,學生,2008-05-01,0,0,,,0,,
A008087,個人,學生,2021-10-29,0,0,,,0,,
A008088,個人,學生,2016-01-11,0,0,,,0,,
A008089,個人,學生,2018-12-10,0,0,,,0,,
A008090,個人,學生,2020-06-24,0,0,,,0,,
A008091,個人,學生,2021-12-26,0,0,,,0,,
A008092,個人,學生,2021-05-26,0,0,,,0,,
A008093,個人,學生,2016-05-15,0,0,,,0,,
A008094,個人,學生,2017-05-21,0,0,,,0,,
A008095,個人,學生,2017-01-24,0,0,,,0,,
A008096,個人,學生,2022-04-13,0,0,,,0,,
A008097,個人,學生,2008-09-16,0,0,,,0,,
A008098,個人,學生,2024-11-14,0,0,,,0,,
A008099,個人,學生,2026-02-22,0,0,,,0,,
A008100,個人,學生,2008-06-20,0,0,,,0,,
A008101,個人,學生,2021-07-10,0,0,,,0,,
A008102,個人,學生,2017-01-07,0,0,,,0,,
A008103,個人,學生,2016-05-28,0,0,,,0,,
A008104,個人,學生,2022-07-12,0,0,,,0,,
A008105,個人,學生,2007-10-31,0,0,,,0,,
A008106,個人,學生,2012-12-04,0,0,,,0,,
A008107,個人,學生,2014-03-22,0,0,,,0,,
A008108,個人,學生,2017-03-15,0,0,,,0,,
A008109,個人,學生,2009-04-01,0,0,,,0,,
A008110,個人,學生,2018-02-09,0,0,,,0,,
A008111,個人,學生,2011-05-14,0,0,,,0,,
A008112,個人,學生,2023-07-05,0,0,,,0,,
A008113,個人,學生,2006-05-18,0,0,,,0,,
A008114,個人,學生,2022-11-16,0,0,,,0,,
A008115,個人,學生,2006-04-13,0,0,,,0,,
A008116,個人,學生,2006-05-03,0,0,,,0,,
A008117,個人,學生,2022-01-22,0,0,,,0,,
A008118,個人,學生,2008-08-27,0,0,,,0,,
A008119,個人,學生,2014-06-27,0,0,,,0,,
A008120,個人,學生,2026-02-28,0,0,,,0,,
A008121,個人,學生,2014-04-27,0,0,,,0,,
A008122,個人,學生,2024-11-02,0,0,,,0,,
A008123,個人,學生,2020-12-26,0,0,,,0,,
A008124,個人,學生,2014-03-20,0,0,,,0,,
A008125,個人,學生,2015-01-22,0,0,,,0,,
A008126,個人,學生,2018-11-11,0,0,,,0,,
A008127,個人,學生,2018-01-19,0,0,,,0,,
A008128,個人,學生,2026-01-30,0,0,,,0,,
A008129,個人,學生,2026-01-15,0,0,,,0,,
A008130,個人,學生,2021-02-12,0,0,,,0,,
A008131,個人,學生,2020-09-10,0,0,,,0,,
A008132,個人,學生,2020-01-24,0,0,,,0,,
A008133,個人,學生,2009-10-13,0,0,,,0,,
A008134,個人,學生,2010-01-30,0,0,,,0,,
A008135,個人,學生,2011-12-30,0,0,,,0,,
A008136,個人,學生,2026-01-26,0,0,,,0,,
A008137,個人,學生,2021-07-17,0,0,,,0,,
A008138,個人,學生,2022-01-21,0,0,,,0,,
A008139,個人,學生,2013-02-09,0,0,,,0,,
A008140,個人,學生,2011-07-31,0,0,,,0,,
A008141,個人,學生,2017-05-30,0,0,,,0,,
A008142,個人,學生,2013-04-13,0,0,,,0,,
A008143,個人,學生,2015-10-03,0,0,,,0,,
A008144,個人,學生,2007-01-07,0,0,,,0,,
A008145,個人,學生,2009-03-14,0,0,,,0,,
A008146,個人,學生,2009-11-13,0,0,,,0,,
A008147,個人,學生,2009-08-13,0,0,,,0,,
A008148,個人,學生,2024-12-15,0,0,,,0,,
A008149,個人,學生,2015-10-07,0,0,,,0,,
A008150,個人,學生,2020-01-15,0,0,,,0,,
A008151,個人,學生,2018-01-26,0,0,,,0,,
A008152,個人,學生,2013-12-19,0,0,,,0,,
A008153,個人,學生,2026-01-17,0,0,,,0,,
A008154,個人,學生,2009-09-05,0,0,,,0,,
A008155,個人,學生,2007-01-08,0,0,,,0,,
A008156,個人,學生,2014-02-10,0,0,,,0,,
A008157,個人,學生,2009-09-09,0,0,,,0,,
A008158,個人,學生,2012-10-17,0,0,,,0,,
A008159,個人,學生,2019-07-02,0,0,,,0,,
A008160,個人,學生,2007-09-10,0,0,,,0,,
A008161,個人,學生,2011-03-06,0,0,,,0,,
A008162,個人,學生,2010-12-08,0,0,,,0,,
A008163,個人,學生,2008-01-05,0,0,,,0,,
A008164,個人,學生,2011-05-15,0,0,,,0,,
A008165,個人,學生,2011-10-08,0,0,,,0,,
A008166,個人,學生,2021-07-08,0,0,,,0,,
A008167,個人,學生,2023-03-11,0,0,,,0,,
A008168,個人,學生,2015-11-01,0,0,,,0,,
A008169,個人,學生,2018-10-29,0,0,,,0,,
A008170,個人,學生,2023-06-29,0,0,,,0,,
A008171,個人,學生,2013-07-24,0,0,,,0,,
A008172,個人,學生,2006-03-04,0,0,,,0,,
A008173,個人,學生,2011-09-03,0,0,,,0,,
A008174,個人,學生,2023-03-03,0,0,,,0,,
A008175,個人,學生,2009-08-07,0,0,,,0,,
A008176,個人,學生,2010-09-07,0,0,,,0,,
A008177,個人,學生,2015-02-24,0,0,,,0,,
A008178,個人,學生,2019-07-02,0,0,,,0,,
A008179,個人,學生,2021-05-12,0,0,,,0,,
A008180,個人,學生,2009-06-02,0,0,,,0,,
A008181,個人,學生,2024-01-03,0,0,,,0,,
A008182,個人,學生,2018-02-11,0,0,,,0,,
A008183,個人,學生,2014-09-08,0,0,,,0,,
A008184,個人,學生,2011-12-14,0,0,,,0,,
A008185,個人,學生,2018-10-22,0,0,,,0,,
A008186,個人,學生,2019-04-23,0,0,,,0,,
A008187,個人,學生,2015-09-04,0,0,,,0,,
A008188,個人,學生,2013-03-11,0,0,,,0,,
A008189,個人,學生,2013-12-24,0,0,,,0,,
A008190,個人,學生,2008-10-13,0,0,,,0,,
A008191,個人,學生,2014-11-18,0,0,,,0,,
A008192,個人,學生,2007-05-21,0,0,,,0,,
A008193,個人,學生,2008-06-17,0,0,,,0,,
A008194,個人,學生,2026-05-22,0,0,,,0,,
A008195,個人,學生,2007-06-03,0,0,,,0,,
A008196,個人,學生,2026-05-06,0,0,,,0,,
A008197,個人,學生,2020-12-16,0,0,,,0,,
A008198,個人,學生,2018-02-10,0,0,,,0,,
A008199,個人,學生,2022-05-18,0,0,,,0,,
A008200,個人,學生,2009-03-02,0,0,,,0,,
A008201,個人,學生,2010-08-30,0,0,,,0,,
A008202,個人,學生,2017-04-18,0,0,,,0,,
A008203,個人,學生,2024-09-22,0,0,,,0,,
A008204,個人,學生,2007-05-02,0,0,,,0,,
A008205,個人,學生,2006-04-09,0,0,,,0,,
A008206,個人,學生,2006-05-06,0,0,,,0,,
A008207,個人,學生,2020-09-05,0,0,,,0,,
A008208,個人,學生,2021-01-19,0,0,,,0,,
A008209,個人,學生,2019-10-11,0,0,,,0,,
A008210,個人,學生,2022-07-12,0,0,,,0,,
A008211,個人,學生,2023-03-18,0,0,,,0,,
A008212,個人,學生,2012-07-16,0,0,,,0,,
A008213,個人,學生,2014-10-10,0,0,,,0,,
A008214,個人,學生,2011-09-09,0,0,,,0,,
A008215,個人,學生,2013-10-12,0,0,,,0,,
A008216,個人,學生,2016-07-15,0,0,,,0,,
A008217,個人,學生,2013-12-20,0,0,,,0,,
A008218,個人,學生,2008-12-05,0,0,,,0,,
A008219,個人,學生,2023-03-06,0,0,,,0,,
A008220,個人,學生,2014-12-05,0,0,,,0,,
A008221,個人,學生,2008-07-27,0,0,,,0,,
A008222,個人,學生,2018-10-25,0,0,,,0,,
A008223,個人,學生,2006-06-29,0,0,,,0,,
A008224,個人,學生,2015-08-23,0,0,,,0,,
A008225,個人,學生,2020-10-05,0,0,,,0,,
A008226,個人,學生,2013-11-10,0,0,,,0,,
A008227,個人,學生,2016-02-24,0,0,,,0,,
A008228,個人,學生,2014-10-05,0,0,,,0,,
A008229,個人,學生,2018-07-06,0,0,,,0,,
A008230,個人,學生,2008-02-10,0,0,,,0,,
A008231,個人,學生,2019-12-14,0,0,,,0,,
A008232,個人,學生,2017-10-07,0,0,,,0,,
A008233,個人,學生,2006-11-14,0,0,,,0,,
A008234,個人,學生,2021-11-15,0,0,,,0,,
A008235,個人,學生,2011-10-16,0,0,,,0,,
A008236,個人,學生,2024-01-04,0,0,,,0,,
A008237,個人,學生,2009-12-03,0,0,,,0,,
A008238,個人,學生,2008-03-14,0,0,,,0,,
A008239,個人,學生,2010-09-30,0,0,,,0,,
A008240,個人,學生,2017-05-30,0,0,,,0,,
A008241,個人,學生,2024-04-07,0,0,,,0,,
A008242,個人,學生,2026-02-16,0,0,,,0,,
A008243,個人,學生,2012-06-06,0,0,,,0,,
A008244,個人,學生,2016-10-09,0,0,,,0,,
A008245,個人,學生,2014-04-05,0,0,,,0,,
A008246,個人,學生,2014-04-14,0,0,,,0,,
A008247,個人,學生,2007-10-27,0,0,,,0,,
A008248,個人,學生,2006-09-09,0,0,,,0,,
A008249,個人,學生,2021-07-24,0,0,,,0,,
A008250,個人,學生,2024-12-21,0,0,,,0,,
A008251,個人,學生,2014-06-22,0,0,,,0,,
A008252,個人,學生,2011-04-09,0,0,,,0,,
A008253,個人,學生,2006-10-09,0,0,,,0,,
A008254,個人,學生,2021-12-04,0,0,,,0,,
A008255,個人,學生,2018-09-03,0,0,,,0,,
A008256,個人,學生,2023-10-18,0,0,,,0,,
A008257,個人,學生,2015-08-12,0,0,,,0,,
A008258,個人,學生,2009-08-28,0,0,,,0,,
A008259,個人,學生,2007-06-24,0,0,,,0,,
A008260,個人,學生,2008-10-07,0,0,,,0,,
A008261,個人,學生,2017-10-20,0,0,,,0,,
A008262,個人,學生,2015-04-22,0,0,,,0,,
A008263,個人,學生,2023-02-04,0,0,,,0,,
A008264,個人,學生,2012-12-03,0,0,,,0,,
A008265,個人,學生,2009-12-30,0,0,,,0,,
A008266,個人,學生,2024-11-26,0,0,,,0,,
A008267,個人,學生,2024-09-02,0,0,,,0,,
A008268,個人,學生,2026-01-22,0,0,,,0,,
A008269,個人,學生,2009-05-19,0,0,,,0,,
A008270,個人,學生,2010-11-09,0,0,,,0,,
A008271,個人,學生,2022-05-10,0,0,,,0,,
A008272,個人,學生,2026-02-03,0,0,,,0,,
A008273,個人,學生,2012-12-13,0,0,,,0,,
A008274,個人,學生,2016-01-08,0,0,,,0,,
A008275,個人,學生,2006-06-04,0,0,,,0,,
A008276,個人,學生,2007-09-27,0,0,,,0,,
A008277,個人,學生,2013-03-02,0,0,,,0,,
A008278,個人,學生,2007-12-10,0,0,,,0,,
A008279,個人,學生,2017-07-09,0,0,,,0,,
A008280,個人,學生,2007-01-01,0,0,,,0,,
A008281,個人,學生,2013-01-28,0,0,,,0,,
A008282,個人,學生,2020-06-17,0,0,,,0,,
A008283,個人,學生,2007-11-01,0,0,,,0,,
A008284,個人,學生,2011-02-16,0,0,,,0,,
A008285,個人,學生,2010-09-22,0,0,,,0,,
A008286,個人,學生,2014-06-06,0,0,,,0,,
A008287,個人,學生,2015-08-21,0,0,,,0,,
A008288,個人,學生,2018-05-24,0,0,,,0,,
A008289,個人,學生,2010-05-30,0,0,,,0,,
A008290,個人,學生,2006-11-14,0,0,,,0,,
A008291,個人,學生,2014-08-16,0,0,,,0,,
A008292,個人,學生,2012-01-12,0,0,,,0,,
A008293,個人,學生,2022-12-11,0,0,,,0,,
A008294,個人,學生,2018-06-01,0,0,,,0,,
A008295,個人,學生,2020-10-15,0,0,,,0,,
A008296,個人,學生,2026-01-11,0,0,,,0,,
A008297,個人,學生,2018-03-08,0,0,,,0,,
A008298,個人,學生,2016-05-05,0,0,,,0,,
A008299,個人,學生,2006-09-16,0,0,,,0,,
A008300,個人,學生,2018-11-24,0,0,,,0,,
A008301,個人,學生,2021-04-08,0,0,,,0,,
A008302,個人,學生,2006-01-15,0,0,,,0,,
A008303,個人,學生,2006-08-05,0,0,,,0,,
A008304,個人,學生,2008-03-09,0,0,,,0,,
A008305,個人,學生,2013-02-15,0,0,,,0,,
A008306,個人,學生,2019-02-27,0,0,,,0,,
A008307,個人,學生,2006-11-03,0,0,,,0,,
A008308,個人,學生,2014-09-14,0,0,,,0,,
A008309,個人,學生,2023-08-17,0,0,,,0,,
A008310,個人,學生,2024-11-05,0,0,,,0,,
A008311,個人,學生,2017-06-16,0,0,,,0,,
A008312,個人,學生,2019-02-07,0,0,,,0,,
A008313,個人,學生,2006-12-26,0,0,,,0,,
A008314,個人,學生,2018-02-28,0,0,,,0,,
A008315,個人,學生,2009-04-20,0,0,,,0,,
A008316,個人,學生,2019-09-21,0,0,,,0,,
A008317,個人,學生,2018-02-17,0,0,,,0,,
A008318,個人,學生,2018-12-19,0,0,,,0,,
A008319,個人,學生,2016-04-08,0,0,,,0,,
A008320,個人,學生,2009-08-12,0,0,,,0,,
A008321,個人,學生,2024-10-24,0,0,,,0,,
A008322,個人,學生,2019-09-21,0,0,,,0,,
A008323,個人,學生,2008-06-18,0,0,,,0,,
A008324,個人,學生,2017-09-12,0,0,,,0,,
A008325,個人,學生,2024-03-01,0,0,,,0,,
A008326,個人,學生,2010-12-12,0,0,,,0,,
A008327,個人,學生,2021-02-15,0,0,,,0,,
A008328,個人,學生,2017-12-10,0,0,,,0,,
A008329,個人,學生,2008-11-02,0,0,,,0,,
A008330,個人,學生,2024-07-06,0,0,,,0,,
A008331,個人,學生,2021-10-06,0,0,,,0,,
A008332,個人,學生,2016-06-11,0,0,,,0,,
A008333,個人,學生,2006-12-17,0,0,,,0,,
A008334,個人,學生,2023-01-08,0,0,,,0,,
A008335,個人,學生,2016-07-29,0,0,,,0,,
A008336,個人,學生,2011-01-31,0,0,,,0,,
A008337,個人,學生,2006-04-25,0,0,,,0,,
A008338,個人,學生,2009-04-21,0,0,,,0,,
A008339,個人,學生,2008-05-10,0,0,,,0,,
A008340,個人,學生,2021-11-25,0,0,,,0,,
A008341,個人,學生,2010-08-10,0,0,,,0,,
A008342,個人,學生,2014-03-21,0,0,,,0,,
A008343,個人,學生,2012-09-16,0,0,,,0,,
A008344,個人,學生,2006-02-02,0,0,,,0,,
A008345,個人,學生,2011-03-09,0,0,,,0,,
A008346,個人,學生,2018-07-08,0,0,,,0,,
A008347,個人,學生,2021-09-09,0,0,,,0,,
A008348,個人,學生,2020-09-07,0,0,,,0,,
A008349,個人,學生,2026-03-05,0,0,,,0,,
A008350,個人,學生,2011-12-07,0,0,,,0,,
A008351,個人,學生,2016-03-06,0,0,,,0,,
A008352,個人,學生,2021-01-17,0,0,,,0,,
A008353,個人,學生,2023-10-10,0,0,,,0,,
A008354,個人,學生,2006-07-31,0,0,,,0,,
A008355,個人,學生,2019-02-10,0,0,,,0,,
A008356,個人,學生,2017-11-25,0,0,,,0,,
A008357,個人,學生,2011-10-07,0,0,,,0,,
A008358,個人,學生,2018-09-25,0,0,,,0,,
A008359,個人,學生,2026-01-24,0,0,,,0,,
A008360,個人,學生,2012-11-19,0,0,,,0,,
A008361,個人,學生,2013-03-12,0,0,,,0,,
A008362,個人,學生,2024-09-30,0,0,,,0,,
A008363,個人,學生,2015-01-18,0,0,,,0,,
A008364,個人,學生,2008-11-22,0,0,,,0,,
A008365,個人,學生,2021-10-09,0,0,,,0,,
A008366,個人,學生,2018-09-29,0,0,,,0,,
A008367,個人,學生,2006-05-17,0,0,,,0,,
A008368,個人,學生,2014-12-18,0,0,,,0,,
A008369,個人,學生,2019-05-30,0,0,,,0,,
A008370,個人,學生,2020-02-07,0,0,,,0,,
A008371,個人,學生,2026-05-04,0,0,,,0,,
A008372,個人,學生,2020-01-15,0,0,,,0,,
A008373,個人,學生,2024-08-30,0,0,,,0,,
A008374,個人,學生,2012-01-21,0,0,,,0,,
A008375,個人,學生,2009-07-31,0,0,,,0,,
A008376,個人,學生,2022-10-25,0,0,,,0,,
A008377,個人,學生,2024-02-08,0,0,,,0,,
A008378,個人,學生,2010-03-14,0,0,,,0,,
A008379,個人,學生,2013-07-18,0,0,,,0,,
A008380,個人,學生,2007-08-29,0,0,,,0,,
A008381,個人,學生,2026-05-31,0,0,,,0,,
A008382,個人,學生,2016-02-26,0,0,,,0,,
A008383,個人,學生,2013-08-22,0,0,,,0,,
A008384,個人,學生,2020-11-27,0,0,,,0,,
A008385,個人,學生,2006-07-04,0,0,,,0,,
A008386,個人,學生,2026-02-05,0,0,,,0,,
A008387,個人,學生,2026-01-05,0,0,,,0,,
A008388,個人,學生,2022-08-23,0,0,,,0,,
A008389,個人,學生,2008-01-21,0,0,,,0,,
A008390,個人,學生,2008-02-22,0,0,,,0,,
A008391,個人,學生,2021-11-16,0,0,,,0,,
A008392,個人,學生,2021-10-17,0,0,,,0,,
A008393,個人,學生,2012-05-01,0,0,,,0,,
A008394,個人,學生,2020-09-27,0,0,,,0,,
A008395,個人,學生,2007-06-13,0,0,,,0,,
A008396,個人,學生,2015-08-07,0,0,,,0,,
A008397,個人,學生,2018-12-28,0,0,,,0,,
A008398,個人,學生,2012-12-01,0,0,,,0,,
A008399,個人,學生,2016-11-11,0,0,,,0,,
A008400,個人,學生,2010-10-16,0,0,,,0,,
A008401,個人,學生,2026-03-13,0,0,,,0,,
A008402,個人,學生,2007-12-17,0,0,,,0,,
A008403,個人,學生,2008-05-29,0,0,,,0,,
A008404,個人,學生,2016-02-08,0,0,,,0,,
A008405,個人,學生,2023-01-02,0,0,,,0,,
A008406,個人,學生,2014-01-03,0,0,,,0,,
A008407,個人,學生,2016-12-17,0,0,,,0,,
A008408,個人,學生,2024-06-07,0,0,,,0,,
A008409,個人,學生,2010-05-26,0,0,,,0,,
A008410,個人,學生,2017-10-18,0,0,,,0,,
A008411,個人,學生,2008-12-07,0,0,,,0,,
A008412,個人,學生,2022-08-28,0,0,,,0,,
A008413,個人,學生,2026-01-22,0,0,,,0,,
A008414,個人,學生,2011-07-05,0,0,,,0,,
A008415,個人,學生,2018-11-30,0,0,,,0,,
A008416,個人,學生,2016-12-05,0,0,,,0,,
A008417,個人,學生,2014-10-10,0,0,,,0,,
A008418,個人,學生,2006-09-06,0,0,,,0,,
A008419,個人,學生,2017-04-26,0,0,,,0,,
A008420,個人,學生,2006-11-07,0,0,,,0,,
A008421,個人,學生,2010-02-20,0,0,,,0,,
A008422,個人,學生,2024-04-10,0,0,,,0,,
A008423,個人,學生,2011-08-28,0,0,,,0,,
A008424,個人,學生,2014-03-26,0,0,,,0,,
A008425,個人,學生,2016-11-21,0,0,,,0,,
A008426,個人,學生,2009-12-31,0,0,,,0,,
A008427,個人,學生,2013-08-10,0,0,,,0,,
A008428,個人,學生,2006-07-02,0,0,,,0,,
A008429,個人,學生,2007-04-28,0,0,,,0,,
A008430,個人,學生,2019-12-19,0,0,,,0,,
A008431,個人,學生,2007-10-08,0,0,,,0,,
A008432,個人,學生,2008-02-22,0,0,,,0,,
A008433,個人,學生,2014-08-06,0,0,,,0,,
A008434,個人,學生,2010-09-09,0,0,,,0,,
A008435,個人,學生,2007-12-21,0,0,,,0,,
A008436,個人,學生,2014-08-17,0,0,,,0,,
A008437,個人,學生,2026-03-16,0,0,,,0,,
A008438,個人,學生,2016-06-30,0,0,,,0,,
A008439,個人,學生,2015-03-27,0,0,,,0,,
A008440,個人,學生,2011-01-31,0,0,,,0,,
A008441,個人,學生,2012-12-10,0,0,,,0,,
A008442,個人,學生,2024-01-14,0,0,,,0,,
A008443,個人,學生,2019-08-05,0,0,,,0,,
A008444,個人,學生,2018-08-31,0,0,,,0,,
A008445,個人,學生,2016-09-07,0,0,,,0,,
A008446,個人,學生,2010-04-12,0,0,,,0,,
A008447,個人,學生,2024-07-02,0,0,,,0,,
A008448,個人,學生,2011-03-08,0,0,,,0,,
A008449,個人,學生,2022-07-04,0,0,,,0,,
A008450,個人,學生,2012-12-30,0,0,,,0,,
A008451,個人,學生,2012-07-15,0,0,,,0,,
A008452,個人,學生,2017-07-02,0,0,,,0,,
A008453,個人,學生,2010-07-31,0,0,,,0,,
A008454,個人,學生,2008-02-11,0,0,,,0,,
A008455,個人,學生,2016-12-16,0,0,,,0,,
A008456,個人,學生,2019-04-24,0,0,,,0,,
A008457,個人,學生,2006-08-07,0,0,,,0,,
A008458,個人,學生,2013-12-12,0,0,,,0,,
A008459,個人,學生,2012-04-29,0,0,,,0,,
A008460,個人,學生,2014-11-07,0,0,,,0,,
A008461,個人,學生,2022-01-21,0,0,,,0,,
A008462,個人,學生,2013-06-03,0,0,,,0,,
A008463,個人,學生,2019-04-17,0,0,,,0,,
A008464,個人,學生,2014-01-04,0,0,,,0,,
A008465,個人,學生,2014-01-05,0,0,,,0,,
A008466,個人,學生,2014-07-08,0,0,,,0,,
A008467,個人,學生,2014-03-15,0,0,,,0,,
A008468,個人,學生,2014-10-23,0,0,,,0,,
A008469,個人,學生,2008-03-20,0,0,,,0,,
A008470,個人,學生,2020-02-24,0,0,,,0,,
A008471,個人,學生,2014-02-11,0,0,,,0,,
A008472,個人,學生,2026-05-10,0,0,,,0,,
A008473,個人,學生,2018-07-17,0,0,,,0,,
A008474,個人,學生,2008-02-18,0,0,,,0,,
A008475,個人,學生,2014-06-21,0,0,,,0,,
A008476,個人,學生,2011-05-22,0,0,,,0,,
A008477,個人,學生,2008-06-25,0,0,,,0,,
A008478,個人,學生,2021-03-03,0,0,,,0,,
A008479,個人,學生,2008-05-14,0,0,,,0,,
A008480,個人,學生,2011-08-25,0,0,,,0,,
A008481,個人,學生,2019-05-28,0,0,,,0,,
A008482,個人,學生,2015-12-26,0,0,,,0,,
A008483,個人,學生,2010-05-07,0,0,,,0,,
A008484,個人,學生,2006-09-27,0,0,,,0,,
A008485,個人,學生,2021-08-11,0,0,,,0,,
A008486,個人,學生,2021-06-09,0,0,,,0,,
A008487,個人,學生,2014-05-14,0,0,,,0,,
A008488,個人,學生,2020-08-25,0,0,,,0,,
A008489,個人,學生,2010-12-13,0,0,,,0,,
A008490,個人,學生,2018-04-28,0,0,,,0,,
A008491,個人,學生,2009-02-14,0,0,,,0,,
A008492,個人,學生,2015-05-27,0,0,,,0,,
A008493,個人,學生,2023-12-18,0,0,,,0,,
A008494,個人,學生,2007-01-29,0,0,,,0,,
A008495,個人,學生,2011-01-09,0,0,,,0,,
A008496,個人,學生,2007-12-31,0,0,,,0,,
A008497,個人,學生,2024-06-22,0,0,,,0,,
A008498,個人,學生,2019-06-02,0,0,,,0,,
A008499,個人,學生,2008-01-15,0,0,,,0,,
A008500,個人,學生,2016-11-05,0,0,,,0,,
A008501,個人,學生,2011-12-23,0,0,,,0,,
A008502,個人,學生,2016-05-08,0,0,,,0,,
A008503,個人,學生,2011-12-04,0,0,,,0,,
A008504,個人,學生,2013-07-08,0,0,,,0,,
A008505,個人,學生,2018-07-18,0,0,,,0,,
A008506,個人,學生,2026-02-07,0,0,,,0,,
A008507,個人,學生,2008-09-13,0,0,,,0,,
A008508,個人,學生,2009-04-28,0,0,,,0,,
A008509,個人,學生,2017-04-06,0,0,,,0,,
A008510,個人,學生,2012-06-25,0,0,,,0,,
A008511,個人,學生,2018-06-14,0,0,,,0,,
A008512,個人,學生,2015-12-18,0,0,,,0,,
A008513,個人,學生,2009-01-10,0,0,,,0,,
A008514,個人,學生,2022-07-13,0,0,,,0,,
A008515,個人,學生,2006-03-03,0,0,,,0,,
A008516,個人,學生,2015-07-05,0,0,,,0,,
A008517,個人,學生,2020-04-27,0,0,,,0,,
A008518,個人,學生,2017-09-23,0,0,,,0,,
A008519,個人,學生,2006-11-24,0,0,,,0,,
A008520,個人,學生,2010-05-13,0,0,,,0,,
A008521,個人,學生,2013-09-18,0,0,,,0,,
A008522,個人,學生,2021-03-14,0,0,,,0,,
A008523,個人,學生,2010-11-02,0,0,,,0,,
A008524,個人,學生,2018-01-14,0,0,,,0,,
A008525,個人,學生,2019-12-01,0,0,,,0,,
A008526,個人,學生,2013-04-04,0,0,,,0,,
A008527,個人,學生,2020-06-27,0,0,,,0,,
A008528,個人,學生,2009-02-09,0,0,,,0,,
A008529,個人,學生,2007-08-31,0,0,,,0,,
A008530,個人,學生,2020-03-28,0,0,,,0,,
A008531,個人,學生,2014-06-29,0,0,,,0,,
A008532,個人,學生,2007-06-02,0,0,,,0,,
A008533,個人,學生,2018-12-18,0,0,,,0,,
A008534,個人,學生,2013-08-19,0,0,,,0,,
A008535,個人,學生,2013-07-29,0,0,,,0,,
A008536,個人,學生,2023-03-21,0,0,,,0,,
A008537,個人,學生,2026-04-02,0,0,,,0,,
A008538,個人,學生,2011-08-11,0,0,,,0,,
A008539,個人,學生,2021-03-30,0,0,,,0,,
A008540,個人,學生,2013-12-27,0,0,,,0,,
A008541,個人,學生,2019-04-29,0,0,,,0,,
A008542,個人,學生,2007-04-24,0,0,,,0,,
A008543,個人,學生,2014-03-06,0,0,,,0,,
A008544,個人,學生,2017-05-18,0,0,,,0,,
A008545,個人,學生,2006-02-16,0,0,,,0,,
A008546,個人,學生,2022-01-16,0,0,,,0,,
A008547,個人,學生,2017-03-28,0,0,,,0,,
A008548,個人,學生,2024-10-25,0,0,,,0,,
A008549,個人,學生,2021-05-23,0,0,,,0,,
A008550,個人,學生,2017-12-28,0,0,,,0,,
A008551,個人,學生,2007-10-29,0,0,,,0,,
A008552,個人,學生,2023-03-12,0,0,,,0,,
A008553,個人,學生,2018-10-16,0,0,,,0,,
A008554,個人,學生,2017-08-03,0,0,,,0,,
A008555,個人,學生,2018-03-01,0,0,,,0,,
A008556,個人,學生,2023-11-14,0,0,,,0,,
A008557,個人,學生,2014-05-19,0,0,,,0,,
A008558,個人,學生,2011-03-20,0,0,,,0,,
A008559,個人,學生,2009-01-28,0,0,,,0,,
A008560,個人,學生,2008-06-24,0,0,,,0,,
A008561,個人,學生,2018-04-11,0,0,,,0,,
A008562,個人,學生,2014-10-22,0,0,,,0,,
A008563,個人,學生,2011-09-20,0,0,,,0,,
A008564,個人,學生,2018-05-24,0,0,,,0,,
A008565,個人,學生,2015-04-05,0,0,,,0,,
A008566,個人,學生,2011-06-16,0,0,,,0,,
A008567,個人,學生,2017-11-25,0,0,,,0,,
A008568,個人,學生,2023-10-06,0,0,,,0,,
A008569,個人,學生,2024-11-26,0,0,,,0,,
A008570,個人,學生,2026-05-04,0,0,,,0,,
A008571,個人,學生,2006-06-20,0,0,,,0,,
A008572,個人,學生,2019-03-04,0,0,,,0,,
A008573,個人,學生,2013-11-10,0,0,,,0,,
A008574,個人,學生,2011-03-07,0,0,,,0,,
A008575,個人,學生,2007-06-06,0,0,,,0,,
A008576,個人,學生,2009-04-07,0,0,,,0,,
A008577,個人,學生,2020-02-25,0,0,,,0,,
A008578,個人,學生,2014-01-18,0,0,,,0,,
A008579,個人,學生,2019-09-21,0,0,,,0,,
A008580,個人,學生,2006-02-24,0,0,,,0,,
A008581,個人,學生,2006-07-21,0,0,,,0,,
A008582,個人,學生,2009-01-06,0,0,,,0,,
A008583,個人,學生,2009-03-09,0,0,,,0,,
A008584,個人,學生,2011-03-23,0,0,,,0,,
A008585,個人,學生,2011-11-17,0,0,,,0,,
A008586,個人,學生,2023-10-08,0,0,,,0,,
A008587,個人,學生,2015-06-01,0,0,,,0,,
A008588,個人,學生,2007-06-14,0,0,,,0,,
A008589,個人,學生,2014-07-03,0,0,,,0,,
A008590,個人,學生,2019-04-17,0,0,,,0,,
A008591,個人,學生,2024-07-21,0,0,,,0,,
A008592,個人,學生,2018-01-07,0,0,,,0,,
A008593,個人,學生,2021-04-07,0,0,,,0,,
A008594,個人,學生,2014-06-24,0,0,,,0,,
A008595,個人,學生,2007-07-05,0,0,,,0,,
A008596,個人,學生,2022-09-03,0,0,,,0,,
A008597,個人,學生,2011-01-26,0,0,,,0,,
A008598,個人,學生,2012-01-26,0,0,,,0,,
A008599,個人,學生,2008-12-30,0,0,,,0,,
A008600,個人,學生,2023-09-28,0,0,,,0,,
A008601,個人,學生,2024-10-28,0,0,,,0,,
A008602,個人,學生,2015-08-23,0,0,,,0,,
A008603,個人,學生,2019-05-02,0,0,,,0,,
A008604,個人,學生,2007-05-14,0,0,,,0,,
A008605,個人,學生,2017-06-30,0,0,,,0,,
A008606,個人,學生,2021-06-22,0,0,,,0,,
A008607,個人,學生,2013-03-19,0,0,,,0,,
A008608,個人,學生,2015-07-25,0,0,,,0,,
A008609,個人,學生,2018-08-20,0,0,,,0,,
A008610,個人,學生,2020-06-01,0,0,,,0,,
A008611,個人,學生,2006-11-05,0,0,,,0,,
A008612,個人,學生,2024-04-05,0,0,,,0,,
A008613,個人,學生,2023-10-17,0,0,,,0,,
A008614,個人,學生,2021-07-17,0,0,,,0,,
A008615,個人,學生,2024-07-04,0,0,,,0,,
A008616,個人,學生,2012-09-26,0,0,,,0,,
A008617,個人,學生,2023-12-29,0,0,,,0,,
A008618,個人,學生,2008-05-08,0,0,,,0,,
A008619,個人,學生,2026-03-15,0,0,,,0,,
A008620,個人,學生,2012-01-18,0,0,,,0,,
A008621,個人,學生,2010-09-09,0,0,,,0,,
A008622,個人,學生,2020-03-12,0,0,,,0,,
A008623,個人,學生,2016-04-09,0,0,,,0,,
A008624,個人,學生,2017-07-22,0,0,,,0,,
A008625,個人,學生,2018-10-06,0,0,,,0,,
A008626,個人,學生,2015-07-13,0,0,,,0,,
A008627,個人,學生,2015-08-06,0,0,,,0,,
A008628,個人,學生,2014-09-13,0,0,,,0,,
A008629,個人,學生,2011-08-08,0,0,,,0,,
A008630,個人,學生,2017-03-25,0,0,,,0,,
A008631,個人,學生,2017-08-14,0,0,,,0,,
A008632,個人,學生,2019-07-25,0,0,,,0,,
A008633,個人,學生,2012-07-27,0,0,,,0,,
A008634,個人,學生,2014-08-10,0,0,,,0,,
A008635,個人,學生,2013-07-10,0,0,,,0,,
A008636,個人,學生,2016-10-21,0,0,,,0,,
A008637,個人,學生,2020-08-26,0,0,,,0,,
A008638,個人,學生,2021-09-13,0,0,,,0,,
A008639,個人,學生,2015-02-02,0,0,,,0,,
A008640,個人,學生,2009-08-05,0,0,,,0,,
A008641,個人,學生,2023-09-20,0,0,,,0,,
A008642,個人,學生,2008-03-03,0,0,,,0,,
A008643,個人,學生,2015-08-13,0,0,,,0,,
A008644,個人,學生,2024-10-16,0,0,,,0,,
A008645,個人,學生,2019-10-03,0,0,,,0,,
A008646,個人,學生,2019-03-22,0,0,,,0,,
A008647,個人,學生,2011-07-23,0,0,,,0,,
A008648,個人,學生,2012-10-19,0,0,,,0,,
A008649,個人,學生,2026-01-14,0,0,,,0,,
A008650,個人,學生,2020-06-22,0,0,,,0,,
A008651,個人,學生,2017-03-16,0,0,,,0,,
A008652,個人,學生,2013-11-18,0,0,,,0,,
A008653,個人,學生,2024-03-24,0,0,,,0,,
A008654,個人,學生,2014-07-02,0,0,,,0,,
A008655,個人,學生,2022-07-18,0,0,,,0,,
A008656,個人,學生,2026-03-29,0,0,,,0,,
A008657,個人,學生,2024-09-08,0,0,,,0,,
A008658,個人,學生,2011-07-10,0,0,,,0,,
A008659,個人,學生,2016-03-05,0,0,,,0,,
A008660,個人,學生,2008-07-18,0,0,,,0,,
A008661,個人,學生,2012-10-26,0,0,,,0,,
A008662,個人,學生,2010-07-07,0,0,,,0,,
A008663,個人,學生,2006-01-23,0,0,,,0,,
A008664,個人,學生,2020-02-21,0,0,,,0,,
A008665,個人,學生,2006-02-27,0,0,,,0,,
A008666,個人,學生,2010-01-24,0,0,,,0,,
A008667,個人,學生,2010-03-02,0,0,,,0,,
A008668,個人,學生,2015-10-25,0,0,,,0,,
A008669,個人,學生,2019-03-27,0,0,,,0,,
A008670,個人,學生,2014-11-28,0,0,,,0,,
A008671,個人,學生,2012-12-06,0,0,,,0,,
A008672,個人,學生,2023-06-18,0,0,,,0,,
A008673,個人,學生,2016-11-09,0,0,,,0,,
A008674,個人,學生,2011-08-24,0,0,,,0,,
A008675,個人,學生,2007-02-27,0,0,,,0,,
A008676,個人,學生,2006-09-10,0,0,,,0,,
A008677,個人,學生,2024-05-14,0,0,,,0,,
A008678,個人,學生,2016-01-08,0,0,,,0,,
A008679,個人,學生,2019-03-22,0,0,,,0,,
A008680,個人,學生,2006-02-14,0,0,,,0,,
A008681,個人,學生,2006-12-03,0,0,,,0,,
A008682,個人,學生,2006-05-30,0,0,,,0,,
A008683,個人,學生,2024-06-21,0,0,,,0,,
A008684,個人,學生,2020-07-10,0,0,,,0,,
A008685,個人,學生,2026-05-09,0,0,,,0,,
A008686,個人,學生,2016-07-02,0,0,,,0,,
A008687,個人,學生,2009-12-24,0,0,,,0,,
A008688,個人,學生,2018-03-09,0,0,,,0,,
A008689,個人,學生,2019-02-08,0,0,,,0,,
A008690,個人,學生,2022-07-06,0,0,,,0,,
A008691,個人,學生,2026-01-15,0,0,,,0,,
A008692,個人,學生,2010-01-02,0,0,,,0,,
A008693,個人,學生,2019-03-21,0,0,,,0,,
A008694,個人,學生,2024-12-23,0,0,,,0,,
A008695,個人,學生,2026-01-15,0,0,,,0,,
A008696,個人,學生,2024-02-27,0,0,,,0,,
A008697,個人,學生,2018-08-28,0,0,,,0,,
A008698,個人,學生,2019-04-23,0,0,,,0,,
A008699,個人,學生,2012-12-10,0,0,,,0,,
A008700,個人,學生,2023-05-12,0,0,,,0,,
A008701,個人,學生,2008-09-18,0,0,,,0,,
A008702,個人,學生,2011-08-19,0,0,,,0,,
A008703,個人,學生,2024-12-17,0,0,,,0,,
A008704,個人,學生,2024-10-07,0,0,,,0,,
A008705,個人,學生,2016-11-23,0,0,,,0,,
A008706,個人,學生,2012-08-21,0,0,,,0,,
A008707,個人,學生,2007-07-11,0,0,,,0,,
A008708,個人,學生,2019-12-17,0,0,,,0,,
A008709,個人,學生,2022-09-22,0,0,,,0,,
A008710,個人,學生,2014-08-19,0,0,,,0,,
A008711,個人,學生,2007-11-08,0,0,,,0,,
A008712,個人,學生,2017-05-05,0,0,,,0,,
A008713,個人,學生,2012-05-23,0,0,,,0,,
A008714,個人,學生,2026-05-16,0,0,,,0,,
A008715,個人,學生,2026-03-31,0,0,,,0,,
A008716,個人,學生,2008-10-02,0,0,,,0,,
A008717,個人,學生,2012-01-20,0,0,,,0,,
A008718,個人,學生,2022-06-02,0,0,,,0,,
A008719,個人,學生,2014-01-05,0,0,,,0,,
A008720,個人,學生,2014-08-10,0,0,,,0,,
A008721,個人,學生,2010-06-03,0,0,,,0,,
A008722,個人,學生,2014-11-16,0,0,,,0,,
A008723,個人,學生,2006-12-05,0,0,,,0,,
A008724,個人,學生,2026-01-02,0,0,,,0,,
A008725,個人,學生,2012-01-20,0,0,,,0,,
A008726,個人,學生,2006-11-19,0,0,,,0,,
A008727,個人,學生,2013-03-22,0,0,,,0,,
A008728,個人,學生,2016-01-11,0,0,,,0,,
A008729,個人,學生,2021-03-30,0,0,,,0,,
A008730,個人,學生,2021-10-20,0,0,,,0,,
A008731,個人,學生,2015-02-26,0,0,,,0,,
A008732,個人,學生,2020-01-27,0,0,,,0,,
A008733,個人,學生,2012-02-14,0,0,,,0,,
A008734,個人,學生,2024-11-09,0,0,,,0,,
A008735,個人,學生,2006-05-01,0,0,,,0,,
A008736,個人,學生,2024-02-08,0,0,,,0,,
A008737,個人,學生,2026-03-08,0,0,,,0,,
A008738,個人,學生,2013-09-03,0,0,,,0,,
A008739,個人,學生,2013-08-06,0,0,,,0,,
A008740,個人,學生,2023-07-09,0,0,,,0,,
A008741,個人,學生,2017-06-04,0,0,,,0,,
A008742,個人,學生,2023-03-01,0,0,,,0,,
A008743,個人,學生,2009-10-08,0,0,,,0,,
A008744,個人,學生,2019-12-18,0,0,,,0,,
A008745,個人,學生,2021-08-11,0,0,,,0,,
A008746,個人,學生,2024-08-21,0,0,,,0,,
A008747,個人,學生,2022-10-06,0,0,,,0,,
A008748,個人,學生,2016-03-17,0,0,,,0,,
A008749,個人,學生,2016-11-03,0,0,,,0,,
A008750,個人,學生,2014-05-02,0,0,,,0,,
A008751,個人,學生,2014-07-01,0,0,,,0,,
A008752,個人,學生,2017-06-25,0,0,,,0,,
A008753,個人,學生,2010-07-25,0,0,,,0,,
A008754,個人,學生,2024-03-04,0,0,,,0,,
A008755,個人,學生,2009-01-28,0,0,,,0,,
A008756,個人,學生,2020-08-03,0,0,,,0,,
A008757,個人,學生,2019-05-17,0,0,,,0,,
A008758,個人,學生,2016-10-10,0,0,,,0,,
A008759,個人,學生,2020-06-10,0,0,,,0,,
A008760,個人,學生,2009-10-31,0,0,,,0,,
A008761,個人,學生,2017-04-11,0,0,,,0,,
A008762,個人,學生,2012-04-15,0,0,,,0,,
A008763,個人,學生,2010-02-05,0,0,,,0,,
A008764,個人,學生,2014-08-27,0,0,,,0,,
A008765,個人,學生,2017-04-28,0,0,,,0,,
A008766,個人,學生,2022-07-01,0,0,,,0,,
A008767,個人,學生,2009-01-30,0,0,,,0,,
A008768,個人,學生,2023-09-01,0,0,,,0,,
A008769,個人,學生,2008-01-23,0,0,,,0,,
A008770,個人,學生,2014-10-18,0,0,,,0,,
A008771,個人,學生,2022-02-08,0,0,,,0,,
A008772,個人,學生,2018-02-07,0,0,,,0,,
A008773,個人,學生,2016-10-20,0,0,,,0,,
A008774,個人,學生,2024-06-19,0,0,,,0,,
A008775,個人,學生,2013-03-01,0,0,,,0,,
A008776,個人,學生,2020-02-19,0,0,,,0,,
A008777,個人,學生,2009-10-09,0,0,,,0,,
A008778,個人,學生,2026-05-08,0,0,,,0,,
A008779,個人,學生,2014-08-15,0,0,,,0,,
A008780,個人,學生,2012-10-17,0,0,,,0,,
A008781,個人,學生,2024-05-28,0,0,,,0,,
A008782,個人,學生,2018-01-13,0,0,,,0,,
A008783,個人,學生,2012-06-13,0,0,,,0,,
A008784,個人,學生,2012-07-07,0,0,,,0,,
A008785,個人,學生,2026-05-12,0,0,,,0,,
A008786,個人,學生,2024-04-28,0,0,,,0,,
A008787,個人,學生,2012-02-06,0,0,,,0,,
A008788,個人,學生,2018-11-23,0,0,,,0,,
A008789,個人,學生,2013-07-21,0,0,,,0,,
A008790,個人,學生,2023-01-14,0,0,,,0,,
A008791,個人,學生,2011-02-22,0,0,,,0,,
A008792,個人,學生,2012-11-22,0,0,,,0,,
A008793,個人,學生,2022-07-19,0,0,,,0,,
A008794,個人,學生,2009-02-15,0,0,,,0,,
A008795,個人,學生,2022-08-20,0,0,,,0,,
A008796,個人,學生,2013-12-06,0,0,,,0,,
A008797,個人,學生,2016-02-26,0,0,,,0,,
A008798,個人,學生,2014-05-23,0,0,,,0,,
A008799,個人,學生,2011-04-04,0,0,,,0,,
A008800,個人,學生,2015-08-13,0,0,,,0,,
A008801,個人,學生,2021-01-18,0,0,,,0,,
A008802,個人,學生,2018-09-08,0,0,,,0,,
A008803,個人,學生,2012-12-16,0,0,,,0,,
A008804,個人,學生,2020-04-23,0,0,,,0,,
A008805,個人,學生,2015-07-10,0,0,,,0,,
A008806,個人,學生,2013-10-29,0,0,,,0,,
A008807,個人,學生,2009-02-10,0,0,,,0,,
A008808,個人,學生,2009-09-27,0,0,,,0,,
A008809,個人,學生,2011-03-02,0,0,,,0,,
A008810,個人,學生,2026-02-10,0,0,,,0,,
A008811,個人,學生,2012-07-20,0,0,,,0,,
A008812,個人,學生,2026-02-17,0,0,,,0,,
A008813,個人,學生,2019-02-11,0,0,,,0,,
A008814,個人,學生,2023-03-14,0,0,,,0,,
A008815,個人,學生,2013-03-28,0,0,,,0,,
A008816,個人,學生,2009-04-30,0,0,,,0,,
A008817,個人,學生,2014-06-08,0,0,,,0,,
A008818,個人,學生,2017-12-18,0,0,,,0,,
A008819,個人,學生,2011-08-19,0,0,,,0,,
A008820,個人,學生,2019-11-25,0,0,,,0,,
A008821,個人,學生,2021-09-16,0,0,,,0,,
A008822,個人,學生,2013-01-12,0,0,,,0,,
A008823,個人,學生,2009-06-27,0,0,,,0,,
A008824,個人,學生,2024-06-29,0,0,,,0,,
A008825,個人,學生,2010-06-11,0,0,,,0,,
A008826,個人,學生,2009-06-02,0,0,,,0,,
A008827,個人,學生,2015-12-26,0,0,,,0,,
A008828,個人,學生,2023-06-02,0,0,,,0,,
A008829,個人,學生,2026-06-01,0,0,,,0,,
A008830,個人,學生,2008-03-10,0,0,,,0,,
A008831,個人,學生,2007-08-05,0,0,,,0,,
A008832,個人,學生,2018-03-23,0,0,,,0,,
A008833,個人,學生,2026-03-14,0,0,,,0,,
A008834,個人,學生,2018-03-08,0,0,,,0,,
A008835,個人,學生,2013-05-20,0,0,,,0,,
A008836,個人,學生,2017-01-13,0,0,,,0,,
A008837,個人,學生,2006-06-03,0,0,,,0,,
A008838,個人,學生,2019-06-23,0,0,,,0,,
A008839,個人,學生,2024-01-19,0,0,,,0,,
A008840,個人,學生,2008-11-26,0,0,,,0,,
A008841,個人,學生,2013-09-29,0,0,,,0,,
A008842,個人,學生,2012-04-26,0,0,,,0,,
A008843,個人,學生,2009-07-08,0,0,,,0,,
A008844,個人,學生,2007-08-05,0,0,,,0,,
A008845,個人,學生,2009-06-15,0,0,,,0,,
A008846,個人,學生,2012-12-11,0,0,,,0,,
A008847,個人,學生,2011-07-31,0,0,,,0,,
A008848,個人,學生,2019-02-25,0,0,,,0,,
A008849,個人,學生,2006-01-10,0,0,,,0,,
A008850,個人,學生,2006-10-20,0,0,,,0,,
A008851,個人,學生,2026-05-30,0,0,,,0,,
A008852,個人,學生,2024-09-16,0,0,,,0,,
A008853,個人,學生,2020-03-20,0,0,,,0,,
A008854,個人,學生,2006-07-27,0,0,,,0,,
A008855,個人,學生,2016-07-31,0,0,,,0,,
A008856,個人,學生,2007-10-09,0,0,,,0,,
A008857,個人,學生,2009-11-10,0,0,,,0,,
A008858,個人,學生,2019-09-10,0,0,,,0,,
A008859,個人,學生,2014-07-08,0,0,,,0,,
A008860,個人,學生,2015-07-07,0,0,,,0,,
A008861,個人,學生,2021-06-23,0,0,,,0,,
A008862,個人,學生,2013-10-01,0,0,,,0,,
A008863,個人,學生,2014-12-26,0,0,,,0,,
A008864,個人,學生,2017-06-10,0,0,,,0,,
A008865,個人,學生,2021-09-24,0,0,,,0,,
A008866,個人,學生,2008-09-30,0,0,,,0,,
A008867,個人,學生,2009-02-25,0,0,,,0,,
A008868,個人,學生,2020-10-20,0,0,,,0,,
A008869,個人,學生,2023-04-07,0,0,,,0,,
A008870,個人,學生,2023-01-01,0,0,,,0,,
A008871,個人,學生,2012-07-17,0,0,,,0,,
A008872,個人,學生,2024-06-22,0,0,,,0,,
A008873,個人,學生,2014-09-03,0,0,,,0,,
A008874,個人,學生,2026-05-14,0,0,,,0,,
A008875,個人,學生,2022-11-23,0,0,,,0,,
A008876,個人,學生,2021-04-12,0,0,,,0,,
A008877,個人,學生,2013-03-16,0,0,,,0,,
A008878,個人,學生,2018-05-13,0,0,,,0,,
A008879,個人,學生,2019-05-03,0,0,,,0,,
A008880,個人,學生,2024-06-19,0,0,,,0,,
A008881,個人,學生,2006-02-09,0,0,,,0,,
A008882,個人,學生,2012-11-25,0,0,,,0,,
A008883,個人,學生,2006-06-22,0,0,,,0,,
A008884,個人,學生,2019-01-07,0,0,,,0,,
A008885,個人,學生,2026-04-06,0,0,,,0,,
A008886,個人,學生,2018-10-27,0,0,,,0,,
A008887,個人,學生,2022-07-08,0,0,,,0,,
A008888,個人,學生,2026-04-08,0,0,,,0,,
A008889,個人,學生,2006-10-27,0,0,,,0,,
A008890,個人,學生,2013-06-30,0,0,,,0,,
A008891,個人,學生,2010-02-03,0,0,,,0,,
A008892,個人,學生,2020-06-07,0,0,,,0,,
A008893,個人,學生,2010-12-02,0,0,,,0,,
A008894,個人,學生,2022-02-15,0,0,,,0,,
A008895,個人,學生,2021-08-08,0,0,,,0,,
A008896,個人,學生,2008-04-23,0,0,,,0,,
A008897,個人,學生,2019-09-21,0,0,,,0,,
A008898,個人,學生,2024-11-29,0,0,,,0,,
A008899,個人,學生,2013-02-26,0,0,,,0,,
A008900,個人,學生,2010-06-12,0,0,,,0,,
A008901,個人,學生,2024-12-17,0,0,,,0,,
A008902,個人,學生,2018-12-26,0,0,,,0,,
A008903,個人,學生,2023-05-31,0,0,,,0,,
A008904,個人,學生,2017-07-21,0,0,,,0,,
A008905,個人,學生,2023-06-13,0,0,,,0,,
A008906,個人,學生,2010-05-24,0,0,,,0,,
A008907,個人,學生,2008-09-27,0,0,,,0,,
A008908,個人,學生,2007-05-01,0,0,,,0,,
A008909,個人,學生,2015-04-12,0,0,,,0,,
A008910,個人,學生,2013-04-29,0,0,,,0,,
A008911,個人,學生,2010-02-25,0,0,,,0,,
A008912,個人,學生,2018-08-14,0,0,,,0,,
A008913,個人,學生,2017-01-21,0,0,,,0,,
A008914,個人,學生,2009-10-31,0,0,,,0,,
A008915,個人,學生,2007-12-13,0,0,,,0,,
A008916,個人,學生,2012-05-22,0,0,,,0,,
A008917,個人,學生,2022-03-05,0,0,,,0,,
A008918,個人,學生,2017-12-21,0,0,,,0,,
A008919,個人,學生,2009-08-08,0,0,,,0,,
A008920,個人,學生,2006-06-29,0,0,,,0,,
A008921,個人,學生,2018-09-24,0,0,,,0,,
A008922,個人,學生,2013-02-22,0,0,,,0,,
A008923,個人,學生,2017-03-21,0,0,,,0,,
A008924,個人,學生,2016-03-22,0,0,,,0,,
A008925,個人,學生,2015-03-19,0,0,,,0,,
A008926,個人,學生,2015-06-22,0,0,,,0,,
A008927,個人,學生,2016-03-12,0,0,,,0,,
A008928,個人,學生,2023-02-15,0,0,,,0,,
A008929,個人,學生,2021-01-01,0,0,,,0,,
A008930,個人,學生,2012-03-30,0,0,,,0,,
A008931,個人,學生,2019-12-29,0,0,,,0,,
A008932,個人,學生,2024-10-19,0,0,,,0,,
A008933,個人,學生,2009-03-21,0,0,,,0,,
A008934,個人,學生,2026-05-31,0,0,,,0,,
A008935,個人,學生,2019-02-28,0,0,,,0,,
A008936,個人,學生,2009-06-26,0,0,,,0,,
A008937,個人,學生,2006-11-08,0,0,,,0,,
A008938,個人,學生,2013-08-31,0,0,,,0,,
A008939,個人,學生,2015-11-06,0,0,,,0,,
A008940,個人,學生,2019-10-03,0,0,,,0,,
A008941,個人,學生,2019-07-03,0,0,,,0,,
A008942,個人,學生,2011-08-03,0,0,,,0,,
A008943,個人,學生,2006-02-19,0,0,,,0,,
A008944,個人,學生,2013-10-17,0,0,,,0,,
A008945,個人,學生,2014-05-28,0,0,,,0,,
A008946,個人,學生,2014-03-22,0,0,,,0,,
A008947,個人,學生,2013-08-20,0,0,,,0,,
A008948,個人,學生,2015-02-22,0,0,,,0,,
A008949,個人,學生,2007-07-24,0,0,,,0,,
A008950,個人,學生,2018-05-05,0,0,,,0,,
A008951,個人,學生,2026-03-24,0,0,,,0,,
A008952,個人,學生,2015-07-01,0,0,,,0,,
A008953,個人,學生,2016-02-24,0,0,,,0,,
A008954,個人,學生,2014-09-03,0,0,,,0,,
A008955,個人,學生,2006-06-02,0,0,,,0,,
A008956,個人,學生,2015-06-20,0,0,,,0,,
A008957,個人,學生,2022-08-05,0,0,,,0,,
A008958,個人,學生,2024-02-24,0,0,,,0,,
A008959,個人,學生,2024-09-08,0,0,,,0,,
A008960,個人,學生,2008-11-11,0,0,,,0,,
A008961,個人,學生,2006-09-30,0,0,,,0,,
A008962,個人,學生,2019-06-07,0,0,,,0,,
A008963,個人,學生,2015-10-06,0,0,,,0,,
A008964,個人,學生,2008-11-18,0,0,,,0,,
A008965,個人,學生,2026-04-04,0,0,,,0,,
A008966,個人,學生,2020-03-30,0,0,,,0,,
A008967,個人,學生,2026-05-30,0,0,,,0,,
A008968,個人,學生,2008-11-14,0,0,,,0,,
A008969,個人,學生,2006-08-12,0,0,,,0,,
A008970,個人,學生,2008-11-19,0,0,,,0,,
A008971,個人,學生,2008-08-15,0,0,,,0,,
A008972,個人,學生,2013-05-09,0,0,,,0,,
A008973,個人,學生,2007-12-17,0,0,,,0,,
A008974,個人,學生,2020-04-16,0,0,,,0,,
A008975,個人,學生,2014-01-12,0,0,,,0,,
A008976,個人,學生,2015-04-05,0,0,,,0,,
A008977,個人,學生,2006-09-06,0,0,,,0,,
A008978,個人,學生,2021-05-10,0,0,,,0,,
A008979,個人,學生,2006-03-14,0,0,,,0,,
A008980,個人,學生,2017-08-17,0,0,,,0,,
A008981,個人,學生,2008-05-21,0,0,,,0,,
A008982,個人,學生,2018-11-10,0,0,,,0,,
A008983,個人,學生,2007-10-09,0,0,,,0,,
A008984,個人,學生,2008-02-07,0,0,,,0,,
A008985,個人,學生,2018-09-27,0,0,,,0,,
A008986,個人,學生,2021-06-23,0,0,,,0,,
A008987,個人,學生,2012-03-04,0,0,,,0,,
A008988,個人,學生,2018-10-18,0,0,,,0,,
A008989,個人,學生,2020-02-03,0,0,,,0,,
A008990,個人,學生,2026-02-11,0,0,,,0,,
A008991,個人,學生,2011-08-08,0,0,,,0,,
A008992,個人,學生,2016-05-21,0,0,,,0,,
A008993,個人,學生,2020-09-30,0,0,,,0,,
A008994,個人,學生,2020-06-15,0,0,,,0,,
A008995,個人,學生,2012-03-06,0,0,,,0,,
A008996,個人,學生,2023-11-02,0,0,,,0,,
A008997,個人,學生,2021-05-05,0,0,,,0,,
A008998,個人,學生,2012-01-21,0,0,,,0,,
A008999,個人,學生,2022-11-22,0,0,,,0,,
A009000,個人,學生,2014-10-01,0,0,,,0,,
A009001,個人,學生,2021-08-20,0,0,,,0,,
A009002,個人,學生,2006-07-24,0,0,,,0,,
A009003,個人,學生,2021-05-19,0,0,,,0,,
A009004,個人,學生,2007-05-04,0,0,,,0,,
A009005,個人,學生,2023-06-04,0,0,,,0,,
A009006,個人,學生,2012-07-08,0,0,,,0,,
A009007,個人,學生,2016-02-04,0,0,,,0,,
A009008,個人,學生,2013-10-04,0,0,,,0,,
A009009,個人,學生,2024-07-28,0,0,,,0,,
A009010,個人,學生,2008-05-09,0,0,,,0,,
A009011,個人,學生,2008-07-30,0,0,,,0,,
A009012,個人,學生,2014-06-26,0,0,,,0,,
A009013,個人,學生,2010-11-05,0,0,,,0,,
A009014,個人,學生,2009-07-23,0,0,,,0,,
A009015,個人,學生,2022-06-08,0,0,,,0,,
A009016,個人,學生,2019-09-06,0,0,,,0,,
A009017,個人,學生,2017-05-06,0,0,,,0,,
A009018,個人,學生,2013-12-30,0,0,,,0,,
A009019,個人,學生,2012-10-03,0,0,,,0,,
A009020,個人,學生,2013-03-11,0,0,,,0,,
A009021,個人,學生,2026-03-07,0,0,,,0,,
A009022,個人,學生,2014-08-17,0,0,,,0,,
A009023,個人,學生,2014-02-05,0,0,,,0,,
A009024,個人,學生,2026-04-04,0,0,,,0,,
A009025,個人,學生,2006-11-12,0,0,,,0,,
A009026,個人,學生,2023-07-30,0,0,,,0,,
A009027,個人,學生,2013-08-04,0,0,,,0,,
A009028,個人,學生,2015-04-23,0,0,,,0,,
A009029,個人,學生,2024-02-28,0,0,,,0,,
A009030,個人,學生,2013-03-15,0,0,,,0,,
A009031,個人,學生,2007-11-05,0,0,,,0,,
A009032,個人,學生,2017-01-19,0,0,,,0,,
A009033,個人,學生,2007-04-07,0,0,,,0,,
A009034,個人,學生,2008-07-12,0,0,,,0,,
A009035,個人,學生,2021-03-01,0,0,,,0,,
A009036,個人,學生,2015-09-04,0,0,,,0,,
A009037,個人,學生,2017-07-19,0,0,,,0,,
A009038,個人,學生,2018-10-06,0,0,,,0,,
A009039,個人,學生,2019-08-17,0,0,,,0,,
A009040,個人,學生,2008-08-24,0,0,,,0,,
A009041,個人,學生,2015-01-25,0,0,,,0,,
A009042,個人,學生,2016-04-29,0,0,,,0,,
A009043,個人,學生,2006-03-13,0,0,,,0,,
A009044,個人,學生,2010-05-15,0,0,,,0,,
A009045,個人,學生,2020-12-12,0,0,,,0,,
A009046,個人,學生,2017-10-16,0,0,,,0,,
A009047,個人,學生,2017-10-09,0,0,,,0,,
A009048,個人,學生,2023-05-10,0,0,,,0,,
A009049,個人,學生,2015-06-01,0,0,,,0,,
A009050,個人,學生,2023-11-08,0,0,,,0,,
A009051,個人,學生,2023-01-07,0,0,,,0,,
A009052,個人,學生,2016-06-18,0,0,,,0,,
A009053,個人,學生,2022-01-15,0,0,,,0,,
A009054,個人,學生,2021-01-19,0,0,,,0,,
A009055,個人,學生,2023-04-18,0,0,,,0,,
A009056,個人,學生,2008-07-13,0,0,,,0,,
A009057,個人,學生,2018-11-23,0,0,,,0,,
A009058,個人,學生,2012-02-19,0,0,,,0,,
A009059,個人,學生,2023-07-21,0,0,,,0,,
A009060,個人,學生,2017-05-08,0,0,,,0,,
A009061,個人,學生,2016-09-23,0,0,,,0,,
A009062,個人,學生,2016-02-25,0,0,,,0,,
A009063,個人,學生,2023-10-29,0,0,,,0,,
A009064,個人,學生,2019-07-23,0,0,,,0,,
A009065,個人,學生,2011-04-14,0,0,,,0,,
A009066,個人,學生,2020-03-08,0,0,,,0,,
A009067,個人,學生,2011-08-13,0,0,,,0,,
A009068,個人,學生,2022-02-07,0,0,,,0,,
A009069,個人,學生,2006-07-07,0,0,,,0,,
A009070,個人,學生,2024-10-12,0,0,,,0,,
A009071,個人,學生,2020-04-07,0,0,,,0,,
A009072,個人,學生,2019-02-20,0,0,,,0,,
A009073,個人,學生,2009-06-06,0,0,,,0,,
A009074,個人,學生,2011-09-02,0,0,,,0,,
A009075,個人,學生,2006-08-12,0,0,,,0,,
A009076,個人,學生,2017-08-31,0,0,,,0,,
A009077,個人,學生,2014-08-23,0,0,,,0,,
A009078,個人,學生,2021-05-17,0,0,,,0,,
A009079,個人,學生,2010-04-28,0,0,,,0,,
A009080,個人,學生,2013-11-29,0,0,,,0,,
A009081,個人,學生,2020-05-23,0,0,,,0,,
A009082,個人,學生,2010-04-24,0,0,,,0,,
A009083,個人,學生,2023-07-12,0,0,,,0,,
A009084,個人,學生,2008-03-29,0,0,,,0,,
A009085,個人,學生,2016-10-24,0,0,,,0,,
A009086,個人,學生,2026-02-17,0,0,,,0,,
A009087,個人,學生,2019-07-20,0,0,,,0,,
A009088,個人,學生,2015-07-28,0,0,,,0,,
A009089,個人,學生,2017-11-28,0,0,,,0,,
A009090,個人,學生,2026-01-15,0,0,,,0,,
A009091,個人,學生,2023-11-29,0,0,,,0,,
A009092,個人,學生,2017-06-23,0,0,,,0,,
A009093,個人,學生,2009-08-02,0,0,,,0,,
A009094,個人,學生,2018-12-20,0,0,,,0,,
A009095,個人,學生,2012-01-27,0,0,,,0,,
A009096,個人,學生,2013-09-08,0,0,,,0,,
A009097,個人,學生,2013-06-23,0,0,,,0,,
A009098,個人,學生,2022-06-30,0,0,,,0,,
A009099,個人,學生,2015-03-17,0,0,,,0,,
A009100,個人,學生,2026-04-07,0,0,,,0,,
A009101,個人,學生,2021-03-29,0,0,,,0,,
A009102,個人,學生,2024-09-26,0,0,,,0,,
A009103,個人,學生,2012-12-28,0,0,,,0,,
A009104,個人,學生,2024-07-23,0,0,,,0,,
A009105,個人,學生,2021-02-01,0,0,,,0,,
A009106,個人,學生,2020-05-13,0,0,,,0,,
A009107,個人,學生,2020-03-02,0,0,,,0,,
A009108,個人,學生,2015-05-14,0,0,,,0,,
A009109,個人,學生,2010-03-14,0,0,,,0,,
A009110,個人,學生,2017-09-27,0,0,,,0,,
A009111,個人,學生,2022-05-23,0,0,,,0,,
A009112,個人,學生,2016-10-27,0,0,,,0,,
A009113,個人,學生,2013-05-02,0,0,,,0,,
A009114,個人,學生,2007-06-01,0,0,,,0,,
A009115,個人,學生,2013-06-03,0,0,,,0,,
A009116,個人,學生,2011-12-04,0,0,,,0,,
A009117,個人,學生,2013-08-28,0,0,,,0,,
A009118,個人,學生,2018-08-13,0,0,,,0,,
A009119,個人,學生,2014-07-07,0,0,,,0,,
A009120,個人,學生,2026-02-08,0,0,,,0,,
A009121,個人,學生,2013-11-19,0,0,,,0,,
A009122,個人,學生,2008-10-21,0,0,,,0,,
A009123,個人,學生,2008-03-19,0,0,,,0,,
A009124,個人,學生,2022-09-01,0,0,,,0,,
A009125,個人,學生,2015-08-26,0,0,,,0,,
A009126,個人,學生,2016-08-27,0,0,,,0,,
A009127,個人,學生,2018-04-15,0,0,,,0,,
A009128,個人,學生,2022-11-03,0,0,,,0,,
A009129,個人,學生,2008-12-18,0,0,,,0,,
A009130,個人,學生,2020-10-24,0,0,,,0,,
A009131,個人,學生,2014-02-13,0,0,,,0,,
A009132,個人,學生,2026-01-14,0,0,,,0,,
A009133,個人,學生,2012-12-27,0,0,,,0,,
A009134,個人,學生,2006-04-20,0,0,,,0,,
A009135,個人,學生,2010-08-03,0,0,,,0,,
A009136,個人,學生,2009-03-04,0,0,,,0,,
A009137,個人,學生,2014-08-27,0,0,,,0,,
A009138,個人,學生,2007-10-28,0,0,,,0,,
A009139,個人,學生,2013-10-05,0,0,,,0,,
A009140,個人,學生,2017-12-22,0,0,,,0,,
A009141,個人,學生,2017-11-12,0,0,,,0,,
A009142,個人,學生,2006-08-04,0,0,,,0,,
A009143,個人,學生,2018-06-02,0,0,,,0,,
A009144,個人,學生,2024-07-10,0,0,,,0,,
A009145,個人,學生,2012-06-05,0,0,,,0,,
A009146,個人,學生,2019-08-03,0,0,,,0,,
A009147,個人,學生,2020-01-10,0,0,,,0,,
A009148,個人,學生,2023-03-09,0,0,,,0,,
A009149,個人,學生,2007-07-09,0,0,,,0,,
A009150,個人,學生,2023-01-01,0,0,,,0,,
A009151,個人,學生,2023-07-24,0,0,,,0,,
A009152,個人,學生,2018-10-20,0,0,,,0,,
A009153,個人,學生,2015-11-15,0,0,,,0,,
A009154,個人,學生,2022-05-21,0,0,,,0,,
A009155,個人,學生,2020-10-03,0,0,,,0,,
A009156,個人,學生,2018-03-10,0,0,,,0,,
A009157,個人,學生,2010-02-02,0,0,,,0,,
A009158,個人,學生,2017-04-17,0,0,,,0,,
A009159,個人,學生,2019-08-13,0,0,,,0,,
A009160,個人,學生,2021-03-24,0,0,,,0,,
A009161,個人,學生,2024-01-15,0,0,,,0,,
A009162,個人,學生,2010-10-13,0,0,,,0,,
A009163,個人,學生,2024-07-22,0,0,,,0,,
A009164,個人,學生,2017-05-28,0,0,,,0,,
A009165,個人,學生,2011-01-21,0,0,,,0,,
A009166,個人,學生,2018-03-16,0,0,,,0,,
A009167,個人,學生,2015-06-28,0,0,,,0,,
A009168,個人,學生,2022-02-06,0,0,,,0,,
A009169,個人,學生,2011-11-21,0,0,,,0,,
A009170,個人,學生,2013-12-30,0,0,,,0,,
A009171,個人,學生,2010-03-07,0,0,,,0,,
A009172,個人,學生,2023-10-04,0,0,,,0,,
A009173,個人,學生,2006-08-24,0,0,,,0,,
A009174,個人,學生,2006-05-19,0,0,,,0,,
A009175,個人,學生,2009-05-16,0,0,,,0,,
A009176,個人,學生,2014-08-31,0,0,,,0,,
A009177,個人,學生,2022-09-26,0,0,,,0,,
A009178,個人,學生,2006-01-19,0,0,,,0,,
A009179,個人,學生,2012-03-09,0,0,,,0,,
A009180,個人,學生,2010-03-04,0,0,,,0,,
A009181,個人,學生,2013-01-10,0,0,,,0,,
A009182,個人,學生,2007-12-30,0,0,,,0,,
A009183,個人,學生,2014-01-27,0,0,,,0,,
A009184,個人,學生,2023-04-22,0,0,,,0,,
A009185,個人,學生,2024-07-06,0,0,,,0,,
A009186,個人,學生,2023-05-01,0,0,,,0,,
A009187,個人,學生,2024-07-11,0,0,,,0,,
A009188,個人,學生,2023-12-09,0,0,,,0,,
A009189,個人,學生,2023-11-24,0,0,,,0,,
A009190,個人,學生,2013-11-10,0,0,,,0,,
A009191,個人,學生,2018-01-02,0,0,,,0,,
A009192,個人,學生,2012-04-08,0,0,,,0,,
A009193,個人,學生,2008-11-12,0,0,,,0,,
A009194,個人,學生,2011-12-20,0,0,,,0,,
A009195,個人,學生,2017-12-21,0,0,,,0,,
A009196,個人,學生,2020-07-13,0,0,,,0,,
A009197,個人,學生,2017-04-21,0,0,,,0,,
A009198,個人,學生,2018-08-07,0,0,,,0,,
A009199,個人,學生,2026-01-12,0,0,,,0,,
A009200,個人,學生,2007-11-28,0,0,,,0,,
A009201,個人,學生,2022-09-07,0,0,,,0,,
A009202,個人,學生,2006-05-04,0,0,,,0,,
A009203,個人,學生,2014-07-28,0,0,,,0,,
A009204,個人,學生,2022-01-25,0,0,,,0,,
A009205,個人,學生,2019-12-12,0,0,,,0,,
A009206,個人,學生,2026-04-12,0,0,,,0,,
A009207,個人,學生,2026-02-22,0,0,,,0,,
A009208,個人,學生,2010-05-06,0,0,,,0,,
A009209,個人,學生,2026-05-21,0,0,,,0,,
A009210,個人,學生,2008-07-07,0,0,,,0,,
A009211,個人,學生,2006-07-22,0,0,,,0,,
A009212,個人,學生,2017-03-05,0,0,,,0,,
A009213,個人,學生,2015-06-28,0,0,,,0,,
A009214,個人,學生,2018-12-29,0,0,,,0,,
A009215,個人,學生,2012-03-17,0,0,,,0,,
A009216,個人,學生,2010-10-27,0,0,,,0,,
A009217,個人,學生,2024-08-27,0,0,,,0,,
A009218,個人,學生,2010-05-16,0,0,,,0,,
A009219,個人,學生,2011-05-31,0,0,,,0,,
A009220,個人,學生,2014-02-25,0,0,,,0,,
A009221,個人,學生,2011-01-23,0,0,,,0,,
A009222,個人,學生,2010-12-19,0,0,,,0,,
A009223,個人,學生,2022-07-09,0,0,,,0,,
A009224,個人,學生,2012-04-10,0,0,,,0,,
A009225,個人,學生,2021-04-04,0,0,,,0,,
A009226,個人,學生,2024-07-19,0,0,,,0,,
A009227,個人,學生,2016-10-14,0,0,,,0,,
A009228,個人,學生,2013-06-01,0,0,,,0,,
A009229,個人,學生,2023-03-11,0,0,,,0,,
A009230,個人,學生,2022-06-18,0,0,,,0,,
A009231,個人,學生,2020-11-12,0,0,,,0,,
A009232,個人,學生,2022-08-13,0,0,,,0,,
A009233,個人,學生,2006-11-13,0,0,,,0,,
A009234,個人,學生,2009-07-09,0,0,,,0,,
A009235,個人,學生,2021-08-07,0,0,,,0,,
A009236,個人,學生,2015-10-10,0,0,,,0,,
A009237,個人,學生,2026-04-17,0,0,,,0,,
A009238,個人,學生,2010-03-06,0,0,,,0,,
A009239,個人,學生,2007-05-13,0,0,,,0,,
A009240,個人,學生,2012-06-19,0,0,,,0,,
A009241,個人,學生,2020-02-02,0,0,,,0,,
A009242,個人,學生,2009-06-22,0,0,,,0,,
A009243,個人,學生,2006-05-27,0,0,,,0,,
A009244,個人,學生,2018-07-13,0,0,,,0,,
A009245,個人,學生,2018-10-11,0,0,,,0,,
A009246,個人,學生,2018-08-22,0,0,,,0,,
A009247,個人,學生,2011-01-03,0,0,,,0,,
A009248,個人,學生,2013-09-08,0,0,,,0,,
A009249,個人,學生,2013-03-15,0,0,,,0,,
A009250,個人,學生,2022-04-13,0,0,,,0,,
A009251,個人,學生,2022-05-01,0,0,,,0,,
A009252,個人,學生,2020-09-09,0,0,,,0,,
A009253,個人,學生,2006-07-30,0,0,,,0,,
A009254,個人,學生,2015-11-28,0,0,,,0,,
A009255,個人,學生,2008-05-20,0,0,,,0,,
A009256,個人,學生,2023-09-27,0,0,,,0,,
A009257,個人,學生,2020-02-07,0,0,,,0,,
A009258,個人,學生,2006-03-31,0,0,,,0,,
A009259,個人,學生,2020-08-17,0,0,,,0,,
A009260,個人,學生,2014-09-23,0,0,,,0,,
A009261,個人,學生,2014-12-06,0,0,,,0,,
A009262,個人,學生,2010-08-10,0,0,,,0,,
A009263,個人,學生,2024-06-06,0,0,,,0,,
A009264,個人,學生,2014-02-15,0,0,,,0,,
A009265,個人,學生,2011-03-06,0,0,,,0,,
A009266,個人,學生,2020-03-25,0,0,,,0,,
A009267,個人,學生,2016-01-01,0,0,,,0,,
A009268,個人,學生,2020-08-17,0,0,,,0,,
A009269,個人,學生,2007-05-01,0,0,,,0,,
A009270,個人,學生,2026-01-04,0,0,,,0,,
A009271,個人,學生,2026-04-19,0,0,,,0,,
A009272,個人,學生,2021-05-03,0,0,,,0,,
A009273,個人,學生,2010-01-11,0,0,,,0,,
A009274,個人,學生,2017-10-10,0,0,,,0,,
A009275,個人,學生,2016-03-30,0,0,,,0,,
A009276,個人,學生,2010-09-25,0,0,,,0,,
A009277,個人,學生,2006-02-12,0,0,,,0,,
A009278,個人,學生,2008-02-20,0,0,,,0,,
A009279,個人,學生,2013-07-01,0,0,,,0,,
A009280,個人,學生,2017-07-20,0,0,,,0,,
A009281,個人,學生,2006-12-25,0,0,,,0,,
A009282,個人,學生,2024-06-21,0,0,,,0,,
A009283,個人,學生,2012-11-07,0,0,,,0,,
A009284,個人,學生,2006-11-29,0,0,,,0,,
A009285,個人,學生,2008-05-14,0,0,,,0,,
A009286,個人,學生,2019-02-10,0,0,,,0,,
A009287,個人,學生,2011-06-08,0,0,,,0,,
A009288,個人,學生,2007-08-18,0,0,,,0,,
A009289,個人,學生,2016-05-16,0,0,,,0,,
A009290,個人,學生,2024-12-01,0,0,,,0,,
A009291,個人,學生,2022-05-08,0,0,,,0,,
A009292,個人,學生,2016-04-26,0,0,,,0,,
A009293,個人,學生,2015-01-11,0,0,,,0,,
A009294,個人,學生,2024-06-22,0,0,,,0,,
A009295,個人,學生,2007-08-10,0,0,,,0,,
A009296,個人,學生,2007-10-23,0,0,,,0,,
A009297,個人,學生,2024-02-02,0,0,,,0,,
A009298,個人,學生,2023-10-08,0,0,,,0,,
A009299,個人,學生,2011-09-19,0,0,,,0,,
A009300,個人,學生,2008-12-26,0,0,,,0,,
A009301,個人,學生,2020-10-25,0,0,,,0,,
A009302,個人,學生,2022-09-27,0,0,,,0,,
A009303,個人,學生,2023-02-27,0,0,,,0,,
A009304,個人,學生,2022-12-14,0,0,,,0,,
A009305,個人,學生,2009-03-13,0,0,,,0,,
A009306,個人,學生,2026-02-04,0,0,,,0,,
A009307,個人,學生,2026-04-18,0,0,,,0,,
A009308,個人,學生,2021-11-28,0,0,,,0,,
A009309,個人,學生,2011-01-20,0,0,,,0,,
A009310,個人,學生,2006-01-23,0,0,,,0,,
A009311,個人,學生,2010-05-26,0,0,,,0,,
A009312,個人,學生,2022-06-08,0,0,,,0,,
A009313,個人,學生,2019-06-02,0,0,,,0,,
A009314,個人,學生,2013-03-24,0,0,,,0,,
A009315,個人,學生,2019-01-08,0,0,,,0,,
A009316,個人,學生,2009-12-10,0,0,,,0,,
A009317,個人,學生,2015-09-28,0,0,,,0,,
A009318,個人,學生,2022-10-17,0,0,,,0,,
A009319,個人,學生,2017-01-03,0,0,,,0,,
A009320,個人,學生,2020-11-28,0,0,,,0,,
A009321,個人,學生,2014-05-18,0,0,,,0,,
A009322,個人,學生,2013-06-24,0,0,,,0,,
A009323,個人,學生,2019-08-07,0,0,,,0,,
A009324,個人,學生,2016-06-03,0,0,,,0,,
A009325,個人,學生,2021-08-08,0,0,,,0,,
A009326,個人,學生,2021-08-11,0,0,,,0,,
A009327,個人,學生,2026-05-31,0,0,,,0,,
A009328,個人,學生,2022-11-09,0,0,,,0,,
A009329,個人,學生,2007-06-07,0,0,,,0,,
A009330,個人,學生,2023-03-14,0,0,,,0,,
A009331,個人,學生,2010-04-13,0,0,,,0,,
A009332,個人,學生,2008-09-14,0,0,,,0,,
A009333,個人,學生,2013-02-24,0,0,,,0,,
A009334,個人,學生,2007-02-27,0,0,,,0,,
A009335,個人,學生,2021-05-04,0,0,,,0,,
A009336,個人,學生,2008-11-18,0,0,,,0,,
A009337,個人,學生,2012-08-04,0,0,,,0,,
A009338,個人,學生,2007-12-26,0,0,,,0,,
A009339,個人,學生,2013-06-28,0,0,,,0,,
A009340,個人,學生,2021-09-04,0,0,,,0,,
A009341,個人,學生,2011-06-26,0,0,,,0,,
A009342,個人,學生,2015-06-16,0,0,,,0,,
A009343,個人,學生,2007-11-02,0,0,,,0,,
A009344,個人,學生,2026-04-05,0,0,,,0,,
A009345,個人,學生,2021-08-05,0,0,,,0,,
A009346,個人,學生,2012-11-28,0,0,,,0,,
A009347,個人,學生,2020-12-17,0,0,,,0,,
A009348,個人,學生,2008-04-21,0,0,,,0,,
A009349,個人,學生,2014-04-22,0,0,,,0,,
A009350,個人,學生,2006-03-27,0,0,,,0,,
A009351,個人,學生,2010-04-25,0,0,,,0,,
A009352,個人,學生,2022-06-13,0,0,,,0,,
A009353,個人,學生,2009-11-26,0,0,,,0,,
A009354,個人,學生,2012-05-20,0,0,,,0,,
A009355,個人,學生,2012-05-26,0,0,,,0,,
A009356,個人,學生,2006-02-15,0,0,,,0,,
A009357,個人,學生,2011-05-18,0,0,,,0,,
A009358,個人,學生,2006-07-31,0,0,,,0,,
A009359,個人,學生,2012-10-13,0,0,,,0,,
A009360,個人,學生,2023-08-15,0,0,,,0,,
A009361,個人,學生,2026-01-24,0,0,,,0,,
A009362,個人,學生,2022-09-22,0,0,,,0,,
A009363,個人,學生,2021-07-02,0,0,,,0,,
A009364,個人,學生,2020-03-14,0,0,,,0,,
A009365,個人,學生,2008-01-05,0,0,,,0,,
A009366,個人,學生,2017-03-11,0,0,,,0,,
A009367,個人,學生,2021-01-17,0,0,,,0,,
A009368,個人,學生,2017-12-03,0,0,,,0,,
A009369,個人,學生,2013-09-06,0,0,,,0,,
A009370,個人,學生,2018-10-25,0,0,,,0,,
A009371,個人,學生,2015-08-30,0,0,,,0,,
A009372,個人,學生,2010-10-20,0,0,,,0,,
A009373,個人,學生,2007-10-18,0,0,,,0,,
A009374,個人,學生,2023-04-18,0,0,,,0,,
A009375,個人,學生,2008-11-17,0,0,,,0,,
A009376,個人,學生,2007-02-05,0,0,,,0,,
A009377,個人,學生,2014-03-19,0,0,,,0,,
A009378,個人,學生,2006-05-29,0,0,,,0,,
A009379,個人,學生,2018-01-26,0,0,,,0,,
A009380,個人,學生,2013-09-24,0,0,,,0,,
A009381,個人,學生,2020-07-01,0,0,,,0,,
A009382,個人,學生,2023-03-09,0,0,,,0,,
A009383,個人,學生,2008-04-18,0,0,,,0,,
A009384,個人,學生,2015-05-29,0,0,,,0,,
A009385,個人,學生,2019-12-10,0,0,,,0,,
A009386,個人,學生,2014-10-26,0,0,,,0,,
A009387,個人,學生,2026-04-01,0,0,,,0,,
A009388,個人,學生,2007-05-11,0,0,,,0,,
A009389,個人,學生,2018-11-14,0,0,,,0,,
A009390,個人,學生,2009-04-22,0,0,,,0,,
A009391,個人,學生,2023-02-02,0,0,,,0,,
A009392,個人,學生,2008-03-27,0,0,,,0,,
A009393,個人,學生,2011-04-01,0,0,,,0,,
A009394,個人,學生,2017-02-04,0,0,,,0,,
A009395,個人,學生,2022-09-09,0,0,,,0,,
A009396,個人,學生,2008-03-06,0,0,,,0,,
A009397,個人,學生,2023-04-24,0,0,,,0,,
A009398,個人,學生,2013-05-02,0,0,,,0,,
A009399,個人,學生,2016-04-18,0,0,,,0,,
A009400,個人,學生,2013-07-24,0,0,,,0,,
A009401,個人,學生,2013-06-26,0,0,,,0,,
A009402,個人,學生,2015-11-21,0,0,,,0,,
A009403,個人,學生,2016-05-09,0,0,,,0,,
A009404,個人,學生,2017-02-27,0,0,,,0,,
A009405,個人,學生,2017-02-04,0,0,,,0,,
A009406,個人,學生,2026-01-15,0,0,,,0,,
A009407,個人,學生,2006-03-05,0,0,,,0,,
A009408,個人,學生,2023-06-03,0,0,,,0,,
A009409,個人,學生,2026-04-20,0,0,,,0,,
A009410,個人,學生,2009-12-26,0,0,,,0,,
A009411,個人,學生,2021-05-31,0,0,,,0,,
A009412,個人,學生,2023-01-11,0,0,,,0,,
A009413,個人,學生,2011-01-09,0,0,,,0,,
A009414,個人,學生,2020-03-15,0,0,,,0,,
A009415,個人,學生,2017-04-27,0,0,,,0,,
A009416,個人,學生,2015-10-09,0,0,,,0,,
A009417,個人,學生,2021-11-01,0,0,,,0,,
A009418,個人,學生,2017-02-14,0,0,,,0,,
A009419,個人,學生,2022-12-30,0,0,,,0,,
A009420,個人,學生,2026-03-19,0,0,,,0,,
A009421,個人,學生,2018-06-23,0,0,,,0,,
A009422,個人,學生,2011-10-14,0,0,,,0,,
A009423,個人,學生,2017-03-12,0,0,,,0,,
A009424,個人,學生,2026-04-02,0,0,,,0,,
A009425,個人,學生,2022-11-15,0,0,,,0,,
A009426,個人,學生,2010-10-18,0,0,,,0,,
A009427,個人,學生,2006-10-07,0,0,,,0,,
A009428,個人,學生,2020-08-10,0,0,,,0,,
A009429,個人,學生,2024-06-27,0,0,,,0,,
A009430,個人,學生,2016-02-17,0,0,,,0,,
A009431,個人,學生,2024-05-20,0,0,,,0,,
A009432,個人,學生,2018-04-02,0,0,,,0,,
A009433,個人,學生,2010-07-28,0,0,,,0,,
A009434,個人,學生,2011-12-22,0,0,,,0,,
A009435,個人,學生,2006-06-23,0,0,,,0,,
A009436,個人,學生,2020-08-02,0,0,,,0,,
A009437,個人,學生,2017-12-17,0,0,,,0,,
A009438,個人,學生,2010-05-12,0,0,,,0,,
A009439,個人,學生,2015-08-24,0,0,,,0,,
A009440,個人,學生,2026-02-09,0,0,,,0,,
A009441,個人,學生,2019-05-24,0,0,,,0,,
A009442,個人,學生,2009-03-15,0,0,,,0,,
A009443,個人,學生,2012-04-05,0,0,,,0,,
A009444,個人,學生,2009-11-22,0,0,,,0,,
A009445,個人,學生,2022-08-16,0,0,,,0,,
A009446,個人,學生,2007-09-07,0,0,,,0,,
A009447,個人,學生,2011-11-19,0,0,,,0,,
A009448,個人,學生,2010-06-13,0,0,,,0,,
A009449,個人,學生,2026-01-14,0,0,,,0,,
A009450,個人,學生,2018-04-09,0,0,,,0,,
A009451,個人,學生,2022-01-01,0,0,,,0,,
A009452,個人,學生,2016-04-07,0,0,,,0,,
A009453,個人,學生,2024-10-03,0,0,,,0,,
A009454,個人,學生,2019-12-29,0,0,,,0,,
A009455,個人,學生,2008-11-12,0,0,,,0,,
A009456,個人,學生,2017-11-29,0,0,,,0,,
A009457,個人,學生,2015-09-03,0,0,,,0,,
A009458,個人,學生,2018-02-27,0,0,,,0,,
A009459,個人,學生,2023-07-19,0,0,,,0,,
A009460,個人,學生,2015-08-06,0,0,,,0,,
A009461,個人,學生,2018-08-01,0,0,,,0,,
A009462,個人,學生,2024-01-23,0,0,,,0,,
A009463,個人,學生,2010-02-23,0,0,,,0,,
A009464,個人,學生,2018-10-14,0,0,,,0,,
A009465,個人,學生,2011-06-26,0,0,,,0,,
A009466,個人,學生,2017-02-17,0,0,,,0,,
A009467,個人,學生,2019-01-10,0,0,,,0,,
A009468,個人,學生,2021-08-30,0,0,,,0,,
A009469,個人,學生,2023-09-23,0,0,,,0,,
A009470,個人,學生,2017-02-26,0,0,,,0,,
A009471,個人,學生,2023-12-23,0,0,,,0,,
A009472,個人,學生,2007-08-28,0,0,,,0,,
A009473,個人,學生,2013-04-13,0,0,,,0,,
A009474,個人,學生,2007-02-14,0,0,,,0,,
A009475,個人,學生,2019-11-03,0,0,,,0,,
A009476,個人,學生,2014-12-05,0,0,,,0,,
A009477,個人,學生,2016-02-13,0,0,,,0,,
A009478,個人,學生,2014-10-18,0,0,,,0,,
A009479,個人,學生,2018-01-22,0,0,,,0,,
A009480,個人,學生,2018-10-10,0,0,,,0,,
A009481,個人,學生,2011-02-22,0,0,,,0,,
A009482,個人,學生,2008-11-12,0,0,,,0,,
A009483,個人,學生,2008-07-20,0,0,,,0,,
A009484,個人,學生,2016-12-26,0,0,,,0,,
A009485,個人,學生,2024-08-31,0,0,,,0,,
A009486,個人,學生,2018-03-01,0,0,,,0,,
A009487,個人,學生,2015-07-17,0,0,,,0,,
A009488,個人,學生,2022-11-23,0,0,,,0,,
A009489,個人,學生,2018-09-21,0,0,,,0,,
A009490,個人,學生,2012-07-10,0,0,,,0,,
A009491,個人,學生,2010-01-10,0,0,,,0,,
A009492,個人,學生,2018-07-27,0,0,,,0,,
A009493,個人,學生,2020-03-27,0,0,,,0,,
A009494,個人,學生,2012-02-03,0,0,,,0,,
A009495,個人,學生,2009-04-06,0,0,,,0,,
A009496,個人,學生,2015-12-18,0,0,,,0,,
A009497,個人,學生,2006-11-08,0,0,,,0,,
A009498,個人,學生,2013-06-01,0,0,,,0,,
A009499,個人,學生,2024-06-12,0,0,,,0,,
A009500,個人,學生,2014-05-04,0,0,,,0,,
A009501,個人,學生,2024-05-01,0,0,,,0,,
A009502,個人,學生,2008-02-18,0,0,,,0,,
A009503,個人,學生,2014-06-15,0,0,,,0,,
A009504,個人,學生,2018-12-20,0,0,,,0,,
A009505,個人,學生,2016-01-31,0,0,,,0,,
A009506,個人,學生,2008-03-01,0,0,,,0,,
A009507,個人,學生,2019-09-07,0,0,,,0,,
A009508,個人,學生,2010-08-24,0,0,,,0,,
A009509,個人,學生,2023-04-23,0,0,,,0,,
A009510,個人,學生,2013-08-29,0,0,,,0,,
A009511,個人,學生,2012-04-14,0,0,,,0,,
A009512,個人,學生,2020-04-18,0,0,,,0,,
A009513,個人,學生,2015-10-19,0,0,,,0,,
A009514,個人,學生,2017-04-08,0,0,,,0,,
A009515,個人,學生,2018-01-17,0,0,,,0,,
A009516,個人,學生,2009-01-23,0,0,,,0,,
A009517,個人,學生,2021-11-01,0,0,,,0,,
A009518,個人,學生,2018-08-03,0,0,,,0,,
A009519,個人,學生,2017-09-18,0,0,,,0,,
A009520,個人,學生,2026-04-06,0,0,,,0,,
A009521,個人,學生,2011-09-12,0,0,,,0,,
A009522,個人,學生,2013-12-24,0,0,,,0,,
A009523,個人,學生,2022-01-16,0,0,,,0,,
A009524,個人,學生,2014-12-20,0,0,,,0,,
A009525,個人,學生,2006-01-10,0,0,,,0,,
A009526,個人,學生,2018-07-16,0,0,,,0,,
A009527,個人,學生,2010-09-14,0,0,,,0,,
A009528,個人,學生,2018-04-25,0,0,,,0,,
A009529,個人,學生,2009-08-30,0,0,,,0,,
A009530,個人,學生,2012-12-21,0,0,,,0,,
A009531,個人,學生,2021-01-11,0,0,,,0,,
A009532,個人,學生,2019-12-07,0,0,,,0,,
A009533,個人,學生,2007-02-10,0,0,,,0,,
A009534,個人,學生,2016-12-05,0,0,,,0,,
A009535,個人,學生,2011-07-06,0,0,,,0,,
A009536,個人,學生,2007-08-17,0,0,,,0,,
A009537,個人,學生,2013-03-14,0,0,,,0,,
A009538,個人,學生,2021-12-23,0,0,,,0,,
A009539,個人,學生,2022-12-13,0,0,,,0,,
A009540,個人,學生,2012-12-13,0,0,,,0,,
A009541,個人,學生,2022-04-04,0,0,,,0,,
A009542,個人,學生,2009-12-16,0,0,,,0,,
A009543,個人,學生,2006-04-29,0,0,,,0,,
A009544,個人,學生,2011-10-14,0,0,,,0,,
A009545,個人,學生,2015-07-23,0,0,,,0,,
A009546,個人,學生,2026-02-13,0,0,,,0,,
A009547,個人,學生,2009-06-19,0,0,,,0,,
A009548,個人,學生,2022-07-27,0,0,,,0,,
A009549,個人,學生,2020-06-28,0,0,,,0,,
A009550,個人,學生,2020-12-23,0,0,,,0,,
A009551,個人,學生,2010-01-15,0,0,,,0,,
A009552,個人,學生,2021-06-20,0,0,,,0,,
A009553,個人,學生,2008-10-02,0,0,,,0,,
A009554,個人,學生,2013-02-06,0,0,,,0,,
A009555,個人,學生,2022-11-24,0,0,,,0,,
A009556,個人,學生,2026-03-29,0,0,,,0,,
A009557,個人,學生,2021-06-12,0,0,,,0,,
A009558,個人,學生,2019-11-14,0,0,,,0,,
A009559,個人,學生,2024-05-25,0,0,,,0,,
A009560,個人,學生,2007-04-03,0,0,,,0,,
A009561,個人,學生,2012-06-13,0,0,,,0,,
A009562,個人,學生,2009-01-10,0,0,,,0,,
A009563,個人,學生,2012-01-30,0,0,,,0,,
A009564,個人,學生,2015-02-27,0,0,,,0,,
A009565,個人,學生,2023-06-02,0,0,,,0,,
A009566,個人,學生,2012-02-02,0,0,,,0,,
A009567,個人,學生,2017-02-25,0,0,,,0,,
A009568,個人,學生,2022-05-06,0,0,,,0,,
A009569,個人,學生,2024-07-14,0,0,,,0,,
A009570,個人,學生,2009-09-21,0,0,,,0,,
A009571,個人,學生,2024-12-18,0,0,,,0,,
A009572,個人,學生,2012-04-02,0,0,,,0,,
A009573,個人,學生,2015-10-28,0,0,,,0,,
A009574,個人,學生,2008-06-02,0,0,,,0,,
A009575,個人,學生,2021-03-13,0,0,,,0,,
A009576,個人,學生,2013-06-15,0,0,,,0,,
A009577,個人,學生,2026-03-08,0,0,,,0,,
A009578,個人,學生,2009-07-27,0,0,,,0,,
A009579,個人,學生,2022-04-14,0,0,,,0,,
A009580,個人,學生,2026-04-25,0,0,,,0,,
A009581,個人,學生,2023-05-03,0,0,,,0,,
A009582,個人,學生,2021-02-09,0,0,,,0,,
A009583,個人,學生,2014-04-25,0,0,,,0,,
A009584,個人,學生,2012-12-28,0,0,,,0,,
A009585,個人,學生,2014-09-04,0,0,,,0,,
A009586,個人,學生,2006-01-28,0,0,,,0,,
A009587,個人,學生,2013-02-20,0,0,,,0,,
A009588,個人,學生,2020-09-07,0,0,,,0,,
A009589,個人,學生,2017-10-29,0,0,,,0,,
A009590,個人,學生,2006-09-10,0,0,,,0,,
A009591,個人,學生,2007-01-04,0,0,,,0,,
A009592,個人,學生,2015-12-07,0,0,,,0,,
A009593,個人,學生,2009-09-19,0,0,,,0,,
A009594,個人,學生,2009-06-11,0,0,,,0,,
A009595,個人,學生,2020-09-08,0,0,,,0,,
A009596,個人,學生,2009-10-23,0,0,,,0,,
A009597,個人,學生,2022-01-19,0,0,,,0,,
A009598,個人,學生,2006-06-23,0,0,,,0,,
A009599,個人,學生,2013-09-22,0,0,,,0,,
A009600,個人,學生,2013-05-14,0,0,,,0,,
A009601,個人,學生,2013-11-01,0,0,,,0,,
A009602,個人,學生,2015-06-02,0,0,,,0,,
A009603,個人,學生,2017-10-24,0,0,,,0,,
A009604,個人,學生,2007-11-05,0,0,,,0,,
A009605,個人,學生,2009-07-29,0,0,,,0,,
A009606,個人,學生,2009-02-21,0,0,,,0,,
A009607,個人,學生,2021-02-08,0,0,,,0,,
A009608,個人,學生,2011-04-03,0,0,,,0,,
A009609,個人,學生,2009-01-24,0,0,,,0,,
A009610,個人,學生,2023-08-14,0,0,,,0,,
A009611,個人,學生,2009-11-17,0,0,,,0,,
A009612,個人,學生,2008-04-26,0,0,,,0,,
A009613,個人,學生,2007-11-05,0,0,,,0,,
A009614,個人,學生,2011-08-10,0,0,,,0,,
A009615,個人,學生,2024-10-26,0,0,,,0,,
A009616,個人,學生,2022-05-23,0,0,,,0,,
A009617,個人,學生,2011-06-09,0,0,,,0,,
A009618,個人,學生,2008-10-10,0,0,,,0,,
A009619,個人,學生,2016-03-30,0,0,,,0,,
A009620,個人,學生,2016-09-05,0,0,,,0,,
A009621,個人,學生,2011-02-12,0,0,,,0,,
A009622,個人,學生,2010-10-08,0,0,,,0,,
A009623,個人,學生,2012-04-12,0,0,,,0,,
A009624,個人,學生,2017-11-20,0,0,,,0,,
A009625,個人,學生,2008-02-04,0,0,,,0,,
A009626,個人,學生,2026-05-31,0,0,,,0,,
A009627,個人,學生,2009-11-16,0,0,,,0,,
A009628,個人,學生,2011-11-29,0,0,,,0,,
A009629,個人,學生,2018-07-24,0,0,,,0,,
A009630,個人,學生,2009-08-07,0,0,,,0,,
A009631,個人,學生,2020-04-27,0,0,,,0,,
A009632,個人,學生,2020-03-05,0,0,,,0,,
A009633,個人,學生,2010-05-04,0,0,,,0,,
A009634,個人,學生,2015-08-16,0,0,,,0,,
A009635,個人,學生,2006-01-31,0,0,,,0,,
A009636,個人,學生,2017-04-14,0,0,,,0,,
A009637,個人,學生,2007-11-03,0,0,,,0,,
A009638,個人,學生,2017-01-24,0,0,,,0,,
A009639,個人,學生,2008-10-07,0,0,,,0,,
A009640,個人,學生,2024-09-23,0,0,,,0,,
A009641,個人,學生,2020-01-24,0,0,,,0,,
A009642,個人,學生,2020-07-24,0,0,,,0,,
A009643,個人,學生,2010-08-31,0,0,,,0,,
A009644,個人,學生,2015-05-29,0,0,,,0,,
A009645,個人,學生,2009-10-31,0,0,,,0,,
A009646,個人,學生,2008-10-23,0,0,,,0,,
A009647,個人,學生,2020-08-07,0,0,,,0,,
A009648,個人,學生,2015-02-02,0,0,,,0,,
A009649,個人,學生,2016-08-09,0,0,,,0,,
A009650,個人,學生,2010-10-19,0,0,,,0,,
A009651,個人,學生,2012-08-24,0,0,,,0,,
A009652,個人,學生,2006-05-23,0,0,,,0,,
A009653,個人,學生,2017-01-30,0,0,,,0,,
A009654,個人,學生,2007-03-22,0,0,,,0,,
A009655,個人,學生,2010-04-23,0,0,,,0,,
A009656,個人,學生,2020-06-11,0,0,,,0,,
A009657,個人,學生,2011-01-21,0,0,,,0,,
A009658,個人,學生,2019-05-24,0,0,,,0,,
A009659,個人,學生,2011-10-19,0,0,,,0,,
A009660,個人,學生,2013-03-19,0,0,,,0,,
A009661,個人,學生,2022-02-10,0,0,,,0,,
A009662,個人,學生,2006-07-13,0,0,,,0,,
A009663,個人,學生,2021-11-28,0,0,,,0,,
A009664,個人,學生,2015-04-13,0,0,,,0,,
A009665,個人,學生,2013-07-01,0,0,,,0,,
A009666,個人,學生,2017-09-14,0,0,,,0,,
A009667,個人,學生,2009-03-11,0,0,,,0,,
A009668,個人,學生,2023-02-28,0,0,,,0,,
A009669,個人,學生,2009-02-05,0,0,,,0,,
A009670,個人,學生,2010-01-17,0,0,,,0,,
A009671,個人,學生,2010-09-17,0,0,,,0,,
A009672,個人,學生,2012-04-06,0,0,,,0,,
A009673,個人,學生,2016-09-27,0,0,,,0,,
A009674,個人,學生,2012-10-08,0,0,,,0,,
A009675,個人,學生,2024-02-14,0,0,,,0,,
A009676,個人,學生,2012-10-14,0,0,,,0,,
A009677,個人,學生,2014-06-07,0,0,,,0,,
A009678,個人,學生,2006-06-26,0,0,,,0,,
A009679,個人,學生,2021-06-21,0,0,,,0,,
A009680,個人,學生,2014-02-10,0,0,,,0,,
A009681,個人,學生,2026-04-05,0,0,,,0,,
A009682,個人,學生,2006-08-31,0,0,,,0,,
A009683,個人,學生,2012-10-18,0,0,,,0,,
A009684,個人,學生,2022-06-19,0,0,,,0,,
A009685,個人,學生,2015-03-06,0,0,,,0,,
A009686,個人,學生,2026-02-26,0,0,,,0,,
A009687,個人,學生,2015-04-14,0,0,,,0,,
A009688,個人,學生,2014-07-23,0,0,,,0,,
A009689,個人,學生,2014-03-30,0,0,,,0,,
A009690,個人,學生,2016-12-23,0,0,,,0,,
A009691,個人,學生,2018-06-03,0,0,,,0,,
A009692,個人,學生,2007-05-26,0,0,,,0,,
A009693,個人,學生,2017-03-09,0,0,,,0,,
A009694,個人,學生,2008-11-30,0,0,,,0,,
A009695,個人,學生,2006-10-05,0,0,,,0,,
A009696,個人,學生,2009-10-12,0,0,,,0,,
A009697,個人,學生,2006-12-16,0,0,,,0,,
A009698,個人,學生,2018-11-15,0,0,,,0,,
A009699,個人,學生,2017-01-04,0,0,,,0,,
A009700,個人,學生,2014-07-13,0,0,,,0,,
A009701,個人,學生,2026-01-12,0,0,,,0,,
A009702,個人,學生,2017-08-25,0,0,,,0,,
A009703,個人,學生,2015-12-08,0,0,,,0,,
A009704,個人,學生,2016-03-07,0,0,,,0,,
A009705,個人,學生,2015-09-02,0,0,,,0,,
A009706,個人,學生,2008-07-11,0,0,,,0,,
A009707,個人,學生,2013-01-10,0,0,,,0,,
A009708,個人,學生,2015-06-21,0,0,,,0,,
A009709,個人,學生,2012-07-28,0,0,,,0,,
A009710,個人,學生,2017-09-21,0,0,,,0,,
A009711,個人,學生,2016-05-24,0,0,,,0,,
A009712,個人,學生,2022-09-18,0,0,,,0,,
A009713,個人,學生,2012-10-08,0,0,,,0,,
A009714,個人,學生,2010-12-21,0,0,,,0,,
A009715,個人,學生,2007-07-22,0,0,,,0,,
A009716,個人,學生,2020-05-14,0,0,,,0,,
A009717,個人,學生,2006-08-07,0,0,,,0,,
A009718,個人,學生,2006-12-05,0,0,,,0,,
A009719,個人,學生,2008-08-09,0,0,,,0,,
A009720,個人,學生,2024-02-22,0,0,,,0,,
A009721,個人,學生,2023-08-30,0,0,,,0,,
A009722,個人,學生,2022-11-07,0,0,,,0,,
A009723,個人,學生,2011-12-23,0,0,,,0,,
A009724,個人,學生,2017-04-16,0,0,,,0,,
A009725,個人,學生,2012-09-13,0,0,,,0,,
A009726,個人,學生,2007-03-27,0,0,,,0,,
A009727,個人,學生,2019-04-06,0,0,,,0,,
A009728,個人,學生,2008-07-03,0,0,,,0,,
A009729,個人,學生,2020-02-20,0,0,,,0,,
A009730,個人,學生,2021-03-28,0,0,,,0,,
A009731,個人,學生,2022-08-11,0,0,,,0,,
A009732,個人,學生,2010-08-09,0,0,,,0,,
A009733,個人,學生,2015-03-16,0,0,,,0,,
A009734,個人,學生,2021-11-12,0,0,,,0,,
A009735,個人,學生,2014-01-24,0,0,,,0,,
A009736,個人,學生,2019-04-13,0,0,,,0,,
A009737,個人,學生,2022-02-15,0,0,,,0,,
A009738,個人,學生,2017-01-26,0,0,,,0,,
A009739,個人,學生,2023-03-08,0,0,,,0,,
A009740,個人,學生,2023-06-19,0,0,,,0,,
A009741,個人,學生,2009-09-16,0,0,,,0,,
A009742,個人,學生,2013-07-13,0,0,,,0,,
A009743,個人,學生,2013-02-24,0,0,,,0,,
A009744,個人,學生,2006-03-06,0,0,,,0,,
A009745,個人,學生,2018-01-28,0,0,,,0,,
A009746,個人,學生,2024-09-11,0,0,,,0,,
A009747,個人,學生,2014-08-17,0,0,,,0,,
A009748,個人,學生,2023-08-10,0,0,,,0,,
A009749,個人,學生,2010-02-19,0,0,,,0,,
A009750,個人,學生,2018-11-23,0,0,,,0,,
A009751,個人,學生,2010-05-20,0,0,,,0,,
A009752,個人,學生,2015-06-12,0,0,,,0,,
A009753,個人,學生,2014-01-13,0,0,,,0,,
A009754,個人,學生,2016-02-16,0,0,,,0,,
A009755,個人,學生,2024-10-09,0,0,,,0,,
A009756,個人,學生,2009-06-25,0,0,,,0,,
A009757,個人,學生,2010-10-17,0,0,,,0,,
A009758,個人,學生,2023-11-19,0,0,,,0,,
A009759,個人,學生,2026-03-21,0,0,,,0,,
A009760,個人,學生,2012-11-16,0,0,,,0,,
A009761,個人,學生,2026-01-03,0,0,,,0,,
A009762,個人,學生,2013-03-01,0,0,,,0,,
A009763,個人,學生,2024-03-04,0,0,,,0,,
A009764,個人,學生,2022-04-21,0,0,,,0,,
A009765,個人,學生,2006-03-15,0,0,,,0,,
A009766,個人,學生,2022-07-23,0,0,,,0,,
A009767,個人,學生,2009-02-22,0,0,,,0,,
A009768,個人,學生,2009-12-25,0,0,,,0,,
A009769,個人,學生,2020-08-18,0,0,,,0,,
A009770,個人,學生,2022-02-06,0,0,,,0,,
A009771,個人,學生,2022-08-24,0,0,,,0,,
A009772,個人,學生,2007-09-10,0,0,,,0,,
A009773,個人,學生,2014-01-06,0,0,,,0,,
A009774,個人,學生,2026-01-08,0,0,,,0,,
A009775,個人,學生,2017-04-05,0,0,,,0,,
A009776,個人,學生,2023-12-07,0,0,,,0,,
A009777,個人,學生,2012-10-12,0,0,,,0,,
A009778,個人,學生,2017-06-20,0,0,,,0,,
A009779,個人,學生,2018-03-18,0,0,,,0,,
A009780,個人,學生,2022-03-10,0,0,,,0,,
A009781,個人,學生,2013-03-24,0,0,,,0,,
A009782,個人,學生,2014-11-02,0,0,,,0,,
A009783,個人,學生,2011-07-22,0,0,,,0,,
A009784,個人,學生,2015-07-18,0,0,,,0,,
A009785,個人,學生,2018-09-25,0,0,,,0,,
A009786,個人,學生,2014-06-29,0,0,,,0,,
A009787,個人,學生,2012-09-15,0,0,,,0,,
A009788,個人,學生,2024-01-04,0,0,,,0,,
A009789,個人,學生,2009-10-30,0,0,,,0,,
A009790,個人,學生,2009-12-30,0,0,,,0,,
A009791,個人,學生,2014-02-20,0,0,,,0,,
A009792,個人,學生,2019-10-14,0,0,,,0,,
A009793,個人,學生,2006-05-12,0,0,,,0,,
A009794,個人,學生,2024-12-21,0,0,,,0,,
A009795,個人,學生,2024-03-21,0,0,,,0,,
A009796,個人,學生,2023-03-21,0,0,,,0,,
A009797,個人,學生,2017-07-21,0,0,,,0,,
A009798,個人,學生,2024-08-10,0,0,,,0,,
A009799,個人,學生,2007-02-03,0,0,,,0,,
A009800,個人,學生,2011-05-23,0,0,,,0,,
A009801,個人,學生,2022-09-13,0,0,,,0,,
A009802,個人,學生,2015-07-21,0,0,,,0,,
A009803,個人,學生,2016-05-01,0,0,,,0,,
A009804,個人,學生,2008-09-15,0,0,,,0,,
A009805,個人,學生,2013-03-22,0,0,,,0,,
A009806,個人,學生,2018-12-26,0,0,,,0,,
A009807,個人,學生,2013-10-26,0,0,,,0,,
A009808,個人,學生,2020-10-14,0,0,,,0,,
A009809,個人,學生,2010-09-06,0,0,,,0,,
A009810,個人,學生,2015-09-23,0,0,,,0,,
A009811,個人,學生,2010-03-11,0,0,,,0,,
A009812,個人,學生,2019-08-25,0,0,,,0,,
A009813,個人,學生,2022-09-22,0,0,,,0,,
A009814,個人,學生,2020-02-25,0,0,,,0,,
A009815,個人,學生,2016-10-13,0,0,,,0,,
A009816,個人,學生,2026-03-11,0,0,,,0,,
A009817,個人,學生,2014-11-28,0,0,,,0,,
A009818,個人,學生,2007-07-04,0,0,,,0,,
A009819,個人,學生,2021-10-30,0,0,,,0,,
A009820,個人,學生,2023-12-13,0,0,,,0,,
A009821,個人,學生,2022-11-28,0,0,,,0,,
A009822,個人,學生,2016-10-26,0,0,,,0,,
A009823,個人,學生,2006-07-22,0,0,,,0,,
A009824,個人,學生,2013-06-07,0,0,,,0,,
A009825,個人,學生,2019-07-19,0,0,,,0,,
A009826,個人,學生,2006-05-02,0,0,,,0,,
A009827,個人,學生,2012-03-16,0,0,,,0,,
A009828,個人,學生,2007-12-29,0,0,,,0,,
A009829,個人,學生,2023-12-01,0,0,,,0,,
A009830,個人,學生,2018-05-15,0,0,,,0,,
A009831,個人,學生,2019-04-22,0,0,,,0,,
A009832,個人,學生,2006-01-20,0,0,,,0,,
A009833,個人,學生,2015-09-15,0,0,,,0,,
A009834,個人,學生,2023-09-08,0,0,,,0,,
A009835,個人,學生,2017-11-23,0,0,,,0,,
A009836,個人,學生,2020-09-10,0,0,,,0,,
A009837,個人,學生,2018-04-26,0,0,,,0,,
A009838,個人,學生,2022-11-01,0,0,,,0,,
A009839,個人,學生,2024-05-13,0,0,,,0,,
A009840,個人,學生,2019-12-21,0,0,,,0,,
A009841,個人,學生,2022-10-15,0,0,,,0,,
A009842,個人,學生,2022-06-09,0,0,,,0,,
A009843,個人,學生,2022-08-28,0,0,,,0,,
A009844,個人,學生,2014-10-02,0,0,,,0,,
A009845,個人,學生,2010-09-22,0,0,,,0,,
A009846,個人,學生,2023-07-18,0,0,,,0,,
A009847,個人,學生,2017-02-02,0,0,,,0,,
A009848,個人,學生,2011-08-28,0,0,,,0,,
A009849,個人,學生,2017-03-13,0,0,,,0,,
A009850,個人,學生,2010-12-05,0,0,,,0,,
A009851,個人,學生,2019-04-28,0,0,,,0,,
A009852,個人,學生,2015-11-28,0,0,,,0,,
A009853,個人,學生,2008-07-12,0,0,,,0,,
A009854,個人,學生,2015-08-24,0,0,,,0,,
A009855,個人,學生,2015-11-24,0,0,,,0,,
A009856,個人,學生,2017-08-06,0,0,,,0,,
A009857,個人,學生,2018-06-03,0,0,,,0,,
A009858,個人,學生,2023-07-12,0,0,,,0,,
A009859,個人,學生,2019-01-01,0,0,,,0,,
A009860,個人,學生,2019-08-31,0,0,,,0,,
A009861,個人,學生,2011-10-09,0,0,,,0,,
A009862,個人,學生,2026-03-08,0,0,,,0,,
A009863,個人,學生,2014-01-14,0,0,,,0,,
A009864,個人,學生,2008-05-01,0,0,,,0,,
A009865,個人,學生,2019-01-13,0,0,,,0,,
A009866,個人,學生,2022-07-26,0,0,,,0,,
A009867,個人,學生,2013-12-01,0,0,,,0,,
A009868,個人,學生,2022-04-27,0,0,,,0,,
A009869,個人,學生,2011-03-01,0,0,,,0,,
A009870,個人,學生,2010-11-28,0,0,,,0,,
A009871,個人,學生,2006-04-24,0,0,,,0,,
A009872,個人,學生,2007-02-27,0,0,,,0,,
A009873,個人,學生,2008-03-15,0,0,,,0,,
A009874,個人,學生,2020-04-24,0,0,,,0,,
A009875,個人,學生,2023-04-17,0,0,,,0,,
A009876,個人,學生,2006-12-19,0,0,,,0,,
A009877,個人,學生,2014-07-29,0,0,,,0,,
A009878,個人,學生,2012-07-10,0,0,,,0,,
A009879,個人,學生,2007-02-19,0,0,,,0,,
A009880,個人,學生,2020-01-31,0,0,,,0,,
A009881,個人,學生,2022-04-27,0,0,,,0,,
A009882,個人,學生,2019-09-29,0,0,,,0,,
A009883,個人,學生,2021-03-18,0,0,,,0,,
A009884,個人,學生,2013-11-20,0,0,,,0,,
A009885,個人,學生,2021-05-31,0,0,,,0,,
A009886,個人,學生,2008-12-29,0,0,,,0,,
A009887,個人,學生,2015-06-08,0,0,,,0,,
A009888,個人,學生,2006-07-02,0,0,,,0,,
A009889,個人,學生,2023-12-29,0,0,,,0,,
A009890,個人,學生,2010-11-21,0,0,,,0,,
A009891,個人,學生,2017-08-02,0,0,,,0,,
A009892,個人,學生,2026-03-22,0,0,,,0,,
A009893,個人,學生,2014-08-11,0,0,,,0,,
A009894,個人,學生,2019-06-24,0,0,,,0,,
A009895,個人,學生,2011-09-11,0,0,,,0,,
A009896,個人,學生,2013-07-05,0,0,,,0,,
A009897,個人,學生,2013-08-28,0,0,,,0,,
A009898,個人,學生,2020-10-08,0,0,,,0,,
A009899,個人,學生,2024-11-27,0,0,,,0,,
A009900,個人,學生,2007-05-18,0,0,,,0,,
A009901,個人,學生,2023-02-26,0,0,,,0,,
A009902,個人,學生,2017-08-26,0,0,,,0,,
A009903,個人,學生,2007-12-25,0,0,,,0,,
A009904,個人,學生,2011-05-18,0,0,,,0,,
A009905,個人,學生,2026-03-26,0,0,,,0,,
A009906,個人,學生,2024-04-21,0,0,,,0,,
A009907,個人,學生,2017-12-06,0,0,,,0,,
A009908,個人,學生,2015-12-16,0,0,,,0,,
A009909,個人,學生,2021-11-03,0,0,,,0,,
A009910,個人,學生,2020-02-13,0,0,,,0,,
A009911,個人,學生,2010-07-03,0,0,,,0,,
A009912,個人,學生,2009-01-12,0,0,,,0,,
A009913,個人,學生,2012-09-24,0,0,,,0,,
A009914,個人,學生,2016-06-14,0,0,,,0,,
A009915,個人,學生,2021-01-19,0,0,,,0,,
A009916,個人,學生,2008-08-14,0,0,,,0,,
A009917,個人,學生,2014-09-29,0,0,,,0,,
A009918,個人,學生,2019-01-29,0,0,,,0,,
A009919,個人,學生,2023-06-21,0,0,,,0,,
A009920,個人,學生,2021-04-19,0,0,,,0,,
A009921,個人,學生,2022-10-09,0,0,,,0,,
A009922,個人,學生,2018-09-29,0,0,,,0,,
A009923,個人,學生,2007-04-13,0,0,,,0,,
A009924,個人,學生,2017-06-13,0,0,,,0,,
A009925,個人,學生,2018-08-10,0,0,,,0,,
A009926,個人,學生,2007-10-10,0,0,,,0,,
A009927,個人,學生,2012-12-09,0,0,,,0,,
A009928,個人,學生,2010-12-18,0,0,,,0,,
A009929,個人,學生,2012-01-25,0,0,,,0,,
A009930,個人,學生,2009-10-05,0,0,,,0,,
A009931,個人,學生,2022-01-05,0,0,,,0,,
A009932,個人,學生,2011-07-13,0,0,,,0,,
A009933,個人,學生,2007-11-02,0,0,,,0,,
A009934,個人,學生,2006-02-12,0,0,,,0,,
A009935,個人,學生,2019-05-06,0,0,,,0,,
A009936,個人,學生,2015-10-04,0,0,,,0,,
A009937,個人,學生,2008-11-18,0,0,,,0,,
A009938,個人,學生,2024-08-09,0,0,,,0,,
A009939,個人,學生,2017-01-20,0,0,,,0,,
A009940,個人,學生,2012-08-06,0,0,,,0,,
A009941,個人,學生,2016-06-08,0,0,,,0,,
A009942,個人,學生,2018-09-05,0,0,,,0,,
A009943,個人,學生,2026-03-24,0,0,,,0,,
A009944,個人,學生,2008-04-06,0,0,,,0,,
A009945,個人,學生,2017-11-20,0,0,,,0,,
A009946,個人,學生,2014-06-06,0,0,,,0,,
A009947,個人,學生,2006-02-27,0,0,,,0,,
A009948,個人,學生,2011-08-01,0,0,,,0,,
A009949,個人,學生,2011-08-09,0,0,,,0,,
A009950,個人,學生,2017-09-16,0,0,,,0,,
A009951,個人,學生,2006-02-06,0,0,,,0,,
A009952,個人,學生,2013-03-03,0,0,,,0,,
A009953,個人,學生,2023-02-10,0,0,,,0,,
A009954,個人,學生,2013-08-13,0,0,,,0,,
A009955,個人,學生,2007-11-13,0,0,,,0,,
A009956,個人,學生,2020-04-04,0,0,,,0,,
A009957,個人,學生,2016-03-13,0,0,,,0,,
A009958,個人,學生,2011-05-12,0,0,,,0,,
A009959,個人,學生,2009-12-06,0,0,,,0,,
A009960,個人,學生,2021-07-20,0,0,,,0,,
A009961,個人,學生,2014-02-08,0,0,,,0,,
A009962,個人,學生,2017-05-12,0,0,,,0,,
A009963,個人,退休人士,2014-08-16,0,0,,,0,,
A009964,個人,退休人士,2013-06-01,0,0,,,0,,
A009965,個人,退休人士,2011-05-09,0,0,,,0,,
A009966,個人,退休人士,2016-06-06,0,0,,,0,,
A009967,個人,退休人士,2006-12-07,0,0,,,0,,
A009968,個人,退休人士,2008-06-14,0,0,,,0,,
A009969,個人,退休人士,2017-03-09,0,0,,,0,,
A009970,個人,退休人士,2010-06-18,0,0,,,0,,
A009971,個人,退休人士,2014-01-04,0,0,,,0,,
A009972,個人,退休人士,2015-01-03,0,0,,,0,,
A009973,個人,退休人士,2008-07-16,0,0,,,0,,
A009974,個人,退休人士,2006-01-31,1839,0,,,0,,
A009975,個人,退休人士,2012-07-04,0,0,,,0,,
A009976,個人,退休人士,2015-12-23,0,0,,,0,,
A009977,個人,退休人士,2019-09-09,0,0,,,0,,
A009978,個人,退休人士,2010-12-11,0,0,,,0,,
A009979,個人,退休人士,2020-01-15,0,0,,,0,,
A009980,個人,退休人士,2010-03-28,0,0,,,0,,
A009981,個人,退休人士,2006-08-15,0,0,,,0,,
A009982,個人,退休人士,2011-10-25,0,0,,,0,,
A009983,個人,退休人士,2017-06-14,0,0,,,0,,
A009984,個人,退休人士,2006-10-25,0,0,,,0,,
A009985,個人,退休人士,2008-03-15,0,0,,,0,,
A009986,個人,退休人士,2023-06-18,0,0,,,0,,
A009987,個人,退休人士,2023-09-06,0,0,,,0,,
A009988,個人,退休人士,2010-12-03,0,0,,,0,,
A009989,個人,退休人士,2016-09-20,0,0,,,0,,
A009990,個人,退休人士,2022-03-29,0,0,,,0,,
A009991,個人,退休人士,2018-11-01,0,0,,,0,,
A009992,個人,退休人士,2006-06-08,0,0,,,0,,
A009993,個人,退休人士,2026-05-04,0,0,,,0,,
A009994,個人,退休人士,2015-02-17,0,0,,,0,,
A009995,個人,退休人士,2017-03-23,0,0,,,0,,
A009996,個人,退休人士,2026-03-02,0,0,,,0,,
A009997,個人,退休人士,2013-12-26,0,0,,,0,,
A009998,個人,退休人士,2024-07-21,0,0,,,0,,
A009999,個人,退休人士,2013-10-14,0,0,,,0,,
A010000,個人,退休人士,2023-12-02,0,0,,,0,,
A010001,個人,退休人士,2006-02-08,0,0,,,0,,
A010002,個人,退休人士,2021-12-16,0,0,,,0,,
A010003,個人,退休人士,2021-02-07,0,0,,,0,,
A010004,個人,退休人士,2014-11-21,0,0,,,0,,
A010005,個人,退休人士,2008-03-18,0,0,,,0,,
A010006,個人,退休人士,2015-03-12,0,0,,,0,,
A010007,個人,退休人士,2012-11-27,0,0,,,0,,
A010008,個人,退休人士,2013-04-06,0,0,,,0,,
A010009,個人,退休人士,2016-05-19,0,0,,,0,,
A010010,個人,退休人士,2006-09-14,0,0,,,0,,
A010011,個人,退休人士,2011-03-31,0,0,,,0,,
A010012,個人,退休人士,2021-04-04,0,0,,,0,,
A010013,個人,退休人士,2014-05-30,0,0,,,0,,
A010014,個人,退休人士,2015-02-27,0,0,,,0,,
A010015,個人,退休人士,2026-03-07,0,0,,,0,,
A010016,個人,退休人士,2011-03-23,0,0,,,0,,
A010017,個人,退休人士,2011-12-15,0,0,,,0,,
A010018,個人,退休人士,2009-04-15,0,0,,,0,,
A010019,個人,退休人士,2021-07-07,0,0,,,0,,
A010020,個人,退休人士,2020-05-14,0,0,,,0,,
A010021,個人,退休人士,2020-06-12,0,0,,,0,,
A010022,個人,退休人士,2026-05-03,0,0,,,0,,
A010023,個人,退休人士,2015-07-12,0,0,,,0,,
A010024,個人,退休人士,2016-07-22,0,0,,,0,,
A010025,個人,退休人士,2015-11-25,0,0,,,0,,
A010026,個人,退休人士,2018-06-26,0,0,,,0,,
A010027,個人,退休人士,2019-03-16,0,0,,,0,,
A010028,個人,退休人士,2022-12-27,0,0,,,0,,
A010029,個人,退休人士,2018-06-28,0,0,,,0,,
A010030,個人,退休人士,2007-08-16,0,0,,,0,,
A010031,個人,退休人士,2014-03-16,0,0,,,0,,
A010032,個人,退休人士,2012-02-16,0,0,,,0,,
A010033,個人,退休人士,2026-04-04,0,0,,,0,,
A010034,個人,退休人士,2010-10-13,0,0,,,0,,
A010035,個人,退休人士,2006-11-15,0,0,,,0,,
A010036,個人,退休人士,2008-08-02,0,0,,,0,,
A010037,個人,退休人士,2008-01-14,0,0,,,0,,
A010038,個人,退休人士,2007-06-28,0,0,,,0,,
A010039,個人,退休人士,2015-12-12,0,0,,,0,,
A010040,個人,退休人士,2023-05-31,0,0,,,0,,
A010041,個人,退休人士,2012-12-10,0,0,,,0,,
A010042,個人,退休人士,2023-11-09,0,0,,,0,,
A010043,個人,退休人士,2008-04-06,0,0,,,0,,
A010044,個人,退休人士,2011-11-07,0,0,,,0,,
A010045,個人,退休人士,2019-01-31,0,0,,,0,,
A010046,個人,退休人士,2022-04-03,0,0,,,0,,
A010047,個人,退休人士,2009-05-22,0,0,,,0,,
A010048,個人,退休人士,2024-10-25,0,0,,,0,,
A010049,個人,退休人士,2015-09-13,0,0,,,0,,
A010050,個人,退休人士,2017-01-19,0,0,,,0,,
A010051,個人,退休人士,2017-08-30,0,0,,,0,,
A010052,個人,退休人士,2006-03-26,462,0,,,0,,
A010053,個人,退休人士,2024-08-23,0,0,,,0,,
A010054,個人,退休人士,2017-07-13,0,0,,,0,,
A010055,個人,退休人士,2006-11-23,0,0,,,0,,
A010056,個人,退休人士,2008-09-28,0,0,,,0,,
A010057,個人,退休人士,2018-12-15,0,0,,,0,,
A010058,個人,退休人士,2009-08-21,0,0,,,0,,
A010059,個人,退休人士,2012-06-08,0,0,,,0,,
A010060,個人,退休人士,2023-05-05,0,0,,,0,,
A010061,個人,退休人士,2020-07-15,0,0,,,0,,
A010062,個人,退休人士,2017-05-27,0,0,,,0,,
A010063,個人,退休人士,2013-11-03,0,0,,,0,,
A010064,個人,退休人士,2022-12-28,0,0,,,0,,
A010065,個人,退休人士,2014-10-16,0,0,,,0,,
A010066,個人,退休人士,2015-02-07,0,0,,,0,,
A010067,個人,退休人士,2007-10-05,0,0,,,0,,
A010068,個人,退休人士,2017-01-09,0,0,,,0,,
A010069,個人,退休人士,2006-03-23,0,0,,,0,,
A010070,個人,退休人士,2011-01-26,0,0,,,0,,
A010071,個人,退休人士,2011-03-04,0,0,,,0,,
A010072,個人,退休人士,2014-02-03,0,0,,,0,,
A010073,個人,退休人士,2026-03-01,0,0,,,0,,
A010074,個人,退休人士,2022-05-23,0,0,,,0,,
A010075,個人,退休人士,2014-10-19,0,0,,,0,,
A010076,個人,退休人士,2024-08-18,0,0,,,0,,
A010077,個人,退休人士,2011-03-09,0,0,,,0,,
A010078,個人,退休人士,2021-07-20,0,0,,,0,,
A010079,個人,退休人士,2009-02-14,0,0,,,0,,
A010080,個人,退休人士,2021-07-06,0,0,,,0,,
A010081,個人,退休人士,2008-08-14,0,0,,,0,,
A010082,個人,退休人士,2024-08-02,0,0,,,0,,
A010083,個人,退休人士,2021-02-06,0,0,,,0,,
A010084,個人,退休人士,2008-02-18,0,0,,,0,,
A010085,個人,退休人士,2017-04-25,0,0,,,0,,
A010086,個人,退休人士,2015-06-15,0,0,,,0,,
A010087,個人,退休人士,2018-05-23,0,0,,,0,,
A010088,個人,退休人士,2008-08-28,0,0,,,0,,
A010089,個人,退休人士,2019-11-27,0,0,,,0,,
A010090,個人,退休人士,2022-12-14,0,0,,,0,,
A010091,個人,退休人士,2007-07-28,0,0,,,0,,
A010092,個人,退休人士,2013-12-01,0,0,,,0,,
A010093,個人,退休人士,2023-06-08,0,0,,,0,,
A010094,個人,退休人士,2013-01-20,0,0,,,0,,
A010095,個人,退休人士,2010-05-24,0,0,,,0,,
A010096,個人,退休人士,2017-02-03,0,0,,,0,,
A010097,個人,退休人士,2007-12-06,0,0,,,0,,
A010098,個人,退休人士,2010-01-13,0,0,,,0,,
A010099,個人,退休人士,2014-09-11,0,0,,,0,,
A010100,個人,退休人士,2023-04-28,0,0,,,0,,
A010101,個人,退休人士,2013-10-25,0,0,,,0,,
A010102,個人,退休人士,2016-06-27,0,0,,,0,,
A010103,個人,退休人士,2021-06-13,0,0,,,0,,
A010104,個人,退休人士,2011-11-22,0,0,,,0,,
A010105,個人,退休人士,2015-11-24,0,0,,,0,,
A010106,個人,退休人士,2013-06-07,0,0,,,0,,
A010107,個人,退休人士,2016-11-16,0,0,,,0,,
A010108,個人,退休人士,2011-07-19,0,0,,,0,,
A010109,個人,退休人士,2024-12-28,0,0,,,0,,
A010110,個人,退休人士,2006-07-15,0,0,,,0,,
A010111,個人,退休人士,2013-12-28,218,0,,,0,,
A010112,個人,退休人士,2017-02-22,0,0,,,0,,
A010113,個人,退休人士,2017-05-11,0,0,,,0,,
A010114,個人,退休人士,2015-02-12,0,0,,,0,,
A010115,個人,退休人士,2020-10-16,0,0,,,0,,
A010116,個人,退休人士,2026-04-01,0,0,,,0,,
A010117,個人,退休人士,2016-01-07,0,0,,,0,,
A010118,個人,退休人士,2013-03-24,0,0,,,0,,
A010119,個人,退休人士,2012-03-27,0,0,,,0,,
A010120,個人,退休人士,2009-07-18,0,0,,,0,,
A010121,個人,退休人士,2024-09-03,0,0,,,0,,
A010122,個人,退休人士,2018-05-27,0,0,,,0,,
A010123,個人,退休人士,2006-01-10,0,0,,,0,,
A010124,個人,退休人士,2011-11-29,0,0,,,0,,
A010125,個人,退休人士,2017-04-21,0,0,,,0,,
A010126,個人,退休人士,2018-07-11,0,0,,,0,,
A010127,個人,退休人士,2010-10-02,0,0,,,0,,
A010128,個人,退休人士,2026-03-26,0,0,,,0,,
A010129,個人,退休人士,2007-11-13,0,0,,,0,,
A010130,個人,退休人士,2010-12-02,0,0,,,0,,
A010131,個人,退休人士,2008-12-04,0,0,,,0,,
A010132,個人,退休人士,2011-03-26,0,0,,,0,,
A010133,個人,退休人士,2012-03-02,0,0,,,0,,
A010134,個人,退休人士,2018-10-04,0,0,,,0,,
A010135,個人,退休人士,2019-08-12,0,0,,,0,,
A010136,個人,退休人士,2011-01-15,0,0,,,0,,
A010137,個人,退休人士,2017-05-11,0,0,,,0,,
A010138,個人,退休人士,2024-05-03,0,0,,,0,,
A010139,個人,退休人士,2022-08-19,0,0,,,0,,
A010140,個人,退休人士,2013-06-21,0,0,,,0,,
A010141,個人,退休人士,2024-10-19,0,0,,,0,,
A010142,個人,退休人士,2026-04-08,0,0,,,0,,
A010143,個人,退休人士,2011-09-13,0,0,,,0,,
A010144,個人,退休人士,2021-06-30,0,0,,,0,,
A010145,個人,退休人士,2013-11-07,0,0,,,0,,
A010146,個人,退休人士,2008-06-09,0,0,,,0,,
A010147,個人,退休人士,2014-04-18,0,0,,,0,,
A010148,個人,退休人士,2017-11-06,0,0,,,0,,
A010149,個人,退休人士,2014-02-15,0,0,,,0,,
A010150,個人,退休人士,2015-10-12,0,0,,,0,,
A010151,個人,退休人士,2006-01-15,0,0,,,0,,
A010152,個人,退休人士,2014-01-29,0,0,,,0,,
A010153,個人,退休人士,2026-02-17,0,0,,,0,,
A010154,個人,退休人士,2015-08-14,0,0,,,0,,
A010155,個人,退休人士,2009-06-11,0,0,,,0,,
A010156,個人,退休人士,2026-04-20,0,0,,,0,,
A010157,個人,退休人士,2010-01-27,0,0,,,0,,
A010158,個人,退休人士,2017-11-29,0,0,,,0,,
A010159,個人,退休人士,2019-01-22,0,0,,,0,,
A010160,個人,退休人士,2026-03-10,0,0,,,0,,
A010161,個人,退休人士,2018-04-11,0,0,,,0,,
A010162,個人,退休人士,2007-01-03,0,0,,,0,,
A010163,個人,退休人士,2015-06-25,0,0,,,0,,
A010164,個人,退休人士,2018-12-31,0,0,,,0,,
A010165,個人,退休人士,2015-01-04,0,0,,,0,,
A010166,個人,退休人士,2014-12-09,0,0,,,0,,
A010167,個人,退休人士,2016-09-16,0,0,,,0,,
A010168,個人,退休人士,2023-08-24,0,0,,,0,,
A010169,個人,退休人士,2022-11-12,0,0,,,0,,
A010170,個人,退休人士,2010-11-20,0,0,,,0,,
A010171,個人,退休人士,2015-10-26,0,0,,,0,,
A010172,個人,退休人士,2013-11-28,0,0,,,0,,
A010173,個人,退休人士,2008-04-01,0,0,,,0,,
A010174,個人,退休人士,2008-07-22,0,0,,,0,,
A010175,個人,退休人士,2012-11-25,0,0,,,0,,
A010176,個人,退休人士,2023-08-05,0,0,,,0,,
A010177,個人,退休人士,2011-07-28,0,0,,,0,,
A010178,個人,退休人士,2015-06-30,0,0,,,0,,
A010179,個人,退休人士,2012-09-21,0,0,,,0,,
A010180,個人,退休人士,2019-09-12,0,0,,,0,,
A010181,個人,退休人士,2019-01-13,0,0,,,0,,
A010182,個人,退休人士,2015-07-21,0,0,,,0,,
A010183,個人,退休人士,2026-04-23,0,0,,,0,,
A010184,個人,退休人士,2022-12-12,0,0,,,0,,
A010185,個人,退休人士,2021-07-01,0,0,,,0,,
A010186,個人,退休人士,2026-04-28,0,0,,,0,,
A010187,個人,退休人士,2011-03-11,0,0,,,0,,
A010188,個人,退休人士,2016-09-03,0,0,,,0,,
A010189,個人,退休人士,2019-03-20,0,0,,,0,,
A010190,個人,退休人士,2010-10-08,0,0,,,0,,
A010191,個人,退休人士,2024-09-11,0,0,,,0,,
A010192,個人,退休人士,2007-04-12,0,0,,,0,,
A010193,個人,退休人士,2020-10-26,0,0,,,0,,
A010194,個人,退休人士,2026-01-12,0,0,,,0,,
A010195,個人,退休人士,2016-10-02,0,0,,,0,,
A010196,個人,退休人士,2011-03-24,0,0,,,0,,
A010197,個人,退休人士,2009-12-12,0,0,,,0,,
A010198,個人,退休人士,2016-04-20,0,0,,,0,,
A010199,個人,退休人士,2006-10-11,0,0,,,0,,
A010200,個人,退休人士,2023-03-10,0,0,,,0,,
A010201,個人,退休人士,2010-06-26,0,0,,,0,,
A010202,個人,退休人士,2022-07-10,0,0,,,0,,
A010203,個人,退休人士,2009-09-29,0,0,,,0,,
A010204,個人,退休人士,2008-06-11,0,0,,,0,,
A010205,個人,退休人士,2026-02-04,0,0,,,0,,
A010206,個人,退休人士,2017-09-18,0,0,,,0,,
A010207,個人,退休人士,2018-08-25,0,0,,,0,,
A010208,個人,退休人士,2022-01-08,0,0,,,0,,
A010209,個人,退休人士,2019-05-29,0,0,,,0,,
A010210,個人,退休人士,2026-03-10,0,0,,,0,,
A010211,個人,退休人士,2006-07-13,0,0,,,0,,
A010212,個人,退休人士,2006-03-17,0,0,,,0,,
A010213,個人,退休人士,2011-01-16,0,0,,,0,,
A010214,個人,退休人士,2022-09-26,0,0,,,0,,
A010215,個人,退休人士,2010-06-27,0,0,,,0,,
A010216,個人,退休人士,2019-09-09,0,0,,,0,,
A010217,個人,退休人士,2020-11-27,0,0,,,0,,
A010218,個人,退休人士,2023-04-18,0,0,,,0,,
A010219,個人,退休人士,2026-01-19,0,0,,,0,,
A010220,個人,退休人士,2007-03-04,0,0,,,0,,
A010221,個人,退休人士,2023-07-15,0,0,,,0,,
A010222,個人,退休人士,2018-09-26,0,0,,,0,,
A010223,個人,退休人士,2016-01-28,0,0,,,0,,
A010224,個人,退休人士,2014-12-11,0,0,,,0,,
A010225,個人,退休人士,2024-08-10,0,0,,,0,,
A010226,個人,退休人士,2024-02-16,0,0,,,0,,
A010227,個人,退休人士,2014-01-19,0,0,,,0,,
A010228,個人,退休人士,2013-11-24,0,0,,,0,,
A010229,個人,退休人士,2017-11-10,0,0,,,0,,
A010230,個人,退休人士,2014-11-06,0,0,,,0,,
A010231,個人,退休人士,2020-07-12,0,0,,,0,,
A010232,個人,退休人士,2024-02-25,0,0,,,0,,
A010233,個人,退休人士,2019-11-21,0,0,,,0,,
A010234,個人,退休人士,2006-06-19,0,0,,,0,,
A010235,個人,退休人士,2022-05-28,0,0,,,0,,
A010236,個人,退休人士,2018-12-28,0,0,,,0,,
A010237,個人,退休人士,2024-12-26,0,0,,,0,,
A010238,個人,退休人士,2020-08-13,0,0,,,0,,
A010239,個人,退休人士,2015-01-20,0,0,,,0,,
A010240,個人,退休人士,2014-11-20,0,0,,,0,,
A010241,個人,退休人士,2020-03-05,0,0,,,0,,
A010242,個人,退休人士,2018-04-07,0,0,,,0,,
A010243,個人,退休人士,2011-04-27,0,0,,,0,,
A010244,個人,退休人士,2020-05-29,0,0,,,0,,
A010245,個人,退休人士,2010-01-26,0,0,,,0,,
A010246,個人,退休人士,2018-03-27,0,0,,,0,,
A010247,個人,退休人士,2008-02-04,0,0,,,0,,
A010248,個人,退休人士,2020-08-07,0,0,,,0,,
A010249,個人,退休人士,2021-10-28,0,0,,,0,,
A010250,個人,退休人士,2011-03-27,0,0,,,0,,
A010251,個人,退休人士,2026-02-02,0,0,,,0,,
A010252,個人,退休人士,2023-06-06,0,0,,,0,,
A010253,個人,退休人士,2022-05-24,0,0,,,0,,
A010254,個人,退休人士,2009-05-15,0,0,,,0,,
A010255,個人,退休人士,2012-11-10,0,0,,,0,,
A010256,個人,退休人士,2020-04-21,1589,0,,,0,,
A010257,個人,退休人士,2012-11-15,0,0,,,0,,
A010258,個人,退休人士,2016-02-15,0,0,,,0,,
A010259,個人,退休人士,2018-09-21,0,0,,,0,,
A010260,個人,退休人士,2018-05-28,0,0,,,0,,
A010261,個人,退休人士,2007-05-19,0,0,,,0,,
A010262,個人,退休人士,2017-06-15,0,0,,,0,,
A010263,個人,退休人士,2015-12-03,0,0,,,0,,
A010264,個人,退休人士,2013-01-12,0,0,,,0,,
A010265,個人,退休人士,2011-06-25,0,0,,,0,,
A010266,個人,退休人士,2012-02-11,0,0,,,0,,
A010267,個人,退休人士,2018-01-11,0,0,,,0,,
A010268,個人,退休人士,2015-05-05,0,0,,,0,,
A010269,個人,退休人士,2023-04-20,0,0,,,0,,
A010270,個人,退休人士,2026-05-10,0,0,,,0,,
A010271,個人,退休人士,2012-04-20,0,0,,,0,,
A010272,個人,退休人士,2021-02-09,0,0,,,0,,
A010273,個人,退休人士,2019-01-10,0,0,,,0,,
A010274,個人,退休人士,2010-02-07,0,0,,,0,,
A010275,個人,退休人士,2012-03-09,0,0,,,0,,
A010276,個人,退休人士,2012-05-02,0,0,,,0,,
A010277,個人,退休人士,2016-07-15,0,0,,,0,,
A010278,個人,退休人士,2024-02-06,0,0,,,0,,
A010279,個人,退休人士,2009-01-04,0,0,,,0,,
A010280,個人,退休人士,2009-01-25,0,0,,,0,,
A010281,個人,退休人士,2012-03-06,0,0,,,0,,
A010282,個人,退休人士,2007-06-14,0,0,,,0,,
A010283,個人,退休人士,2024-07-28,0,0,,,0,,
A010284,個人,退休人士,2020-06-22,0,0,,,0,,
A010285,個人,退休人士,2007-08-18,0,0,,,0,,
A010286,個人,退休人士,2012-03-21,0,0,,,0,,
A010287,個人,退休人士,2018-01-26,0,0,,,0,,
A010288,個人,退休人士,2014-02-04,0,0,,,0,,
A010289,個人,退休人士,2007-05-13,0,0,,,0,,
A010290,個人,退休人士,2020-07-03,0,0,,,0,,
A010291,個人,退休人士,2017-08-20,0,0,,,0,,
A010292,個人,退休人士,2021-02-23,0,0,,,0,,
A010293,個人,退休人士,2007-04-23,0,0,,,0,,
A010294,個人,退休人士,2008-11-25,0,0,,,0,,
A010295,個人,退休人士,2011-11-30,0,0,,,0,,
A010296,個人,退休人士,2022-12-16,0,0,,,0,,
A010297,個人,退休人士,2006-11-26,0,0,,,0,,
A010298,個人,退休人士,2015-04-02,0,0,,,0,,
A010299,個人,退休人士,2023-02-04,0,0,,,0,,
A010300,個人,退休人士,2009-09-02,0,0,,,0,,
A010301,個人,退休人士,2012-02-02,0,0,,,0,,
A010302,個人,退休人士,2017-07-07,0,0,,,0,,
A010303,個人,退休人士,2018-03-16,0,0,,,0,,
A010304,個人,退休人士,2009-09-06,0,0,,,0,,
A010305,個人,退休人士,2015-01-17,0,0,,,0,,
A010306,個人,退休人士,2023-10-01,0,0,,,0,,
A010307,個人,退休人士,2021-11-20,0,0,,,0,,
A010308,個人,退休人士,2016-08-30,0,0,,,0,,
A010309,個人,退休人士,2006-02-18,0,0,,,0,,
A010310,個人,退休人士,2023-01-29,0,0,,,0,,
A010311,個人,退休人士,2008-07-13,0,0,,,0,,
A010312,個人,退休人士,2018-09-29,0,0,,,0,,
A010313,個人,退休人士,2015-09-14,0,0,,,0,,
A010314,個人,退休人士,2023-02-24,0,0,,,0,,
A010315,個人,退休人士,2023-10-19,0,0,,,0,,
A010316,個人,退休人士,2008-03-20,0,0,,,0,,
A010317,個人,退休人士,2012-04-14,0,0,,,0,,
A010318,個人,退休人士,2021-04-28,0,0,,,0,,
A010319,個人,退休人士,2017-12-19,0,0,,,0,,
A010320,個人,退休人士,2007-08-11,0,0,,,0,,
A010321,個人,退休人士,2008-10-16,0,0,,,0,,
A010322,個人,退休人士,2012-12-31,0,0,,,0,,
A010323,個人,退休人士,2008-12-04,0,0,,,0,,
A010324,個人,退休人士,2019-09-18,0,0,,,0,,
A010325,個人,退休人士,2018-05-05,0,0,,,0,,
A010326,個人,退休人士,2012-04-12,0,0,,,0,,
A010327,個人,退休人士,2019-10-29,0,0,,,0,,
A010328,個人,退休人士,2023-09-03,0,0,,,0,,
A010329,個人,退休人士,2011-05-10,0,0,,,0,,
A010330,個人,退休人士,2017-06-09,0,0,,,0,,
A010331,個人,退休人士,2024-08-28,0,0,,,0,,
A010332,個人,退休人士,2011-02-11,0,0,,,0,,
A010333,個人,退休人士,2014-04-29,0,0,,,0,,
A010334,個人,退休人士,2026-04-01,0,0,,,0,,
A010335,個人,退休人士,2023-11-16,0,0,,,0,,
A010336,個人,退休人士,2010-07-26,0,0,,,0,,
A010337,個人,退休人士,2019-04-30,0,0,,,0,,
A010338,個人,退休人士,2024-10-07,0,0,,,0,,
A010339,個人,退休人士,2020-05-31,0,0,,,0,,
A010340,個人,退休人士,2010-09-19,0,0,,,0,,
A010341,個人,退休人士,2023-07-22,0,0,,,0,,
A010342,個人,退休人士,2015-11-03,0,0,,,0,,
A010343,個人,退休人士,2012-08-17,0,0,,,0,,
A010344,個人,退休人士,2010-10-05,0,0,,,0,,
A010345,個人,退休人士,2022-02-13,0,0,,,0,,
A010346,個人,退休人士,2022-06-23,0,0,,,0,,
A010347,個人,退休人士,2009-04-07,0,0,,,0,,
A010348,個人,退休人士,2018-03-20,0,0,,,0,,
A010349,個人,退休人士,2011-12-13,0,0,,,0,,
A010350,個人,退休人士,2026-04-07,0,0,,,0,,
A010351,個人,退休人士,2006-06-20,0,0,,,0,,
A010352,個人,退休人士,2021-03-09,0,0,,,0,,
A010353,個人,退休人士,2008-09-26,0,0,,,0,,
A010354,個人,退休人士,2015-11-23,0,0,,,0,,
A010355,個人,退休人士,2023-05-23,0,0,,,0,,
A010356,個人,退休人士,2019-06-16,0,0,,,0,,
A010357,個人,退休人士,2011-07-16,0,0,,,0,,
A010358,個人,退休人士,2006-03-19,0,0,,,0,,
A010359,個人,退休人士,2007-04-11,0,0,,,0,,
A010360,個人,退休人士,2011-07-23,0,0,,,0,,
A010361,個人,退休人士,2014-10-20,0,0,,,0,,
A010362,個人,退休人士,2010-07-05,0,0,,,0,,
A010363,個人,退休人士,2008-11-16,0,0,,,0,,
A010364,個人,退休人士,2011-12-26,0,0,,,0,,
A010365,個人,退休人士,2017-10-20,0,0,,,0,,
A010366,個人,退休人士,2026-03-28,0,0,,,0,,
A010367,個人,退休人士,2018-12-21,0,0,,,0,,
A010368,個人,退休人士,2009-12-01,0,0,,,0,,
A010369,個人,退休人士,2016-05-24,0,0,,,0,,
A010370,個人,退休人士,2006-01-11,0,0,,,0,,
A010371,個人,退休人士,2024-09-30,0,0,,,0,,
A010372,個人,退休人士,2026-02-18,0,0,,,0,,
A010373,個人,退休人士,2019-11-07,0,0,,,0,,
A010374,個人,退休人士,2016-01-10,0,0,,,0,,
A010375,個人,退休人士,2014-01-20,0,0,,,0,,
A010376,個人,退休人士,2016-04-02,0,0,,,0,,
A010377,個人,退休人士,2017-05-18,0,0,,,0,,
A010378,個人,退休人士,2016-07-25,0,0,,,0,,
A010379,個人,退休人士,2022-06-07,0,0,,,0,,
A010380,個人,退休人士,2018-07-18,0,0,,,0,,
A010381,個人,退休人士,2016-09-16,0,0,,,0,,
A010382,個人,退休人士,2010-04-23,0,0,,,0,,
A010383,個人,退休人士,2016-09-10,0,0,,,0,,
A010384,個人,退休人士,2026-03-22,0,0,,,0,,
A010385,個人,退休人士,2022-04-10,0,0,,,0,,
A010386,個人,退休人士,2017-12-18,0,0,,,0,,
A010387,個人,退休人士,2017-03-01,0,0,,,0,,
A010388,個人,退休人士,2017-08-21,0,0,,,0,,
A010389,個人,退休人士,2011-04-24,0,0,,,0,,
A010390,個人,退休人士,2012-04-16,0,0,,,0,,
A010391,個人,退休人士,2023-10-24,0,0,,,0,,
A010392,個人,退休人士,2008-12-24,0,0,,,0,,
A010393,個人,退休人士,2026-04-22,0,0,,,0,,
A010394,個人,退休人士,2015-04-28,0,0,,,0,,
A010395,個人,退休人士,2015-07-27,0,0,,,0,,
A010396,個人,退休人士,2009-12-18,0,0,,,0,,
A010397,個人,退休人士,2009-02-20,0,0,,,0,,
A010398,個人,退休人士,2022-05-14,0,0,,,0,,
A010399,個人,退休人士,2015-09-04,0,0,,,0,,
A010400,個人,退休人士,2019-06-08,0,0,,,0,,
A010401,個人,退休人士,2006-12-27,0,0,,,0,,
A010402,個人,退休人士,2006-11-09,0,0,,,0,,
A010403,個人,退休人士,2016-02-15,0,0,,,0,,
A010404,個人,退休人士,2011-07-14,0,0,,,0,,
A010405,個人,退休人士,2013-06-17,0,0,,,0,,
A010406,個人,退休人士,2006-02-07,0,0,,,0,,
A010407,個人,退休人士,2014-02-07,0,0,,,0,,
A010408,個人,退休人士,2016-08-27,0,0,,,0,,
A010409,個人,退休人士,2018-05-31,0,0,,,0,,
A010410,個人,退休人士,2016-01-05,0,0,,,0,,
A010411,個人,退休人士,2008-06-21,0,0,,,0,,
A010412,個人,退休人士,2021-01-02,0,0,,,0,,
A010413,個人,退休人士,2006-06-20,0,0,,,0,,
A010414,個人,退休人士,2021-06-22,0,0,,,0,,
A010415,個人,退休人士,2012-08-15,0,0,,,0,,
A010416,個人,退休人士,2013-02-13,0,0,,,0,,
A010417,個人,退休人士,2021-08-08,0,0,,,0,,
A010418,個人,退休人士,2006-08-13,0,0,,,0,,
A010419,個人,退休人士,2013-11-10,0,0,,,0,,
A010420,個人,退休人士,2008-09-01,0,0,,,0,,
A010421,個人,退休人士,2017-05-11,0,0,,,0,,
A010422,個人,退休人士,2022-07-23,0,0,,,0,,
A010423,個人,退休人士,2014-12-06,0,0,,,0,,
A010424,個人,退休人士,2021-04-21,0,0,,,0,,
A010425,個人,退休人士,2008-11-11,0,0,,,0,,
A010426,個人,退休人士,2012-04-21,0,0,,,0,,
A010427,個人,退休人士,2019-12-07,0,0,,,0,,
A010428,個人,退休人士,2006-10-03,0,0,,,0,,
A010429,個人,退休人士,2007-04-01,0,0,,,0,,
A010430,個人,退休人士,2017-12-08,0,0,,,0,,
A010431,個人,退休人士,2011-07-27,0,0,,,0,,
A010432,個人,退休人士,2008-02-07,0,0,,,0,,
A010433,個人,退休人士,2008-05-22,0,0,,,0,,
A010434,個人,退休人士,2007-05-23,0,0,,,0,,
A010435,個人,退休人士,2006-08-19,0,0,,,0,,
A010436,個人,退休人士,2015-09-07,0,0,,,0,,
A010437,個人,退休人士,2014-12-06,0,0,,,0,,
A010438,個人,退休人士,2022-06-18,1129,0,,,0,,
A010439,個人,退休人士,2008-06-09,0,0,,,0,,
A010440,個人,退休人士,2015-03-29,0,0,,,0,,
A010441,個人,退休人士,2015-10-24,0,0,,,0,,
A010442,個人,退休人士,2026-01-18,0,0,,,0,,
A010443,個人,退休人士,2008-06-29,0,0,,,0,,
A010444,個人,退休人士,2017-07-01,0,0,,,0,,
A010445,個人,退休人士,2026-01-21,0,0,,,0,,
A010446,個人,退休人士,2013-07-12,0,0,,,0,,
A010447,個人,退休人士,2023-08-19,0,0,,,0,,
A010448,個人,退休人士,2009-01-20,0,0,,,0,,
A010449,個人,退休人士,2022-01-17,0,0,,,0,,
A010450,個人,退休人士,2007-11-12,0,0,,,0,,
A010451,個人,退休人士,2020-05-17,0,0,,,0,,
A010452,個人,退休人士,2024-11-02,0,0,,,0,,
A010453,個人,退休人士,2006-11-29,0,0,,,0,,
A010454,個人,退休人士,2006-11-22,0,0,,,0,,
A010455,個人,退休人士,2024-08-17,0,0,,,0,,
A010456,個人,退休人士,2012-08-14,0,0,,,0,,
A010457,個人,退休人士,2013-11-16,0,0,,,0,,
A010458,個人,退休人士,2023-01-30,0,0,,,0,,
A010459,個人,退休人士,2013-07-06,0,0,,,0,,
A010460,個人,退休人士,2009-11-10,0,0,,,0,,
A010461,個人,退休人士,2007-05-18,0,0,,,0,,
A010462,個人,退休人士,2014-09-25,0,0,,,0,,
A010463,個人,退休人士,2024-08-14,0,0,,,0,,
A010464,個人,退休人士,2023-09-16,0,0,,,0,,
A010465,個人,退休人士,2015-12-29,0,0,,,0,,
A010466,個人,退休人士,2007-08-11,0,0,,,0,,
A010467,個人,退休人士,2007-05-01,0,0,,,0,,
A010468,個人,退休人士,2016-08-20,0,0,,,0,,
A010469,個人,退休人士,2007-11-14,0,0,,,0,,
A010470,個人,退休人士,2016-08-26,0,0,,,0,,
A010471,個人,退休人士,2023-07-11,0,0,,,0,,
A010472,個人,退休人士,2017-09-06,0,0,,,0,,
A010473,個人,退休人士,2017-08-17,0,0,,,0,,
A010474,個人,退休人士,2024-02-12,0,0,,,0,,
A010475,個人,退休人士,2014-02-21,0,0,,,0,,
A010476,個人,退休人士,2015-11-09,0,0,,,0,,
A010477,個人,退休人士,2007-12-30,0,0,,,0,,
A010478,個人,退休人士,2011-05-28,0,0,,,0,,
A010479,個人,退休人士,2020-04-08,0,0,,,0,,
A010480,個人,退休人士,2010-06-03,0,0,,,0,,
A010481,個人,退休人士,2016-09-30,0,0,,,0,,
A010482,個人,退休人士,2022-08-29,0,0,,,0,,
A010483,個人,退休人士,2021-07-29,0,0,,,0,,
A010484,個人,退休人士,2019-07-29,0,0,,,0,,
A010485,個人,退休人士,2011-09-16,0,0,,,0,,
A010486,個人,退休人士,2019-08-21,0,0,,,0,,
A010487,個人,退休人士,2009-08-25,0,0,,,0,,
A010488,個人,退休人士,2011-08-26,0,0,,,0,,
A010489,個人,退休人士,2010-02-08,0,0,,,0,,
A010490,個人,退休人士,2020-05-29,0,0,,,0,,
A010491,個人,退休人士,2012-07-07,0,0,,,0,,
A010492,個人,退休人士,2018-12-25,0,0,,,0,,
A010493,個人,退休人士,2009-05-18,0,0,,,0,,
A010494,個人,退休人士,2017-01-02,0,0,,,0,,
A010495,個人,退休人士,2023-09-14,0,0,,,0,,
A010496,個人,退休人士,2023-09-18,0,0,,,0,,
A010497,個人,退休人士,2009-02-01,0,0,,,0,,
A010498,個人,退休人士,2015-03-07,0,0,,,0,,
A010499,個人,退休人士,2015-10-20,0,0,,,0,,
A010500,個人,退休人士,2014-10-19,0,0,,,0,,
A010501,個人,退休人士,2014-12-17,0,0,,,0,,
A010502,個人,退休人士,2006-06-09,0,0,,,0,,
A010503,個人,退休人士,2023-04-22,0,0,,,0,,
A010504,個人,退休人士,2014-01-07,0,0,,,0,,
A010505,個人,退休人士,2014-10-09,0,0,,,0,,
A010506,個人,退休人士,2008-09-24,0,0,,,0,,
A010507,個人,退休人士,2009-12-14,0,0,,,0,,
A010508,個人,退休人士,2021-04-01,0,0,,,0,,
A010509,個人,退休人士,2016-11-26,0,0,,,0,,
A010510,個人,退休人士,2022-01-08,0,0,,,0,,
A010511,個人,退休人士,2023-05-25,0,0,,,0,,
A010512,個人,退休人士,2009-10-05,0,0,,,0,,
A010513,個人,退休人士,2024-03-29,0,0,,,0,,
A010514,個人,退休人士,2009-01-27,0,0,,,0,,
A010515,個人,退休人士,2016-02-11,0,0,,,0,,
A010516,個人,退休人士,2023-08-19,0,0,,,0,,
A010517,個人,退休人士,2008-06-12,0,0,,,0,,
A010518,個人,退休人士,2010-01-19,0,0,,,0,,
A010519,個人,退休人士,2017-09-08,0,0,,,0,,
A010520,個人,退休人士,2013-06-25,0,0,,,0,,
A010521,個人,退休人士,2019-07-10,0,0,,,0,,
A010522,個人,退休人士,2015-09-30,0,0,,,0,,
A010523,個人,退休人士,2020-03-19,0,0,,,0,,
A010524,個人,退休人士,2023-09-24,0,0,,,0,,
A010525,個人,退休人士,2009-10-04,0,0,,,0,,
A010526,個人,退休人士,2017-01-15,0,0,,,0,,
A010527,個人,退休人士,2008-07-29,0,0,,,0,,
A010528,個人,退休人士,2022-08-23,0,0,,,0,,
A010529,個人,退休人士,2012-01-17,0,0,,,0,,
A010530,個人,退休人士,2015-01-05,0,0,,,0,,
A010531,個人,退休人士,2008-11-23,0,0,,,0,,
A010532,個人,退休人士,2026-03-07,0,0,,,0,,
A010533,個人,退休人士,2020-07-28,0,0,,,0,,
A010534,個人,退休人士,2015-10-03,0,0,,,0,,
A010535,個人,退休人士,2017-10-09,0,0,,,0,,
A010536,個人,退休人士,2014-01-16,0,0,,,0,,
A010537,個人,退休人士,2013-10-10,0,0,,,0,,
A010538,個人,退休人士,2018-09-23,1570,0,,,0,,
A010539,個人,退休人士,2016-05-03,0,0,,,0,,
A010540,個人,退休人士,2008-12-31,0,0,,,0,,
A010541,個人,退休人士,2009-05-26,0,0,,,0,,
A010542,個人,退休人士,2007-05-01,0,0,,,0,,
A010543,個人,退休人士,2019-11-17,0,0,,,0,,
A010544,個人,退休人士,2007-09-10,0,0,,,0,,
A010545,個人,退休人士,2013-07-08,0,0,,,0,,
A010546,個人,退休人士,2010-03-12,0,0,,,0,,
A010547,個人,退休人士,2022-08-22,0,0,,,0,,
A010548,個人,退休人士,2021-11-15,0,0,,,0,,
A010549,個人,退休人士,2015-08-30,0,0,,,0,,
A010550,個人,退休人士,2009-06-23,0,0,,,0,,
A010551,個人,退休人士,2018-05-26,0,0,,,0,,
A010552,個人,退休人士,2014-08-20,0,0,,,0,,
A010553,個人,退休人士,2023-06-05,0,0,,,0,,
A010554,個人,退休人士,2010-03-31,0,0,,,0,,
A010555,個人,退休人士,2020-06-01,0,0,,,0,,
A010556,個人,退休人士,2023-07-04,0,0,,,0,,
A010557,個人,退休人士,2014-08-16,0,0,,,0,,
A010558,個人,退休人士,2020-10-06,0,0,,,0,,
A010559,個人,退休人士,2015-02-17,0,0,,,0,,
A010560,個人,退休人士,2020-08-07,0,0,,,0,,
A010561,個人,退休人士,2012-04-12,0,0,,,0,,
A010562,個人,退休人士,2022-04-30,0,0,,,0,,
A010563,個人,退休人士,2021-09-17,0,0,,,0,,
A010564,個人,退休人士,2007-10-10,0,0,,,0,,
A010565,個人,退休人士,2018-09-21,0,0,,,0,,
A010566,個人,退休人士,2014-04-20,0,0,,,0,,
A010567,個人,退休人士,2026-04-18,0,0,,,0,,
A010568,個人,退休人士,2018-12-26,0,0,,,0,,
A010569,個人,退休人士,2006-11-29,0,0,,,0,,
A010570,個人,退休人士,2015-06-17,0,0,,,0,,
A010571,個人,退休人士,2023-03-30,0,0,,,0,,
A010572,個人,退休人士,2021-01-04,0,0,,,0,,
A010573,個人,退休人士,2010-01-17,0,0,,,0,,
A010574,個人,退休人士,2008-06-06,0,0,,,0,,
A010575,個人,退休人士,2019-11-26,0,0,,,0,,
A010576,個人,退休人士,2010-02-23,0,0,,,0,,
A010577,個人,退休人士,2006-11-17,0,0,,,0,,
A010578,個人,退休人士,2017-05-23,0,0,,,0,,
A010579,個人,退休人士,2024-05-25,0,0,,,0,,
A010580,個人,退休人士,2024-02-11,0,0,,,0,,
A010581,個人,退休人士,2006-07-10,0,0,,,0,,
A010582,個人,退休人士,2024-06-14,0,0,,,0,,
A010583,個人,退休人士,2017-03-23,0,0,,,0,,
A010584,個人,退休人士,2018-02-26,0,0,,,0,,
A010585,個人,退休人士,2020-11-03,0,0,,,0,,
A010586,個人,退休人士,2014-10-04,0,0,,,0,,
A010587,個人,退休人士,2022-10-31,0,0,,,0,,
A010588,個人,退休人士,2026-04-18,0,0,,,0,,
A010589,個人,退休人士,2024-12-30,0,0,,,0,,
A010590,個人,退休人士,2026-05-31,0,0,,,0,,
A010591,個人,退休人士,2008-12-18,0,0,,,0,,
A010592,個人,退休人士,2022-03-05,0,0,,,0,,
A010593,個人,退休人士,2020-07-03,0,0,,,0,,
A010594,個人,退休人士,2026-02-23,0,0,,,0,,
A010595,個人,退休人士,2007-02-20,0,0,,,0,,
A010596,個人,退休人士,2013-05-19,0,0,,,0,,
A010597,個人,退休人士,2009-08-26,0,0,,,0,,
A010598,個人,退休人士,2021-04-22,0,0,,,0,,
A010599,個人,退休人士,2019-07-31,0,0,,,0,,
A010600,個人,退休人士,2006-11-13,0,0,,,0,,
A010601,個人,退休人士,2016-02-09,0,0,,,0,,
A010602,個人,退休人士,2022-07-26,0,0,,,0,,
A010603,個人,退休人士,2015-06-28,0,0,,,0,,
A010604,個人,退休人士,2010-04-10,0,0,,,0,,
A010605,個人,退休人士,2012-05-04,0,0,,,0,,
A010606,個人,退休人士,2017-02-27,0,0,,,0,,
A010607,個人,退休人士,2009-03-10,0,0,,,0,,
A010608,個人,退休人士,2014-06-06,0,0,,,0,,
A010609,個人,退休人士,2009-10-30,0,0,,,0,,
A010610,個人,退休人士,2008-03-01,0,0,,,0,,
A010611,個人,退休人士,2009-04-30,0,0,,,0,,
A010612,個人,退休人士,2006-01-23,0,0,,,0,,
A010613,個人,退休人士,2008-11-18,0,0,,,0,,
A010614,個人,退休人士,2009-08-06,0,0,,,0,,
A010615,個人,退休人士,2008-01-09,0,0,,,0,,
A010616,個人,退休人士,2016-03-15,0,0,,,0,,
A010617,個人,退休人士,2024-06-26,0,0,,,0,,
A010618,個人,退休人士,2009-03-20,0,0,,,0,,
A010619,個人,退休人士,2011-01-18,0,0,,,0,,
A010620,個人,退休人士,2016-03-08,0,0,,,0,,
A010621,個人,退休人士,2020-02-18,0,0,,,0,,
A010622,個人,退休人士,2013-09-14,0,0,,,0,,
A010623,個人,退休人士,2013-05-10,0,0,,,0,,
A010624,個人,退休人士,2020-02-17,0,0,,,0,,
A010625,個人,退休人士,2008-08-04,0,0,,,0,,
A010626,個人,退休人士,2019-10-31,0,0,,,0,,
A010627,個人,退休人士,2024-09-30,0,0,,,0,,
A010628,個人,退休人士,2018-01-21,0,0,,,0,,
A010629,個人,退休人士,2009-08-08,0,0,,,0,,
A010630,個人,退休人士,2022-04-14,0,0,,,0,,
A010631,個人,退休人士,2012-04-17,0,0,,,0,,
A010632,個人,退休人士,2016-04-09,0,0,,,0,,
A010633,個人,退休人士,2011-02-20,0,0,,,0,,
A010634,個人,退休人士,2012-01-15,0,0,,,0,,
A010635,個人,退休人士,2018-06-15,0,0,,,0,,
A010636,個人,退休人士,2011-03-16,0,0,,,0,,
A010637,個人,退休人士,2008-11-20,0,0,,,0,,
A010638,個人,退休人士,2019-05-09,0,0,,,0,,
A010639,個人,退休人士,2006-04-29,1359,0,,,0,,
A010640,個人,退休人士,2010-07-20,0,0,,,0,,
A010641,個人,退休人士,2009-02-09,0,0,,,0,,
A010642,個人,退休人士,2013-11-17,0,0,,,0,,
A010643,個人,退休人士,2020-06-10,0,0,,,0,,
A010644,個人,退休人士,2009-11-23,0,0,,,0,,
A010645,個人,退休人士,2019-06-28,0,0,,,0,,
A010646,個人,退休人士,2017-12-15,0,0,,,0,,
A010647,個人,退休人士,2006-06-12,0,0,,,0,,
A010648,個人,退休人士,2026-02-03,0,0,,,0,,
A010649,個人,退休人士,2014-08-20,0,0,,,0,,
A010650,個人,退休人士,2013-01-08,0,0,,,0,,
A010651,個人,退休人士,2009-01-26,0,0,,,0,,
A010652,個人,退休人士,2018-02-06,1451,0,,,0,,
A010653,個人,退休人士,2006-10-09,0,0,,,0,,
A010654,個人,退休人士,2015-07-02,0,0,,,0,,
A010655,個人,退休人士,2014-10-02,0,0,,,0,,
A010656,個人,退休人士,2022-03-14,0,0,,,0,,
A010657,個人,退休人士,2022-05-30,0,0,,,0,,
A010658,個人,退休人士,2009-09-14,0,0,,,0,,
A010659,個人,退休人士,2008-06-09,0,0,,,0,,
A010660,個人,退休人士,2022-12-18,0,0,,,0,,
A010661,個人,退休人士,2026-03-15,0,0,,,0,,
A010662,個人,退休人士,2008-06-01,0,0,,,0,,
A010663,個人,退休人士,2019-01-06,0,0,,,0,,
A010664,個人,退休人士,2017-11-08,0,0,,,0,,
A010665,個人,退休人士,2024-07-07,0,0,,,0,,
A010666,個人,退休人士,2026-02-02,0,0,,,0,,
A010667,個人,退休人士,2021-02-06,0,0,,,0,,
A010668,個人,退休人士,2018-12-07,0,0,,,0,,
A010669,個人,退休人士,2019-07-12,0,0,,,0,,
A010670,個人,退休人士,2022-11-27,0,0,,,0,,
A010671,個人,退休人士,2019-11-27,0,0,,,0,,
A010672,個人,退休人士,2012-08-11,0,0,,,0,,
A010673,個人,退休人士,2022-04-17,0,0,,,0,,
A010674,個人,退休人士,2018-07-19,0,0,,,0,,
A010675,個人,退休人士,2024-02-08,0,0,,,0,,
A010676,個人,退休人士,2013-02-17,0,0,,,0,,
A010677,個人,退休人士,2012-03-15,0,0,,,0,,
A010678,個人,退休人士,2011-06-26,0,0,,,0,,
A010679,個人,退休人士,2021-01-11,0,0,,,0,,
A010680,個人,退休人士,2023-07-15,0,0,,,0,,
A010681,個人,退休人士,2010-06-08,0,0,,,0,,
A010682,個人,退休人士,2019-06-17,0,0,,,0,,
A010683,個人,退休人士,2026-01-12,0,0,,,0,,
A010684,個人,退休人士,2010-10-21,0,0,,,0,,
A010685,個人,退休人士,2011-12-27,0,0,,,0,,
A010686,個人,退休人士,2013-12-28,0,0,,,0,,
A010687,個人,退休人士,2013-08-29,0,0,,,0,,
A010688,個人,退休人士,2026-02-26,0,0,,,0,,
A010689,個人,退休人士,2026-04-27,0,0,,,0,,
A010690,個人,退休人士,2010-04-22,0,0,,,0,,
A010691,個人,退休人士,2020-09-29,0,0,,,0,,
A010692,個人,退休人士,2024-12-02,0,0,,,0,,
A010693,個人,退休人士,2023-11-23,0,0,,,0,,
A010694,個人,退休人士,2017-05-06,0,0,,,0,,
A010695,個人,退休人士,2021-09-28,0,0,,,0,,
A010696,個人,退休人士,2016-05-14,0,0,,,0,,
A010697,個人,退休人士,2006-03-06,0,0,,,0,,
A010698,個人,退休人士,2019-11-10,0,0,,,0,,
A010699,個人,退休人士,2018-09-16,0,0,,,0,,
A010700,個人,退休人士,2018-10-04,0,0,,,0,,
A010701,個人,退休人士,2013-01-07,0,0,,,0,,
A010702,個人,退休人士,2021-10-01,0,0,,,0,,
A010703,個人,退休人士,2023-03-18,0,0,,,0,,
A010704,個人,退休人士,2022-07-13,0,0,,,0,,
A010705,個人,退休人士,2018-06-28,0,0,,,0,,
A010706,個人,退休人士,2006-09-28,0,0,,,0,,
A010707,個人,退休人士,2013-03-11,0,0,,,0,,
A010708,個人,退休人士,2022-04-21,0,0,,,0,,
A010709,個人,退休人士,2021-12-14,0,0,,,0,,
A010710,個人,退休人士,2024-09-24,0,0,,,0,,
A010711,個人,退休人士,2008-04-25,0,0,,,0,,
A010712,個人,退休人士,2007-10-09,0,0,,,0,,
A010713,個人,退休人士,2019-05-13,0,0,,,0,,
A010714,個人,退休人士,2018-06-27,0,0,,,0,,
A010715,個人,退休人士,2026-04-02,0,0,,,0,,
A010716,個人,退休人士,2007-12-26,0,0,,,0,,
A010717,個人,退休人士,2011-06-14,0,0,,,0,,
A010718,個人,退休人士,2012-10-05,0,0,,,0,,
A010719,個人,退休人士,2020-08-12,0,0,,,0,,
A010720,個人,退休人士,2015-12-01,0,0,,,0,,
A010721,個人,退休人士,2017-02-20,0,0,,,0,,
A010722,個人,退休人士,2011-06-11,0,0,,,0,,
A010723,個人,退休人士,2006-01-24,0,0,,,0,,
A010724,個人,退休人士,2016-05-08,0,0,,,0,,
A010725,個人,退休人士,2022-08-21,0,0,,,0,,
A010726,個人,退休人士,2009-01-11,0,0,,,0,,
A010727,個人,退休人士,2024-05-05,0,0,,,0,,
A010728,個人,退休人士,2023-03-08,0,0,,,0,,
A010729,個人,退休人士,2022-10-03,0,0,,,0,,
A010730,個人,退休人士,2021-01-21,0,0,,,0,,
A010731,個人,退休人士,2011-12-25,0,0,,,0,,
A010732,個人,退休人士,2008-06-09,0,0,,,0,,
A010733,個人,退休人士,2018-02-04,0,0,,,0,,
A010734,個人,退休人士,2013-11-13,0,0,,,0,,
A010735,個人,退休人士,2024-02-13,0,0,,,0,,
A010736,個人,退休人士,2019-01-05,0,0,,,0,,
A010737,個人,退休人士,2020-04-25,0,0,,,0,,
A010738,個人,退休人士,2007-07-14,0,0,,,0,,
A010739,個人,退休人士,2016-09-18,0,0,,,0,,
A010740,個人,退休人士,2007-07-25,0,0,,,0,,
A010741,個人,退休人士,2015-10-04,0,0,,,0,,
A010742,個人,退休人士,2019-10-30,0,0,,,0,,
A010743,個人,退休人士,2006-11-26,0,0,,,0,,
A010744,個人,退休人士,2009-07-09,0,0,,,0,,
A010745,個人,退休人士,2018-09-19,0,0,,,0,,
A010746,個人,退休人士,2006-07-09,0,0,,,0,,
A010747,個人,退休人士,2007-08-18,0,0,,,0,,
A010748,個人,退休人士,2012-05-05,0,0,,,0,,
A010749,個人,退休人士,2018-12-16,0,0,,,0,,
A010750,個人,退休人士,2009-01-03,0,0,,,0,,
A010751,個人,退休人士,2023-04-20,0,0,,,0,,
A010752,個人,退休人士,2015-01-11,0,0,,,0,,
A010753,個人,退休人士,2023-12-02,0,0,,,0,,
A010754,個人,退休人士,2020-11-29,0,0,,,0,,
A010755,個人,退休人士,2015-02-28,0,0,,,0,,
A010756,個人,退休人士,2009-07-28,0,0,,,0,,
A010757,個人,退休人士,2013-08-05,0,0,,,0,,
A010758,個人,退休人士,2016-12-15,0,0,,,0,,
A010759,個人,退休人士,2020-02-07,0,0,,,0,,
A010760,個人,退休人士,2014-03-12,0,0,,,0,,
A010761,個人,退休人士,2020-02-01,0,0,,,0,,
A010762,個人,退休人士,2019-10-14,0,0,,,0,,
A010763,個人,退休人士,2017-08-03,0,0,,,0,,
A010764,個人,退休人士,2018-06-25,0,0,,,0,,
A010765,個人,退休人士,2006-07-21,0,0,,,0,,
A010766,個人,退休人士,2013-01-01,0,0,,,0,,
A010767,個人,退休人士,2018-12-29,0,0,,,0,,
A010768,個人,退休人士,2008-07-25,0,0,,,0,,
A010769,個人,退休人士,2006-10-13,0,0,,,0,,
A010770,個人,退休人士,2013-05-09,0,0,,,0,,
A010771,個人,退休人士,2024-10-18,0,0,,,0,,
A010772,個人,退休人士,2014-04-17,0,0,,,0,,
A010773,個人,退休人士,2024-04-22,0,0,,,0,,
A010774,個人,退休人士,2026-02-17,0,0,,,0,,
A010775,個人,退休人士,2020-10-14,0,0,,,0,,
A010776,個人,退休人士,2012-11-08,0,0,,,0,,
A010777,個人,退休人士,2020-08-28,0,0,,,0,,
A010778,個人,退休人士,2010-05-14,0,0,,,0,,
A010779,個人,退休人士,2022-05-16,0,0,,,0,,
A010780,個人,退休人士,2014-03-29,0,0,,,0,,
A010781,個人,退休人士,2017-09-21,0,0,,,0,,
A010782,個人,退休人士,2010-08-01,0,0,,,0,,
A010783,個人,退休人士,2010-12-11,0,0,,,0,,
A010784,個人,退休人士,2011-05-13,0,0,,,0,,
A010785,個人,退休人士,2020-09-28,0,0,,,0,,
A010786,個人,退休人士,2015-05-13,0,0,,,0,,
A010787,個人,退休人士,2019-03-07,0,0,,,0,,
A010788,個人,退休人士,2007-09-29,1132,0,,,0,,
A010789,個人,退休人士,2020-10-27,0,0,,,0,,
A010790,個人,退休人士,2006-10-22,0,0,,,0,,
A010791,個人,退休人士,2008-08-01,0,0,,,0,,
A010792,個人,退休人士,2024-03-07,0,0,,,0,,
A010793,個人,退休人士,2008-01-26,0,0,,,0,,
A010794,個人,退休人士,2012-06-25,0,0,,,0,,
A010795,個人,退休人士,2017-10-22,0,0,,,0,,
A010796,個人,退休人士,2015-04-19,0,0,,,0,,
A010797,個人,退休人士,2017-01-06,0,0,,,0,,
A010798,個人,退休人士,2010-04-16,0,0,,,0,,
A010799,個人,退休人士,2008-04-10,0,0,,,0,,
A010800,個人,退休人士,2011-09-07,0,0,,,0,,
A010801,個人,退休人士,2021-05-30,0,0,,,0,,
A010802,個人,退休人士,2016-02-14,0,0,,,0,,
A010803,個人,退休人士,2014-03-18,0,0,,,0,,
A010804,個人,退休人士,2006-05-22,0,0,,,0,,
A010805,個人,退休人士,2021-09-17,0,0,,,0,,
A010806,個人,退休人士,2012-03-25,0,0,,,0,,
A010807,個人,退休人士,2008-03-23,0,0,,,0,,
A010808,個人,退休人士,2009-05-11,0,0,,,0,,
A010809,個人,退休人士,2019-07-18,0,0,,,0,,
A010810,個人,退休人士,2008-11-13,0,0,,,0,,
A010811,個人,退休人士,2022-12-01,0,0,,,0,,
A010812,個人,退休人士,2026-05-20,0,0,,,0,,
A010813,個人,退休人士,2017-09-14,0,0,,,0,,
A010814,個人,退休人士,2013-07-20,0,0,,,0,,
A010815,個人,退休人士,2008-01-20,0,0,,,0,,
A010816,個人,退休人士,2006-08-20,0,0,,,0,,
A010817,個人,退休人士,2023-07-06,0,0,,,0,,
A010818,個人,退休人士,2023-05-20,0,0,,,0,,
A010819,個人,退休人士,2023-01-23,0,0,,,0,,
A010820,個人,退休人士,2009-04-01,0,0,,,0,,
A010821,個人,退休人士,2015-10-25,0,0,,,0,,
A010822,個人,退休人士,2008-07-29,0,0,,,0,,
A010823,個人,退休人士,2011-02-05,0,0,,,0,,
A010824,個人,退休人士,2012-10-11,0,0,,,0,,
A010825,個人,退休人士,2006-10-08,0,0,,,0,,
A010826,個人,退休人士,2016-11-27,0,0,,,0,,
A010827,個人,退休人士,2017-08-20,0,0,,,0,,
A010828,個人,退休人士,2013-11-18,0,0,,,0,,
A010829,個人,退休人士,2019-03-27,0,0,,,0,,
A010830,個人,退休人士,2018-12-16,0,0,,,0,,
A010831,個人,退休人士,2020-05-07,0,0,,,0,,
A010832,個人,退休人士,2019-01-29,0,0,,,0,,
A010833,個人,退休人士,2011-06-16,0,0,,,0,,
A010834,個人,退休人士,2017-05-31,0,0,,,0,,
A010835,個人,退休人士,2021-11-29,0,0,,,0,,
A010836,個人,退休人士,2006-02-22,0,0,,,0,,
A010837,個人,退休人士,2026-04-30,0,0,,,0,,
A010838,個人,退休人士,2010-05-09,0,0,,,0,,
A010839,個人,退休人士,2017-02-04,0,0,,,0,,
A010840,個人,退休人士,2022-06-01,0,0,,,0,,
A010841,個人,退休人士,2007-12-25,0,0,,,0,,
A010842,個人,退休人士,2020-07-03,0,0,,,0,,
A010843,個人,退休人士,2021-04-02,0,0,,,0,,
A010844,個人,退休人士,2017-01-23,0,0,,,0,,
A010845,個人,退休人士,2012-12-04,0,0,,,0,,
A010846,個人,退休人士,2012-08-22,0,0,,,0,,
A010847,個人,退休人士,2007-03-11,0,0,,,0,,
A010848,個人,退休人士,2022-04-21,0,0,,,0,,
A010849,個人,退休人士,2019-03-04,0,0,,,0,,
A010850,個人,退休人士,2012-03-05,0,0,,,0,,
A010851,個人,退休人士,2007-03-19,0,0,,,0,,
A010852,個人,退休人士,2026-02-10,0,0,,,0,,
A010853,個人,退休人士,2010-07-01,0,0,,,0,,
A010854,個人,退休人士,2019-03-21,0,0,,,0,,
A010855,個人,退休人士,2017-03-21,0,0,,,0,,
A010856,個人,退休人士,2009-09-20,0,0,,,0,,
A010857,個人,退休人士,2014-04-29,0,0,,,0,,
A010858,個人,退休人士,2008-05-20,0,0,,,0,,
A010859,個人,退休人士,2006-03-18,0,0,,,0,,
A010860,個人,退休人士,2007-05-23,0,0,,,0,,
A010861,個人,退休人士,2020-09-09,0,0,,,0,,
A010862,個人,退休人士,2006-12-24,0,0,,,0,,
A010863,個人,退休人士,2019-06-07,0,0,,,0,,
A010864,個人,退休人士,2012-05-14,0,0,,,0,,
A010865,個人,退休人士,2013-04-06,0,0,,,0,,
A010866,個人,退休人士,2006-11-18,0,0,,,0,,
A010867,個人,退休人士,2009-05-22,0,0,,,0,,
A010868,個人,退休人士,2018-06-19,0,0,,,0,,
A010869,個人,退休人士,2023-11-25,0,0,,,0,,
A010870,個人,退休人士,2017-10-03,0,0,,,0,,
A010871,個人,退休人士,2019-08-17,0,0,,,0,,
A010872,個人,退休人士,2014-02-22,0,0,,,0,,
A010873,個人,退休人士,2010-08-25,0,0,,,0,,
A010874,個人,退休人士,2006-02-06,0,0,,,0,,
A010875,個人,退休人士,2021-05-23,0,0,,,0,,
A010876,個人,退休人士,2009-08-13,0,0,,,0,,
A010877,個人,退休人士,2016-10-15,0,0,,,0,,
A010878,個人,退休人士,2011-07-28,0,0,,,0,,
A010879,個人,退休人士,2015-08-14,0,0,,,0,,
A010880,個人,退休人士,2026-03-12,0,0,,,0,,
A010881,個人,退休人士,2009-08-10,0,0,,,0,,
A010882,個人,退休人士,2011-03-01,0,0,,,0,,
A010883,個人,退休人士,2023-09-04,0,0,,,0,,
A010884,個人,退休人士,2011-07-20,0,0,,,0,,
A010885,個人,退休人士,2018-09-03,0,0,,,0,,
A010886,個人,退休人士,2017-07-05,0,0,,,0,,
A010887,個人,退休人士,2020-08-19,0,0,,,0,,
A010888,個人,退休人士,2016-10-27,0,0,,,0,,
A010889,個人,退休人士,2006-10-20,0,0,,,0,,
A010890,個人,退休人士,2011-01-18,0,0,,,0,,
A010891,個人,退休人士,2016-10-20,0,0,,,0,,
A010892,個人,退休人士,2023-02-20,0,0,,,0,,
A010893,個人,退休人士,2013-06-20,0,0,,,0,,
A010894,個人,退休人士,2018-12-10,0,0,,,0,,
A010895,個人,退休人士,2021-10-17,0,0,,,0,,
A010896,個人,退休人士,2016-04-06,0,0,,,0,,
A010897,個人,退休人士,2018-01-03,0,0,,,0,,
A010898,個人,退休人士,2012-12-05,0,0,,,0,,
A010899,個人,退休人士,2009-12-17,0,0,,,0,,
A010900,個人,退休人士,2010-04-30,0,0,,,0,,
A010901,個人,退休人士,2008-03-16,0,0,,,0,,
A010902,個人,退休人士,2010-06-29,0,0,,,0,,
A010903,個人,退休人士,2019-11-03,0,0,,,0,,
A010904,個人,退休人士,2026-03-16,0,0,,,0,,
A010905,個人,退休人士,2024-07-19,0,0,,,0,,
A010906,個人,退休人士,2013-10-04,0,0,,,0,,
A010907,個人,退休人士,2014-05-22,0,0,,,0,,
A010908,個人,退休人士,2015-07-24,0,0,,,0,,
A010909,個人,退休人士,2021-08-20,0,0,,,0,,
A010910,個人,退休人士,2013-08-18,0,0,,,0,,
A010911,個人,退休人士,2024-01-11,0,0,,,0,,
A010912,個人,退休人士,2010-08-13,0,0,,,0,,
A010913,個人,退休人士,2021-05-17,0,0,,,0,,
A010914,個人,退休人士,2026-02-07,0,0,,,0,,
A010915,個人,退休人士,2007-03-22,0,0,,,0,,
A010916,個人,退休人士,2020-09-06,0,0,,,0,,
A010917,個人,退休人士,2020-06-22,0,0,,,0,,
A010918,個人,退休人士,2023-02-12,0,0,,,0,,
A010919,個人,退休人士,2006-12-09,0,0,,,0,,
A010920,個人,退休人士,2024-03-30,0,0,,,0,,
A010921,個人,退休人士,2021-06-11,0,0,,,0,,
A010922,個人,退休人士,2012-11-24,0,0,,,0,,
A010923,個人,退休人士,2024-10-16,0,0,,,0,,
A010924,個人,退休人士,2019-03-27,0,0,,,0,,
A010925,個人,退休人士,2012-08-28,0,0,,,0,,
A010926,個人,退休人士,2011-07-30,0,0,,,0,,
A010927,個人,退休人士,2012-05-10,0,0,,,0,,
A010928,個人,退休人士,2020-10-21,1361,0,,,0,,
A010929,個人,退休人士,2017-01-19,0,0,,,0,,
A010930,個人,退休人士,2015-03-14,0,0,,,0,,
A010931,個人,退休人士,2016-05-06,0,0,,,0,,
A010932,個人,退休人士,2009-04-13,0,0,,,0,,
A010933,個人,退休人士,2015-07-19,0,0,,,0,,
A010934,個人,退休人士,2021-09-24,0,0,,,0,,
A010935,個人,退休人士,2007-07-20,0,0,,,0,,
A010936,個人,退休人士,2021-12-31,0,0,,,0,,
A010937,個人,退休人士,2024-06-12,0,0,,,0,,
A010938,個人,退休人士,2011-03-25,0,0,,,0,,
A010939,個人,退休人士,2020-01-16,0,0,,,0,,
A010940,個人,退休人士,2010-01-10,0,0,,,0,,
A010941,個人,退休人士,2012-04-23,0,0,,,0,,
A010942,個人,退休人士,2013-12-03,0,0,,,0,,
A010943,個人,退休人士,2012-07-18,0,0,,,0,,
A010944,個人,退休人士,2024-08-06,0,0,,,0,,
A010945,個人,退休人士,2022-10-25,0,0,,,0,,
A010946,個人,退休人士,2017-10-06,0,0,,,0,,
A010947,個人,退休人士,2021-10-10,0,0,,,0,,
A010948,個人,退休人士,2022-10-14,0,0,,,0,,
A010949,個人,退休人士,2023-12-07,0,0,,,0,,
A010950,個人,退休人士,2019-08-11,0,0,,,0,,
A010951,個人,退休人士,2014-04-17,0,0,,,0,,
A010952,個人,退休人士,2009-07-18,0,0,,,0,,
A010953,個人,退休人士,2017-03-16,0,0,,,0,,
A010954,個人,退休人士,2013-03-18,0,0,,,0,,
A010955,個人,退休人士,2022-09-10,0,0,,,0,,
A010956,個人,退休人士,2017-07-29,0,0,,,0,,
A010957,個人,退休人士,2020-02-10,0,0,,,0,,
A010958,個人,退休人士,2022-10-01,0,0,,,0,,
A010959,個人,退休人士,2026-04-26,0,0,,,0,,
A010960,個人,退休人士,2008-05-29,0,0,,,0,,
A010961,個人,退休人士,2022-01-30,0,0,,,0,,
A010962,個人,退休人士,2009-09-20,0,0,,,0,,
A010963,個人,退休人士,2014-05-15,0,0,,,0,,
A010964,個人,退休人士,2012-07-27,0,0,,,0,,
A010965,個人,退休人士,2016-03-13,0,0,,,0,,
A010966,個人,退休人士,2006-07-05,0,0,,,0,,
A010967,個人,退休人士,2009-08-11,0,0,,,0,,
A010968,個人,退休人士,2020-10-22,0,0,,,0,,
A010969,個人,退休人士,2010-06-06,0,0,,,0,,
A010970,個人,退休人士,2022-04-19,0,0,,,0,,
A010971,個人,退休人士,2012-09-30,0,0,,,0,,
A010972,個人,退休人士,2019-05-17,0,0,,,0,,
A010973,個人,退休人士,2006-04-06,0,0,,,0,,
A010974,個人,退休人士,2009-10-10,0,0,,,0,,
A010975,個人,退休人士,2018-08-28,0,0,,,0,,
A010976,個人,退休人士,2021-12-19,0,0,,,0,,
A010977,個人,退休人士,2012-08-27,0,0,,,0,,
A010978,個人,退休人士,2007-12-02,0,0,,,0,,
A010979,個人,退休人士,2007-10-13,0,0,,,0,,
A010980,個人,退休人士,2020-03-25,0,0,,,0,,
A010981,個人,退休人士,2021-11-07,0,0,,,0,,
A010982,個人,退休人士,2021-04-17,0,0,,,0,,
A010983,個人,退休人士,2019-04-17,0,0,,,0,,
A010984,個人,退休人士,2018-01-14,0,0,,,0,,
A010985,個人,退休人士,2020-04-09,0,0,,,0,,
A010986,個人,退休人士,2016-03-02,0,0,,,0,,
A010987,個人,退休人士,2015-07-23,0,0,,,0,,
A010988,個人,退休人士,2009-11-14,0,0,,,0,,
A010989,個人,退休人士,2022-11-26,0,0,,,0,,
A010990,個人,退休人士,2010-09-27,0,0,,,0,,
A010991,個人,退休人士,2007-02-23,0,0,,,0,,
A010992,個人,退休人士,2022-04-25,0,0,,,0,,
A010993,個人,退休人士,2020-12-12,0,0,,,0,,
A010994,個人,退休人士,2020-07-27,0,0,,,0,,
A010995,個人,退休人士,2023-11-02,0,0,,,0,,
A010996,個人,退休人士,2009-03-28,0,0,,,0,,
A010997,個人,退休人士,2017-09-05,0,0,,,0,,
A010998,個人,退休人士,2012-04-25,0,0,,,0,,
A010999,個人,退休人士,2016-02-27,0,0,,,0,,
A011000,個人,退休人士,2008-12-14,0,0,,,0,,
A011001,個人,退休人士,2009-03-23,0,0,,,0,,
A011002,個人,退休人士,2013-05-14,0,0,,,0,,
A011003,個人,退休人士,2026-05-07,0,0,,,0,,
A011004,個人,退休人士,2012-04-30,0,0,,,0,,
A011005,個人,退休人士,2017-06-21,0,0,,,0,,
A011006,個人,退休人士,2022-03-22,0,0,,,0,,
A011007,個人,退休人士,2009-07-17,0,0,,,0,,
A011008,個人,退休人士,2008-05-07,0,0,,,0,,
A011009,個人,退休人士,2024-08-28,0,0,,,0,,
A011010,個人,退休人士,2019-08-21,0,0,,,0,,
A011011,個人,退休人士,2008-03-29,0,0,,,0,,
A011012,個人,退休人士,2019-11-05,0,0,,,0,,
A011013,個人,退休人士,2024-10-01,0,0,,,0,,
A011014,個人,退休人士,2008-04-06,0,0,,,0,,
A011015,個人,退休人士,2017-06-30,0,0,,,0,,
A011016,個人,退休人士,2009-01-16,0,0,,,0,,
A011017,個人,退休人士,2024-07-28,0,0,,,0,,
A011018,個人,退休人士,2019-06-25,0,0,,,0,,
A011019,個人,退休人士,2007-03-08,0,0,,,0,,
A011020,個人,退休人士,2023-05-04,0,0,,,0,,
A011021,個人,退休人士,2024-07-25,0,0,,,0,,
A011022,個人,退休人士,2012-05-11,0,0,,,0,,
A011023,個人,退休人士,2014-11-09,0,0,,,0,,
A011024,個人,退休人士,2024-11-20,0,0,,,0,,
A011025,個人,退休人士,2007-03-26,0,0,,,0,,
A011026,個人,退休人士,2006-01-24,0,0,,,0,,
A011027,個人,退休人士,2022-08-03,0,0,,,0,,
A011028,個人,退休人士,2008-05-10,0,0,,,0,,
A011029,個人,退休人士,2021-10-21,0,0,,,0,,
A011030,個人,退休人士,2020-10-31,0,0,,,0,,
A011031,個人,退休人士,2021-10-23,0,0,,,0,,
A011032,個人,退休人士,2010-03-05,0,0,,,0,,
A011033,個人,退休人士,2006-08-26,0,0,,,0,,
A011034,個人,退休人士,2017-10-03,0,0,,,0,,
A011035,個人,退休人士,2014-03-17,0,0,,,0,,
A011036,個人,退休人士,2011-12-12,0,0,,,0,,
A011037,個人,退休人士,2017-06-17,0,0,,,0,,
A011038,個人,退休人士,2021-11-05,0,0,,,0,,
A011039,個人,退休人士,2016-09-07,0,0,,,0,,
A011040,個人,退休人士,2026-01-29,0,0,,,0,,
A011041,個人,退休人士,2022-04-29,0,0,,,0,,
A011042,個人,退休人士,2020-05-28,0,0,,,0,,
A011043,個人,退休人士,2020-07-11,0,0,,,0,,
A011044,個人,退休人士,2009-07-14,0,0,,,0,,
A011045,個人,退休人士,2008-11-19,0,0,,,0,,
A011046,個人,退休人士,2021-09-14,0,0,,,0,,
A011047,個人,退休人士,2007-07-16,0,0,,,0,,
A011048,個人,退休人士,2006-07-22,0,0,,,0,,
A011049,個人,退休人士,2009-09-24,0,0,,,0,,
A011050,個人,退休人士,2026-01-17,0,0,,,0,,
A011051,個人,退休人士,2011-11-28,0,0,,,0,,
A011052,個人,退休人士,2015-03-31,0,0,,,0,,
A011053,個人,退休人士,2010-11-10,0,0,,,0,,
A011054,個人,退休人士,2026-04-30,0,0,,,0,,
A011055,個人,退休人士,2015-10-23,0,0,,,0,,
A011056,個人,退休人士,2013-11-21,0,0,,,0,,
A011057,個人,退休人士,2022-09-11,0,0,,,0,,
A011058,個人,退休人士,2006-09-22,0,0,,,0,,
A011059,個人,退休人士,2013-04-23,0,0,,,0,,
A011060,個人,退休人士,2008-02-21,0,0,,,0,,
A011061,個人,退休人士,2011-02-02,0,0,,,0,,
A011062,個人,退休人士,2020-05-02,0,0,,,0,,
A011063,個人,退休人士,2010-03-12,0,0,,,0,,
A011064,個人,退休人士,2026-04-28,0,0,,,0,,
A011065,個人,退休人士,2016-04-28,0,0,,,0,,
A011066,個人,退休人士,2015-10-17,0,0,,,0,,
A011067,個人,退休人士,2023-11-24,0,0,,,0,,
A011068,個人,退休人士,2009-12-31,0,0,,,0,,
A011069,個人,退休人士,2015-07-19,0,0,,,0,,
A011070,個人,退休人士,2010-11-20,0,0,,,0,,
A011071,個人,退休人士,2022-08-06,0,0,,,0,,
A011072,個人,退休人士,2007-12-08,0,0,,,0,,
A011073,個人,退休人士,2010-05-11,0,0,,,0,,
A011074,個人,退休人士,2024-03-13,0,0,,,0,,
A011075,個人,退休人士,2016-07-06,0,0,,,0,,
A011076,個人,退休人士,2006-09-06,0,0,,,0,,
A011077,個人,退休人士,2008-04-23,0,0,,,0,,
A011078,個人,退休人士,2026-04-16,0,0,,,0,,
A011079,個人,退休人士,2012-10-13,0,0,,,0,,
A011080,個人,退休人士,2011-06-27,0,0,,,0,,
A011081,個人,退休人士,2023-08-12,0,0,,,0,,
A011082,個人,退休人士,2016-04-05,0,0,,,0,,
A011083,個人,退休人士,2013-01-27,0,0,,,0,,
A011084,個人,退休人士,2017-06-05,0,0,,,0,,
A011085,個人,退休人士,2011-11-25,0,0,,,0,,
A011086,個人,退休人士,2009-01-26,0,0,,,0,,
A011087,個人,退休人士,2007-07-13,0,0,,,0,,
A011088,個人,退休人士,2007-07-04,0,0,,,0,,
A011089,個人,退休人士,2018-07-12,0,0,,,0,,
A011090,個人,退休人士,2026-01-21,0,0,,,0,,
A011091,個人,退休人士,2016-11-05,0,0,,,0,,
A011092,個人,退休人士,2008-09-24,0,0,,,0,,
A011093,個人,退休人士,2009-01-12,0,0,,,0,,
A011094,個人,退休人士,2013-09-30,0,0,,,0,,
A011095,個人,退休人士,2012-08-22,0,0,,,0,,
A011096,個人,退休人士,2018-06-27,0,0,,,0,,
A011097,個人,退休人士,2017-07-28,0,0,,,0,,
A011098,個人,退休人士,2019-11-07,0,0,,,0,,
A011099,個人,退休人士,2021-03-28,0,0,,,0,,
A011100,個人,退休人士,2016-03-03,0,0,,,0,,
A011101,個人,退休人士,2011-07-07,0,0,,,0,,
A011102,個人,退休人士,2006-11-12,0,0,,,0,,
A011103,個人,退休人士,2020-08-12,0,0,,,0,,
A011104,個人,退休人士,2020-10-19,0,0,,,0,,
A011105,個人,退休人士,2016-03-07,0,0,,,0,,
A011106,個人,退休人士,2012-02-13,0,0,,,0,,
A011107,個人,退休人士,2020-05-21,0,0,,,0,,
A011108,個人,退休人士,2021-06-28,0,0,,,0,,
A011109,個人,退休人士,2022-12-27,0,0,,,0,,
A011110,個人,退休人士,2009-05-22,0,0,,,0,,
A011111,個人,退休人士,2006-06-22,0,0,,,0,,
A011112,個人,退休人士,2024-09-21,0,0,,,0,,
A011113,個人,退休人士,2015-06-09,0,0,,,0,,
A011114,個人,退休人士,2024-03-19,0,0,,,0,,
A011115,個人,退休人士,2006-12-17,0,0,,,0,,
A011116,個人,退休人士,2013-01-08,0,0,,,0,,
A011117,個人,退休人士,2019-06-16,0,0,,,0,,
A011118,個人,退休人士,2007-05-01,0,0,,,0,,
A011119,個人,退休人士,2023-05-04,0,0,,,0,,
A011120,個人,退休人士,2009-12-29,0,0,,,0,,
A011121,個人,退休人士,2013-01-01,0,0,,,0,,
A011122,個人,退休人士,2006-07-24,0,0,,,0,,
A011123,個人,退休人士,2010-05-30,0,0,,,0,,
A011124,個人,退休人士,2010-10-06,0,0,,,0,,
A011125,個人,退休人士,2014-12-23,0,0,,,0,,
A011126,個人,退休人士,2022-11-04,0,0,,,0,,
A011127,個人,退休人士,2015-01-25,0,0,,,0,,
A011128,個人,退休人士,2015-04-14,0,0,,,0,,
A011129,個人,退休人士,2015-12-21,0,0,,,0,,
A011130,個人,退休人士,2010-08-08,0,0,,,0,,
A011131,個人,退休人士,2007-11-11,0,0,,,0,,
A011132,個人,退休人士,2008-01-06,0,0,,,0,,
A011133,個人,退休人士,2007-05-09,0,0,,,0,,
A011134,個人,退休人士,2017-10-30,0,0,,,0,,
A011135,個人,退休人士,2017-05-26,0,0,,,0,,
A011136,個人,退休人士,2019-06-16,0,0,,,0,,
A011137,個人,退休人士,2015-03-07,0,0,,,0,,
A011138,個人,退休人士,2010-05-15,0,0,,,0,,
A011139,個人,退休人士,2007-10-15,0,0,,,0,,
A011140,個人,退休人士,2022-05-27,0,0,,,0,,
A011141,個人,退休人士,2007-11-07,0,0,,,0,,
A011142,個人,退休人士,2017-02-18,0,0,,,0,,
A011143,個人,退休人士,2011-10-15,0,0,,,0,,
A011144,個人,退休人士,2010-05-01,0,0,,,0,,
A011145,個人,退休人士,2017-01-09,0,0,,,0,,
A011146,個人,退休人士,2022-07-02,0,0,,,0,,
A011147,個人,退休人士,2022-10-01,0,0,,,0,,
A011148,個人,退休人士,2023-09-30,0,0,,,0,,
A011149,個人,退休人士,2006-05-16,0,0,,,0,,
A011150,個人,退休人士,2019-05-08,0,0,,,0,,
A011151,個人,退休人士,2008-11-17,0,0,,,0,,
A011152,個人,退休人士,2018-06-26,0,0,,,0,,
A011153,個人,退休人士,2009-06-09,0,0,,,0,,
A011154,個人,退休人士,2026-05-29,0,0,,,0,,
A011155,個人,退休人士,2022-03-16,0,0,,,0,,
A011156,個人,退休人士,2010-12-22,0,0,,,0,,
A011157,個人,退休人士,2020-07-27,0,0,,,0,,
A011158,個人,退休人士,2018-01-26,0,0,,,0,,
A011159,個人,退休人士,2017-07-12,0,0,,,0,,
A011160,個人,退休人士,2026-05-24,0,0,,,0,,
A011161,個人,退休人士,2024-02-25,0,0,,,0,,
A011162,個人,退休人士,2016-08-08,0,0,,,0,,
A011163,個人,退休人士,2022-10-25,0,0,,,0,,
A011164,個人,退休人士,2017-06-22,0,0,,,0,,
A011165,個人,退休人士,2018-07-19,0,0,,,0,,
A011166,個人,退休人士,2013-01-27,0,0,,,0,,
A011167,個人,退休人士,2019-09-09,0,0,,,0,,
A011168,個人,退休人士,2007-09-25,0,0,,,0,,
A011169,個人,退休人士,2017-12-18,0,0,,,0,,
A011170,個人,退休人士,2011-07-14,0,0,,,0,,
A011171,個人,退休人士,2012-09-22,0,0,,,0,,
A011172,個人,退休人士,2015-07-11,0,0,,,0,,
A011173,個人,退休人士,2022-06-19,0,0,,,0,,
A011174,個人,退休人士,2015-11-17,0,0,,,0,,
A011175,個人,退休人士,2013-05-14,0,0,,,0,,
A011176,個人,退休人士,2012-05-11,0,0,,,0,,
A011177,個人,退休人士,2010-12-23,0,0,,,0,,
A011178,個人,退休人士,2006-01-06,0,0,,,0,,
A011179,個人,退休人士,2013-06-01,1283,0,,,0,,
A011180,個人,退休人士,2023-07-04,0,0,,,0,,
A011181,個人,退休人士,2018-08-10,0,0,,,0,,
A011182,個人,退休人士,2008-05-17,0,0,,,0,,
A011183,個人,退休人士,2012-08-20,0,0,,,0,,
A011184,個人,退休人士,2010-02-17,0,0,,,0,,
A011185,個人,退休人士,2007-06-11,0,0,,,0,,
A011186,個人,退休人士,2026-05-22,0,0,,,0,,
A011187,個人,退休人士,2026-05-10,0,0,,,0,,
A011188,個人,退休人士,2023-04-26,0,0,,,0,,
A011189,個人,退休人士,2016-06-01,0,0,,,0,,
A011190,個人,退休人士,2024-04-30,0,0,,,0,,
A011191,個人,退休人士,2022-05-17,0,0,,,0,,
A011192,個人,退休人士,2010-11-01,0,0,,,0,,
A011193,個人,退休人士,2020-08-08,0,0,,,0,,
A011194,個人,退休人士,2008-03-04,0,0,,,0,,
A011195,個人,退休人士,2013-04-02,0,0,,,0,,
A011196,個人,退休人士,2009-07-02,0,0,,,0,,
A011197,個人,退休人士,2017-03-14,0,0,,,0,,
A011198,個人,退休人士,2020-10-14,0,0,,,0,,
A011199,個人,退休人士,2026-01-25,0,0,,,0,,
A011200,個人,退休人士,2019-05-21,0,0,,,0,,
A011201,個人,退休人士,2008-04-20,0,0,,,0,,
A011202,個人,退休人士,2021-10-10,0,0,,,0,,
A011203,個人,退休人士,2020-08-18,0,0,,,0,,
A011204,個人,退休人士,2007-02-19,0,0,,,0,,
A011205,個人,退休人士,2006-06-03,0,0,,,0,,
A011206,個人,退休人士,2024-06-05,0,0,,,0,,
A011207,個人,退休人士,2006-02-22,0,0,,,0,,
A011208,個人,退休人士,2018-01-17,0,0,,,0,,
A011209,個人,退休人士,2015-02-18,0,0,,,0,,
A011210,個人,退休人士,2020-06-26,0,0,,,0,,
A011211,個人,退休人士,2012-05-21,0,0,,,0,,
A011212,個人,退休人士,2018-11-02,0,0,,,0,,
A011213,個人,退休人士,2017-03-14,0,0,,,0,,
A011214,個人,退休人士,2018-07-22,0,0,,,0,,
A011215,個人,退休人士,2018-01-23,0,0,,,0,,
A011216,個人,退休人士,2026-03-08,0,0,,,0,,
A011217,個人,退休人士,2007-03-14,0,0,,,0,,
A011218,個人,退休人士,2017-01-20,0,0,,,0,,
A011219,個人,退休人士,2017-08-23,0,0,,,0,,
A011220,個人,退休人士,2006-03-02,0,0,,,0,,
A011221,個人,退休人士,2016-09-23,0,0,,,0,,
A011222,個人,退休人士,2006-10-20,0,0,,,0,,
A011223,個人,退休人士,2012-09-28,0,0,,,0,,
A011224,個人,退休人士,2014-03-14,0,0,,,0,,
A011225,個人,退休人士,2020-06-01,0,0,,,0,,
A011226,個人,退休人士,2012-09-12,0,0,,,0,,
A011227,個人,退休人士,2013-12-01,0,0,,,0,,
A011228,個人,退休人士,2013-01-17,0,0,,,0,,
A011229,個人,退休人士,2011-03-10,0,0,,,0,,
A011230,個人,退休人士,2007-05-14,0,0,,,0,,
A011231,個人,退休人士,2020-03-07,0,0,,,0,,
A011232,個人,退休人士,2007-09-28,0,0,,,0,,
A011233,個人,退休人士,2023-09-24,0,0,,,0,,
A011234,個人,退休人士,2008-09-07,0,0,,,0,,
A011235,個人,退休人士,2016-06-26,0,0,,,0,,
A011236,個人,退休人士,2016-06-25,0,0,,,0,,
A011237,個人,退休人士,2026-04-05,0,0,,,0,,
A011238,個人,退休人士,2017-01-11,0,0,,,0,,
A011239,個人,退休人士,2013-03-05,0,0,,,0,,
A011240,個人,退休人士,2016-05-24,0,0,,,0,,
A011241,個人,退休人士,2026-02-09,0,0,,,0,,
A011242,個人,退休人士,2022-10-03,0,0,,,0,,
A011243,個人,退休人士,2009-02-01,0,0,,,0,,
A011244,個人,退休人士,2007-03-20,0,0,,,0,,
A011245,個人,退休人士,2017-12-17,0,0,,,0,,
A011246,個人,退休人士,2020-10-13,0,0,,,0,,
A011247,個人,退休人士,2018-01-31,0,0,,,0,,
A011248,個人,退休人士,2012-03-03,0,0,,,0,,
A011249,個人,退休人士,2017-04-02,0,0,,,0,,
A011250,個人,退休人士,2008-06-05,0,0,,,0,,
A011251,個人,退休人士,2015-02-06,0,0,,,0,,
A011252,個人,退休人士,2010-08-19,0,0,,,0,,
A011253,個人,退休人士,2022-06-17,0,0,,,0,,
A011254,個人,退休人士,2009-10-02,0,0,,,0,,
A011255,個人,退休人士,2006-09-20,0,0,,,0,,
A011256,個人,退休人士,2009-07-21,0,0,,,0,,
A011257,個人,退休人士,2021-04-18,0,0,,,0,,
A011258,個人,退休人士,2019-01-22,0,0,,,0,,
A011259,個人,退休人士,2026-04-18,0,0,,,0,,
A011260,個人,退休人士,2015-06-16,0,0,,,0,,
A011261,個人,退休人士,2015-12-07,0,0,,,0,,
A011262,個人,退休人士,2008-05-26,0,0,,,0,,
A011263,個人,退休人士,2021-06-05,0,0,,,0,,
A011264,個人,退休人士,2019-07-13,0,0,,,0,,
A011265,個人,退休人士,2019-02-06,0,0,,,0,,
A011266,個人,退休人士,2018-11-25,0,0,,,0,,
A011267,個人,退休人士,2007-05-24,0,0,,,0,,
A011268,個人,退休人士,2017-04-19,0,0,,,0,,
A011269,個人,退休人士,2017-09-05,0,0,,,0,,
A011270,個人,退休人士,2013-06-29,0,0,,,0,,
A011271,個人,退休人士,2009-04-26,0,0,,,0,,
A011272,個人,退休人士,2014-01-24,0,0,,,0,,
A011273,個人,退休人士,2023-09-13,0,0,,,0,,
A011274,個人,退休人士,2012-07-09,0,0,,,0,,
A011275,個人,退休人士,2006-12-21,0,0,,,0,,
A011276,個人,退休人士,2023-12-24,0,0,,,0,,
A011277,個人,退休人士,2016-06-26,0,0,,,0,,
A011278,個人,退休人士,2016-01-30,0,0,,,0,,
A011279,個人,退休人士,2020-03-25,0,0,,,0,,
A011280,個人,退休人士,2015-10-05,0,0,,,0,,
A011281,個人,退休人士,2023-04-27,0,0,,,0,,
A011282,個人,退休人士,2026-02-14,0,0,,,0,,
A011283,個人,退休人士,2023-09-11,0,0,,,0,,
A011284,個人,退休人士,2006-04-30,0,0,,,0,,
A011285,個人,退休人士,2011-10-06,0,0,,,0,,
A011286,個人,退休人士,2019-03-29,0,0,,,0,,
A011287,個人,退休人士,2016-10-13,0,0,,,0,,
A011288,個人,退休人士,2006-12-14,0,0,,,0,,
A011289,個人,退休人士,2013-12-02,0,0,,,0,,
A011290,個人,退休人士,2012-09-14,0,0,,,0,,
A011291,個人,退休人士,2020-08-10,0,0,,,0,,
A011292,個人,退休人士,2016-11-29,0,0,,,0,,
A011293,個人,退休人士,2018-03-27,0,0,,,0,,
A011294,個人,退休人士,2009-03-21,0,0,,,0,,
A011295,個人,退休人士,2006-09-30,0,0,,,0,,
A011296,個人,退休人士,2008-01-09,0,0,,,0,,
A011297,個人,退休人士,2016-09-26,0,0,,,0,,
A011298,個人,退休人士,2024-10-22,0,0,,,0,,
A011299,個人,退休人士,2007-02-18,0,0,,,0,,
A011300,個人,退休人士,2021-04-04,0,0,,,0,,
A011301,個人,退休人士,2015-12-27,0,0,,,0,,
A011302,個人,退休人士,2008-09-16,0,0,,,0,,
A011303,個人,退休人士,2009-05-25,0,0,,,0,,
A011304,個人,退休人士,2018-07-03,0,0,,,0,,
A011305,個人,退休人士,2023-10-15,0,0,,,0,,
A011306,個人,退休人士,2011-04-14,0,0,,,0,,
A011307,個人,退休人士,2019-04-15,0,0,,,0,,
A011308,個人,退休人士,2013-07-23,0,0,,,0,,
A011309,個人,退休人士,2026-05-29,0,0,,,0,,
A011310,個人,退休人士,2010-08-18,0,0,,,0,,
A011311,個人,退休人士,2024-10-28,0,0,,,0,,
A011312,個人,退休人士,2026-04-16,0,0,,,0,,
A011313,個人,退休人士,2015-05-31,0,0,,,0,,
A011314,個人,退休人士,2020-11-12,0,0,,,0,,
A011315,個人,退休人士,2023-06-17,0,0,,,0,,
A011316,個人,退休人士,2019-12-10,0,0,,,0,,
A011317,個人,退休人士,2012-08-16,0,0,,,0,,
A011318,個人,退休人士,2007-07-05,0,0,,,0,,
A011319,個人,退休人士,2015-10-24,0,0,,,0,,
A011320,個人,退休人士,2009-06-27,0,0,,,0,,
A011321,個人,退休人士,2017-12-05,0,0,,,0,,
A011322,個人,退休人士,2017-04-11,0,0,,,0,,
A011323,個人,退休人士,2024-01-08,0,0,,,0,,
A011324,個人,退休人士,2010-02-23,0,0,,,0,,
A011325,個人,退休人士,2006-05-26,0,0,,,0,,
A011326,個人,退休人士,2008-03-06,0,0,,,0,,
A011327,個人,退休人士,2021-11-04,0,0,,,0,,
A011328,個人,退休人士,2023-06-19,0,0,,,0,,
A011329,個人,退休人士,2009-04-07,0,0,,,0,,
A011330,個人,退休人士,2012-07-01,0,0,,,0,,
A011331,個人,退休人士,2011-02-22,0,0,,,0,,
A011332,個人,退休人士,2010-09-11,0,0,,,0,,
A011333,個人,退休人士,2007-04-11,0,0,,,0,,
A011334,個人,退休人士,2018-10-20,0,0,,,0,,
A011335,個人,退休人士,2023-09-21,0,0,,,0,,
A011336,個人,退休人士,2010-09-07,0,0,,,0,,
A011337,個人,退休人士,2023-10-23,0,0,,,0,,
A011338,個人,退休人士,2012-09-22,0,0,,,0,,
A011339,個人,退休人士,2015-10-30,0,0,,,0,,
A011340,個人,退休人士,2012-09-10,0,0,,,0,,
A011341,個人,退休人士,2008-08-08,0,0,,,0,,
A011342,個人,退休人士,2018-02-14,0,0,,,0,,
A011343,個人,退休人士,2014-01-16,0,0,,,0,,
A011344,個人,退休人士,2016-12-15,0,0,,,0,,
A011345,個人,退休人士,2010-05-03,0,0,,,0,,
A011346,個人,退休人士,2022-03-04,0,0,,,0,,
A011347,個人,退休人士,2015-06-06,0,0,,,0,,
A011348,個人,退休人士,2007-04-04,0,0,,,0,,
A011349,個人,退休人士,2024-03-18,0,0,,,0,,
A011350,個人,退休人士,2018-01-13,0,0,,,0,,
A011351,個人,退休人士,2009-11-08,0,0,,,0,,
A011352,個人,退休人士,2022-11-08,0,0,,,0,,
A011353,個人,退休人士,2013-06-03,0,0,,,0,,
A011354,個人,退休人士,2024-10-15,0,0,,,0,,
A011355,個人,退休人士,2024-03-09,0,0,,,0,,
A011356,個人,退休人士,2019-06-11,0,0,,,0,,
A011357,個人,退休人士,2013-10-21,0,0,,,0,,
A011358,個人,退休人士,2009-04-23,0,0,,,0,,
A011359,個人,退休人士,2020-10-25,0,0,,,0,,
A011360,個人,退休人士,2020-09-20,0,0,,,0,,
A011361,個人,退休人士,2024-08-12,0,0,,,0,,
A011362,個人,退休人士,2012-10-06,0,0,,,0,,
A011363,個人,退休人士,2009-04-25,0,0,,,0,,
A011364,個人,退休人士,2022-10-09,0,0,,,0,,
A011365,個人,退休人士,2013-08-06,0,0,,,0,,
A011366,個人,退休人士,2012-04-20,0,0,,,0,,
A011367,個人,退休人士,2024-05-19,0,0,,,0,,
A011368,個人,退休人士,2008-01-21,0,0,,,0,,
A011369,個人,退休人士,2011-02-13,0,0,,,0,,
A011370,個人,退休人士,2008-10-25,0,0,,,0,,
A011371,個人,退休人士,2020-03-05,0,0,,,0,,
A011372,個人,退休人士,2021-01-24,0,0,,,0,,
A011373,個人,退休人士,2022-10-08,0,0,,,0,,
A011374,個人,退休人士,2026-03-26,0,0,,,0,,
A011375,個人,退休人士,2020-01-29,0,0,,,0,,
A011376,個人,退休人士,2008-04-28,0,0,,,0,,
A011377,個人,退休人士,2024-03-05,0,0,,,0,,
A011378,個人,退休人士,2011-04-22,0,0,,,0,,
A011379,個人,退休人士,2022-11-16,0,0,,,0,,
A011380,個人,退休人士,2020-09-07,0,0,,,0,,
A011381,個人,退休人士,2022-10-10,0,0,,,0,,
A011382,個人,退休人士,2026-04-11,0,0,,,0,,
A011383,個人,退休人士,2019-06-04,0,0,,,0,,
A011384,個人,退休人士,2014-06-06,0,0,,,0,,
A011385,個人,退休人士,2007-09-05,0,0,,,0,,
A011386,個人,退休人士,2009-03-28,0,0,,,0,,
A011387,個人,退休人士,2010-12-11,0,0,,,0,,
A011388,個人,退休人士,2017-10-01,0,0,,,0,,
A011389,個人,退休人士,2013-07-18,0,0,,,0,,
A011390,個人,退休人士,2015-05-06,1417,0,,,0,,
A011391,個人,退休人士,2021-06-26,0,0,,,0,,
A011392,個人,退休人士,2015-12-13,0,0,,,0,,
A011393,個人,退休人士,2021-08-11,0,0,,,0,,
A011394,個人,退休人士,2022-04-25,0,0,,,0,,
A011395,個人,退休人士,2014-11-16,0,0,,,0,,
A011396,個人,退休人士,2007-12-18,0,0,,,0,,
A011397,個人,退休人士,2006-10-21,0,0,,,0,,
A011398,個人,退休人士,2026-05-19,0,0,,,0,,
A011399,個人,退休人士,2013-02-08,0,0,,,0,,
A011400,個人,退休人士,2024-09-07,0,0,,,0,,
A011401,個人,退休人士,2010-12-11,0,0,,,0,,
A011402,個人,退休人士,2007-05-14,0,0,,,0,,
A011403,個人,退休人士,2026-03-27,0,0,,,0,,
A011404,個人,退休人士,2014-10-10,0,0,,,0,,
A011405,個人,退休人士,2006-09-21,0,0,,,0,,
A011406,個人,退休人士,2012-02-19,0,0,,,0,,
A011407,個人,退休人士,2026-01-18,0,0,,,0,,
A011408,個人,退休人士,2010-08-16,0,0,,,0,,
A011409,個人,退休人士,2007-01-05,0,0,,,0,,
A011410,個人,退休人士,2021-05-12,0,0,,,0,,
A011411,個人,退休人士,2023-03-09,0,0,,,0,,
A011412,個人,退休人士,2021-03-22,0,0,,,0,,
A011413,個人,退休人士,2014-08-26,0,0,,,0,,
A011414,個人,退休人士,2024-05-16,0,0,,,0,,
A011415,個人,退休人士,2016-06-05,0,0,,,0,,
A011416,個人,退休人士,2017-05-08,0,0,,,0,,
A011417,個人,退休人士,2019-10-26,0,0,,,0,,
A011418,個人,退休人士,2015-08-19,0,0,,,0,,
A011419,個人,退休人士,2020-05-23,0,0,,,0,,
A011420,個人,退休人士,2009-10-07,0,0,,,0,,
A011421,個人,退休人士,2019-10-02,0,0,,,0,,
A011422,個人,退休人士,2024-12-09,0,0,,,0,,
A011423,個人,退休人士,2019-12-10,0,0,,,0,,
A011424,個人,退休人士,2019-09-08,0,0,,,0,,
A011425,個人,退休人士,2012-03-06,0,0,,,0,,
A011426,個人,退休人士,2020-09-30,0,0,,,0,,
A011427,個人,退休人士,2019-05-02,0,0,,,0,,
A011428,個人,退休人士,2008-07-07,0,0,,,0,,
A011429,個人,退休人士,2022-10-29,0,0,,,0,,
A011430,個人,退休人士,2006-07-06,0,0,,,0,,
A011431,個人,退休人士,2012-05-07,0,0,,,0,,
A011432,個人,退休人士,2012-09-22,0,0,,,0,,
A011433,個人,退休人士,2012-09-02,0,0,,,0,,
A011434,個人,退休人士,2016-09-16,0,0,,,0,,
A011435,個人,退休人士,2024-05-03,0,0,,,0,,
A011436,個人,退休人士,2026-05-02,0,0,,,0,,
A011437,個人,退休人士,2022-05-02,0,0,,,0,,
A011438,個人,退休人士,2012-01-11,0,0,,,0,,
A011439,個人,退休人士,2018-08-15,0,0,,,0,,
A011440,個人,退休人士,2013-08-13,0,0,,,0,,
A011441,個人,退休人士,2021-09-07,0,0,,,0,,
A011442,個人,退休人士,2009-02-04,0,0,,,0,,
A011443,個人,退休人士,2017-01-25,0,0,,,0,,
A011444,個人,退休人士,2013-05-18,0,0,,,0,,
A011445,個人,退休人士,2019-09-16,0,0,,,0,,
A011446,個人,退休人士,2014-03-25,0,0,,,0,,
A011447,個人,退休人士,2019-11-04,0,0,,,0,,
A011448,個人,退休人士,2015-10-03,0,0,,,0,,
A011449,個人,退休人士,2023-04-18,0,0,,,0,,
A011450,個人,退休人士,2021-06-23,0,0,,,0,,
A011451,個人,退休人士,2019-05-30,0,0,,,0,,
A011452,個人,退休人士,2009-12-24,0,0,,,0,,
A011453,個人,退休人士,2006-08-11,0,0,,,0,,
A011454,個人,退休人士,2022-09-21,0,0,,,0,,
A011455,個人,退休人士,2016-10-21,0,0,,,0,,
A011456,個人,退休人士,2022-10-01,0,0,,,0,,
A011457,個人,退休人士,2026-05-15,0,0,,,0,,
A011458,個人,退休人士,2014-06-22,0,0,,,0,,
A011459,個人,退休人士,2022-08-10,0,0,,,0,,
A011460,個人,退休人士,2006-06-02,0,0,,,0,,
A011461,個人,退休人士,2010-12-06,0,0,,,0,,
A011462,個人,退休人士,2020-06-14,0,0,,,0,,
A011463,個人,退休人士,2012-05-31,0,0,,,0,,
A011464,個人,退休人士,2022-10-31,0,0,,,0,,
A011465,個人,退休人士,2018-12-04,0,0,,,0,,
A011466,個人,退休人士,2008-06-10,0,0,,,0,,
A011467,個人,退休人士,2017-07-01,0,0,,,0,,
A011468,個人,退休人士,2009-01-15,0,0,,,0,,
A011469,個人,退休人士,2007-08-09,0,0,,,0,,
A011470,個人,退休人士,2006-01-06,0,0,,,0,,
A011471,個人,退休人士,2012-07-28,0,0,,,0,,
A011472,個人,退休人士,2012-02-11,0,0,,,0,,
A011473,個人,退休人士,2019-09-24,0,0,,,0,,
A011474,個人,退休人士,2007-11-09,0,0,,,0,,
A011475,個人,退休人士,2022-05-31,0,0,,,0,,
A011476,個人,退休人士,2011-07-11,0,0,,,0,,
A011477,個人,退休人士,2015-04-21,0,0,,,0,,
A011478,個人,退休人士,2013-10-23,0,0,,,0,,
A011479,個人,退休人士,2020-03-18,0,0,,,0,,
A011480,個人,退休人士,2011-10-09,0,0,,,0,,
A011481,個人,退休人士,2024-05-09,0,0,,,0,,
A011482,個人,退休人士,2015-11-01,0,0,,,0,,
A011483,個人,退休人士,2015-06-15,0,0,,,0,,
A011484,個人,退休人士,2024-01-09,0,0,,,0,,
A011485,個人,退休人士,2021-12-25,0,0,,,0,,
A011486,個人,退休人士,2019-08-22,0,0,,,0,,
A011487,個人,退休人士,2016-07-09,0,0,,,0,,
A011488,個人,退休人士,2010-01-06,0,0,,,0,,
A011489,個人,退休人士,2009-06-23,0,0,,,0,,
A011490,個人,退休人士,2010-03-19,0,0,,,0,,
A011491,個人,退休人士,2024-11-07,0,0,,,0,,
A011492,個人,退休人士,2006-09-10,0,0,,,0,,
A011493,個人,退休人士,2018-01-21,0,0,,,0,,
A011494,個人,退休人士,2026-02-18,0,0,,,0,,
A011495,個人,退休人士,2022-06-29,0,0,,,0,,
A011496,個人,退休人士,2010-04-20,0,0,,,0,,
A011497,個人,退休人士,2007-07-05,0,0,,,0,,
A011498,個人,退休人士,2014-07-21,0,0,,,0,,
A011499,個人,退休人士,2011-09-25,0,0,,,0,,
A011500,個人,退休人士,2010-03-15,0,0,,,0,,
A011501,個人,退休人士,2006-07-24,0,0,,,0,,
A011502,個人,退休人士,2019-05-15,0,0,,,0,,
A011503,個人,退休人士,2006-09-01,0,0,,,0,,
A011504,個人,退休人士,2008-07-14,0,0,,,0,,
A011505,個人,退休人士,2016-08-28,0,0,,,0,,
A011506,個人,退休人士,2010-02-27,0,0,,,0,,
A011507,個人,退休人士,2021-08-20,0,0,,,0,,
A011508,個人,退休人士,2023-01-13,0,0,,,0,,
A011509,個人,退休人士,2018-07-23,0,0,,,0,,
A011510,個人,退休人士,2023-07-01,0,0,,,0,,
A011511,個人,退休人士,2022-01-09,0,0,,,0,,
A011512,個人,退休人士,2007-02-19,0,0,,,0,,
A011513,個人,退休人士,2008-07-01,0,0,,,0,,
A011514,個人,退休人士,2017-08-26,0,0,,,0,,
A011515,個人,退休人士,2015-08-31,0,0,,,0,,
A011516,個人,退休人士,2016-11-11,0,0,,,0,,
A011517,個人,退休人士,2020-01-07,0,0,,,0,,
A011518,個人,退休人士,2009-01-12,0,0,,,0,,
A011519,個人,退休人士,2011-07-06,0,0,,,0,,
A011520,個人,退休人士,2019-11-17,0,0,,,0,,
A011521,個人,退休人士,2019-04-15,0,0,,,0,,
A011522,個人,退休人士,2010-05-31,0,0,,,0,,
A011523,個人,退休人士,2023-03-15,0,0,,,0,,
A011524,個人,退休人士,2019-12-18,0,0,,,0,,
A011525,個人,退休人士,2022-06-19,0,0,,,0,,
A011526,個人,退休人士,2012-07-06,0,0,,,0,,
A011527,個人,退休人士,2008-06-23,0,0,,,0,,
A011528,個人,退休人士,2013-08-16,0,0,,,0,,
A011529,個人,退休人士,2019-09-14,0,0,,,0,,
A011530,個人,退休人士,2024-03-31,0,0,,,0,,
A011531,個人,退休人士,2023-09-22,0,0,,,0,,
A011532,個人,退休人士,2020-01-24,0,0,,,0,,
A011533,個人,退休人士,2024-10-03,0,0,,,0,,
A011534,個人,退休人士,2007-07-04,0,0,,,0,,
A011535,個人,退休人士,2012-07-20,0,0,,,0,,
A011536,個人,退休人士,2015-01-04,0,0,,,0,,
A011537,個人,退休人士,2013-07-10,0,0,,,0,,
A011538,個人,退休人士,2021-08-16,0,0,,,0,,
A011539,個人,退休人士,2011-02-18,0,0,,,0,,
A011540,個人,退休人士,2019-08-03,0,0,,,0,,
A011541,個人,退休人士,2009-01-23,0,0,,,0,,
A011542,個人,退休人士,2007-04-17,0,0,,,0,,
A011543,個人,退休人士,2012-04-01,0,0,,,0,,
A011544,個人,退休人士,2020-11-12,0,0,,,0,,
A011545,個人,退休人士,2016-04-07,0,0,,,0,,
A011546,個人,退休人士,2009-02-27,0,0,,,0,,
A011547,個人,退休人士,2010-09-03,0,0,,,0,,
A011548,個人,退休人士,2016-12-07,0,0,,,0,,
A011549,個人,退休人士,2014-06-21,0,0,,,0,,
A011550,個人,退休人士,2019-10-28,0,0,,,0,,
A011551,個人,退休人士,2019-08-07,0,0,,,0,,
A011552,個人,退休人士,2006-03-10,0,0,,,0,,
A011553,個人,退休人士,2016-07-08,0,0,,,0,,
A011554,個人,退休人士,2015-04-01,0,0,,,0,,
A011555,個人,退休人士,2016-03-13,0,0,,,0,,
A011556,個人,退休人士,2020-05-11,0,0,,,0,,
A011557,個人,退休人士,2015-12-02,0,0,,,0,,
A011558,個人,退休人士,2012-04-10,0,0,,,0,,
A011559,個人,退休人士,2013-01-18,0,0,,,0,,
A011560,個人,退休人士,2022-11-09,0,0,,,0,,
A011561,個人,退休人士,2020-09-28,0,0,,,0,,
A011562,個人,退休人士,2018-07-31,0,0,,,0,,
A011563,個人,退休人士,2024-11-11,0,0,,,0,,
A011564,個人,退休人士,2024-12-16,0,0,,,0,,
A011565,個人,退休人士,2011-07-25,0,0,,,0,,
A011566,個人,退休人士,2024-06-25,0,0,,,0,,
A011567,個人,退休人士,2012-04-11,0,0,,,0,,
A011568,個人,退休人士,2024-01-02,0,0,,,0,,
A011569,個人,退休人士,2013-10-17,0,0,,,0,,
A011570,個人,退休人士,2024-01-19,0,0,,,0,,
A011571,個人,退休人士,2006-10-09,0,0,,,0,,
A011572,個人,退休人士,2026-05-12,0,0,,,0,,
A011573,個人,退休人士,2012-02-11,0,0,,,0,,
A011574,個人,退休人士,2015-03-25,0,0,,,0,,
A011575,個人,退休人士,2018-02-12,0,0,,,0,,
A011576,個人,退休人士,2021-06-14,0,0,,,0,,
A011577,個人,退休人士,2018-04-11,0,0,,,0,,
A011578,個人,退休人士,2022-09-24,0,0,,,0,,
A011579,個人,退休人士,2023-10-28,0,0,,,0,,
A011580,個人,退休人士,2016-12-06,0,0,,,0,,
A011581,個人,退休人士,2019-08-29,0,0,,,0,,
A011582,個人,退休人士,2020-05-19,0,0,,,0,,
A011583,個人,退休人士,2013-03-29,0,0,,,0,,
A011584,個人,退休人士,2014-10-31,0,0,,,0,,
A011585,個人,退休人士,2020-08-16,0,0,,,0,,
A011586,個人,退休人士,2013-05-10,0,0,,,0,,
A011587,個人,退休人士,2010-08-22,0,0,,,0,,
A011588,個人,退休人士,2008-11-16,0,0,,,0,,
A011589,個人,退休人士,2008-01-03,0,0,,,0,,
A011590,個人,退休人士,2019-11-02,0,0,,,0,,
A011591,個人,退休人士,2009-01-14,0,0,,,0,,
A011592,個人,退休人士,2012-01-13,0,0,,,0,,
A011593,個人,退休人士,2011-12-12,0,0,,,0,,
A011594,個人,退休人士,2021-07-25,0,0,,,0,,
A011595,個人,退休人士,2024-05-14,0,0,,,0,,
A011596,個人,退休人士,2024-04-16,0,0,,,0,,
A011597,個人,退休人士,2021-01-28,0,0,,,0,,
A011598,個人,退休人士,2018-01-28,0,0,,,0,,
A011599,個人,退休人士,2016-08-12,0,0,,,0,,
A011600,個人,退休人士,2008-09-14,0,0,,,0,,
A011601,個人,退休人士,2013-08-19,0,0,,,0,,
A011602,個人,退休人士,2013-05-15,0,0,,,0,,
A011603,個人,退休人士,2021-02-04,0,0,,,0,,
A011604,個人,退休人士,2007-10-20,0,0,,,0,,
A011605,個人,退休人士,2016-09-04,0,0,,,0,,
A011606,個人,退休人士,2021-03-04,0,0,,,0,,
A011607,個人,退休人士,2018-08-08,0,0,,,0,,
A011608,個人,退休人士,2018-09-03,0,0,,,0,,
A011609,個人,退休人士,2015-08-23,0,0,,,0,,
A011610,個人,退休人士,2023-02-14,0,0,,,0,,
A011611,個人,退休人士,2006-02-07,0,0,,,0,,
A011612,個人,退休人士,2010-02-26,0,0,,,0,,
A011613,個人,退休人士,2014-07-27,0,0,,,0,,
A011614,個人,退休人士,2009-08-17,0,0,,,0,,
A011615,個人,退休人士,2008-07-27,0,0,,,0,,
A011616,個人,退休人士,2014-08-08,0,0,,,0,,
A011617,個人,退休人士,2020-10-13,0,0,,,0,,
A011618,個人,退休人士,2007-07-18,0,0,,,0,,
A011619,個人,退休人士,2020-08-14,0,0,,,0,,
A011620,個人,退休人士,2023-07-20,0,0,,,0,,
A011621,個人,退休人士,2015-11-12,0,0,,,0,,
A011622,個人,退休人士,2022-05-26,0,0,,,0,,
A011623,個人,退休人士,2013-06-26,0,0,,,0,,
A011624,個人,退休人士,2010-02-05,0,0,,,0,,
A011625,個人,退休人士,2010-10-05,0,0,,,0,,
A011626,個人,退休人士,2007-10-15,0,0,,,0,,
A011627,個人,退休人士,2024-05-26,0,0,,,0,,
A011628,個人,退休人士,2024-08-18,0,0,,,0,,
A011629,個人,退休人士,2006-11-03,0,0,,,0,,
A011630,個人,退休人士,2010-11-20,0,0,,,0,,
A011631,個人,退休人士,2021-12-24,0,0,,,0,,
A011632,個人,退休人士,2019-03-06,0,0,,,0,,
A011633,個人,退休人士,2024-03-27,0,0,,,0,,
A011634,個人,退休人士,2024-11-01,0,0,,,0,,
A011635,個人,退休人士,2021-11-29,0,0,,,0,,
A011636,個人,退休人士,2023-09-20,0,0,,,0,,
A011637,個人,退休人士,2018-06-06,0,0,,,0,,
A011638,個人,退休人士,2007-09-20,0,0,,,0,,
A011639,個人,退休人士,2023-06-08,0,0,,,0,,
A011640,個人,退休人士,2020-03-11,0,0,,,0,,
A011641,個人,退休人士,2008-07-07,0,0,,,0,,
A011642,個人,退休人士,2014-02-21,0,0,,,0,,
A011643,個人,退休人士,2016-10-01,0,0,,,0,,
A011644,個人,退休人士,2024-02-12,0,0,,,0,,
A011645,個人,退休人士,2024-10-11,0,0,,,0,,
A011646,個人,退休人士,2016-10-20,0,0,,,0,,
A011647,個人,退休人士,2022-05-12,0,0,,,0,,
A011648,個人,退休人士,2006-02-13,0,0,,,0,,
A011649,個人,退休人士,2023-05-18,0,0,,,0,,
A011650,個人,退休人士,2024-01-24,0,0,,,0,,
A011651,個人,退休人士,2011-05-11,0,0,,,0,,
A011652,個人,退休人士,2024-11-05,0,0,,,0,,
A011653,個人,退休人士,2013-05-14,0,0,,,0,,
A011654,個人,退休人士,2022-02-18,0,0,,,0,,
A011655,個人,退休人士,2011-10-05,0,0,,,0,,
A011656,個人,退休人士,2024-08-25,0,0,,,0,,
A011657,個人,退休人士,2026-03-30,0,0,,,0,,
A011658,個人,退休人士,2021-07-25,0,0,,,0,,
A011659,個人,退休人士,2013-01-16,0,0,,,0,,
A011660,個人,退休人士,2014-01-30,0,0,,,0,,
A011661,個人,退休人士,2013-05-23,0,0,,,0,,
A011662,個人,退休人士,2026-01-03,0,0,,,0,,
A011663,個人,退休人士,2008-07-29,0,0,,,0,,
A011664,個人,退休人士,2009-10-06,0,0,,,0,,
A011665,個人,退休人士,2021-01-09,0,0,,,0,,
A011666,個人,退休人士,2018-02-11,0,0,,,0,,
A011667,個人,退休人士,2012-06-09,0,0,,,0,,
A011668,個人,退休人士,2020-09-06,0,0,,,0,,
A011669,個人,退休人士,2014-12-14,0,0,,,0,,
A011670,個人,退休人士,2008-06-22,0,0,,,0,,
A011671,個人,退休人士,2010-11-01,0,0,,,0,,
A011672,個人,退休人士,2010-09-08,0,0,,,0,,
A011673,個人,退休人士,2019-04-06,0,0,,,0,,
A011674,個人,退休人士,2007-01-30,0,0,,,0,,
A011675,個人,退休人士,2008-04-04,0,0,,,0,,
A011676,個人,退休人士,2007-01-20,0,0,,,0,,
A011677,個人,退休人士,2018-06-08,0,0,,,0,,
A011678,個人,退休人士,2007-03-13,0,0,,,0,,
A011679,個人,退休人士,2015-07-04,0,0,,,0,,
A011680,個人,退休人士,2024-01-28,0,0,,,0,,
A011681,個人,退休人士,2009-03-19,0,0,,,0,,
A011682,個人,退休人士,2024-03-17,0,0,,,0,,
A011683,個人,退休人士,2017-06-07,0,0,,,0,,
A011684,個人,退休人士,2018-07-08,0,0,,,0,,
A011685,個人,退休人士,2018-05-18,0,0,,,0,,
A011686,個人,退休人士,2021-08-01,0,0,,,0,,
A011687,個人,退休人士,2014-06-14,0,0,,,0,,
A011688,個人,退休人士,2016-08-30,0,0,,,0,,
A011689,個人,退休人士,2009-01-26,0,0,,,0,,
A011690,個人,退休人士,2012-12-22,0,0,,,0,,
A011691,個人,退休人士,2014-08-16,0,0,,,0,,
A011692,個人,退休人士,2015-01-06,0,0,,,0,,
A011693,個人,退休人士,2020-12-20,0,0,,,0,,
A011694,個人,退休人士,2008-04-17,0,0,,,0,,
A011695,個人,退休人士,2007-09-24,0,0,,,0,,
A011696,個人,退休人士,2017-06-12,0,0,,,0,,
A011697,個人,退休人士,2023-12-23,0,0,,,0,,
A011698,個人,退休人士,2013-05-22,0,0,,,0,,
A011699,個人,退休人士,2019-06-16,0,0,,,0,,
A011700,個人,退休人士,2023-01-27,0,0,,,0,,
A011701,個人,退休人士,2021-11-19,0,0,,,0,,
A011702,個人,退休人士,2024-06-11,0,0,,,0,,
A011703,個人,退休人士,2013-08-11,0,0,,,0,,
A011704,個人,退休人士,2007-09-07,0,0,,,0,,
A011705,個人,退休人士,2006-02-26,0,0,,,0,,
A011706,個人,退休人士,2009-12-24,0,0,,,0,,
A011707,個人,退休人士,2006-03-25,0,0,,,0,,
A011708,個人,退休人士,2015-05-21,0,0,,,0,,
A011709,個人,退休人士,2018-06-05,0,0,,,0,,
A011710,個人,退休人士,2021-01-21,0,0,,,0,,
A011711,個人,退休人士,2010-10-11,0,0,,,0,,
A011712,個人,退休人士,2023-07-31,0,0,,,0,,
A011713,個人,退休人士,2006-03-18,0,0,,,0,,
A011714,個人,退休人士,2022-09-21,0,0,,,0,,
A011715,個人,退休人士,2010-02-11,0,0,,,0,,
A011716,個人,退休人士,2024-01-16,0,0,,,0,,
A011717,個人,退休人士,2024-10-06,0,0,,,0,,
A011718,個人,退休人士,2009-03-19,0,0,,,0,,
A011719,個人,退休人士,2015-12-12,0,0,,,0,,
A011720,個人,退休人士,2010-08-13,0,0,,,0,,
A011721,個人,退休人士,2014-03-11,0,0,,,0,,
A011722,個人,退休人士,2022-03-10,0,0,,,0,,
A011723,個人,退休人士,2017-05-21,0,0,,,0,,
A011724,個人,退休人士,2015-11-10,0,0,,,0,,
A011725,個人,退休人士,2006-11-27,0,0,,,0,,
A011726,個人,退休人士,2011-10-27,0,0,,,0,,
A011727,個人,退休人士,2022-08-17,0,0,,,0,,
A011728,個人,退休人士,2010-07-20,0,0,,,0,,
A011729,個人,退休人士,2008-10-03,0,0,,,0,,
A011730,個人,退休人士,2018-03-21,0,0,,,0,,
A011731,個人,退休人士,2019-05-04,0,0,,,0,,
A011732,個人,退休人士,2007-03-21,0,0,,,0,,
A011733,個人,退休人士,2009-05-26,0,0,,,0,,
A011734,個人,退休人士,2015-02-20,0,0,,,0,,
A011735,個人,退休人士,2016-02-18,0,0,,,0,,
A011736,個人,退休人士,2023-02-23,0,0,,,0,,
A011737,個人,退休人士,2014-04-18,0,0,,,0,,
A011738,個人,退休人士,2015-04-16,0,0,,,0,,
A011739,個人,退休人士,2013-06-11,0,0,,,0,,
A011740,個人,退休人士,2020-10-29,0,0,,,0,,
A011741,個人,退休人士,2014-03-24,0,0,,,0,,
A011742,個人,退休人士,2021-12-26,0,0,,,0,,
A011743,個人,退休人士,2023-09-27,0,0,,,0,,
A011744,個人,退休人士,2013-08-07,0,0,,,0,,
A011745,個人,退休人士,2019-03-05,0,0,,,0,,
A011746,個人,退休人士,2023-02-26,0,0,,,0,,
A011747,個人,退休人士,2016-01-04,0,0,,,0,,
A011748,個人,退休人士,2010-03-22,0,0,,,0,,
A011749,個人,退休人士,2023-10-23,0,0,,,0,,
A011750,個人,退休人士,2021-04-21,0,0,,,0,,
A011751,個人,退休人士,2013-06-11,0,0,,,0,,
A011752,個人,退休人士,2010-08-29,0,0,,,0,,
A011753,個人,退休人士,2019-10-08,0,0,,,0,,
A011754,個人,退休人士,2008-12-12,0,0,,,0,,
A011755,個人,退休人士,2008-12-27,0,0,,,0,,
A011756,個人,退休人士,2009-05-10,0,0,,,0,,
A011757,個人,退休人士,2014-03-14,0,0,,,0,,
A011758,個人,退休人士,2012-05-24,0,0,,,0,,
A011759,個人,退休人士,2019-08-08,0,0,,,0,,
A011760,個人,退休人士,2020-07-18,0,0,,,0,,
A011761,個人,退休人士,2008-07-08,0,0,,,0,,
A011762,個人,退休人士,2010-01-13,0,0,,,0,,
A011763,個人,自營業者,2022-06-21,0,0,,,0,,
A011764,個人,自營業者,2026-05-16,0,0,,,0,,
A011765,個人,自營業者,2019-03-05,0,0,,,0,,
A011766,個人,自營業者,2011-09-15,0,0,,,0,,
A011767,個人,自營業者,2014-06-04,0,0,,,0,,
A011768,個人,自營業者,2010-10-03,0,0,,,0,,
A011769,個人,自營業者,2015-01-01,0,0,,,0,,
A011770,個人,自營業者,2022-07-13,0,0,,,0,,
A011771,個人,自營業者,2016-07-29,0,0,,,0,,
A011772,個人,自營業者,2011-03-24,0,0,,,0,,
A011773,個人,自營業者,2017-04-28,0,0,,,0,,
A011774,個人,自營業者,2022-04-29,0,0,,,0,,
A011775,個人,自營業者,2018-01-24,0,0,,,0,,
A011776,個人,自營業者,2016-08-23,0,0,,,0,,
A011777,個人,自營業者,2024-05-07,0,0,,,0,,
A011778,個人,自營業者,2026-04-17,0,0,,,0,,
A011779,個人,自營業者,2016-09-11,0,0,,,0,,
A011780,個人,自營業者,2016-08-22,0,0,,,0,,
A011781,個人,自營業者,2015-04-07,0,0,,,0,,
A011782,個人,自營業者,2018-07-20,0,0,,,0,,
A011783,個人,自營業者,2026-03-07,0,0,,,0,,
A011784,個人,自營業者,2006-11-19,0,0,,,0,,
A011785,個人,自營業者,2012-03-26,0,0,,,0,,
A011786,個人,自營業者,2012-02-21,0,0,,,0,,
A011787,個人,自營業者,2017-04-22,0,0,,,0,,
A011788,個人,自營業者,2013-11-19,0,0,,,0,,
A011789,個人,自營業者,2012-05-14,0,0,,,0,,
A011790,個人,自營業者,2021-11-09,0,0,,,0,,
A011791,個人,自營業者,2007-08-31,0,0,,,0,,
A011792,個人,自營業者,2017-07-31,0,0,,,0,,
A011793,個人,自營業者,2013-12-20,0,0,,,0,,
A011794,個人,自營業者,2022-11-23,0,0,,,0,,
A011795,個人,自營業者,2026-05-05,0,0,,,0,,
A011796,個人,自營業者,2013-12-06,0,0,,,0,,
A011797,個人,自營業者,2017-04-01,0,0,,,0,,
A011798,個人,自營業者,2014-08-14,0,0,,,0,,
A011799,個人,自營業者,2009-06-05,0,0,,,0,,
A011800,個人,自營業者,2019-10-30,0,0,,,0,,
A011801,個人,自營業者,2021-07-13,0,0,,,0,,
A011802,個人,自營業者,2023-11-18,0,0,,,0,,
A011803,個人,自營業者,2017-12-01,0,0,,,0,,
A011804,個人,自營業者,2014-12-15,0,0,,,0,,
A011805,個人,自營業者,2015-12-06,0,0,,,0,,
A011806,個人,自營業者,2018-06-03,0,0,,,0,,
A011807,個人,自營業者,2016-09-13,0,0,,,0,,
A011808,個人,自營業者,2024-08-25,0,0,,,0,,
A011809,個人,自營業者,2018-10-07,0,0,,,0,,
A011810,個人,自營業者,2007-11-13,0,0,,,0,,
A011811,個人,自營業者,2021-04-06,0,0,,,0,,
A011812,個人,自營業者,2020-12-01,0,0,,,0,,
A011813,個人,自營業者,2007-08-13,0,0,,,0,,
A011814,個人,自營業者,2021-11-11,0,0,,,0,,
A011815,個人,自營業者,2016-09-01,0,0,,,0,,
A011816,個人,自營業者,2014-02-21,0,0,,,0,,
A011817,個人,自營業者,2011-05-24,0,0,,,0,,
A011818,個人,自營業者,2019-01-15,0,0,,,0,,
A011819,個人,自營業者,2022-08-28,0,0,,,0,,
A011820,個人,自營業者,2022-02-19,0,0,,,0,,
A011821,個人,自營業者,2026-02-07,0,0,,,0,,
A011822,個人,自營業者,2018-05-09,0,0,,,0,,
A011823,個人,自營業者,2006-04-13,0,0,,,0,,
A011824,個人,自營業者,2022-12-18,0,0,,,0,,
A011825,個人,自營業者,2016-04-10,0,0,,,0,,
A011826,個人,自營業者,2014-08-26,0,0,,,0,,
A011827,個人,自營業者,2020-04-19,0,0,,,0,,
A011828,個人,自營業者,2009-05-01,0,0,,,0,,
A011829,個人,自營業者,2006-10-12,0,0,,,0,,
A011830,個人,自營業者,2016-02-13,0,0,,,0,,
A011831,個人,自營業者,2017-03-30,0,0,,,0,,
A011832,個人,自營業者,2019-12-12,0,0,,,0,,
A011833,個人,自營業者,2014-08-13,0,0,,,0,,
A011834,個人,自營業者,2024-12-21,0,0,,,0,,
A011835,個人,自營業者,2010-11-27,0,0,,,0,,
A011836,個人,自營業者,2011-05-06,0,0,,,0,,
A011837,個人,自營業者,2012-08-20,0,0,,,0,,
A011838,個人,自營業者,2019-08-02,0,0,,,0,,
A011839,個人,自營業者,2009-05-18,0,0,,,0,,
A011840,個人,自營業者,2024-12-08,0,0,,,0,,
A011841,個人,自營業者,2020-07-08,0,0,,,0,,
A011842,個人,自營業者,2021-08-12,0,0,,,0,,
A011843,個人,自營業者,2006-10-15,0,0,,,0,,
A011844,個人,自營業者,2010-08-15,0,0,,,0,,
A011845,個人,自營業者,2020-10-05,0,0,,,0,,
A011846,個人,自營業者,2012-06-08,0,0,,,0,,
A011847,個人,自營業者,2006-09-05,0,0,,,0,,
A011848,個人,自營業者,2008-05-19,0,0,,,0,,
A011849,個人,自營業者,2022-09-12,0,0,,,0,,
A011850,個人,自營業者,2026-05-24,0,0,,,0,,
A011851,個人,自營業者,2024-06-27,0,0,,,0,,
A011852,個人,自營業者,2009-09-04,0,0,,,0,,
A011853,個人,自營業者,2015-10-17,0,0,,,0,,
A011854,個人,自營業者,2009-07-16,0,0,,,0,,
A011855,個人,自營業者,2010-12-19,0,0,,,0,,
A011856,個人,自營業者,2023-04-02,0,0,,,0,,
A011857,個人,自營業者,2019-08-09,0,0,,,0,,
A011858,個人,自營業者,2015-12-12,0,0,,,0,,
A011859,個人,自營業者,2008-11-08,0,0,,,0,,
A011860,個人,自營業者,2017-03-09,0,0,,,0,,
A011861,個人,自營業者,2023-01-31,0,0,,,0,,
A011862,個人,自營業者,2010-04-17,0,0,,,0,,
A011863,個人,自營業者,2026-02-27,0,0,,,0,,
A011864,個人,自營業者,2021-09-10,0,0,,,0,,
A011865,個人,自營業者,2026-02-10,0,0,,,0,,
A011866,個人,自營業者,2017-12-03,0,0,,,0,,
A011867,個人,自營業者,2023-07-14,0,0,,,0,,
A011868,個人,自營業者,2014-11-05,0,0,,,0,,
A011869,個人,自營業者,2011-08-11,0,0,,,0,,
A011870,個人,自營業者,2016-11-03,0,0,,,0,,
A011871,個人,自營業者,2017-08-22,0,0,,,0,,
A011872,個人,自營業者,2006-05-04,0,0,,,0,,
A011873,個人,自營業者,2015-12-17,0,0,,,0,,
A011874,個人,自營業者,2017-01-09,0,0,,,0,,
A011875,個人,自營業者,2017-06-29,0,0,,,0,,
A011876,個人,自營業者,2021-02-13,0,0,,,0,,
A011877,個人,自營業者,2007-10-18,0,0,,,0,,
A011878,個人,自營業者,2022-01-16,0,0,,,0,,
A011879,個人,自營業者,2014-04-10,0,0,,,0,,
A011880,個人,自營業者,2019-04-22,0,0,,,0,,
A011881,個人,自營業者,2018-06-01,0,0,,,0,,
A011882,個人,自營業者,2010-03-23,0,0,,,0,,
A011883,個人,自營業者,2012-08-19,0,0,,,0,,
A011884,個人,自營業者,2026-03-25,0,0,,,0,,
A011885,個人,自營業者,2024-11-05,0,0,,,0,,
A011886,個人,自營業者,2022-12-10,0,0,,,0,,
A011887,個人,自營業者,2012-10-02,0,0,,,0,,
A011888,個人,自營業者,2013-11-18,0,0,,,0,,
A011889,個人,自營業者,2017-06-01,0,0,,,0,,
A011890,個人,自營業者,2020-07-18,0,0,,,0,,
A011891,個人,自營業者,2012-04-17,0,0,,,0,,
A011892,個人,自營業者,2009-08-10,0,0,,,0,,
A011893,個人,自營業者,2015-09-05,0,0,,,0,,
A011894,個人,自營業者,2019-04-03,0,0,,,0,,
A011895,個人,自營業者,2019-02-13,0,0,,,0,,
A011896,個人,自營業者,2013-11-18,0,0,,,0,,
A011897,個人,自營業者,2021-12-07,0,0,,,0,,
A011898,個人,自營業者,2014-12-25,0,0,,,0,,
A011899,個人,自營業者,2016-04-01,0,0,,,0,,
A011900,個人,自營業者,2015-02-23,0,0,,,0,,
A011901,個人,自營業者,2023-01-09,0,0,,,0,,
A011902,個人,自營業者,2008-11-05,0,0,,,0,,
A011903,個人,自營業者,2022-01-26,0,0,,,0,,
A011904,個人,自營業者,2023-10-29,0,0,,,0,,
A011905,個人,自營業者,2026-05-06,0,0,,,0,,
A011906,個人,自營業者,2007-12-09,0,0,,,0,,
A011907,個人,自營業者,2012-08-24,0,0,,,0,,
A011908,個人,自營業者,2006-03-24,0,0,,,0,,
A011909,個人,自營業者,2006-07-06,0,0,,,0,,
A011910,個人,自營業者,2010-06-03,0,0,,,0,,
A011911,個人,自營業者,2012-12-12,0,0,,,0,,
A011912,個人,自營業者,2021-04-16,0,0,,,0,,
A011913,個人,自營業者,2006-12-20,0,0,,,0,,
A011914,個人,自營業者,2020-08-24,0,0,,,0,,
A011915,個人,自營業者,2006-01-22,0,0,,,0,,
A011916,個人,自營業者,2020-07-25,0,0,,,0,,
A011917,個人,自營業者,2009-04-30,0,0,,,0,,
A011918,個人,自營業者,2026-03-22,0,0,,,0,,
A011919,個人,自營業者,2014-08-11,0,0,,,0,,
A011920,個人,自營業者,2023-11-22,0,0,,,0,,
A011921,個人,自營業者,2013-05-04,0,0,,,0,,
A011922,個人,自營業者,2026-02-21,0,0,,,0,,
A011923,個人,自營業者,2023-08-17,0,0,,,0,,
A011924,個人,自營業者,2013-01-02,0,0,,,0,,
A011925,個人,自營業者,2012-08-03,0,0,,,0,,
A011926,個人,自營業者,2009-01-25,0,0,,,0,,
A011927,個人,自營業者,2011-03-10,0,0,,,0,,
A011928,個人,自營業者,2010-03-07,0,0,,,0,,
A011929,個人,自營業者,2009-10-17,0,0,,,0,,
A011930,個人,自營業者,2007-08-11,0,0,,,0,,
A011931,個人,自營業者,2023-03-26,0,0,,,0,,
A011932,個人,自營業者,2015-05-09,0,0,,,0,,
A011933,個人,自營業者,2017-12-29,0,0,,,0,,
A011934,個人,自營業者,2023-03-21,0,0,,,0,,
A011935,個人,自營業者,2016-05-15,0,0,,,0,,
A011936,個人,自營業者,2023-02-16,0,0,,,0,,
A011937,個人,自營業者,2007-09-14,0,0,,,0,,
A011938,個人,自營業者,2006-10-27,0,0,,,0,,
A011939,個人,自營業者,2008-06-16,0,0,,,0,,
A011940,個人,自營業者,2007-08-17,0,0,,,0,,
A011941,個人,自營業者,2018-04-23,0,0,,,0,,
A011942,個人,自營業者,2009-03-30,0,0,,,0,,
A011943,個人,自營業者,2008-11-04,0,0,,,0,,
A011944,個人,自營業者,2006-07-27,0,0,,,0,,
A011945,個人,自營業者,2013-05-25,0,0,,,0,,
A011946,個人,自營業者,2017-07-03,0,0,,,0,,
A011947,個人,自營業者,2023-05-05,0,0,,,0,,
A011948,個人,自營業者,2017-11-13,0,0,,,0,,
A011949,個人,自營業者,2006-08-12,0,0,,,0,,
A011950,個人,自營業者,2021-08-11,0,0,,,0,,
A011951,個人,自營業者,2016-08-11,0,0,,,0,,
A011952,個人,自營業者,2009-10-11,0,0,,,0,,
A011953,個人,自營業者,2022-06-15,0,0,,,0,,
A011954,個人,自營業者,2010-03-16,0,0,,,0,,
A011955,個人,自營業者,2010-06-14,0,0,,,0,,
A011956,個人,自營業者,2007-07-12,0,0,,,0,,
A011957,個人,自營業者,2026-03-11,0,0,,,0,,
A011958,個人,自營業者,2021-07-30,0,0,,,0,,
A011959,個人,自營業者,2016-09-04,0,0,,,0,,
A011960,個人,自營業者,2026-05-21,0,0,,,0,,
A011961,個人,自營業者,2017-08-29,0,0,,,0,,
A011962,個人,自營業者,2023-05-29,0,0,,,0,,
A011963,個人,自營業者,2024-01-06,0,0,,,0,,
A011964,個人,自營業者,2010-07-11,0,0,,,0,,
A011965,個人,自營業者,2015-02-19,0,0,,,0,,
A011966,個人,自營業者,2006-06-09,0,0,,,0,,
A011967,個人,自營業者,2017-02-10,0,0,,,0,,
A011968,個人,自營業者,2021-12-25,0,0,,,0,,
A011969,個人,自營業者,2019-03-14,0,0,,,0,,
A011970,個人,自營業者,2018-07-14,0,0,,,0,,
A011971,個人,自營業者,2016-07-24,0,0,,,0,,
A011972,個人,自營業者,2017-05-21,0,0,,,0,,
A011973,個人,自營業者,2013-11-10,0,0,,,0,,
A011974,個人,自營業者,2016-07-31,0,0,,,0,,
A011975,個人,自營業者,2024-02-17,0,0,,,0,,
A011976,個人,自營業者,2015-08-17,0,0,,,0,,
A011977,個人,自營業者,2018-12-04,0,0,,,0,,
A011978,個人,自營業者,2016-12-17,0,0,,,0,,
A011979,個人,自營業者,2013-11-22,0,0,,,0,,
A011980,個人,自營業者,2010-01-14,0,0,,,0,,
A011981,個人,自營業者,2019-06-14,0,0,,,0,,
A011982,個人,自營業者,2007-03-09,0,0,,,0,,
A011983,個人,自營業者,2020-09-17,0,0,,,0,,
A011984,個人,自營業者,2012-11-03,0,0,,,0,,
A011985,個人,自營業者,2022-08-14,0,0,,,0,,
A011986,個人,自營業者,2020-06-30,0,0,,,0,,
A011987,個人,自營業者,2019-11-12,0,0,,,0,,
A011988,個人,自營業者,2026-02-11,0,0,,,0,,
A011989,個人,自營業者,2013-03-05,0,0,,,0,,
A011990,個人,自營業者,2013-02-20,0,0,,,0,,
A011991,個人,自營業者,2017-02-26,0,0,,,0,,
A011992,個人,自營業者,2022-03-25,0,0,,,0,,
A011993,個人,自營業者,2024-04-01,0,0,,,0,,
A011994,個人,自營業者,2013-05-08,0,0,,,0,,
A011995,個人,自營業者,2008-05-06,0,0,,,0,,
A011996,個人,自營業者,2015-03-14,0,0,,,0,,
A011997,個人,自營業者,2016-06-24,0,0,,,0,,
A011998,個人,自營業者,2019-10-23,0,0,,,0,,
A011999,個人,自營業者,2013-07-16,0,0,,,0,,
A012000,個人,自營業者,2010-01-02,0,0,,,0,,
A012001,個人,自營業者,2024-12-16,0,0,,,0,,
A012002,個人,自營業者,2007-08-30,0,0,,,0,,
A012003,個人,自營業者,2022-01-10,0,0,,,0,,
A012004,個人,自營業者,2013-06-16,0,0,,,0,,
A012005,個人,自營業者,2016-09-15,0,0,,,0,,
A012006,個人,自營業者,2008-11-02,0,0,,,0,,
A012007,個人,自營業者,2008-06-24,0,0,,,0,,
A012008,個人,自營業者,2008-07-19,0,0,,,0,,
A012009,個人,自營業者,2026-05-28,0,0,,,0,,
A012010,個人,自營業者,2022-03-20,0,0,,,0,,
A012011,個人,自營業者,2015-07-28,0,0,,,0,,
A012012,個人,自營業者,2023-12-11,0,0,,,0,,
A012013,個人,自營業者,2023-09-28,0,0,,,0,,
A012014,個人,自營業者,2012-02-26,0,0,,,0,,
A012015,個人,自營業者,2006-07-14,0,0,,,0,,
A012016,個人,自營業者,2022-07-10,0,0,,,0,,
A012017,個人,自營業者,2018-10-19,0,0,,,0,,
A012018,個人,自營業者,2023-07-18,0,0,,,0,,
A012019,個人,自營業者,2026-05-01,0,0,,,0,,
A012020,個人,自營業者,2007-09-12,0,0,,,0,,
A012021,個人,自營業者,2010-07-04,0,0,,,0,,
A012022,個人,自營業者,2018-10-30,0,0,,,0,,
A012023,個人,自營業者,2017-07-10,0,0,,,0,,
A012024,個人,自營業者,2020-01-04,0,0,,,0,,
A012025,個人,自營業者,2016-09-22,0,0,,,0,,
A012026,個人,自營業者,2018-07-01,0,0,,,0,,
A012027,個人,自營業者,2008-07-26,0,0,,,0,,
A012028,個人,自營業者,2016-03-23,0,0,,,0,,
A012029,個人,自營業者,2011-09-09,0,0,,,0,,
A012030,個人,自營業者,2017-03-18,0,0,,,0,,
A012031,個人,自營業者,2009-06-05,0,0,,,0,,
A012032,個人,自營業者,2021-05-11,0,0,,,0,,
A012033,個人,自營業者,2015-04-15,0,0,,,0,,
A012034,個人,自營業者,2014-01-14,0,0,,,0,,
A012035,個人,自營業者,2018-05-15,0,0,,,0,,
A012036,個人,自營業者,2007-10-03,0,0,,,0,,
A012037,個人,自營業者,2007-11-11,0,0,,,0,,
A012038,個人,自營業者,2009-03-04,0,0,,,0,,
A012039,個人,自營業者,2009-04-26,0,0,,,0,,
A012040,個人,自營業者,2017-02-06,0,0,,,0,,
A012041,個人,自營業者,2010-09-06,0,0,,,0,,
A012042,個人,自營業者,2022-07-06,0,0,,,0,,
A012043,個人,自營業者,2011-03-23,0,0,,,0,,
A012044,個人,自營業者,2013-06-20,0,0,,,0,,
A012045,個人,自營業者,2016-04-20,0,0,,,0,,
A012046,個人,自營業者,2019-05-09,0,0,,,0,,
A012047,個人,自營業者,2013-11-16,0,0,,,0,,
A012048,個人,自營業者,2026-02-22,0,0,,,0,,
A012049,個人,自營業者,2011-01-13,0,0,,,0,,
A012050,個人,自營業者,2014-05-31,0,0,,,0,,
A012051,個人,自營業者,2018-08-17,0,0,,,0,,
A012052,個人,自營業者,2023-04-06,0,0,,,0,,
A012053,個人,自營業者,2026-05-11,0,0,,,0,,
A012054,個人,自營業者,2023-12-30,0,0,,,0,,
A012055,個人,自營業者,2016-01-21,0,0,,,0,,
A012056,個人,自營業者,2007-08-05,0,0,,,0,,
A012057,個人,自營業者,2026-02-15,0,0,,,0,,
A012058,個人,自營業者,2011-08-25,0,0,,,0,,
A012059,個人,自營業者,2015-01-27,0,0,,,0,,
A012060,個人,自營業者,2022-12-02,0,0,,,0,,
A012061,個人,自營業者,2011-03-04,0,0,,,0,,
A012062,個人,自營業者,2009-08-25,0,0,,,0,,
A012063,個人,自營業者,2012-05-17,0,0,,,0,,
A012064,個人,自營業者,2010-12-03,0,0,,,0,,
A012065,個人,自營業者,2007-08-25,0,0,,,0,,
A012066,個人,自營業者,2022-11-19,0,0,,,0,,
A012067,個人,自營業者,2007-09-01,0,0,,,0,,
A012068,個人,自營業者,2022-02-10,0,0,,,0,,
A012069,個人,自營業者,2023-11-12,0,0,,,0,,
A012070,個人,自營業者,2011-03-10,0,0,,,0,,
A012071,個人,自營業者,2024-01-24,0,0,,,0,,
A012072,個人,自營業者,2018-10-27,0,0,,,0,,
A012073,個人,自營業者,2013-01-22,0,0,,,0,,
A012074,個人,自營業者,2020-12-27,0,0,,,0,,
A012075,個人,自營業者,2014-09-27,0,0,,,0,,
A012076,個人,自營業者,2010-10-05,0,0,,,0,,
A012077,個人,自營業者,2017-11-01,0,0,,,0,,
A012078,個人,自營業者,2022-11-16,0,0,,,0,,
A012079,個人,自營業者,2019-03-20,0,0,,,0,,
A012080,個人,自營業者,2015-04-03,0,0,,,0,,
A012081,個人,自營業者,2022-10-09,0,0,,,0,,
A012082,個人,自營業者,2008-07-14,0,0,,,0,,
A012083,個人,自營業者,2021-10-28,0,0,,,0,,
A012084,個人,自營業者,2012-11-16,0,0,,,0,,
A012085,個人,自營業者,2009-03-23,0,0,,,0,,
A012086,個人,自營業者,2012-02-29,0,0,,,0,,
A012087,個人,自營業者,2019-06-28,0,0,,,0,,
A012088,個人,自營業者,2008-08-17,0,0,,,0,,
A012089,個人,自營業者,2019-01-07,0,0,,,0,,
A012090,個人,自營業者,2007-10-17,0,0,,,0,,
A012091,個人,自營業者,2016-01-08,0,0,,,0,,
A012092,個人,自營業者,2017-06-14,0,0,,,0,,
A012093,個人,自營業者,2018-11-22,0,0,,,0,,
A012094,個人,自營業者,2019-05-23,0,0,,,0,,
A012095,個人,自營業者,2008-10-25,0,0,,,0,,
A012096,個人,自營業者,2023-09-07,0,0,,,0,,
A012097,個人,自營業者,2014-05-06,0,0,,,0,,
A012098,個人,自營業者,2019-12-25,0,0,,,0,,
A012099,個人,自營業者,2018-06-08,0,0,,,0,,
A012100,個人,自營業者,2022-05-23,0,0,,,0,,
A012101,個人,自營業者,2009-04-07,0,0,,,0,,
A012102,個人,自營業者,2013-07-07,0,0,,,0,,
A012103,個人,自營業者,2007-03-27,0,0,,,0,,
A012104,個人,自營業者,2007-09-19,0,0,,,0,,
A012105,個人,自營業者,2018-08-02,0,0,,,0,,
A012106,個人,自營業者,2011-02-17,0,0,,,0,,
A012107,個人,自營業者,2017-03-30,0,0,,,0,,
A012108,個人,自營業者,2012-09-19,0,0,,,0,,
A012109,個人,自營業者,2008-01-17,0,0,,,0,,
A012110,個人,自營業者,2026-04-12,0,0,,,0,,
A012111,個人,自營業者,2022-06-24,0,0,,,0,,
A012112,個人,自營業者,2015-08-13,0,0,,,0,,
A012113,個人,自營業者,2019-07-01,0,0,,,0,,
A012114,個人,自營業者,2019-11-29,0,0,,,0,,
A012115,個人,自營業者,2019-04-19,0,0,,,0,,
A012116,個人,自營業者,2016-12-26,0,0,,,0,,
A012117,個人,自營業者,2013-11-07,0,0,,,0,,
A012118,個人,自營業者,2007-11-21,0,0,,,0,,
A012119,個人,自營業者,2011-03-27,0,0,,,0,,
A012120,個人,自營業者,2023-11-02,0,0,,,0,,
A012121,個人,自營業者,2017-01-07,0,0,,,0,,
A012122,個人,自營業者,2016-05-02,0,0,,,0,,
A012123,個人,自營業者,2009-01-06,0,0,,,0,,
A012124,個人,自營業者,2010-09-30,0,0,,,0,,
A012125,個人,自營業者,2021-06-05,0,0,,,0,,
A012126,個人,自營業者,2009-07-04,0,0,,,0,,
A012127,個人,自營業者,2024-10-22,0,0,,,0,,
A012128,個人,自營業者,2026-02-01,0,0,,,0,,
A012129,個人,自營業者,2008-09-22,0,0,,,0,,
A012130,個人,自營業者,2011-03-13,0,0,,,0,,
A012131,個人,自營業者,2017-11-15,0,0,,,0,,
A012132,個人,自營業者,2019-04-25,0,0,,,0,,
A012133,個人,自營業者,2010-06-11,0,0,,,0,,
A012134,個人,自營業者,2021-06-01,0,0,,,0,,
A012135,個人,自營業者,2020-07-16,0,0,,,0,,
A012136,個人,自營業者,2009-08-15,0,0,,,0,,
A012137,個人,自營業者,2008-05-31,0,0,,,0,,
A012138,個人,自營業者,2024-02-03,0,0,,,0,,
A012139,個人,自營業者,2021-02-10,0,0,,,0,,
A012140,個人,自營業者,2024-06-23,0,0,,,0,,
A012141,個人,自營業者,2013-06-24,0,0,,,0,,
A012142,個人,自營業者,2017-10-09,0,0,,,0,,
A012143,個人,自營業者,2006-01-16,0,0,,,0,,
A012144,個人,自營業者,2012-12-09,0,0,,,0,,
A012145,個人,自營業者,2023-11-25,0,0,,,0,,
A012146,個人,自營業者,2013-09-27,0,0,,,0,,
A012147,個人,自營業者,2022-02-24,0,0,,,0,,
A012148,個人,自營業者,2020-04-10,0,0,,,0,,
A012149,個人,自營業者,2017-01-03,0,0,,,0,,
A012150,個人,自營業者,2007-07-02,0,0,,,0,,
A012151,個人,自營業者,2020-04-03,0,0,,,0,,
A012152,個人,自營業者,2021-04-08,0,0,,,0,,
A012153,個人,自營業者,2024-03-31,0,0,,,0,,
A012154,個人,自營業者,2008-01-11,0,0,,,0,,
A012155,個人,自營業者,2012-04-20,0,0,,,0,,
A012156,個人,自營業者,2024-10-31,0,0,,,0,,
A012157,個人,自營業者,2017-10-06,0,0,,,0,,
A012158,個人,自營業者,2023-05-20,0,0,,,0,,
A012159,個人,自營業者,2019-08-02,0,0,,,0,,
A012160,個人,自營業者,2008-12-24,0,0,,,0,,
A012161,個人,自營業者,2013-02-04,0,0,,,0,,
A012162,個人,自營業者,2016-10-12,0,0,,,0,,
A012163,個人,自營業者,2014-04-20,0,0,,,0,,
A012164,個人,自營業者,2014-04-06,0,0,,,0,,
A012165,個人,自營業者,2017-03-22,0,0,,,0,,
A012166,個人,自營業者,2020-02-22,0,0,,,0,,
A012167,個人,自營業者,2017-01-12,0,0,,,0,,
A012168,個人,自營業者,2012-01-26,0,0,,,0,,
A012169,個人,自營業者,2022-04-01,0,0,,,0,,
A012170,個人,自營業者,2013-03-02,0,0,,,0,,
A012171,個人,自營業者,2012-06-17,0,0,,,0,,
A012172,個人,自營業者,2018-12-15,0,0,,,0,,
A012173,個人,自營業者,2008-05-07,0,0,,,0,,
A012174,個人,自營業者,2026-02-09,0,0,,,0,,
A012175,個人,自營業者,2026-05-10,0,0,,,0,,
A012176,個人,自營業者,2026-02-09,0,0,,,0,,
A012177,個人,自營業者,2011-01-01,0,0,,,0,,
A012178,個人,自營業者,2017-10-19,0,0,,,0,,
A012179,個人,自營業者,2014-07-02,0,0,,,0,,
A012180,個人,自營業者,2013-08-16,0,0,,,0,,
A012181,個人,自營業者,2009-04-14,0,0,,,0,,
A012182,個人,自營業者,2018-05-11,0,0,,,0,,
A012183,個人,自營業者,2017-10-26,0,0,,,0,,
A012184,個人,自營業者,2014-11-12,0,0,,,0,,
A012185,個人,自營業者,2023-01-09,0,0,,,0,,
A012186,個人,自營業者,2022-06-26,0,0,,,0,,
A012187,個人,自營業者,2016-01-29,0,0,,,0,,
A012188,個人,自營業者,2018-01-03,0,0,,,0,,
A012189,個人,自營業者,2007-07-21,0,0,,,0,,
A012190,個人,自營業者,2007-08-29,0,0,,,0,,
A012191,個人,自營業者,2015-07-22,0,0,,,0,,
A012192,個人,自營業者,2012-10-10,0,0,,,0,,
A012193,個人,自營業者,2010-10-23,0,0,,,0,,
A012194,個人,自營業者,2018-12-26,0,0,,,0,,
A012195,個人,自營業者,2014-01-27,0,0,,,0,,
A012196,個人,自營業者,2007-04-27,0,0,,,0,,
A012197,個人,自營業者,2024-05-26,0,0,,,0,,
A012198,個人,自營業者,2023-07-25,0,0,,,0,,
A012199,個人,自營業者,2013-04-05,0,0,,,0,,
A012200,個人,自營業者,2008-09-15,0,0,,,0,,
A012201,個人,自營業者,2014-11-07,0,0,,,0,,
A012202,個人,自營業者,2018-11-22,0,0,,,0,,
A012203,個人,自營業者,2021-06-25,0,0,,,0,,
A012204,個人,自營業者,2018-05-19,0,0,,,0,,
A012205,個人,自營業者,2018-03-11,0,0,,,0,,
A012206,個人,自營業者,2015-07-26,0,0,,,0,,
A012207,個人,自營業者,2016-10-06,0,0,,,0,,
A012208,個人,自營業者,2026-04-22,0,0,,,0,,
A012209,個人,自營業者,2006-10-15,0,0,,,0,,
A012210,個人,自營業者,2021-10-07,0,0,,,0,,
A012211,個人,自營業者,2017-08-23,0,0,,,0,,
A012212,個人,自營業者,2011-11-18,0,0,,,0,,
A012213,個人,自營業者,2022-06-18,0,0,,,0,,
A012214,個人,自營業者,2012-08-19,0,0,,,0,,
A012215,個人,自營業者,2012-02-29,0,0,,,0,,
A012216,個人,自營業者,2024-04-28,0,0,,,0,,
A012217,個人,自營業者,2021-05-22,0,0,,,0,,
A012218,個人,自營業者,2016-02-20,0,0,,,0,,
A012219,個人,自營業者,2006-10-25,0,0,,,0,,
A012220,個人,自營業者,2026-01-14,0,0,,,0,,
A012221,個人,自營業者,2011-04-30,0,0,,,0,,
A012222,個人,自營業者,2015-01-15,0,0,,,0,,
A012223,個人,自營業者,2015-01-06,0,0,,,0,,
A012224,個人,自營業者,2011-02-18,0,0,,,0,,
A012225,個人,自營業者,2012-01-09,0,0,,,0,,
A012226,個人,自營業者,2024-03-21,0,0,,,0,,
A012227,個人,自營業者,2006-06-02,0,0,,,0,,
A012228,個人,自營業者,2016-08-09,0,0,,,0,,
A012229,個人,自營業者,2022-01-11,0,0,,,0,,
A012230,個人,自營業者,2006-10-12,0,0,,,0,,
A012231,個人,自營業者,2019-05-19,0,0,,,0,,
A012232,個人,自營業者,2010-08-25,0,0,,,0,,
A012233,個人,自營業者,2014-10-05,0,0,,,0,,
A012234,個人,自營業者,2009-01-15,0,0,,,0,,
A012235,個人,自營業者,2014-07-10,0,0,,,0,,
A012236,個人,自營業者,2026-05-04,0,0,,,0,,
A012237,個人,自營業者,2016-06-18,0,0,,,0,,
A012238,個人,自營業者,2022-03-26,0,0,,,0,,
A012239,個人,自營業者,2023-03-22,0,0,,,0,,
A012240,個人,自營業者,2016-05-14,0,0,,,0,,
A012241,個人,自營業者,2013-01-24,0,0,,,0,,
A012242,個人,自營業者,2011-03-30,0,0,,,0,,
A012243,個人,自營業者,2021-06-12,0,0,,,0,,
A012244,個人,自營業者,2021-03-08,0,0,,,0,,
A012245,個人,自營業者,2007-10-05,0,0,,,0,,
A012246,個人,自營業者,2023-04-06,0,0,,,0,,
A012247,個人,自營業者,2022-02-01,0,0,,,0,,
A012248,個人,自營業者,2006-05-07,0,0,,,0,,
A012249,個人,自營業者,2021-05-25,0,0,,,0,,
A012250,個人,自營業者,2010-10-14,0,0,,,0,,
A012251,個人,自營業者,2006-11-17,0,0,,,0,,
A012252,個人,自營業者,2026-03-08,0,0,,,0,,
A012253,個人,自營業者,2026-04-24,0,0,,,0,,
A012254,個人,自營業者,2012-04-16,0,0,,,0,,
A012255,個人,自營業者,2017-01-26,0,0,,,0,,
A012256,個人,自營業者,2024-11-03,0,0,,,0,,
A012257,個人,自營業者,2020-03-20,0,0,,,0,,
A012258,個人,自營業者,2012-06-18,0,0,,,0,,
A012259,個人,自營業者,2009-01-23,0,0,,,0,,
A012260,個人,自營業者,2010-04-30,0,0,,,0,,
A012261,個人,自營業者,2006-10-11,0,0,,,0,,
A012262,個人,自營業者,2009-01-13,0,0,,,0,,
A012263,個人,自營業者,2023-06-05,0,0,,,0,,
A012264,個人,自營業者,2011-01-01,0,0,,,0,,
A012265,個人,自營業者,2013-11-13,0,0,,,0,,
A012266,個人,自營業者,2007-07-17,0,0,,,0,,
A012267,個人,自營業者,2017-03-05,0,0,,,0,,
A012268,個人,自營業者,2009-02-16,0,0,,,0,,
A012269,個人,自營業者,2012-07-02,0,0,,,0,,
A012270,個人,自營業者,2006-03-04,0,0,,,0,,
A012271,個人,自營業者,2006-07-23,0,0,,,0,,
A012272,個人,自營業者,2012-04-30,0,0,,,0,,
A012273,個人,自營業者,2012-12-06,0,0,,,0,,
A012274,個人,自營業者,2018-09-07,0,0,,,0,,
A012275,個人,自營業者,2006-04-17,0,0,,,0,,
A012276,個人,自營業者,2009-10-05,0,0,,,0,,
A012277,個人,自營業者,2006-06-13,0,0,,,0,,
A012278,個人,自營業者,2026-05-10,0,0,,,0,,
A012279,個人,自營業者,2011-02-09,0,0,,,0,,
A012280,個人,自營業者,2011-08-18,0,0,,,0,,
A012281,個人,自營業者,2007-03-15,0,0,,,0,,
A012282,個人,自營業者,2010-07-20,0,0,,,0,,
A012283,個人,自營業者,2011-11-24,0,0,,,0,,
A012284,個人,自營業者,2011-01-17,0,0,,,0,,
A012285,個人,自營業者,2019-06-12,0,0,,,0,,
A012286,個人,自營業者,2018-09-03,0,0,,,0,,
A012287,個人,自營業者,2022-11-09,0,0,,,0,,
A012288,個人,自營業者,2010-12-07,0,0,,,0,,
A012289,個人,自營業者,2024-12-28,0,0,,,0,,
A012290,個人,自營業者,2023-04-23,0,0,,,0,,
A012291,個人,自營業者,2023-04-21,0,0,,,0,,
A012292,個人,自營業者,2014-01-08,0,0,,,0,,
A012293,個人,自營業者,2011-06-04,0,0,,,0,,
A012294,個人,自營業者,2019-01-09,0,0,,,0,,
A012295,個人,自營業者,2021-08-05,0,0,,,0,,
A012296,個人,自營業者,2012-08-01,0,0,,,0,,
A012297,個人,自營業者,2020-11-09,0,0,,,0,,
A012298,個人,自營業者,2017-06-06,0,0,,,0,,
A012299,個人,自營業者,2014-02-21,0,0,,,0,,
A012300,個人,自營業者,2018-09-09,0,0,,,0,,
A012301,個人,自營業者,2017-09-24,0,0,,,0,,
A012302,個人,自營業者,2016-10-30,0,0,,,0,,
A012303,個人,自營業者,2016-12-18,0,0,,,0,,
A012304,個人,自營業者,2023-12-19,0,0,,,0,,
A012305,個人,自營業者,2016-06-04,0,0,,,0,,
A012306,個人,自營業者,2017-05-31,0,0,,,0,,
A012307,個人,自營業者,2022-02-05,0,0,,,0,,
A012308,個人,自營業者,2013-05-19,0,0,,,0,,
A012309,個人,自營業者,2021-04-23,0,0,,,0,,
A012310,個人,自營業者,2009-06-20,0,0,,,0,,
A012311,個人,自營業者,2018-07-13,0,0,,,0,,
A012312,個人,自營業者,2024-02-23,0,0,,,0,,
A012313,個人,自營業者,2013-02-08,0,0,,,0,,
A012314,個人,自營業者,2026-03-21,0,0,,,0,,
A012315,個人,自營業者,2006-03-18,0,0,,,0,,
A012316,個人,自營業者,2023-10-14,0,0,,,0,,
A012317,個人,自營業者,2009-03-24,0,0,,,0,,
A012318,個人,自營業者,2011-11-10,0,0,,,0,,
A012319,個人,自營業者,2015-08-15,0,0,,,0,,
A012320,個人,自營業者,2015-07-30,0,0,,,0,,
A012321,個人,自營業者,2014-07-13,0,0,,,0,,
A012322,個人,自營業者,2006-08-15,0,0,,,0,,
A012323,個人,自營業者,2022-07-16,0,0,,,0,,
A012324,個人,自營業者,2019-03-10,0,0,,,0,,
A012325,個人,自營業者,2007-02-12,0,0,,,0,,
A012326,個人,自營業者,2013-10-07,0,0,,,0,,
A012327,個人,自營業者,2008-12-06,0,0,,,0,,
A012328,個人,自營業者,2018-08-10,0,0,,,0,,
A012329,個人,自營業者,2023-01-13,0,0,,,0,,
A012330,個人,自營業者,2017-12-23,0,0,,,0,,
A012331,個人,自營業者,2023-04-10,0,0,,,0,,
A012332,個人,自營業者,2015-03-12,0,0,,,0,,
A012333,個人,自營業者,2016-10-16,0,0,,,0,,
A012334,個人,自營業者,2006-06-23,0,0,,,0,,
A012335,個人,自營業者,2012-12-31,0,0,,,0,,
A012336,個人,自營業者,2022-08-03,0,0,,,0,,
A012337,個人,自營業者,2026-01-18,0,0,,,0,,
A012338,個人,自營業者,2009-01-07,0,0,,,0,,
A012339,個人,自營業者,2023-03-05,0,0,,,0,,
A012340,個人,自營業者,2008-10-20,0,0,,,0,,
A012341,個人,自營業者,2015-05-24,0,0,,,0,,
A012342,個人,自營業者,2009-04-12,0,0,,,0,,
A012343,個人,自營業者,2019-12-30,0,0,,,0,,
A012344,個人,自營業者,2009-09-01,0,0,,,0,,
A012345,個人,自營業者,2026-01-24,0,0,,,0,,
A012346,個人,自營業者,2016-12-12,0,0,,,0,,
A012347,個人,自營業者,2010-06-19,0,0,,,0,,
A012348,個人,自營業者,2008-05-28,0,0,,,0,,
A012349,個人,自營業者,2018-10-12,0,0,,,0,,
A012350,個人,自營業者,2021-01-11,0,0,,,0,,
A012351,個人,自營業者,2009-06-25,0,0,,,0,,
A012352,個人,自營業者,2010-04-10,0,0,,,0,,
A012353,個人,自營業者,2007-06-06,0,0,,,0,,
A012354,個人,自營業者,2021-02-05,0,0,,,0,,
A012355,個人,自營業者,2018-01-22,0,0,,,0,,
A012356,個人,自營業者,2012-01-22,0,0,,,0,,
A012357,個人,自營業者,2019-10-08,0,0,,,0,,
A012358,個人,自營業者,2024-08-13,0,0,,,0,,
A012359,個人,自營業者,2008-03-05,0,0,,,0,,
A012360,個人,自營業者,2009-06-29,0,0,,,0,,
A012361,個人,自營業者,2019-05-08,0,0,,,0,,
A012362,個人,自營業者,2019-05-22,0,0,,,0,,
A012363,個人,自營業者,2006-05-12,0,0,,,0,,
A012364,個人,自營業者,2013-04-13,0,0,,,0,,
A012365,個人,自營業者,2015-04-25,0,0,,,0,,
A012366,個人,自營業者,2012-04-10,0,0,,,0,,
A012367,個人,自營業者,2012-11-21,0,0,,,0,,
A012368,個人,自營業者,2011-12-27,0,0,,,0,,
A012369,個人,自營業者,2015-12-24,0,0,,,0,,
A012370,個人,自營業者,2021-05-19,0,0,,,0,,
A012371,個人,自營業者,2010-02-24,0,0,,,0,,
A012372,個人,自營業者,2018-06-04,0,0,,,0,,
A012373,個人,自營業者,2016-08-26,0,0,,,0,,
A012374,個人,自營業者,2009-05-22,0,0,,,0,,
A012375,個人,自營業者,2006-04-24,0,0,,,0,,
A012376,個人,自營業者,2013-01-15,0,0,,,0,,
A012377,個人,自營業者,2012-11-08,0,0,,,0,,
A012378,個人,自營業者,2014-11-28,0,0,,,0,,
A012379,個人,自營業者,2026-05-20,0,0,,,0,,
A012380,個人,自營業者,2012-07-29,0,0,,,0,,
A012381,個人,自營業者,2008-08-28,0,0,,,0,,
A012382,個人,自營業者,2015-10-12,0,0,,,0,,
A012383,個人,自營業者,2007-11-19,0,0,,,0,,
A012384,個人,自營業者,2007-04-26,0,0,,,0,,
A012385,個人,自營業者,2012-04-20,0,0,,,0,,
A012386,個人,自營業者,2018-06-06,0,0,,,0,,
A012387,個人,自營業者,2020-06-20,0,0,,,0,,
A012388,個人,自營業者,2010-01-06,0,0,,,0,,
A012389,個人,自營業者,2017-10-09,0,0,,,0,,
A012390,個人,自營業者,2016-01-27,0,0,,,0,,
A012391,個人,自營業者,2022-03-27,0,0,,,0,,
A012392,個人,自營業者,2011-04-19,0,0,,,0,,
A012393,個人,自營業者,2019-08-17,0,0,,,0,,
A012394,個人,自營業者,2010-11-06,0,0,,,0,,
A012395,個人,自營業者,2018-09-18,0,0,,,0,,
A012396,個人,自營業者,2021-05-21,0,0,,,0,,
A012397,個人,自營業者,2018-07-08,0,0,,,0,,
A012398,個人,自營業者,2021-03-15,0,0,,,0,,
A012399,個人,自營業者,2019-10-24,0,0,,,0,,
A012400,個人,自營業者,2017-10-03,0,0,,,0,,
A012401,個人,自營業者,2006-04-13,0,0,,,0,,
A012402,個人,自營業者,2009-10-25,0,0,,,0,,
A012403,個人,自營業者,2024-04-07,0,0,,,0,,
A012404,個人,自營業者,2014-02-05,0,0,,,0,,
A012405,個人,自營業者,2015-12-26,0,0,,,0,,
A012406,個人,自營業者,2010-09-12,0,0,,,0,,
A012407,個人,自營業者,2018-07-28,0,0,,,0,,
A012408,個人,自營業者,2008-08-30,0,0,,,0,,
A012409,個人,自營業者,2016-02-14,0,0,,,0,,
A012410,個人,自營業者,2010-09-11,0,0,,,0,,
A012411,個人,自營業者,2006-05-21,0,0,,,0,,
A012412,個人,自營業者,2015-01-17,0,0,,,0,,
A012413,個人,自營業者,2018-03-29,0,0,,,0,,
A012414,個人,自營業者,2017-03-07,0,0,,,0,,
A012415,個人,自營業者,2022-05-08,0,0,,,0,,
A012416,個人,自營業者,2006-10-02,0,0,,,0,,
A012417,個人,自營業者,2022-07-28,0,0,,,0,,
A012418,個人,自營業者,2014-06-12,0,0,,,0,,
A012419,個人,自營業者,2022-01-08,0,0,,,0,,
A012420,個人,自營業者,2010-06-22,0,0,,,0,,
A012421,個人,自營業者,2010-03-22,0,0,,,0,,
A012422,個人,自營業者,2010-02-03,0,0,,,0,,
A012423,個人,自營業者,2017-07-21,0,0,,,0,,
A012424,個人,自營業者,2008-10-25,0,0,,,0,,
A012425,個人,自營業者,2020-12-12,0,0,,,0,,
A012426,個人,自營業者,2008-08-02,0,0,,,0,,
A012427,個人,自營業者,2019-11-16,0,0,,,0,,
A012428,個人,自營業者,2012-01-31,0,0,,,0,,
A012429,個人,自營業者,2026-03-25,0,0,,,0,,
A012430,個人,自營業者,2016-07-12,0,0,,,0,,
A012431,個人,自營業者,2012-03-14,0,0,,,0,,
A012432,個人,自營業者,2014-05-04,0,0,,,0,,
A012433,個人,自營業者,2012-02-12,0,0,,,0,,
A012434,個人,自營業者,2013-10-04,0,0,,,0,,
A012435,個人,自營業者,2007-12-24,0,0,,,0,,
A012436,個人,自營業者,2010-09-06,0,0,,,0,,
A012437,個人,自營業者,2016-01-20,0,0,,,0,,
A012438,個人,自營業者,2021-11-22,0,0,,,0,,
A012439,個人,自營業者,2024-02-21,0,0,,,0,,
A012440,個人,自營業者,2010-09-16,0,0,,,0,,
A012441,個人,自營業者,2018-03-28,0,0,,,0,,
A012442,個人,自營業者,2009-05-08,0,0,,,0,,
A012443,個人,自營業者,2021-11-17,0,0,,,0,,
A012444,個人,自營業者,2022-03-19,0,0,,,0,,
A012445,個人,自營業者,2009-11-14,0,0,,,0,,
A012446,個人,自營業者,2019-08-08,0,0,,,0,,
A012447,個人,自營業者,2022-11-09,0,0,,,0,,
A012448,個人,自營業者,2020-06-03,0,0,,,0,,
A012449,個人,自營業者,2024-06-22,0,0,,,0,,
A012450,個人,自營業者,2023-09-21,0,0,,,0,,
A012451,個人,自營業者,2024-09-14,0,0,,,0,,
A012452,個人,自營業者,2014-09-12,0,0,,,0,,
A012453,個人,自營業者,2010-10-05,0,0,,,0,,
A012454,個人,自營業者,2007-06-11,0,0,,,0,,
A012455,個人,自營業者,2013-08-14,0,0,,,0,,
A012456,個人,自營業者,2009-06-20,0,0,,,0,,
A012457,個人,自營業者,2010-05-13,0,0,,,0,,
A012458,個人,自營業者,2017-07-07,0,0,,,0,,
A012459,個人,自營業者,2026-03-16,0,0,,,0,,
A012460,個人,自營業者,2015-11-28,0,0,,,0,,
A012461,個人,自營業者,2012-01-27,0,0,,,0,,
A012462,個人,自營業者,2012-10-09,0,0,,,0,,
A012463,個人,自營業者,2023-11-06,0,0,,,0,,
A012464,個人,自營業者,2010-06-21,0,0,,,0,,
A012465,個人,自營業者,2011-08-31,0,0,,,0,,
A012466,個人,自營業者,2012-12-20,0,0,,,0,,
A012467,個人,自營業者,2026-03-22,0,0,,,0,,
A012468,個人,自營業者,2008-08-14,0,0,,,0,,
A012469,個人,自營業者,2026-02-22,0,0,,,0,,
A012470,個人,自營業者,2026-04-13,0,0,,,0,,
A012471,個人,自營業者,2026-05-13,0,0,,,0,,
A012472,個人,自營業者,2020-11-28,0,0,,,0,,
A012473,個人,自營業者,2021-01-03,0,0,,,0,,
A012474,個人,自營業者,2020-02-20,0,0,,,0,,
A012475,個人,自營業者,2024-03-27,0,0,,,0,,
A012476,個人,自營業者,2020-04-14,0,0,,,0,,
A012477,個人,自營業者,2011-09-29,0,0,,,0,,
A012478,個人,自營業者,2023-07-20,0,0,,,0,,
A012479,個人,自營業者,2011-01-23,0,0,,,0,,
A012480,個人,自營業者,2024-06-23,0,0,,,0,,
A012481,個人,自營業者,2021-07-13,0,0,,,0,,
A012482,個人,自營業者,2019-03-29,0,0,,,0,,
A012483,個人,自營業者,2012-07-01,0,0,,,0,,
A012484,個人,自營業者,2008-12-01,0,0,,,0,,
A012485,個人,自營業者,2015-03-26,0,0,,,0,,
A012486,個人,自營業者,2009-01-28,0,0,,,0,,
A012487,個人,自營業者,2016-05-27,0,0,,,0,,
A012488,個人,自營業者,2007-04-07,0,0,,,0,,
A012489,個人,自營業者,2016-10-04,0,0,,,0,,
A012490,個人,自營業者,2023-03-30,0,0,,,0,,
A012491,個人,自營業者,2024-04-20,0,0,,,0,,
A012492,個人,自營業者,2015-11-21,0,0,,,0,,
A012493,個人,自營業者,2023-01-15,0,0,,,0,,
A012494,個人,自營業者,2020-07-08,0,0,,,0,,
A012495,個人,自營業者,2026-02-18,0,0,,,0,,
A012496,個人,自營業者,2024-11-11,0,0,,,0,,
A012497,個人,自營業者,2024-12-26,0,0,,,0,,
A012498,個人,自營業者,2006-06-19,0,0,,,0,,
A012499,個人,自營業者,2009-08-06,0,0,,,0,,
A012500,個人,自營業者,2022-02-15,0,0,,,0,,
A012501,個人,自營業者,2021-10-16,0,0,,,0,,
A012502,個人,自營業者,2015-02-28,0,0,,,0,,
A012503,個人,自營業者,2017-05-28,0,0,,,0,,
A012504,個人,自營業者,2017-04-11,0,0,,,0,,
A012505,個人,自營業者,2022-09-15,0,0,,,0,,
A012506,個人,自營業者,2023-05-12,0,0,,,0,,
A012507,個人,自營業者,2020-11-28,0,0,,,0,,
A012508,個人,自營業者,2020-10-28,0,0,,,0,,
A012509,個人,自營業者,2017-04-09,0,0,,,0,,
A012510,個人,自營業者,2019-06-29,0,0,,,0,,
A012511,個人,自營業者,2024-01-04,0,0,,,0,,
A012512,個人,自營業者,2016-02-18,0,0,,,0,,
A012513,個人,自營業者,2011-08-16,0,0,,,0,,
A012514,個人,自營業者,2011-02-17,0,0,,,0,,
A012515,個人,自營業者,2014-12-04,0,0,,,0,,
A012516,個人,自營業者,2026-04-30,0,0,,,0,,
A012517,個人,自營業者,2013-06-25,0,0,,,0,,
A012518,個人,自營業者,2019-04-27,0,0,,,0,,
A012519,個人,自營業者,2015-07-03,0,0,,,0,,
A012520,個人,自營業者,2023-02-26,0,0,,,0,,
A012521,個人,自營業者,2020-03-22,0,0,,,0,,
A012522,個人,自營業者,2021-12-24,0,0,,,0,,
A012523,個人,自營業者,2021-09-06,0,0,,,0,,
A012524,個人,自營業者,2017-04-21,0,0,,,0,,
A012525,個人,自營業者,2008-10-04,0,0,,,0,,
A012526,個人,自營業者,2007-06-01,0,0,,,0,,
A012527,個人,自營業者,2021-09-23,0,0,,,0,,
A012528,個人,自營業者,2021-10-05,0,0,,,0,,
A012529,個人,自營業者,2017-03-26,0,0,,,0,,
A012530,個人,自營業者,2019-08-07,0,0,,,0,,
A012531,個人,自營業者,2021-10-10,0,0,,,0,,
A012532,個人,自營業者,2015-12-11,0,0,,,0,,
A012533,個人,自營業者,2022-11-23,0,0,,,0,,
A012534,個人,自營業者,2016-06-26,0,0,,,0,,
A012535,個人,自營業者,2016-05-11,0,0,,,0,,
A012536,個人,自營業者,2026-05-27,0,0,,,0,,
A012537,個人,自營業者,2011-05-30,0,0,,,0,,
A012538,個人,自營業者,2014-09-04,0,0,,,0,,
A012539,個人,自營業者,2020-05-29,0,0,,,0,,
A012540,個人,自營業者,2013-10-25,0,0,,,0,,
A012541,個人,自營業者,2007-06-03,0,0,,,0,,
A012542,個人,自營業者,2016-12-23,0,0,,,0,,
A012543,個人,自營業者,2014-08-13,0,0,,,0,,
A012544,個人,自營業者,2023-06-18,0,0,,,0,,
A012545,個人,自營業者,2026-03-16,0,0,,,0,,
A012546,個人,自營業者,2009-11-13,0,0,,,0,,
A012547,個人,自營業者,2008-06-09,0,0,,,0,,
A012548,個人,自營業者,2006-02-22,0,0,,,0,,
A012549,個人,自營業者,2018-06-04,0,0,,,0,,
A012550,個人,自營業者,2019-02-20,0,0,,,0,,
A012551,個人,自營業者,2022-10-29,0,0,,,0,,
A012552,個人,自營業者,2020-02-28,0,0,,,0,,
A012553,個人,自營業者,2015-01-08,0,0,,,0,,
A012554,個人,自營業者,2023-04-27,0,0,,,0,,
A012555,個人,自營業者,2016-04-23,0,0,,,0,,
A012556,個人,自營業者,2009-12-31,0,0,,,0,,
A012557,個人,自營業者,2024-09-29,0,0,,,0,,
A012558,個人,自營業者,2018-03-12,0,0,,,0,,
A012559,個人,自營業者,2014-10-19,0,0,,,0,,
A012560,個人,自營業者,2024-03-30,0,0,,,0,,
A012561,個人,自營業者,2019-03-30,0,0,,,0,,
A012562,個人,自營業者,2015-07-08,0,0,,,0,,
A012563,個人,自營業者,2014-04-06,0,0,,,0,,
A012564,個人,自營業者,2017-05-06,0,0,,,0,,
A012565,個人,自營業者,2022-05-26,0,0,,,0,,
A012566,個人,自營業者,2018-05-13,0,0,,,0,,
A012567,個人,自營業者,2021-09-24,0,0,,,0,,
A012568,個人,自營業者,2013-08-04,0,0,,,0,,
A012569,個人,自營業者,2017-07-05,0,0,,,0,,
A012570,個人,自營業者,2007-03-05,0,0,,,0,,
A012571,個人,自營業者,2007-12-07,0,0,,,0,,
A012572,個人,自營業者,2016-06-14,0,0,,,0,,
A012573,個人,自營業者,2026-01-11,0,0,,,0,,
A012574,個人,自營業者,2006-08-30,0,0,,,0,,
A012575,個人,自營業者,2009-11-23,0,0,,,0,,
A012576,個人,自營業者,2021-05-14,0,0,,,0,,
A012577,個人,自營業者,2020-07-20,0,0,,,0,,
A012578,個人,自營業者,2019-01-09,0,0,,,0,,
A012579,個人,自營業者,2014-03-14,0,0,,,0,,
A012580,個人,自營業者,2018-05-23,0,0,,,0,,
A012581,個人,自營業者,2009-06-18,0,0,,,0,,
A012582,個人,自營業者,2014-08-25,0,0,,,0,,
A012583,個人,自營業者,2018-02-19,0,0,,,0,,
A012584,個人,自營業者,2010-10-20,0,0,,,0,,
A012585,個人,自營業者,2019-10-27,0,0,,,0,,
A012586,個人,自營業者,2018-04-11,0,0,,,0,,
A012587,個人,自營業者,2022-02-16,0,0,,,0,,
A012588,個人,自營業者,2011-06-03,0,0,,,0,,
A012589,個人,自營業者,2008-12-16,0,0,,,0,,
A012590,個人,自營業者,2009-05-02,0,0,,,0,,
A012591,個人,自營業者,2008-10-19,0,0,,,0,,
A012592,個人,自營業者,2022-04-12,0,0,,,0,,
A012593,個人,自營業者,2014-10-13,0,0,,,0,,
A012594,個人,自營業者,2009-08-15,0,0,,,0,,
A012595,個人,自營業者,2008-12-12,0,0,,,0,,
A012596,個人,自營業者,2014-05-15,0,0,,,0,,
A012597,個人,自營業者,2016-09-19,0,0,,,0,,
A012598,個人,自營業者,2019-11-30,0,0,,,0,,
A012599,個人,自營業者,2013-02-19,0,0,,,0,,
A012600,個人,自營業者,2010-04-30,0,0,,,0,,
A012601,個人,自營業者,2010-07-25,0,0,,,0,,
A012602,個人,自營業者,2008-05-13,0,0,,,0,,
A012603,個人,自營業者,2013-07-16,0,0,,,0,,
A012604,個人,自營業者,2020-08-12,0,0,,,0,,
A012605,個人,自營業者,2024-06-13,0,0,,,0,,
A012606,個人,自營業者,2020-04-08,0,0,,,0,,
A012607,個人,自營業者,2009-01-30,0,0,,,0,,
A012608,個人,自營業者,2026-03-22,0,0,,,0,,
A012609,個人,自營業者,2023-04-29,0,0,,,0,,
A012610,個人,自營業者,2009-01-29,0,0,,,0,,
A012611,個人,自營業者,2013-08-03,0,0,,,0,,
A012612,個人,自營業者,2020-03-28,0,0,,,0,,
A012613,個人,自營業者,2026-01-17,0,0,,,0,,
A012614,個人,自營業者,2009-07-17,0,0,,,0,,
A012615,個人,自營業者,2011-07-31,0,0,,,0,,
A012616,個人,自營業者,2011-05-30,0,0,,,0,,
A012617,個人,自營業者,2022-05-27,0,0,,,0,,
A012618,個人,自營業者,2026-01-27,0,0,,,0,,
A012619,個人,自營業者,2021-02-20,0,0,,,0,,
A012620,個人,自營業者,2017-09-30,0,0,,,0,,
A012621,個人,自營業者,2014-03-06,0,0,,,0,,
A012622,個人,自營業者,2020-12-29,0,0,,,0,,
A012623,個人,自營業者,2026-01-26,0,0,,,0,,
A012624,個人,自營業者,2019-08-06,0,0,,,0,,
A012625,個人,自營業者,2024-10-29,0,0,,,0,,
A012626,個人,自營業者,2012-03-23,0,0,,,0,,
A012627,個人,自營業者,2010-05-14,0,0,,,0,,
A012628,個人,自營業者,2019-11-10,0,0,,,0,,
A012629,個人,自營業者,2024-08-27,0,0,,,0,,
A012630,個人,自營業者,2010-04-21,0,0,,,0,,
A012631,個人,自營業者,2012-09-01,0,0,,,0,,
A012632,個人,自營業者,2011-04-13,0,0,,,0,,
A012633,個人,自營業者,2009-08-10,0,0,,,0,,
A012634,個人,自營業者,2015-04-21,0,0,,,0,,
A012635,個人,自營業者,2023-01-10,0,0,,,0,,
A012636,個人,自營業者,2023-03-17,0,0,,,0,,
A012637,個人,自營業者,2021-09-16,0,0,,,0,,
A012638,個人,自營業者,2013-12-22,0,0,,,0,,
A012639,個人,自營業者,2016-04-02,0,0,,,0,,
A012640,個人,自營業者,2016-04-18,0,0,,,0,,
A012641,個人,自營業者,2023-10-22,0,0,,,0,,
A012642,個人,自營業者,2010-03-20,0,0,,,0,,
A012643,個人,自營業者,2011-03-08,0,0,,,0,,
A012644,個人,自營業者,2026-05-20,0,0,,,0,,
A012645,個人,自營業者,2016-02-12,0,0,,,0,,
A012646,個人,自營業者,2018-12-26,0,0,,,0,,
A012647,個人,自營業者,2009-09-20,0,0,,,0,,
A012648,個人,自營業者,2021-04-21,0,0,,,0,,
A012649,個人,自營業者,2018-08-07,0,0,,,0,,
A012650,個人,自營業者,2024-01-27,0,0,,,0,,
A012651,個人,自營業者,2007-09-25,0,0,,,0,,
A012652,個人,自營業者,2016-11-16,0,0,,,0,,
A012653,個人,自營業者,2020-10-10,0,0,,,0,,
A012654,個人,自營業者,2020-01-04,0,0,,,0,,
A012655,個人,自營業者,2008-10-29,0,0,,,0,,
A012656,個人,自營業者,2008-03-15,0,0,,,0,,
A012657,個人,自營業者,2026-04-02,0,0,,,0,,
A012658,個人,自營業者,2018-10-27,0,0,,,0,,
A012659,個人,自營業者,2008-06-15,0,0,,,0,,
A012660,個人,自營業者,2026-03-21,0,0,,,0,,
A012661,個人,自營業者,2014-03-12,0,0,,,0,,
A012662,個人,自營業者,2014-08-22,0,0,,,0,,
A012663,個人,自營業者,2018-11-30,0,0,,,0,,
A012664,個人,自營業者,2016-01-03,0,0,,,0,,
A012665,個人,自營業者,2021-05-03,0,0,,,0,,
A012666,個人,自營業者,2012-12-23,0,0,,,0,,
A012667,個人,自營業者,2006-11-06,0,0,,,0,,
A012668,個人,自營業者,2012-07-02,0,0,,,0,,
A012669,個人,自營業者,2024-11-17,0,0,,,0,,
A012670,個人,自營業者,2023-12-20,0,0,,,0,,
A012671,個人,自營業者,2018-07-09,0,0,,,0,,
A012672,個人,自營業者,2023-05-16,0,0,,,0,,
A012673,個人,自營業者,2006-02-17,0,0,,,0,,
A012674,個人,自營業者,2011-01-08,0,0,,,0,,
A012675,個人,自營業者,2026-04-17,0,0,,,0,,
A012676,個人,自營業者,2019-02-15,0,0,,,0,,
A012677,個人,自營業者,2022-12-08,0,0,,,0,,
A012678,個人,自營業者,2018-01-31,0,0,,,0,,
A012679,個人,自營業者,2020-04-25,0,0,,,0,,
A012680,個人,自營業者,2013-06-27,0,0,,,0,,
A012681,個人,自營業者,2020-05-22,0,0,,,0,,
A012682,個人,自營業者,2013-12-25,0,0,,,0,,
A012683,個人,自營業者,2020-04-18,0,0,,,0,,
A012684,個人,自營業者,2012-12-12,0,0,,,0,,
A012685,個人,自營業者,2024-12-21,0,0,,,0,,
A012686,個人,自營業者,2008-09-09,0,0,,,0,,
A012687,個人,自營業者,2013-11-17,0,0,,,0,,
A012688,個人,自營業者,2024-10-13,0,0,,,0,,
A012689,個人,自營業者,2023-02-11,0,0,,,0,,
A012690,個人,自營業者,2010-04-12,0,0,,,0,,
A012691,個人,自營業者,2010-08-06,0,0,,,0,,
A012692,個人,自營業者,2018-02-11,0,0,,,0,,
A012693,個人,自營業者,2007-08-05,0,0,,,0,,
A012694,個人,自營業者,2020-11-29,0,0,,,0,,
A012695,個人,自營業者,2018-01-12,0,0,,,0,,
A012696,個人,自營業者,2006-07-23,0,0,,,0,,
A012697,個人,自營業者,2021-06-23,0,0,,,0,,
A012698,個人,自營業者,2011-09-21,0,0,,,0,,
A012699,個人,自營業者,2013-05-10,0,0,,,0,,
A012700,個人,自營業者,2019-01-30,0,0,,,0,,
A012701,個人,自營業者,2008-05-20,0,0,,,0,,
A012702,個人,自營業者,2024-09-07,0,0,,,0,,
A012703,個人,自營業者,2019-06-17,0,0,,,0,,
A012704,個人,自營業者,2018-12-14,0,0,,,0,,
A012705,個人,自營業者,2016-03-17,0,0,,,0,,
A012706,個人,自營業者,2009-05-25,0,0,,,0,,
A012707,個人,自營業者,2018-09-30,0,0,,,0,,
A012708,個人,自營業者,2016-08-18,0,0,,,0,,
A012709,個人,自營業者,2009-10-15,0,0,,,0,,
A012710,個人,自營業者,2022-04-03,0,0,,,0,,
A012711,個人,自營業者,2011-06-08,0,0,,,0,,
A012712,個人,自營業者,2019-09-26,0,0,,,0,,
A012713,個人,自營業者,2013-01-23,0,0,,,0,,
A012714,個人,自營業者,2017-10-06,0,0,,,0,,
A012715,個人,自營業者,2026-02-16,0,0,,,0,,
A012716,個人,自營業者,2007-04-06,0,0,,,0,,
A012717,個人,自營業者,2016-11-08,0,0,,,0,,
A012718,個人,自營業者,2022-01-18,0,0,,,0,,
A012719,個人,自營業者,2006-04-22,0,0,,,0,,
A012720,個人,自營業者,2012-05-04,0,0,,,0,,
A012721,個人,自營業者,2009-01-27,0,0,,,0,,
A012722,個人,自營業者,2023-02-17,0,0,,,0,,
A012723,個人,自營業者,2010-01-01,0,0,,,0,,
A012724,個人,自營業者,2016-05-05,0,0,,,0,,
A012725,個人,自營業者,2010-02-24,0,0,,,0,,
A012726,個人,自營業者,2010-12-28,0,0,,,0,,
A012727,個人,自營業者,2016-12-13,0,0,,,0,,
A012728,個人,自營業者,2008-03-26,0,0,,,0,,
A012729,個人,自營業者,2026-01-31,0,0,,,0,,
A012730,個人,自營業者,2015-09-27,0,0,,,0,,
A012731,個人,自營業者,2013-01-17,0,0,,,0,,
A012732,個人,自營業者,2013-12-10,0,0,,,0,,
A012733,個人,自營業者,2020-09-07,0,0,,,0,,
A012734,個人,自營業者,2006-07-05,0,0,,,0,,
A012735,個人,自營業者,2014-05-25,0,0,,,0,,
A012736,個人,自營業者,2012-05-10,0,0,,,0,,
A012737,個人,自營業者,2026-02-25,0,0,,,0,,
A012738,個人,自營業者,2014-12-16,0,0,,,0,,
A012739,個人,自營業者,2012-10-29,0,0,,,0,,
A012740,個人,自營業者,2018-11-12,0,0,,,0,,
A012741,個人,自營業者,2010-09-10,0,0,,,0,,
A012742,個人,自營業者,2021-05-19,0,0,,,0,,
A012743,個人,自營業者,2009-07-14,0,0,,,0,,
A012744,個人,自營業者,2018-05-16,0,0,,,0,,
A012745,個人,自營業者,2024-10-07,0,0,,,0,,
A012746,個人,自營業者,2018-05-30,0,0,,,0,,
A012747,個人,自營業者,2008-01-08,0,0,,,0,,
A012748,個人,自營業者,2014-02-23,0,0,,,0,,
A012749,個人,自營業者,2012-10-16,0,0,,,0,,
A012750,個人,自營業者,2012-06-20,0,0,,,0,,
A012751,個人,自營業者,2021-11-06,0,0,,,0,,
A012752,個人,自營業者,2013-04-07,0,0,,,0,,
A012753,個人,自營業者,2015-11-28,0,0,,,0,,
A012754,個人,自營業者,2018-06-06,0,0,,,0,,
A012755,個人,自營業者,2019-04-22,0,0,,,0,,
A012756,個人,自營業者,2019-07-03,0,0,,,0,,
A012757,個人,自營業者,2026-02-01,0,0,,,0,,
A012758,個人,自營業者,2016-07-25,0,0,,,0,,
A012759,個人,自營業者,2009-03-09,0,0,,,0,,
A012760,個人,自營業者,2017-09-10,0,0,,,0,,
A012761,個人,自營業者,2014-02-22,0,0,,,0,,
A012762,個人,自營業者,2013-10-10,0,0,,,0,,
A012763,個人,房東,2023-04-26,0,0,,,0,,
A012764,個人,房東,2017-03-27,0,0,,,0,,
A012765,個人,房東,2022-02-15,0,0,,,0,,
A012766,個人,房東,2013-02-20,0,0,,,0,,
A012767,個人,房東,2011-07-31,0,0,,,0,,
A012768,個人,房東,2024-02-12,0,0,,,0,,
A012769,個人,房東,2016-07-28,0,0,,,0,,
A012770,個人,房東,2006-07-08,0,0,,,0,,
A012771,個人,房東,2021-11-26,0,0,,,0,,
A012772,個人,房東,2016-04-27,0,0,,,0,,
A012773,個人,房東,2014-01-02,0,0,,,0,,
A012774,個人,房東,2011-06-16,0,0,,,0,,
A012775,個人,房東,2017-05-30,0,0,,,0,,
A012776,個人,房東,2009-02-05,0,0,,,0,,
A012777,個人,房東,2022-02-16,0,0,,,0,,
A012778,個人,房東,2023-01-29,0,0,,,0,,
A012779,個人,房東,2015-02-03,0,0,,,0,,
A012780,個人,房東,2012-06-18,0,0,,,0,,
A012781,個人,房東,2011-10-11,0,0,,,0,,
A012782,個人,房東,2017-02-27,0,0,,,0,,
A012783,個人,房東,2012-08-23,0,0,,,0,,
A012784,個人,房東,2018-07-04,0,0,,,0,,
A012785,個人,房東,2013-06-03,0,0,,,0,,
A012786,個人,房東,2017-09-03,0,0,,,0,,
A012787,個人,房東,2017-09-17,0,0,,,0,,
A012788,個人,房東,2008-08-11,0,0,,,0,,
A012789,個人,房東,2015-11-21,0,0,,,0,,
A012790,個人,房東,2023-01-05,0,0,,,0,,
A012791,個人,房東,2021-01-05,0,0,,,0,,
A012792,個人,房東,2013-11-18,0,0,,,0,,
A012793,個人,房東,2018-07-10,0,0,,,0,,
A012794,個人,房東,2021-06-23,0,0,,,0,,
A012795,個人,房東,2012-04-07,0,0,,,0,,
A012796,個人,房東,2016-02-18,0,0,,,0,,
A012797,個人,房東,2012-02-26,0,0,,,0,,
A012798,個人,房東,2016-08-03,0,0,,,0,,
A012799,個人,房東,2020-12-20,0,0,,,0,,
A012800,個人,房東,2013-05-11,0,0,,,0,,
A012801,個人,房東,2006-10-17,0,0,,,0,,
A012802,個人,房東,2009-06-10,0,0,,,0,,
A012803,個人,房東,2021-08-16,0,0,,,0,,
A012804,個人,房東,2008-01-10,0,0,,,0,,
A012805,個人,房東,2009-01-05,0,0,,,0,,
A012806,個人,房東,2020-03-26,0,0,,,0,,
A012807,個人,房東,2022-11-03,0,0,,,0,,
A012808,個人,房東,2007-11-20,0,0,,,0,,
A012809,個人,房東,2016-12-22,0,0,,,0,,
A012810,個人,房東,2013-10-25,0,0,,,0,,
A012811,個人,房東,2010-03-09,0,0,,,0,,
A012812,個人,房東,2011-03-19,0,0,,,0,,
A012813,個人,房東,2019-08-07,0,0,,,0,,
A012814,個人,房東,2009-08-18,0,0,,,0,,
A012815,個人,房東,2019-07-04,0,0,,,0,,
A012816,個人,房東,2020-05-08,0,0,,,0,,
A012817,個人,房東,2013-12-24,0,0,,,0,,
A012818,個人,房東,2009-01-06,0,0,,,0,,
A012819,個人,房東,2019-10-27,0,0,,,0,,
A012820,個人,房東,2014-03-10,0,0,,,0,,
A012821,個人,房東,2014-10-09,0,0,,,0,,
A012822,個人,房東,2017-10-24,0,0,,,0,,
A012823,個人,房東,2024-04-11,0,0,,,0,,
A012824,個人,房東,2018-04-26,0,0,,,0,,
A012825,個人,房東,2006-05-09,0,0,,,0,,
A012826,個人,房東,2016-01-03,0,0,,,0,,
A012827,個人,房東,2019-07-08,0,0,,,0,,
A012828,個人,房東,2014-12-24,0,0,,,0,,
A012829,個人,房東,2017-04-26,0,0,,,0,,
A012830,個人,房東,2014-09-11,0,0,,,0,,
A012831,個人,房東,2011-07-21,0,0,,,0,,
A012832,個人,房東,2009-12-09,0,0,,,0,,
A012833,個人,房東,2011-01-29,0,0,,,0,,
A012834,個人,房東,2023-02-20,0,0,,,0,,
A012835,個人,房東,2018-11-16,0,0,,,0,,
A012836,個人,房東,2011-02-02,0,0,,,0,,
A012837,個人,房東,2018-05-19,0,0,,,0,,
A012838,個人,房東,2017-12-19,0,0,,,0,,
A012839,個人,房東,2011-11-05,0,0,,,0,,
A012840,個人,房東,2023-10-15,0,0,,,0,,
A012841,個人,房東,2012-07-25,0,0,,,0,,
A012842,個人,房東,2010-12-28,0,0,,,0,,
A012843,個人,房東,2007-10-14,0,0,,,0,,
A012844,個人,房東,2017-11-11,0,0,,,0,,
A012845,個人,房東,2023-09-14,0,0,,,0,,
A012846,個人,房東,2024-03-05,0,0,,,0,,
A012847,個人,房東,2020-09-29,0,0,,,0,,
A012848,個人,房東,2013-07-18,0,0,,,0,,
A012849,個人,房東,2014-05-06,0,0,,,0,,
A012850,個人,房東,2008-11-15,0,0,,,0,,
A012851,個人,房東,2019-02-04,0,0,,,0,,
A012852,個人,房東,2020-03-02,0,0,,,0,,
A012853,個人,房東,2021-11-29,0,0,,,0,,
A012854,個人,房東,2013-06-01,0,0,,,0,,
A012855,個人,房東,2013-06-15,0,0,,,0,,
A012856,個人,房東,2021-03-22,0,0,,,0,,
A012857,個人,房東,2007-05-03,0,0,,,0,,
A012858,個人,房東,2021-10-23,0,0,,,0,,
A012859,個人,房東,2018-10-01,0,0,,,0,,
A012860,個人,房東,2010-11-14,0,0,,,0,,
A012861,個人,房東,2023-10-06,0,0,,,0,,
A012862,個人,房東,2013-11-20,0,0,,,0,,
A012863,個人,房東,2014-04-20,0,0,,,0,,
A012864,個人,房東,2006-12-22,0,0,,,0,,
A012865,個人,房東,2006-02-02,0,0,,,0,,
A012866,個人,房東,2007-12-15,0,0,,,0,,
A012867,個人,房東,2014-08-28,0,0,,,0,,
A012868,個人,房東,2017-03-31,0,0,,,0,,
A012869,個人,房東,2020-04-02,0,0,,,0,,
A012870,個人,房東,2021-12-24,0,0,,,0,,
A012871,個人,房東,2019-08-11,0,0,,,0,,
A012872,個人,房東,2008-04-23,0,0,,,0,,
A012873,個人,房東,2023-03-29,0,0,,,0,,
A012874,個人,房東,2018-07-14,0,0,,,0,,
A012875,個人,房東,2014-10-29,0,0,,,0,,
A012876,個人,房東,2018-12-31,0,0,,,0,,
A012877,個人,房東,2021-11-24,0,0,,,0,,
A012878,個人,房東,2013-02-25,0,0,,,0,,
A012879,個人,房東,2017-07-14,0,0,,,0,,
A012880,個人,房東,2013-05-02,0,0,,,0,,
A012881,個人,房東,2012-09-13,0,0,,,0,,
A012882,個人,房東,2015-02-11,0,0,,,0,,
A012883,個人,房東,2010-12-24,0,0,,,0,,
A012884,個人,房東,2010-09-03,0,0,,,0,,
A012885,個人,房東,2006-06-19,0,0,,,0,,
A012886,個人,房東,2009-10-13,0,0,,,0,,
A012887,個人,房東,2021-10-05,0,0,,,0,,
A012888,個人,房東,2010-11-03,0,0,,,0,,
A012889,個人,房東,2020-04-01,0,0,,,0,,
A012890,個人,房東,2015-11-14,0,0,,,0,,
A012891,個人,房東,2021-08-06,0,0,,,0,,
A012892,個人,房東,2018-10-13,0,0,,,0,,
A012893,個人,房東,2012-01-17,0,0,,,0,,
A012894,個人,房東,2011-10-02,0,0,,,0,,
A012895,個人,房東,2024-08-31,0,0,,,0,,
A012896,個人,房東,2012-11-15,0,0,,,0,,
A012897,個人,房東,2012-01-29,0,0,,,0,,
A012898,個人,房東,2010-11-25,0,0,,,0,,
A012899,個人,房東,2013-03-20,0,0,,,0,,
A012900,個人,房東,2017-04-19,0,0,,,0,,
A012901,個人,房東,2014-04-18,0,0,,,0,,
A012902,個人,房東,2021-11-07,0,0,,,0,,
A012903,個人,房東,2015-01-08,0,0,,,0,,
A012904,個人,房東,2011-12-03,0,0,,,0,,
A012905,個人,房東,2024-09-15,0,0,,,0,,
A012906,個人,房東,2011-03-06,0,0,,,0,,
A012907,個人,房東,2014-07-28,0,0,,,0,,
A012908,個人,房東,2018-04-26,0,0,,,0,,
A012909,個人,房東,2006-01-21,0,0,,,0,,
A012910,個人,房東,2023-01-13,0,0,,,0,,
A012911,個人,房東,2022-06-05,0,0,,,0,,
A012912,個人,房東,2022-09-30,0,0,,,0,,
A012913,個人,房東,2012-05-26,0,0,,,0,,
A012914,個人,房東,2012-12-30,0,0,,,0,,
A012915,個人,房東,2022-11-25,0,0,,,0,,
A012916,個人,房東,2012-04-16,0,0,,,0,,
A012917,個人,房東,2024-06-11,0,0,,,0,,
A012918,個人,房東,2018-01-29,0,0,,,0,,
A012919,個人,房東,2018-05-21,0,0,,,0,,
A012920,個人,房東,2013-05-06,0,0,,,0,,
A012921,個人,房東,2022-12-24,0,0,,,0,,
A012922,個人,房東,2024-09-29,0,0,,,0,,
A012923,個人,房東,2011-03-07,0,0,,,0,,
A012924,個人,房東,2014-07-02,0,0,,,0,,
A012925,個人,房東,2018-08-27,0,0,,,0,,
A012926,個人,房東,2015-10-17,0,0,,,0,,
A012927,個人,房東,2016-01-11,0,0,,,0,,
A012928,個人,房東,2020-04-23,0,0,,,0,,
A012929,個人,房東,2007-12-21,0,0,,,0,,
A012930,個人,房東,2014-04-16,0,0,,,0,,
A012931,個人,房東,2024-11-22,0,0,,,0,,
A012932,個人,房東,2012-06-04,0,0,,,0,,
A012933,個人,房東,2013-01-19,0,0,,,0,,
A012934,個人,房東,2020-07-28,0,0,,,0,,
A012935,個人,房東,2022-04-27,0,0,,,0,,
A012936,個人,房東,2013-12-09,0,0,,,0,,
A012937,個人,房東,2006-09-22,0,0,,,0,,
A012938,個人,房東,2006-05-11,0,0,,,0,,
A012939,個人,房東,2019-02-16,0,0,,,0,,
A012940,個人,房東,2021-10-25,0,0,,,0,,
A012941,個人,房東,2017-08-27,0,0,,,0,,
A012942,個人,房東,2009-08-15,0,0,,,0,,
A012943,個人,房東,2023-05-02,0,0,,,0,,
A012944,個人,房東,2007-10-30,0,0,,,0,,
A012945,個人,房東,2009-10-18,0,0,,,0,,
A012946,個人,房東,2007-07-27,0,0,,,0,,
A012947,個人,房東,2009-07-06,0,0,,,0,,
A012948,個人,房東,2014-11-28,0,0,,,0,,
A012949,個人,房東,2013-09-02,0,0,,,0,,
A012950,個人,房東,2012-12-27,0,0,,,0,,
A012951,個人,房東,2023-08-06,0,0,,,0,,
A012952,個人,房東,2022-08-18,0,0,,,0,,
A012953,個人,房東,2009-06-23,0,0,,,0,,
A012954,個人,房東,2013-04-01,0,0,,,0,,
A012955,個人,房東,2020-12-16,0,0,,,0,,
A012956,個人,房東,2015-03-25,0,0,,,0,,
A012957,個人,房東,2007-05-20,0,0,,,0,,
A012958,個人,房東,2022-09-06,0,0,,,0,,
A012959,個人,房東,2007-11-09,0,0,,,0,,
A012960,個人,房東,2009-11-24,0,0,,,0,,
A012961,個人,房東,2021-01-15,0,0,,,0,,
A012962,個人,房東,2021-01-18,0,0,,,0,,
A012963,個人,房東,2024-06-17,0,0,,,0,,
A012964,個人,房東,2008-02-04,0,0,,,0,,
A012965,個人,房東,2020-03-26,0,0,,,0,,
A012966,個人,房東,2023-06-29,0,0,,,0,,
A012967,個人,房東,2024-03-19,0,0,,,0,,
A012968,個人,房東,2009-04-17,0,0,,,0,,
A012969,個人,房東,2021-02-27,0,0,,,0,,
A012970,個人,房東,2016-05-13,0,0,,,0,,
A012971,個人,房東,2019-10-24,0,0,,,0,,
A012972,個人,房東,2019-01-15,0,0,,,0,,
A012973,個人,房東,2024-10-14,0,0,,,0,,
A012974,個人,房東,2023-02-27,0,0,,,0,,
A012975,個人,房東,2008-10-15,0,0,,,0,,
A012976,個人,房東,2011-10-04,0,0,,,0,,
A012977,個人,房東,2014-02-15,0,0,,,0,,
A012978,個人,房東,2006-08-28,0,0,,,0,,
A012979,個人,房東,2024-03-02,0,0,,,0,,
A012980,個人,房東,2010-05-22,0,0,,,0,,
A012981,個人,房東,2012-09-25,0,0,,,0,,
A012982,個人,房東,2010-01-19,0,0,,,0,,
A012983,個人,房東,2024-12-30,0,0,,,0,,
A012984,個人,房東,2019-03-21,0,0,,,0,,
A012985,個人,房東,2022-11-09,0,0,,,0,,
A012986,個人,房東,2016-06-14,0,0,,,0,,
A012987,個人,房東,2013-06-11,0,0,,,0,,
A012988,個人,房東,2020-07-10,0,0,,,0,,
A012989,個人,房東,2014-09-10,0,0,,,0,,
A012990,個人,房東,2010-08-25,0,0,,,0,,
A012991,個人,房東,2009-11-12,0,0,,,0,,
A012992,個人,房東,2007-04-10,0,0,,,0,,
A012993,個人,房東,2013-11-01,0,0,,,0,,
A012994,個人,房東,2007-04-18,0,0,,,0,,
A012995,個人,房東,2010-01-10,0,0,,,0,,
A012996,個人,房東,2006-12-23,0,0,,,0,,
A012997,個人,房東,2016-01-15,0,0,,,0,,
A012998,個人,房東,2021-07-14,0,0,,,0,,
A012999,個人,房東,2018-04-30,0,0,,,0,,
A013000,個人,房東,2024-03-06,0,0,,,0,,
A013001,個人,房東,2017-12-31,0,0,,,0,,
A013002,個人,房東,2010-01-06,0,0,,,0,,
A013003,個人,房東,2019-12-16,0,0,,,0,,
A013004,個人,房東,2010-12-25,0,0,,,0,,
A013005,個人,房東,2009-05-26,0,0,,,0,,
A013006,個人,房東,2012-04-08,0,0,,,0,,
A013007,個人,房東,2020-09-02,0,0,,,0,,
A013008,個人,房東,2015-02-17,0,0,,,0,,
A013009,個人,房東,2024-10-08,0,0,,,0,,
A013010,個人,房東,2022-03-11,0,0,,,0,,
A013011,個人,房東,2024-08-23,0,0,,,0,,
A013012,個人,房東,2011-08-18,0,0,,,0,,
A013013,個人,團購主,2015-07-21,0,0,,,0,,
A013014,個人,團購主,2010-11-24,0,0,,,0,,
A013015,個人,團購主,2015-11-17,0,0,,,0,,
A013016,個人,團購主,2022-04-16,0,0,,,0,,
A013017,個人,團購主,2016-10-16,0,0,,,0,,
A013018,個人,團購主,2024-01-05,0,0,,,0,,
A013019,個人,團購主,2007-03-04,0,0,,,0,,
A013020,個人,團購主,2016-03-10,0,0,,,0,,
A013021,個人,團購主,2021-03-26,0,0,,,0,,
A013022,個人,團購主,2015-01-15,0,0,,,0,,
A013023,個人,團購主,2016-02-01,0,0,,,0,,
A013024,個人,團購主,2016-01-22,0,0,,,0,,
A013025,個人,團購主,2012-01-04,0,0,,,0,,
A013026,個人,團購主,2023-05-10,0,0,,,0,,
A013027,個人,團購主,2017-10-02,0,0,,,0,,
A013028,個人,團購主,2011-05-11,0,0,,,0,,
A013029,個人,團購主,2012-01-23,0,0,,,0,,
A013030,個人,團購主,2014-02-06,0,0,,,0,,
A013031,個人,團購主,2015-01-07,0,0,,,0,,
A013032,個人,團購主,2019-04-01,0,0,,,0,,
A013033,個人,團購主,2017-01-17,0,0,,,0,,
A013034,個人,團購主,2019-04-21,0,0,,,0,,
A013035,個人,團購主,2015-01-13,0,0,,,0,,
A013036,個人,團購主,2010-03-26,0,0,,,0,,
A013037,個人,團購主,2018-07-01,0,0,,,0,,
A013038,個人,團購主,2014-04-13,0,0,,,0,,
A013039,個人,團購主,2012-05-20,0,0,,,0,,
A013040,個人,團購主,2016-01-24,0,0,,,0,,
A013041,個人,團購主,2008-01-25,0,0,,,0,,
A013042,個人,團購主,2022-11-29,0,0,,,0,,
A013043,個人,團購主,2010-11-06,0,0,,,0,,
A013044,個人,團購主,2020-09-12,0,0,,,0,,
A013045,個人,團購主,2010-02-18,0,0,,,0,,
A013046,個人,團購主,2017-04-22,0,0,,,0,,
A013047,個人,團購主,2008-07-08,0,0,,,0,,
A013048,個人,團購主,2006-08-28,0,0,,,0,,
A013049,個人,團購主,2020-10-29,0,0,,,0,,
A013050,個人,團購主,2007-01-19,0,0,,,0,,
A013051,個人,團購主,2024-09-20,0,0,,,0,,
A013052,個人,團購主,2016-03-08,0,0,,,0,,
A013053,個人,團購主,2024-06-13,0,0,,,0,,
A013054,個人,團購主,2019-08-21,0,0,,,0,,
A013055,個人,團購主,2019-08-07,0,0,,,0,,
A013056,個人,團購主,2020-02-05,0,0,,,0,,
A013057,個人,團購主,2015-12-13,0,0,,,0,,
A013058,個人,團購主,2008-09-24,0,0,,,0,,
A013059,個人,團購主,2023-07-28,0,0,,,0,,
A013060,個人,團購主,2006-08-31,0,0,,,0,,
A013061,個人,團購主,2012-12-16,0,0,,,0,,
A013062,個人,團購主,2010-08-06,0,0,,,0,,
A013063,個人,團購主,2009-04-24,0,0,,,0,,
A013064,個人,團購主,2009-06-02,0,0,,,0,,
A013065,個人,團購主,2012-02-13,0,0,,,0,,
A013066,個人,團購主,2010-11-08,0,0,,,0,,
A013067,個人,團購主,2020-10-21,0,0,,,0,,
A013068,個人,團購主,2022-09-30,0,0,,,0,,
A013069,個人,團購主,2022-10-04,0,0,,,0,,
A013070,個人,團購主,2009-03-11,0,0,,,0,,
A013071,個人,團購主,2017-09-28,0,0,,,0,,
A013072,個人,團購主,2015-08-27,0,0,,,0,,
A013073,個人,團購主,2016-02-23,0,0,,,0,,
A013074,個人,團購主,2018-01-03,0,0,,,0,,
A013075,個人,團購主,2009-08-06,0,0,,,0,,
A013076,個人,團購主,2019-01-11,0,0,,,0,,
A013077,個人,團購主,2016-10-08,0,0,,,0,,
A013078,個人,團購主,2009-12-20,0,0,,,0,,
A013079,個人,團購主,2006-12-28,0,0,,,0,,
A013080,個人,團購主,2007-11-04,0,0,,,0,,
A013081,個人,團購主,2008-04-08,0,0,,,0,,
A013082,個人,團購主,2021-10-14,0,0,,,0,,
A013083,個人,團購主,2023-10-22,0,0,,,0,,
A013084,個人,團購主,2019-08-06,0,0,,,0,,
A013085,個人,團購主,2024-01-08,0,0,,,0,,
A013086,個人,團購主,2022-10-23,0,0,,,0,,
A013087,個人,團購主,2010-09-20,0,0,,,0,,
A013088,個人,團購主,2022-02-06,0,0,,,0,,
A013089,個人,團購主,2017-06-07,0,0,,,0,,
A013090,個人,團購主,2006-02-28,0,0,,,0,,
A013091,個人,團購主,2018-03-30,0,0,,,0,,
A013092,個人,團購主,2012-12-15,0,0,,,0,,
A013093,個人,團購主,2019-06-27,0,0,,,0,,
A013094,個人,團購主,2020-07-19,0,0,,,0,,
A013095,個人,團購主,2020-10-29,0,0,,,0,,
A013096,個人,團購主,2022-10-01,0,0,,,0,,
A013097,個人,團購主,2013-07-22,0,0,,,0,,
A013098,個人,團購主,2009-02-13,0,0,,,0,,
A013099,個人,團購主,2020-02-05,0,0,,,0,,
A013100,個人,團購主,2014-04-09,0,0,,,0,,
A013101,個人,團購主,2015-05-19,0,0,,,0,,
A013102,個人,團購主,2020-07-10,0,0,,,0,,
A013103,個人,團購主,2021-05-29,0,0,,,0,,
A013104,個人,團購主,2021-02-05,0,0,,,0,,
A013105,個人,團購主,2020-07-07,0,0,,,0,,
A013106,個人,團購主,2007-12-20,0,0,,,0,,
A013107,個人,團購主,2015-10-18,0,0,,,0,,
A013108,個人,團購主,2024-04-09,0,0,,,0,,
A013109,個人,團購主,2023-09-10,0,0,,,0,,
A013110,個人,團購主,2013-10-11,0,0,,,0,,
A013111,個人,團購主,2024-07-04,0,0,,,0,,
A013112,個人,團購主,2012-05-05,0,0,,,0,,
A013113,個人,團購主,2011-11-30,0,0,,,0,,
A013114,個人,團購主,2011-09-15,0,0,,,0,,
A013115,個人,團購主,2012-08-16,0,0,,,0,,
A013116,個人,團購主,2015-06-21,0,0,,,0,,
A013117,個人,團購主,2020-11-12,0,0,,,0,,
A013118,個人,團購主,2012-01-07,0,0,,,0,,
A013119,個人,團購主,2009-09-15,0,0,,,0,,
A013120,個人,團購主,2015-09-02,0,0,,,0,,
A013121,個人,團購主,2017-10-29,0,0,,,0,,
A013122,個人,團購主,2011-03-14,0,0,,,0,,
A013123,個人,團購主,2007-07-12,0,0,,,0,,
A013124,個人,團購主,2007-02-21,0,0,,,0,,
A013125,個人,團購主,2008-05-25,0,0,,,0,,
A013126,個人,團購主,2017-05-04,0,0,,,0,,
A013127,個人,團購主,2012-03-31,0,0,,,0,,
A013128,個人,團購主,2008-04-18,0,0,,,0,,
A013129,個人,團購主,2018-03-18,0,0,,,0,,
A013130,個人,團購主,2007-08-20,0,0,,,0,,
A013131,個人,團購主,2014-03-11,0,0,,,0,,
A013132,個人,團購主,2008-09-21,0,0,,,0,,
A013133,個人,第二帳戶,2023-09-03,21,0,,,0,,
A013134,個人,第二帳戶,2011-06-20,27,0,,,0,,
A013135,個人,第二帳戶,2012-03-13,47,0,,,0,,
A013136,個人,第二帳戶,2024-03-09,273,0,,,0,,
A013137,個人,第二帳戶,2013-03-25,33,0,,,0,,
A013138,個人,第二帳戶,2011-09-23,13,0,,,0,,
A013139,個人,第二帳戶,2022-07-26,58,0,,,0,,
A013140,個人,第二帳戶,2012-05-22,12,0,,,0,,
A013141,個人,第二帳戶,2024-08-08,822,0,,,0,,
A013142,個人,第二帳戶,2024-01-14,39,0,,,0,,
A013143,個人,第二帳戶,2017-07-12,45,0,,,0,,
A013144,個人,第二帳戶,2019-10-04,569,0,,,0,,
A013145,個人,第二帳戶,2022-12-09,771,0,,,0,,
A013146,個人,第二帳戶,2020-09-16,52,0,,,0,,
A013147,個人,第二帳戶,2017-02-01,52,0,,,0,,
A013148,個人,第二帳戶,2018-10-19,927,0,,,0,,
A013149,個人,第二帳戶,2019-04-02,37,0,,,0,,
A013150,個人,第二帳戶,2007-11-19,33,0,,,0,,
A013151,個人,第二帳戶,2018-10-21,1257,0,,,0,,
A013152,個人,第二帳戶,2012-05-15,49,0,,,0,,
A013153,個人,第二帳戶,2023-08-23,46,0,,,0,,
A013154,個人,第二帳戶,2024-08-31,649,0,,,0,,
A013155,個人,第二帳戶,2024-02-14,10,0,,,0,,
A013156,個人,第二帳戶,2021-04-26,26,0,,,0,,
A013157,個人,第二帳戶,2019-11-18,649,0,,,0,,
A013158,個人,第二帳戶,2014-09-09,759,0,,,0,,
A013159,個人,第二帳戶,2018-09-04,1064,0,,,0,,
A013160,個人,第二帳戶,2018-03-01,1003,0,,,0,,
A013161,個人,第二帳戶,2022-09-10,1264,0,,,0,,
A013162,個人,第二帳戶,2016-03-23,40,0,,,0,,
A013163,個人,第二帳戶,2017-06-29,21,0,,,0,,
A013164,個人,第二帳戶,2022-12-12,546,0,,,0,,
A013165,個人,第二帳戶,2017-07-22,2,0,,,0,,
A013166,個人,第二帳戶,2015-10-18,11,0,,,0,,
A013167,個人,第二帳戶,2013-12-26,774,0,,,0,,
A013168,個人,第二帳戶,2014-03-21,35,0,,,0,,
A013169,個人,第二帳戶,2016-01-10,430,0,,,0,,
A013170,個人,第二帳戶,2006-08-13,14,0,,,0,,
A013171,個人,第二帳戶,2021-08-16,19,0,,,0,,
A013172,個人,第二帳戶,2014-12-13,26,0,,,0,,
A013173,個人,第二帳戶,2010-06-01,13,0,,,0,,
A013174,個人,第二帳戶,2009-07-28,45,0,,,0,,
A013175,個人,第二帳戶,2018-09-07,47,0,,,0,,
A013176,個人,第二帳戶,2011-02-01,5,0,,,0,,
A013177,個人,第二帳戶,2020-04-02,24,0,,,0,,
A013178,個人,第二帳戶,2013-08-01,30,0,,,0,,
A013179,個人,第二帳戶,2019-12-28,37,0,,,0,,
A013180,個人,第二帳戶,2020-05-24,10,0,,,0,,
A013181,個人,第二帳戶,2012-11-28,247,0,,,0,,
A013182,個人,第二帳戶,2024-08-03,33,0,,,0,,
A013183,個人,第二帳戶,2024-06-18,40,0,,,0,,
A013184,個人,第二帳戶,2009-06-17,32,0,,,0,,
A013185,個人,第二帳戶,2019-08-10,28,0,,,0,,
A013186,個人,第二帳戶,2017-08-20,3,0,,,0,,
A013187,個人,第二帳戶,2023-02-14,17,0,,,0,,
A013188,個人,第二帳戶,2015-04-16,21,0,,,0,,
A013189,個人,第二帳戶,2024-06-09,1468,0,,,0,,
A013190,個人,第二帳戶,2006-01-12,1186,0,,,0,,
A013191,個人,第二帳戶,2010-10-02,43,0,,,0,,
A013192,個人,第二帳戶,2006-06-06,500,0,,,0,,
A013193,個人,第二帳戶,2020-09-02,12,0,,,0,,
A013194,個人,第二帳戶,2020-10-06,378,0,,,0,,
A013195,個人,第二帳戶,2015-12-25,1082,0,,,0,,
A013196,個人,第二帳戶,2015-05-20,707,0,,,0,,
A013197,個人,第二帳戶,2020-05-27,481,0,,,0,,
A013198,個人,第二帳戶,2015-07-05,658,0,,,0,,
A013199,個人,第二帳戶,2021-07-02,42,0,,,0,,
A013200,個人,第二帳戶,2024-06-23,29,0,,,0,,
A013201,個人,第二帳戶,2011-10-20,43,0,,,0,,
A013202,個人,第二帳戶,2016-11-28,7,0,,,0,,
A013203,個人,第二帳戶,2020-10-04,36,0,,,0,,
A013204,個人,第二帳戶,2020-02-15,56,0,,,0,,
A013205,個人,第二帳戶,2007-11-03,256,0,,,0,,
A013206,個人,第二帳戶,2016-07-19,1,0,,,0,,
A013207,個人,第二帳戶,2020-10-07,21,0,,,0,,
A013208,個人,第二帳戶,2015-05-31,269,0,,,0,,
A013209,個人,第二帳戶,2013-06-03,33,0,,,0,,
A013210,個人,第二帳戶,2014-12-24,1177,0,,,0,,
A013211,個人,第二帳戶,2024-01-07,44,0,,,0,,
A013212,個人,第二帳戶,2012-10-28,950,0,,,0,,
A013213,個人,第二帳戶,2016-10-12,17,0,,,0,,
A013214,個人,第二帳戶,2010-08-18,40,0,,,0,,
A013215,個人,第二帳戶,2017-07-31,558,0,,,0,,
A013216,個人,第二帳戶,2016-12-13,22,0,,,0,,
A013217,個人,第二帳戶,2018-06-02,564,0,,,0,,
A013218,個人,第二帳戶,2023-01-30,30,0,,,0,,
A013219,個人,第二帳戶,2018-11-20,16,0,,,0,,
A013220,個人,第二帳戶,2015-10-24,11,0,,,0,,
A013221,個人,第二帳戶,2006-06-30,28,0,,,0,,
A013222,個人,第二帳戶,2018-03-30,1370,0,,,0,,
A013223,個人,第二帳戶,2024-06-06,42,0,,,0,,
A013224,個人,第二帳戶,2023-12-20,16,0,,,0,,
A013225,個人,第二帳戶,2019-03-16,45,0,,,0,,
A013226,個人,第二帳戶,2008-05-06,42,0,,,0,,
A013227,個人,第二帳戶,2015-10-26,1113,0,,,0,,
A013228,個人,第二帳戶,2024-12-28,30,0,,,0,,
A013229,個人,第二帳戶,2024-10-25,19,0,,,0,,
A013230,個人,第二帳戶,2011-05-25,1031,0,,,0,,
A013231,個人,第二帳戶,2019-10-23,20,0,,,0,,
A013232,個人,第二帳戶,2011-12-13,1238,0,,,0,,
A013233,個人,第二帳戶,2014-06-16,626,0,,,0,,
A013234,個人,第二帳戶,2021-04-26,846,0,,,0,,
A013235,個人,第二帳戶,2006-07-16,904,0,,,0,,
A013236,個人,第二帳戶,2017-06-22,28,0,,,0,,
A013237,個人,第二帳戶,2024-10-22,32,0,,,0,,
A013238,個人,第二帳戶,2012-03-23,897,0,,,0,,
A013239,個人,第二帳戶,2019-07-15,22,0,,,0,,
A013240,個人,第二帳戶,2008-09-13,1434,0,,,0,,
A013241,個人,第二帳戶,2015-09-17,58,0,,,0,,
A013242,個人,第二帳戶,2018-10-26,52,0,,,0,,
A013243,個人,第二帳戶,2021-06-30,1050,0,,,0,,
A013244,個人,第二帳戶,2007-10-17,26,0,,,0,,
A013245,個人,第二帳戶,2020-05-05,511,0,,,0,,
A013246,個人,第二帳戶,2013-12-15,528,0,,,0,,
A013247,個人,第二帳戶,2012-01-02,35,0,,,0,,
A013248,個人,第二帳戶,2021-01-24,549,0,,,0,,
A013249,個人,第二帳戶,2012-05-02,31,0,,,0,,
A013250,個人,第二帳戶,2014-07-23,56,0,,,0,,
A013251,個人,第二帳戶,2012-11-17,1103,0,,,0,,
A013252,個人,第二帳戶,2018-11-19,27,0,,,0,,
A013253,個人,第二帳戶,2011-05-09,25,0,,,0,,
A013254,個人,第二帳戶,2012-07-10,30,0,,,0,,
A013255,個人,第二帳戶,2012-02-14,375,0,,,0,,
A013256,個人,第二帳戶,2019-03-19,54,0,,,0,,
A013257,個人,第二帳戶,2008-07-08,47,0,,,0,,
A013258,個人,第二帳戶,2016-07-17,20,0,,,0,,
A013259,個人,第二帳戶,2021-11-27,49,0,,,0,,
A013260,個人,第二帳戶,2014-07-07,15,0,,,0,,
A013261,個人,第二帳戶,2018-11-28,22,0,,,0,,
A013262,個人,第二帳戶,2011-06-03,22,0,,,0,,
A013263,個人,第二帳戶,2023-04-28,27,0,,,0,,
A013264,個人,第二帳戶,2015-10-24,31,0,,,0,,
A013265,個人,第二帳戶,2016-06-03,38,0,,,0,,
A013266,個人,第二帳戶,2010-09-07,11,0,,,0,,
A013267,個人,第二帳戶,2017-04-14,40,0,,,0,,
A013268,個人,第二帳戶,2006-02-10,10,0,,,0,,
A013269,個人,第二帳戶,2006-06-12,195,0,,,0,,
A013270,個人,第二帳戶,2015-09-03,53,0,,,0,,
A013271,個人,第二帳戶,2009-06-12,320,0,,,0,,
A013272,個人,第二帳戶,2016-02-25,1,0,,,0,,
A013273,個人,第二帳戶,2014-03-27,24,0,,,0,,
A013274,個人,第二帳戶,2006-10-04,515,0,,,0,,
A013275,個人,第二帳戶,2024-12-08,1409,0,,,0,,
A013276,個人,第二帳戶,2022-11-10,759,0,,,0,,
A013277,個人,第二帳戶,2008-08-15,53,0,,,0,,
A013278,個人,第二帳戶,2023-04-03,43,0,,,0,,
A013279,個人,第二帳戶,2016-08-02,1417,0,,,0,,
A013280,個人,第二帳戶,2006-09-12,1153,0,,,0,,
A013281,個人,第二帳戶,2013-01-02,44,0,,,0,,
A013282,個人,第二帳戶,2018-06-15,499,0,,,0,,
A013283,個人,第二帳戶,2024-03-13,51,0,,,0,,
A013284,個人,第二帳戶,2018-08-17,687,0,,,0,,
A013285,個人,第二帳戶,2006-01-09,36,0,,,0,,
A013286,個人,第二帳戶,2013-01-03,1162,0,,,0,,
A013287,個人,第二帳戶,2013-05-04,1158,0,,,0,,
A013288,個人,第二帳戶,2018-01-23,11,0,,,0,,
A013289,個人,第二帳戶,2022-03-10,19,0,,,0,,
A013290,個人,第二帳戶,2023-06-22,976,0,,,0,,
A013291,個人,第二帳戶,2017-07-16,50,0,,,0,,
A013292,個人,第二帳戶,2008-09-06,815,0,,,0,,
A013293,個人,第二帳戶,2012-05-25,23,0,,,0,,
A013294,個人,第二帳戶,2014-09-17,1,0,,,0,,
A013295,個人,第二帳戶,2015-05-26,50,0,,,0,,
A013296,個人,第二帳戶,2018-04-02,44,0,,,0,,
A013297,個人,第二帳戶,2019-04-01,58,0,,,0,,
A013298,個人,第二帳戶,2019-01-03,42,0,,,0,,
A013299,個人,第二帳戶,2023-01-22,0,0,,,0,,
A013300,個人,第二帳戶,2019-06-22,1136,0,,,0,,
A013301,個人,第二帳戶,2017-10-22,3,0,,,0,,
A013302,個人,第二帳戶,2010-07-07,49,0,,,0,,
A013303,個人,第二帳戶,2011-12-31,36,0,,,0,,
A013304,個人,第二帳戶,2023-02-06,1247,0,,,0,,
A013305,個人,第二帳戶,2022-07-06,35,0,,,0,,
A013306,個人,第二帳戶,2013-04-15,8,0,,,0,,
A013307,個人,第二帳戶,2019-10-30,46,0,,,0,,
A013308,個人,第二帳戶,2021-04-26,974,0,,,0,,
A013309,個人,第二帳戶,2021-01-01,1196,0,,,0,,
A013310,個人,第二帳戶,2011-01-11,9,0,,,0,,
A013312,個人,第二帳戶,2021-02-10,512,0,,,0,,
A013313,個人,第二帳戶,2015-03-21,1,0,,,0,,
A013314,個人,第二帳戶,2008-03-26,647,0,,,0,,
A013315,個人,第二帳戶,2013-09-07,45,0,,,0,,
A013316,個人,第二帳戶,2023-10-02,18,0,,,0,,
A013317,個人,第二帳戶,2008-03-08,30,0,,,0,,
A013318,個人,第二帳戶,2023-01-16,3,0,,,0,,
A013319,個人,第二帳戶,2009-05-30,1076,0,,,0,,
A013320,個人,第二帳戶,2018-10-10,1426,0,,,0,,
A013321,個人,第二帳戶,2011-12-07,2,0,,,0,,
A013322,個人,第二帳戶,2024-08-05,868,0,,,0,,
A013323,個人,第二帳戶,2007-11-29,853,0,,,0,,
A013324,個人,第二帳戶,2023-10-11,460,0,,,0,,
A013325,個人,第二帳戶,2013-08-28,37,0,,,0,,
A013326,個人,第二帳戶,2011-08-23,60,0,,,0,,
A013327,個人,第二帳戶,2019-10-22,41,0,,,0,,
A013328,個人,第二帳戶,2016-02-27,1280,0,,,0,,
A013329,個人,第二帳戶,2015-07-16,857,0,,,0,,
A013330,個人,第二帳戶,2021-02-24,10,0,,,0,,
A013331,個人,第二帳戶,2023-12-24,188,0,,,0,,
A013332,個人,第二帳戶,2023-07-23,30,0,,,0,,
A013333,個人,第二帳戶,2011-08-14,212,0,,,0,,
A013334,個人,第二帳戶,2006-09-15,2,0,,,0,,
A013335,個人,第二帳戶,2022-03-31,1188,0,,,0,,
A013336,個人,第二帳戶,2007-03-15,892,0,,,0,,
A013337,個人,第二帳戶,2024-08-22,745,0,,,0,,
A013338,個人,第二帳戶,2022-01-15,22,0,,,0,,
A013339,個人,第二帳戶,2023-07-07,9,0,,,0,,
A013340,個人,第二帳戶,2015-08-13,1207,0,,,0,,
A013341,個人,第二帳戶,2019-05-04,287,0,,,0,,
A013342,個人,第二帳戶,2022-04-19,46,0,,,0,,
A013343,個人,第二帳戶,2017-01-05,1141,0,,,0,,
A013344,個人,第二帳戶,2016-11-25,56,0,,,0,,
A013345,個人,第二帳戶,2012-01-27,51,0,,,0,,
A013346,個人,第二帳戶,2018-11-01,35,0,,,0,,
A013347,個人,第二帳戶,2024-01-21,7,0,,,0,,
A013348,個人,第二帳戶,2017-09-24,15,0,,,0,,
A013349,個人,第二帳戶,2014-12-20,45,0,,,0,,
A013350,個人,第二帳戶,2015-05-21,761,0,,,0,,
A013351,個人,第二帳戶,2010-02-01,662,0,,,0,,
A013352,個人,第二帳戶,2008-06-06,15,0,,,0,,
A013353,個人,第二帳戶,2021-12-13,927,0,,,0,,
A013354,個人,第二帳戶,2022-03-11,20,0,,,0,,
A013356,個人,第二帳戶,2016-12-20,2,0,,,0,,
A013357,個人,第二帳戶,2018-03-27,919,0,,,0,,
A013358,個人,第二帳戶,2022-09-08,187,0,,,0,,
A013359,個人,第二帳戶,2019-11-06,35,0,,,0,,
A013360,個人,第二帳戶,2014-12-10,1140,0,,,0,,
A013361,個人,第二帳戶,2020-10-07,773,0,,,0,,
A013362,個人,第二帳戶,2014-04-16,724,0,,,0,,
A013363,個人,第二帳戶,2008-10-19,696,0,,,0,,
A013364,個人,第二帳戶,2016-01-03,1470,0,,,0,,
A013365,個人,第二帳戶,2024-05-22,13,0,,,0,,
A013366,個人,第二帳戶,2009-11-25,1262,0,,,0,,
A013367,個人,第二帳戶,2017-10-01,708,0,,,0,,
A013368,個人,第二帳戶,2007-04-28,22,0,,,0,,
A013369,個人,第二帳戶,2011-10-31,367,0,,,0,,
A013370,個人,第二帳戶,2009-11-18,1032,0,,,0,,
A013371,個人,第二帳戶,2018-01-09,44,0,,,0,,
A013373,個人,第二帳戶,2012-04-01,44,0,,,0,,
A013374,個人,第二帳戶,2020-01-06,55,0,,,0,,
A013375,個人,第二帳戶,2012-02-06,47,0,,,0,,
A013376,個人,第二帳戶,2017-07-28,1387,0,,,0,,
A013377,個人,第二帳戶,2010-07-28,1267,0,,,0,,
A013378,個人,第二帳戶,2011-06-05,706,0,,,0,,
A013379,個人,第二帳戶,2024-11-08,559,0,,,0,,
A013380,個人,第二帳戶,2017-01-04,48,0,,,0,,
A013381,個人,第二帳戶,2024-07-23,12,0,,,0,,
A013382,個人,第二帳戶,2020-09-02,9,0,,,0,,
A013383,個人,第二帳戶,2024-02-19,20,0,,,0,,
A013384,個人,第二帳戶,2023-01-22,39,0,,,0,,
A013385,個人,第二帳戶,2019-02-02,17,0,,,0,,
A013386,個人,第二帳戶,2008-11-05,15,0,,,0,,
A013387,個人,第二帳戶,2020-03-24,53,0,,,0,,
A013388,個人,第二帳戶,2017-11-12,564,0,,,0,,
A013389,個人,第二帳戶,2009-02-12,55,0,,,0,,
A013390,個人,第二帳戶,2014-02-11,1315,0,,,0,,
A013391,個人,第二帳戶,2014-05-28,20,0,,,0,,
A013392,個人,第二帳戶,2011-08-13,7,0,,,0,,
A013393,個人,第二帳戶,2009-04-13,688,0,,,0,,
A013394,個人,第二帳戶,2024-03-19,16,0,,,0,,
A013395,個人,第二帳戶,2011-11-21,721,0,,,0,,
A013396,個人,第二帳戶,2010-08-13,1455,0,,,0,,
A013397,個人,第二帳戶,2013-07-05,49,0,,,0,,
A013398,個人,第二帳戶,2017-09-16,55,0,,,0,,
A013399,個人,第二帳戶,2008-03-27,48,0,,,0,,
A013400,個人,第二帳戶,2013-06-05,19,0,,,0,,
A013401,個人,第二帳戶,2012-11-19,54,0,,,0,,
A013402,個人,第二帳戶,2015-11-12,201,0,,,0,,
A013403,個人,第二帳戶,2013-07-23,12,0,,,0,,
A013404,個人,第二帳戶,2007-10-29,303,0,,,0,,
A013405,個人,第二帳戶,2024-07-11,35,0,,,0,,
A013406,個人,第二帳戶,2007-01-13,1215,0,,,0,,
A013407,個人,第二帳戶,2016-01-16,317,0,,,0,,
A013408,個人,第二帳戶,2011-07-08,1121,0,,,0,,
A013409,個人,第二帳戶,2023-02-10,771,0,,,0,,
A013410,個人,第二帳戶,2014-10-05,5,0,,,0,,
A013411,個人,第二帳戶,2015-11-11,50,0,,,0,,
A013412,個人,第二帳戶,2007-02-27,766,0,,,0,,
A013413,個人,第二帳戶,2016-01-06,44,0,,,0,,
A013414,個人,第二帳戶,2007-06-26,52,0,,,0,,
A013415,個人,第二帳戶,2010-03-10,39,0,,,0,,
A013416,個人,第二帳戶,2007-06-14,28,0,,,0,,
A013417,個人,第二帳戶,2008-05-16,1345,0,,,0,,
A013418,個人,第二帳戶,2021-02-01,868,0,,,0,,
A013419,個人,第二帳戶,2015-06-05,4,0,,,0,,
A013420,個人,第二帳戶,2014-01-13,34,0,,,0,,
A013421,個人,第二帳戶,2013-01-31,251,0,,,0,,
A013422,個人,第二帳戶,2014-04-13,2,0,,,0,,
A013423,個人,第二帳戶,2012-03-13,236,0,,,0,,
A013424,個人,第二帳戶,2007-11-03,51,0,,,0,,
A013425,個人,第二帳戶,2012-06-17,36,0,,,0,,
A013426,個人,第二帳戶,2007-08-03,501,0,,,0,,
A013427,個人,第二帳戶,2024-11-10,988,0,,,0,,
A013428,個人,第二帳戶,2018-10-06,1073,0,,,0,,
A013429,個人,第二帳戶,2006-04-17,41,0,,,0,,
A013430,個人,第二帳戶,2013-05-10,1159,0,,,0,,
A013431,個人,第二帳戶,2019-03-29,559,0,,,0,,
A013432,個人,第二帳戶,2023-08-21,4,0,,,0,,
A013433,個人,第二帳戶,2016-12-12,50,0,,,0,,
A013434,個人,第二帳戶,2021-10-04,561,0,,,0,,
A013435,個人,第二帳戶,2024-06-29,711,0,,,0,,
A013436,個人,第二帳戶,2012-04-28,32,0,,,0,,
A013437,個人,第二帳戶,2024-10-26,883,0,,,0,,
A013438,個人,第二帳戶,2020-09-19,345,0,,,0,,
A013439,個人,第二帳戶,2021-12-03,20,0,,,0,,
A013440,個人,第二帳戶,2013-08-19,865,0,,,0,,
A013441,個人,第二帳戶,2019-06-10,46,0,,,0,,
A013442,個人,第二帳戶,2016-09-07,41,0,,,0,,
A013443,個人,第二帳戶,2012-01-22,1110,0,,,0,,
A013444,個人,第二帳戶,2009-06-19,934,0,,,0,,
A013445,個人,第二帳戶,2021-03-30,1094,0,,,0,,
A013446,個人,第二帳戶,2011-08-16,40,0,,,0,,
A013448,個人,第二帳戶,2019-03-14,916,0,,,0,,
A013449,個人,第二帳戶,2016-07-15,22,0,,,0,,
A013450,個人,第二帳戶,2010-12-18,51,0,,,0,,
A013451,個人,第二帳戶,2007-11-29,58,0,,,0,,
A013452,個人,第二帳戶,2009-07-29,53,0,,,0,,
A013453,個人,第二帳戶,2012-01-12,14,0,,,0,,
A013454,個人,第二帳戶,2008-04-26,48,0,,,0,,
A013455,個人,第二帳戶,2018-07-20,6,0,,,0,,
A013456,個人,第二帳戶,2007-11-18,922,0,,,0,,
A013457,個人,第二帳戶,2007-04-12,215,0,,,0,,
A013458,個人,第二帳戶,2018-07-07,17,0,,,0,,
A013459,個人,第二帳戶,2009-01-08,29,0,,,0,,
A013460,個人,第二帳戶,2020-10-08,628,0,,,0,,
A013461,個人,第二帳戶,2012-08-24,3,0,,,0,,
A013462,個人,第二帳戶,2018-03-25,28,0,,,0,,
A013463,個人,第二帳戶,2023-12-08,43,0,,,0,,
A013464,個人,第二帳戶,2018-06-21,36,0,,,0,,
A013465,個人,第二帳戶,2019-07-13,13,0,,,0,,
A013466,個人,第二帳戶,2022-06-22,14,0,,,0,,
A013467,個人,第二帳戶,2010-12-08,1093,0,,,0,,
A013468,個人,第二帳戶,2012-02-23,1455,0,,,0,,
A013469,個人,第二帳戶,2007-09-18,0,0,,,0,,
A013470,個人,第二帳戶,2022-07-18,1462,0,,,0,,
A013471,個人,第二帳戶,2022-07-01,458,0,,,0,,
A013472,個人,第二帳戶,2011-04-01,59,0,,,0,,
A013473,個人,第二帳戶,2006-08-15,33,0,,,0,,
A013474,個人,第二帳戶,2024-11-04,57,0,,,0,,
A013475,個人,第二帳戶,2021-09-28,218,0,,,0,,
A013476,個人,第二帳戶,2017-12-17,55,0,,,0,,
A013477,個人,第二帳戶,2008-07-23,389,0,,,0,,
A013478,個人,第二帳戶,2022-04-08,38,0,,,0,,
A013479,個人,第二帳戶,2018-10-02,732,0,,,0,,
A013480,個人,第二帳戶,2023-02-05,1145,0,,,0,,
A013481,個人,第二帳戶,2012-04-16,1047,0,,,0,,
A013482,個人,第二帳戶,2013-08-23,267,0,,,0,,
A013483,個人,第二帳戶,2013-02-06,938,0,,,0,,
A013484,個人,第二帳戶,2019-12-04,522,0,,,0,,
A013485,個人,第二帳戶,2011-10-17,49,0,,,0,,
A013486,個人,第二帳戶,2015-05-10,309,0,,,0,,
A013487,個人,第二帳戶,2012-04-29,832,0,,,0,,
A013488,個人,第二帳戶,2008-02-02,23,0,,,0,,
A013489,個人,第二帳戶,2022-09-06,0,0,,,0,,
A013490,個人,第二帳戶,2009-01-07,35,0,,,0,,
A013491,個人,第二帳戶,2014-04-19,7,0,,,0,,
A013492,個人,第二帳戶,2009-12-19,21,0,,,0,,
A013493,個人,第二帳戶,2021-10-08,1438,0,,,0,,
A013494,個人,第二帳戶,2019-02-02,1405,0,,,0,,
A013495,個人,第二帳戶,2009-06-20,404,0,,,0,,
A013496,個人,第二帳戶,2014-09-20,9,0,,,0,,
A013497,個人,第二帳戶,2009-08-09,18,0,,,0,,
A013498,個人,第二帳戶,2012-02-14,855,0,,,0,,
A013499,個人,第二帳戶,2008-04-08,1171,0,,,0,,
A013500,個人,第二帳戶,2010-03-15,31,0,,,0,,
A013501,個人,第二帳戶,2011-04-20,1431,0,,,0,,
A013502,個人,第二帳戶,2019-01-08,17,0,,,0,,
A013503,個人,第二帳戶,2008-06-28,1,0,,,0,,
A013504,個人,第二帳戶,2021-06-01,582,0,,,0,,
A013505,個人,第二帳戶,2022-12-25,30,0,,,0,,
A013506,個人,第二帳戶,2015-03-27,11,0,,,0,,
A013508,個人,第二帳戶,2017-08-22,27,0,,,0,,
A013509,個人,第二帳戶,2014-05-12,50,0,,,0,,
A013510,個人,第二帳戶,2012-12-19,410,0,,,0,,
A013511,個人,第二帳戶,2013-04-05,8,0,,,0,,
A013512,個人,第二帳戶,2009-02-24,46,0,,,0,,
A013513,個人,第二帳戶,2020-11-18,57,0,,,0,,
A013514,個人,第二帳戶,2014-10-17,58,0,,,0,,
A013515,個人,第二帳戶,2019-11-17,725,0,,,0,,
A013516,個人,第二帳戶,2008-03-29,32,0,,,0,,
A013517,個人,第二帳戶,2009-06-09,8,0,,,0,,
A013518,個人,第二帳戶,2006-05-19,50,0,,,0,,
A013519,個人,第二帳戶,2006-10-25,0,0,,,0,,
A013520,個人,第二帳戶,2007-12-17,1008,0,,,0,,
A013521,個人,第二帳戶,2017-05-15,1322,0,,,0,,
A013522,個人,第二帳戶,2013-12-16,546,0,,,0,,
A013523,個人,第二帳戶,2024-09-16,230,0,,,0,,
A013524,個人,第二帳戶,2007-06-07,1338,0,,,0,,
A013525,個人,第二帳戶,2011-07-02,8,0,,,0,,
A013526,個人,第二帳戶,2022-08-17,1421,0,,,0,,
A013527,個人,第二帳戶,2018-07-08,49,0,,,0,,
A013528,個人,第二帳戶,2014-09-26,622,0,,,0,,
A013529,個人,第二帳戶,2019-10-13,30,0,,,0,,
A013530,個人,第二帳戶,2017-08-26,51,0,,,0,,
A013531,個人,第二帳戶,2017-12-30,607,0,,,0,,
A013532,個人,第二帳戶,2021-03-06,410,0,,,0,,
A013533,個人,第二帳戶,2006-10-30,36,0,,,0,,
A013534,個人,第二帳戶,2008-02-20,1436,0,,,0,,
A013535,個人,第二帳戶,2007-04-16,1223,0,,,0,,
A013536,個人,第二帳戶,2006-04-06,7,0,,,0,,
A013537,個人,第二帳戶,2018-03-19,15,0,,,0,,
A013538,個人,第二帳戶,2022-11-15,40,0,,,0,,
A013539,個人,第二帳戶,2007-04-06,40,0,,,0,,
A013540,個人,第二帳戶,2012-08-23,910,0,,,0,,
A013541,個人,第二帳戶,2008-05-09,25,0,,,0,,
A013542,個人,第二帳戶,2021-01-23,51,0,,,0,,
A013543,個人,第二帳戶,2006-03-08,60,0,,,0,,
A013544,個人,第二帳戶,2019-10-15,1454,0,,,0,,
A013545,個人,第二帳戶,2020-04-27,21,0,,,0,,
A013546,個人,第二帳戶,2023-05-30,25,0,,,0,,
A013547,個人,第二帳戶,2012-07-18,29,0,,,0,,
A013548,個人,第二帳戶,2024-10-02,7,0,,,0,,
A013549,個人,第二帳戶,2015-03-12,47,0,,,0,,
A013550,個人,第二帳戶,2021-11-26,52,0,,,0,,
A013551,個人,第二帳戶,2015-03-24,214,0,,,0,,
A013552,個人,第二帳戶,2021-05-15,52,0,,,0,,
A013553,個人,第二帳戶,2016-09-26,886,0,,,0,,
A013554,個人,第二帳戶,2022-05-02,54,0,,,0,,
A013555,個人,第二帳戶,2020-07-06,10,0,,,0,,
A013556,個人,第二帳戶,2014-05-29,5,0,,,0,,
A013557,個人,第二帳戶,2016-11-03,10,0,,,0,,
A013558,個人,第二帳戶,2010-01-18,19,0,,,0,,
A013559,個人,第二帳戶,2014-12-13,42,0,,,0,,
A013560,個人,第二帳戶,2010-12-23,26,0,,,0,,
A013561,個人,第二帳戶,2016-06-23,0,0,,,0,,
A013562,個人,第二帳戶,2024-05-30,35,0,,,0,,
A013563,個人,第二帳戶,2007-09-17,9,0,,,0,,
A013564,個人,第二帳戶,2015-07-20,20,0,,,0,,
A013565,個人,第二帳戶,2012-02-12,15,0,,,0,,
A013566,個人,第二帳戶,2016-11-03,9,0,,,0,,
A013567,個人,第二帳戶,2019-06-02,11,0,,,0,,
A013568,個人,第二帳戶,2010-12-21,4,0,,,0,,
A013569,個人,第二帳戶,2022-08-06,7,0,,,0,,
A013570,個人,第二帳戶,2015-09-25,1014,0,,,0,,
A013571,個人,第二帳戶,2014-11-28,47,0,,,0,,
A013572,個人,第二帳戶,2016-10-05,339,0,,,0,,
A013573,個人,第二帳戶,2007-03-06,1243,0,,,0,,
A013574,個人,第二帳戶,2008-02-25,51,0,,,0,,
A013575,個人,第二帳戶,2010-01-29,1117,0,,,0,,
A013576,個人,第二帳戶,2024-03-19,668,0,,,0,,
A013577,個人,第二帳戶,2022-11-03,36,0,,,0,,
A013578,個人,第二帳戶,2022-03-12,0,0,,,0,,
A013579,個人,第二帳戶,2006-10-11,30,0,,,0,,
A013580,個人,第二帳戶,2015-11-17,52,0,,,0,,
A013581,個人,第二帳戶,2010-11-15,59,0,,,0,,
A013582,個人,第二帳戶,2011-11-25,55,0,,,0,,
A013583,個人,第二帳戶,2017-08-29,708,0,,,0,,
A013584,個人,第二帳戶,2019-11-26,1261,0,,,0,,
A013585,個人,第二帳戶,2009-04-17,1469,0,,,0,,
A013586,個人,第二帳戶,2022-03-29,41,0,,,0,,
A013587,個人,第二帳戶,2022-12-08,60,0,,,0,,
A013588,個人,第二帳戶,2015-01-21,54,0,,,0,,
A013589,個人,第二帳戶,2017-10-25,22,0,,,0,,
A013590,個人,第二帳戶,2006-08-02,10,0,,,0,,
A013591,個人,第二帳戶,2022-05-02,303,0,,,0,,
A013592,個人,第二帳戶,2016-03-08,26,0,,,0,,
A013593,個人,第二帳戶,2018-02-21,17,0,,,0,,
A013594,個人,第二帳戶,2024-03-26,1225,0,,,0,,
A013595,個人,第二帳戶,2024-03-02,1174,0,,,0,,
A013596,個人,第二帳戶,2010-03-30,17,0,,,0,,
A013597,個人,第二帳戶,2024-12-21,52,0,,,0,,
A013598,個人,第二帳戶,2022-05-14,2,0,,,0,,
A013599,個人,第二帳戶,2018-06-26,14,0,,,0,,
A013600,個人,第二帳戶,2018-04-18,32,0,,,0,,
A013601,個人,第二帳戶,2008-05-04,33,0,,,0,,
A013602,個人,第二帳戶,2017-04-13,580,0,,,0,,
A013603,個人,第二帳戶,2022-01-15,983,0,,,0,,
A013604,個人,第二帳戶,2022-04-25,19,0,,,0,,
A013605,個人,第二帳戶,2009-06-28,733,0,,,0,,
A013606,個人,第二帳戶,2023-07-04,42,0,,,0,,
A013607,個人,第二帳戶,2009-10-20,11,0,,,0,,
A013608,個人,第二帳戶,2020-06-11,937,0,,,0,,
A013609,個人,第二帳戶,2021-11-11,1014,0,,,0,,
A013610,個人,第二帳戶,2009-02-22,13,0,,,0,,
A013611,個人,第二帳戶,2019-06-11,1477,0,,,0,,
A013612,個人,第二帳戶,2023-01-12,1177,0,,,0,,
A013613,個人,第二帳戶,2023-03-23,35,0,,,0,,
A013614,個人,第二帳戶,2017-01-27,12,0,,,0,,
A013615,個人,第二帳戶,2020-10-21,180,0,,,0,,
A013616,個人,第二帳戶,2024-07-25,21,0,,,0,,
A013617,個人,第二帳戶,2006-08-25,1157,0,,,0,,
A013618,個人,第二帳戶,2022-07-01,0,0,,,0,,
A013619,個人,第二帳戶,2006-06-09,42,0,,,0,,
A013620,個人,第二帳戶,2017-05-09,15,0,,,0,,
A013621,個人,第二帳戶,2009-12-24,1405,0,,,0,,
A013622,個人,第二帳戶,2017-03-12,1119,0,,,0,,
A013623,個人,第二帳戶,2021-12-17,38,0,,,0,,
A013624,個人,第二帳戶,2008-12-09,33,0,,,0,,
A013625,個人,第二帳戶,2013-12-08,10,0,,,0,,
A013626,個人,第二帳戶,2014-01-21,49,0,,,0,,
A013627,個人,第二帳戶,2017-08-21,54,0,,,0,,
A013628,個人,第二帳戶,2023-07-20,0,0,,,0,,
A013629,個人,第二帳戶,2014-01-16,3,0,,,0,,
A013630,個人,第二帳戶,2015-11-10,1309,0,,,0,,
A013631,個人,第二帳戶,2009-03-18,50,0,,,0,,
A013632,個人,第二帳戶,2021-12-18,43,0,,,0,,
A013633,個人,第二帳戶,2008-04-30,1138,0,,,0,,
A013634,個人,第二帳戶,2014-12-18,28,0,,,0,,
A013635,個人,第二帳戶,2010-11-26,1496,0,,,0,,
A013636,個人,第二帳戶,2017-01-15,1036,0,,,0,,
A013637,個人,第二帳戶,2009-04-18,53,0,,,0,,
A013638,個人,第二帳戶,2024-11-28,22,0,,,0,,
A013639,個人,第二帳戶,2022-10-06,680,0,,,0,,
A013640,個人,第二帳戶,2021-02-25,1355,0,,,0,,
A013641,個人,第二帳戶,2019-01-30,241,0,,,0,,
A013642,個人,第二帳戶,2013-05-09,1110,0,,,0,,
A013643,個人,第二帳戶,2019-05-13,912,0,,,0,,
A013644,個人,第二帳戶,2009-02-18,230,0,,,0,,
A013645,個人,第二帳戶,2014-07-05,26,0,,,0,,
A013646,個人,第二帳戶,2015-09-04,34,0,,,0,,
A013647,個人,第二帳戶,2024-01-30,60,0,,,0,,
A013648,個人,第二帳戶,2013-11-14,21,0,,,0,,
A013649,個人,第二帳戶,2022-10-02,966,0,,,0,,
A013650,個人,第二帳戶,2011-11-17,615,0,,,0,,
A013651,個人,第二帳戶,2007-11-01,553,0,,,0,,
A013652,個人,第二帳戶,2011-01-14,35,0,,,0,,
A013653,個人,第二帳戶,2018-09-29,1,0,,,0,,
A013654,個人,第二帳戶,2011-02-25,46,0,,,0,,
A013655,個人,第二帳戶,2008-01-28,16,0,,,0,,
A013656,個人,第二帳戶,2017-01-18,49,0,,,0,,
A013657,個人,第二帳戶,2008-04-30,3,0,,,0,,
A013658,個人,第二帳戶,2010-02-07,1238,0,,,0,,
A013659,個人,第二帳戶,2011-01-16,49,0,,,0,,
A013660,個人,第二帳戶,2016-05-30,422,0,,,0,,
A013661,個人,第二帳戶,2009-06-14,515,0,,,0,,
A013662,個人,第二帳戶,2024-06-27,19,0,,,0,,
A013663,個人,第二帳戶,2020-04-05,1330,0,,,0,,
A013664,個人,第二帳戶,2014-03-12,11,0,,,0,,
A013665,個人,第二帳戶,2020-02-18,12,0,,,0,,
A013666,個人,第二帳戶,2010-07-02,29,0,,,0,,
A013667,個人,第二帳戶,2024-11-13,647,0,,,0,,
A013668,個人,第二帳戶,2014-02-19,22,0,,,0,,
A013669,個人,第二帳戶,2013-11-28,588,0,,,0,,
A013670,個人,第二帳戶,2010-05-07,496,0,,,0,,
A013672,個人,第二帳戶,2014-12-06,28,0,,,0,,
A013673,個人,第二帳戶,2009-09-26,55,0,,,0,,
A013674,個人,第二帳戶,2010-03-12,38,0,,,0,,
A013675,個人,第二帳戶,2017-07-11,1465,0,,,0,,
A013676,個人,第二帳戶,2020-10-13,34,0,,,0,,
A013677,個人,第二帳戶,2015-01-25,29,0,,,0,,
A013678,個人,第二帳戶,2008-08-08,1357,0,,,0,,
A013679,個人,第二帳戶,2007-03-15,9,0,,,0,,
A013680,個人,第二帳戶,2019-12-07,921,0,,,0,,
A013681,個人,第二帳戶,2006-08-09,326,0,,,0,,
A013682,個人,第二帳戶,2011-11-16,41,0,,,0,,
A013683,個人,第二帳戶,2023-01-31,1315,0,,,0,,
A013684,個人,第二帳戶,2019-11-19,12,0,,,0,,
A013685,個人,第二帳戶,2018-11-12,37,0,,,0,,
A013686,個人,第二帳戶,2017-11-05,28,0,,,0,,
A013687,個人,第二帳戶,2014-06-20,47,0,,,0,,
A013688,個人,第二帳戶,2018-09-06,355,0,,,0,,
A013689,個人,第二帳戶,2014-07-02,1305,0,,,0,,
A013690,個人,第二帳戶,2016-09-13,25,0,,,0,,
A013691,個人,第二帳戶,2024-06-01,17,0,,,0,,
A013692,個人,第二帳戶,2006-01-12,33,0,,,0,,
A013693,個人,第二帳戶,2023-04-13,30,0,,,0,,
A013694,個人,第二帳戶,2020-07-15,1091,0,,,0,,
A013695,個人,第二帳戶,2023-08-24,490,0,,,0,,
A013696,個人,第二帳戶,2009-11-08,1457,0,,,0,,
A013697,個人,第二帳戶,2020-08-30,1276,0,,,0,,
A013698,個人,第二帳戶,2007-09-24,1108,0,,,0,,
A013699,個人,第二帳戶,2014-02-22,13,0,,,0,,
A013700,個人,第二帳戶,2022-11-24,2,0,,,0,,
A013701,個人,第二帳戶,2016-10-05,52,0,,,0,,
A013702,個人,第二帳戶,2019-10-08,434,0,,,0,,
A013703,個人,第二帳戶,2015-08-21,590,0,,,0,,
A013704,個人,第二帳戶,2008-06-09,1190,0,,,0,,
A013705,個人,第二帳戶,2015-05-16,45,0,,,0,,
A013706,個人,第二帳戶,2018-04-14,35,0,,,0,,
A013707,個人,第二帳戶,2019-04-01,20,0,,,0,,
A013708,個人,第二帳戶,2022-05-23,0,0,,,0,,
A013709,個人,第二帳戶,2017-10-19,5,0,,,0,,
A013710,個人,第二帳戶,2020-06-22,1,0,,,0,,
A013711,個人,第二帳戶,2011-10-25,594,0,,,0,,
A013712,個人,第二帳戶,2024-05-03,1489,0,,,0,,
A013713,個人,第二帳戶,2022-08-18,199,0,,,0,,
A013714,個人,第二帳戶,2023-04-13,6,0,,,0,,
A013715,個人,第二帳戶,2020-02-16,435,0,,,0,,
A013716,個人,第二帳戶,2012-10-21,3,0,,,0,,
A013717,個人,第二帳戶,2016-08-28,29,0,,,0,,
A013718,個人,第二帳戶,2010-02-20,10,0,,,0,,
A013720,個人,第二帳戶,2010-11-20,24,0,,,0,,
A013721,個人,第二帳戶,2014-04-25,53,0,,,0,,
A013722,個人,第二帳戶,2006-03-02,41,0,,,0,,
A013723,個人,第二帳戶,2016-10-12,20,0,,,0,,
A013724,個人,第二帳戶,2009-04-01,48,0,,,0,,
A013725,個人,第二帳戶,2006-10-04,46,0,,,0,,
A013726,個人,第二帳戶,2006-05-21,35,0,,,0,,
A013727,個人,第二帳戶,2007-08-21,48,0,,,0,,
A013728,個人,第二帳戶,2015-01-22,6,0,,,0,,
A013729,個人,第二帳戶,2009-02-14,1,0,,,0,,
A013730,個人,第二帳戶,2021-09-09,1164,0,,,0,,
A013731,個人,第二帳戶,2011-10-23,498,0,,,0,,
A013732,個人,第二帳戶,2010-04-17,1499,0,,,0,,
A013733,個人,第二帳戶,2017-03-31,514,0,,,0,,
A013734,個人,第二帳戶,2006-10-03,59,0,,,0,,
A013735,個人,第二帳戶,2012-02-21,10,0,,,0,,
A013736,個人,第二帳戶,2014-11-15,2,0,,,0,,
A013737,個人,第二帳戶,2016-11-28,1163,0,,,0,,
A013738,個人,第二帳戶,2007-12-21,49,0,,,0,,
A013739,個人,第二帳戶,2012-03-04,2,0,,,0,,
A013740,個人,第二帳戶,2009-08-13,27,0,,,0,,
A013741,個人,第二帳戶,2017-12-14,834,0,,,0,,
A013742,個人,第二帳戶,2015-08-02,1193,0,,,0,,
A013743,個人,第二帳戶,2009-09-04,29,0,,,0,,
A013744,個人,第二帳戶,2013-04-08,849,0,,,0,,
A013745,個人,第二帳戶,2017-01-24,18,0,,,0,,
A013746,個人,第二帳戶,2022-07-12,920,0,,,0,,
A013747,個人,第二帳戶,2017-06-02,1254,0,,,0,,
A013748,個人,第二帳戶,2013-03-26,1272,0,,,0,,
A013749,個人,第二帳戶,2011-04-06,558,0,,,0,,
A013750,個人,第二帳戶,2006-07-14,48,0,,,0,,
A013751,個人,第二帳戶,2013-05-17,22,0,,,0,,
A013752,個人,第二帳戶,2019-01-11,37,0,,,0,,
A013753,個人,第二帳戶,2024-12-05,466,0,,,0,,
A013754,個人,第二帳戶,2011-11-04,24,0,,,0,,
A013755,個人,第二帳戶,2008-05-25,8,0,,,0,,
A013756,個人,第二帳戶,2019-07-16,56,0,,,0,,
A013757,個人,第二帳戶,2018-01-01,23,0,,,0,,
A013758,個人,第二帳戶,2024-12-04,964,0,,,0,,
A013759,個人,第二帳戶,2012-10-12,899,0,,,0,,
A013760,個人,第二帳戶,2013-08-11,46,0,,,0,,
A013761,個人,第二帳戶,2010-10-29,582,0,,,0,,
A013762,個人,第二帳戶,2019-11-11,242,0,,,0,,
A013763,個人,第二帳戶,2021-06-15,40,0,,,0,,
A013764,個人,第二帳戶,2012-11-24,39,0,,,0,,
A013765,個人,第二帳戶,2022-09-10,517,0,,,0,,
A013766,個人,第二帳戶,2011-09-04,6,0,,,0,,
A013767,個人,第二帳戶,2011-09-18,44,0,,,0,,
A013768,個人,第二帳戶,2021-10-15,547,0,,,0,,
A013769,個人,第二帳戶,2008-10-13,248,0,,,0,,
A013770,個人,第二帳戶,2009-11-17,44,0,,,0,,
A013771,個人,第二帳戶,2013-09-23,50,0,,,0,,
A013772,個人,第二帳戶,2010-06-12,22,0,,,0,,
A013773,個人,第二帳戶,2024-08-18,10,0,,,0,,
A013774,個人,第二帳戶,2017-05-08,1,0,,,0,,
A013775,個人,第二帳戶,2018-02-14,21,0,,,0,,
A013776,個人,第二帳戶,2006-05-01,9,0,,,0,,
A013777,個人,第二帳戶,2014-01-11,10,0,,,0,,
A013778,個人,第二帳戶,2023-05-15,42,0,,,0,,
A013779,個人,第二帳戶,2016-04-20,1434,0,,,0,,
A013780,個人,第二帳戶,2017-10-21,1245,0,,,0,,
A013781,個人,第二帳戶,2010-02-09,58,0,,,0,,
A013782,個人,第二帳戶,2013-10-23,416,0,,,0,,
A013783,個人,第二帳戶,2006-12-10,30,0,,,0,,
A013784,個人,第二帳戶,2017-07-24,12,0,,,0,,
A013785,個人,第二帳戶,2023-04-13,0,0,,,0,,
A013786,個人,第二帳戶,2019-12-29,26,0,,,0,,
A013787,個人,第二帳戶,2006-06-05,946,0,,,0,,
A013788,個人,第二帳戶,2020-12-20,48,0,,,0,,
A013789,個人,第二帳戶,2008-11-30,8,0,,,0,,
A013790,個人,第二帳戶,2012-01-02,41,0,,,0,,
A013791,個人,第二帳戶,2021-08-20,4,0,,,0,,
A013792,個人,第二帳戶,2024-06-26,945,0,,,0,,
A013793,個人,第二帳戶,2019-03-02,1138,0,,,0,,
A013794,個人,第二帳戶,2019-02-19,342,0,,,0,,
A013795,個人,第二帳戶,2017-06-30,16,0,,,0,,
A013796,個人,第二帳戶,2021-03-29,15,0,,,0,,
A013797,個人,第二帳戶,2021-07-10,20,0,,,0,,
A013798,個人,第二帳戶,2011-09-20,578,0,,,0,,
A013799,個人,第二帳戶,2013-02-18,31,0,,,0,,
A013800,個人,第二帳戶,2009-08-07,46,0,,,0,,
A013801,個人,第二帳戶,2017-07-25,26,0,,,0,,
A013802,個人,第二帳戶,2023-07-29,973,0,,,0,,
A013803,個人,第二帳戶,2010-05-27,19,0,,,0,,
A013804,個人,第二帳戶,2019-07-05,30,0,,,0,,
A013805,個人,第二帳戶,2010-10-26,233,0,,,0,,
A013806,個人,第二帳戶,2008-04-01,595,0,,,0,,
A013807,個人,第二帳戶,2024-04-02,45,0,,,0,,
A013808,個人,第二帳戶,2007-12-18,1231,0,,,0,,
A013809,個人,第二帳戶,2024-04-23,49,0,,,0,,
A013810,個人,第二帳戶,2009-03-11,443,0,,,0,,
A013811,個人,第二帳戶,2010-05-02,7,0,,,0,,
A013812,個人,第二帳戶,2008-05-29,46,0,,,0,,
A013813,個人,第二帳戶,2008-08-04,43,0,,,0,,
A013814,個人,第二帳戶,2010-08-11,233,0,,,0,,
A013815,個人,第二帳戶,2018-12-21,49,0,,,0,,
A013816,個人,第二帳戶,2013-11-10,38,0,,,0,,
A013817,個人,第二帳戶,2023-07-30,1189,0,,,0,,
A013818,個人,第二帳戶,2012-09-13,902,0,,,0,,
A013819,個人,第二帳戶,2022-10-24,17,0,,,0,,
A013820,個人,第二帳戶,2006-03-04,6,0,,,0,,
A013821,個人,第二帳戶,2018-01-28,583,0,,,0,,
A013822,個人,第二帳戶,2023-08-08,1102,0,,,0,,
A013823,個人,第二帳戶,2007-02-27,314,0,,,0,,
A013824,個人,第二帳戶,2008-10-02,632,0,,,0,,
A013825,個人,第二帳戶,2021-04-29,44,0,,,0,,
A013826,個人,第二帳戶,2006-09-10,561,0,,,0,,
A013827,個人,第二帳戶,2012-09-10,50,0,,,0,,
A013828,個人,第二帳戶,2010-11-08,39,0,,,0,,
A013829,個人,第二帳戶,2021-09-04,1279,0,,,0,,
A013830,個人,第二帳戶,2015-02-21,55,0,,,0,,
A013831,個人,第二帳戶,2007-02-16,1427,0,,,0,,
A013832,個人,第二帳戶,2023-08-02,54,0,,,0,,
A013833,個人,第二帳戶,2012-07-20,1102,0,,,0,,
A013834,個人,第二帳戶,2020-06-12,44,0,,,0,,
A013835,個人,第二帳戶,2010-11-06,976,0,,,0,,
A013836,個人,第二帳戶,2019-07-21,1418,0,,,0,,
A013837,個人,第二帳戶,2022-08-03,9,0,,,0,,
A013838,個人,第二帳戶,2012-01-11,1434,0,,,0,,
A013839,個人,第二帳戶,2011-01-18,872,0,,,0,,
A013840,個人,第二帳戶,2018-07-07,916,0,,,0,,
A013841,個人,第二帳戶,2010-08-06,0,0,,,0,,
A013842,個人,第二帳戶,2012-03-05,1400,0,,,0,,
A013844,個人,第二帳戶,2017-07-01,746,0,,,0,,
A013845,個人,第二帳戶,2017-05-06,24,0,,,0,,
A013846,個人,第二帳戶,2018-12-03,360,0,,,0,,
A013847,個人,第二帳戶,2008-02-27,24,0,,,0,,
A013848,個人,第二帳戶,2023-05-21,449,0,,,0,,
A013849,個人,第二帳戶,2015-06-11,1264,0,,,0,,
A013850,個人,第二帳戶,2017-08-05,45,0,,,0,,
A013851,個人,第二帳戶,2020-03-05,19,0,,,0,,
A013852,個人,第二帳戶,2023-09-09,5,0,,,0,,
A013853,個人,第二帳戶,2009-07-31,964,0,,,0,,
A013854,個人,第二帳戶,2013-05-06,9,0,,,0,,
A013855,個人,第二帳戶,2018-08-10,338,0,,,0,,
A013856,個人,第二帳戶,2012-11-30,882,0,,,0,,
A013857,個人,第二帳戶,2009-08-24,44,0,,,0,,
A013858,個人,第二帳戶,2008-04-30,26,0,,,0,,
A013859,個人,第二帳戶,2014-09-09,1166,0,,,0,,
A013860,個人,第二帳戶,2023-03-09,10,0,,,0,,
A013861,個人,第二帳戶,2018-11-28,23,0,,,0,,
A013862,個人,第二帳戶,2024-07-23,20,0,,,0,,
A013863,個人,第二帳戶,2021-05-25,366,0,,,0,,
A013864,個人,第二帳戶,2024-06-23,29,0,,,0,,
A013865,個人,第二帳戶,2014-07-27,257,0,,,0,,
A013866,個人,第二帳戶,2017-03-07,27,0,,,0,,
A013867,個人,第二帳戶,2020-01-01,287,0,,,0,,
A013868,個人,第二帳戶,2015-11-17,54,0,,,0,,
A013869,個人,第二帳戶,2007-12-27,9,0,,,0,,
A013870,個人,第二帳戶,2023-10-25,6,0,,,0,,
A013871,個人,第二帳戶,2017-07-27,4,0,,,0,,
A013872,個人,第二帳戶,2013-02-23,1412,0,,,0,,
A013873,個人,第二帳戶,2008-10-07,47,0,,,0,,
A013874,個人,第二帳戶,2007-09-11,27,0,,,0,,
A013875,個人,第二帳戶,2010-12-04,35,0,,,0,,
A013876,個人,第二帳戶,2011-09-26,944,0,,,0,,
A013877,個人,第二帳戶,2008-11-16,1369,0,,,0,,
A013878,個人,第二帳戶,2024-10-29,782,0,,,0,,
A013879,個人,第二帳戶,2020-03-23,631,0,,,0,,
A013880,個人,第二帳戶,2024-03-05,746,0,,,0,,
A013881,個人,第二帳戶,2020-07-14,482,0,,,0,,
A013882,個人,第二帳戶,2024-07-24,194,0,,,0,,
A013883,個人,第二帳戶,2019-05-30,671,0,,,0,,
A013884,個人,第二帳戶,2008-10-12,1172,0,,,0,,
A013885,個人,第二帳戶,2014-03-08,660,0,,,0,,
A013886,個人,第二帳戶,2018-12-01,1095,0,,,0,,
A013887,個人,第二帳戶,2018-08-11,49,0,,,0,,
A013888,個人,第二帳戶,2018-04-21,1275,0,,,0,,
A013889,個人,第二帳戶,2009-04-04,745,0,,,0,,
A013890,個人,第二帳戶,2010-12-13,38,0,,,0,,
A013891,個人,第二帳戶,2012-11-01,47,0,,,0,,
A013892,個人,第二帳戶,2012-10-18,32,0,,,0,,
A013893,個人,第二帳戶,2009-05-10,56,0,,,0,,
A013894,個人,第二帳戶,2021-01-09,25,0,,,0,,
A013895,個人,第二帳戶,2017-01-22,23,0,,,0,,
A013896,個人,第二帳戶,2022-11-03,48,0,,,0,,
A013897,個人,第二帳戶,2017-05-31,33,0,,,0,,
A013898,個人,第二帳戶,2023-09-04,599,0,,,0,,
A013899,個人,第二帳戶,2013-05-08,675,0,,,0,,
A013900,個人,第二帳戶,2011-03-13,1360,0,,,0,,
A013901,個人,第二帳戶,2010-03-23,718,0,,,0,,
A013902,個人,第二帳戶,2017-06-03,566,0,,,0,,
A013903,個人,第二帳戶,2020-01-05,1156,0,,,0,,
A013904,個人,第二帳戶,2007-12-09,20,0,,,0,,
A013905,個人,第二帳戶,2014-12-27,53,0,,,0,,
A013906,個人,第二帳戶,2023-04-29,27,0,,,0,,
A013907,個人,第二帳戶,2013-08-29,22,0,,,0,,
A013908,個人,第二帳戶,2024-08-17,10,0,,,0,,
A013909,個人,第二帳戶,2013-07-18,55,0,,,0,,
A013910,個人,第二帳戶,2006-07-22,1227,0,,,0,,
A013911,個人,第二帳戶,2022-08-20,1191,0,,,0,,
A013912,個人,第二帳戶,2024-12-18,25,0,,,0,,
A013913,個人,第二帳戶,2016-02-11,12,0,,,0,,
A013914,個人,第二帳戶,2024-05-14,1461,0,,,0,,
A013915,個人,第二帳戶,2024-09-21,52,0,,,0,,
A013916,個人,第二帳戶,2021-06-11,33,0,,,0,,
A013917,個人,第二帳戶,2011-04-12,30,0,,,0,,
A013918,個人,第二帳戶,2006-03-25,10,0,,,0,,
A013919,個人,第二帳戶,2018-01-06,664,0,,,0,,
A013920,個人,第二帳戶,2017-09-26,302,0,,,0,,
A013921,個人,第二帳戶,2021-08-22,56,0,,,0,,
A013922,個人,第二帳戶,2014-02-10,16,0,,,0,,
A013923,個人,第二帳戶,2014-03-29,23,0,,,0,,
A013924,個人,第二帳戶,2023-01-19,60,0,,,0,,
A013925,個人,第二帳戶,2009-12-09,48,0,,,0,,
A013926,個人,第二帳戶,2012-11-28,1073,0,,,0,,
A013927,個人,第二帳戶,2017-05-22,50,0,,,0,,
A013928,個人,第二帳戶,2006-09-10,431,0,,,0,,
A013929,個人,第二帳戶,2008-12-21,917,0,,,0,,
A013930,個人,第二帳戶,2008-01-15,1340,0,,,0,,
A013931,個人,第二帳戶,2015-04-08,55,0,,,0,,
A013932,個人,第二帳戶,2008-07-13,645,0,,,0,,
A013933,個人,第二帳戶,2022-06-30,279,0,,,0,,
A013934,個人,第二帳戶,2010-04-14,26,0,,,0,,
A013935,個人,第二帳戶,2014-06-23,281,0,,,0,,
A013936,個人,第二帳戶,2006-10-12,919,0,,,0,,
A013937,個人,第二帳戶,2011-10-03,34,0,,,0,,
A013938,個人,第二帳戶,2022-01-30,15,0,,,0,,
A013939,個人,第二帳戶,2011-03-29,248,0,,,0,,
A013940,個人,第二帳戶,2020-11-12,4,0,,,0,,
A013941,個人,第二帳戶,2017-11-23,23,0,,,0,,
A013942,個人,第二帳戶,2017-07-27,26,0,,,0,,
A013943,個人,第二帳戶,2019-01-14,39,0,,,0,,
A013944,個人,第二帳戶,2009-05-03,36,0,,,0,,
A013945,個人,第二帳戶,2007-02-11,1134,0,,,0,,
A013946,個人,第二帳戶,2013-07-13,27,0,,,0,,
A013947,個人,第二帳戶,2016-10-21,700,0,,,0,,
A013948,個人,第二帳戶,2010-12-03,676,0,,,0,,
A013949,個人,第二帳戶,2019-08-25,41,0,,,0,,
A013950,個人,第二帳戶,2012-12-30,798,0,,,0,,
A013951,個人,第二帳戶,2023-08-27,46,0,,,0,,
A013952,個人,第二帳戶,2012-05-21,28,0,,,0,,
A013953,個人,第二帳戶,2014-11-20,14,0,,,0,,
A013954,個人,第二帳戶,2011-03-30,16,0,,,0,,
A013955,個人,第二帳戶,2019-04-12,38,0,,,0,,
A013956,個人,第二帳戶,2009-08-09,17,0,,,0,,
A013957,個人,第二帳戶,2014-10-27,25,0,,,0,,
A013958,個人,第二帳戶,2009-07-19,58,0,,,0,,
A013959,個人,第二帳戶,2008-09-06,40,0,,,0,,
A013960,個人,第二帳戶,2018-08-07,913,0,,,0,,
A013961,個人,第二帳戶,2011-04-30,39,0,,,0,,
A013962,個人,第二帳戶,2015-05-21,32,0,,,0,,
A013963,個人,第二帳戶,2010-12-27,795,0,,,0,,
A013964,個人,第二帳戶,2006-07-16,43,0,,,0,,
A013965,個人,第二帳戶,2015-05-22,9,0,,,0,,
A013966,個人,第二帳戶,2022-12-11,3,0,,,0,,
A013967,個人,第二帳戶,2020-02-08,1304,0,,,0,,
A013968,個人,第二帳戶,2010-06-17,52,0,,,0,,
A013969,個人,第二帳戶,2014-04-18,965,0,,,0,,
A013970,個人,第二帳戶,2017-07-10,716,0,,,0,,
A013971,個人,第二帳戶,2020-10-14,319,0,,,0,,
A013972,個人,第二帳戶,2007-05-05,32,0,,,0,,
A013973,個人,第二帳戶,2024-06-28,1459,0,,,0,,
A013974,個人,第二帳戶,2012-05-07,16,0,,,0,,
A013975,個人,第二帳戶,2019-03-28,369,0,,,0,,
A013976,個人,第二帳戶,2017-05-02,476,0,,,0,,
A013977,個人,第二帳戶,2015-07-22,15,0,,,0,,
A013978,個人,第二帳戶,2016-10-10,741,0,,,0,,
A013979,個人,第二帳戶,2013-08-12,5,0,,,0,,
A013980,個人,第二帳戶,2007-05-14,59,0,,,0,,
A013981,個人,第二帳戶,2009-08-30,1269,0,,,0,,
A013982,個人,第二帳戶,2016-08-17,8,0,,,0,,
A013983,個人,第二帳戶,2018-10-13,55,0,,,0,,
A013984,個人,第二帳戶,2012-04-24,839,0,,,0,,
A013985,個人,第二帳戶,2020-11-07,42,0,,,0,,
A013986,個人,第二帳戶,2008-01-05,1196,0,,,0,,
A013987,個人,第二帳戶,2016-03-17,10,0,,,0,,
A013988,個人,第二帳戶,2017-03-29,528,0,,,0,,
A013989,個人,第二帳戶,2010-02-04,342,0,,,0,,
A013990,個人,第二帳戶,2011-03-22,36,0,,,0,,
A013991,個人,第二帳戶,2015-07-14,44,0,,,0,,
A013992,個人,第二帳戶,2007-02-19,35,0,,,0,,
A013993,個人,第二帳戶,2007-01-09,20,0,,,0,,
A013994,個人,第二帳戶,2006-09-11,834,0,,,0,,
A013995,個人,第二帳戶,2007-03-03,26,0,,,0,,
A013996,個人,第二帳戶,2012-08-28,503,0,,,0,,
A013997,個人,第二帳戶,2008-06-13,1007,0,,,0,,
A013998,個人,第二帳戶,2019-09-06,31,0,,,0,,
A013999,個人,第二帳戶,2009-11-23,245,0,,,0,,
A014000,個人,第二帳戶,2011-11-20,45,0,,,0,,
A014001,個人,第二帳戶,2017-08-26,24,0,,,0,,
A014002,個人,第二帳戶,2010-10-02,0,0,,,0,,
A014003,個人,第二帳戶,2014-09-24,27,0,,,0,,
A014004,個人,第二帳戶,2024-09-29,14,0,,,0,,
A014005,個人,第二帳戶,2014-04-15,5,0,,,0,,
A014006,個人,第二帳戶,2008-02-10,27,0,,,0,,
A014007,個人,第二帳戶,2018-07-09,335,0,,,0,,
A014008,個人,第二帳戶,2019-05-29,39,0,,,0,,
A014009,個人,第二帳戶,2011-01-26,21,0,,,0,,
A014011,個人,第二帳戶,2007-09-09,944,0,,,0,,
A014012,個人,第二帳戶,2018-05-26,53,0,,,0,,
A014013,個人,第二帳戶,2020-10-30,3,0,,,0,,
A014014,個人,第二帳戶,2009-05-09,19,0,,,0,,
A014015,個人,第二帳戶,2010-09-24,60,0,,,0,,
A014016,個人,第二帳戶,2011-03-05,726,0,,,0,,
A014017,個人,第二帳戶,2017-07-23,404,0,,,0,,
A014018,個人,第二帳戶,2022-05-09,18,0,,,0,,
A014019,個人,第二帳戶,2018-06-18,1382,0,,,0,,
A014020,個人,第二帳戶,2006-01-15,183,0,,,0,,
A014021,個人,第二帳戶,2018-11-02,4,0,,,0,,
A014022,個人,第二帳戶,2006-03-13,19,0,,,0,,
A014023,個人,第二帳戶,2007-06-15,38,0,,,0,,
A014024,個人,第二帳戶,2006-09-18,20,0,,,0,,
A014025,個人,第二帳戶,2018-05-09,562,0,,,0,,
A014026,個人,第二帳戶,2014-09-29,47,0,,,0,,
A014027,個人,第二帳戶,2014-07-01,26,0,,,0,,
A014028,個人,第二帳戶,2011-02-05,17,0,,,0,,
A014029,個人,第二帳戶,2017-01-31,51,0,,,0,,
A014030,個人,第二帳戶,2007-01-16,217,0,,,0,,
A014031,個人,第二帳戶,2021-08-30,49,0,,,0,,
A014032,個人,第二帳戶,2017-04-06,53,0,,,0,,
A014033,個人,第二帳戶,2021-11-27,18,0,,,0,,
A014034,個人,第二帳戶,2020-03-11,47,0,,,0,,
A014035,個人,第二帳戶,2009-01-08,1360,0,,,0,,
A014036,個人,第二帳戶,2008-06-20,216,0,,,0,,
A014037,個人,第二帳戶,2012-09-03,221,0,,,0,,
A014038,個人,第二帳戶,2014-06-02,947,0,,,0,,
A014039,個人,第二帳戶,2014-03-26,855,0,,,0,,
A014040,個人,第二帳戶,2016-05-26,16,0,,,0,,
A014041,個人,第二帳戶,2009-09-30,35,0,,,0,,
A014042,個人,第二帳戶,2016-03-31,57,0,,,0,,
A014043,個人,第二帳戶,2013-03-13,33,0,,,0,,
A014044,個人,第二帳戶,2016-03-08,554,0,,,0,,
A014045,個人,第二帳戶,2006-07-30,27,0,,,0,,
A014046,個人,第二帳戶,2012-08-26,21,0,,,0,,
A014047,個人,第二帳戶,2011-12-11,36,0,,,0,,
A014048,個人,第二帳戶,2007-09-15,58,0,,,0,,
A014049,個人,第二帳戶,2010-02-26,1254,0,,,0,,
A014050,個人,第二帳戶,2015-09-03,1012,0,,,0,,
A014051,個人,第二帳戶,2020-02-26,25,0,,,0,,
A014052,個人,第二帳戶,2021-09-25,21,0,,,0,,
A014053,個人,第二帳戶,2008-09-23,376,0,,,0,,
A014054,個人,第二帳戶,2023-01-27,18,0,,,0,,
A014055,個人,第二帳戶,2007-03-16,33,0,,,0,,
A014056,個人,第二帳戶,2013-03-30,31,0,,,0,,
A014057,個人,第二帳戶,2009-05-20,351,0,,,0,,
A014058,個人,第二帳戶,2021-09-26,575,0,,,0,,
A014059,個人,第二帳戶,2014-08-15,55,0,,,0,,
A014060,個人,第二帳戶,2016-09-28,525,0,,,0,,
A014061,個人,第二帳戶,2006-11-26,549,0,,,0,,
A014062,個人,第二帳戶,2009-02-05,481,0,,,0,,
A014063,個人,第二帳戶,2018-05-27,611,0,,,0,,
A014064,個人,第二帳戶,2020-08-07,17,0,,,0,,
A014065,個人,第二帳戶,2022-04-15,1325,0,,,0,,
A014066,個人,第二帳戶,2012-02-22,23,0,,,0,,
A014067,個人,第二帳戶,2010-08-08,43,0,,,0,,
A014068,個人,第二帳戶,2016-05-03,36,0,,,0,,
A014069,個人,第二帳戶,2022-12-23,31,0,,,0,,
A014070,個人,第二帳戶,2018-07-03,220,0,,,0,,
A014071,個人,第二帳戶,2017-03-13,804,0,,,0,,
A014072,個人,第二帳戶,2024-03-21,36,0,,,0,,
A014073,個人,第二帳戶,2007-12-13,333,0,,,0,,
A014074,個人,第二帳戶,2016-11-28,43,0,,,0,,
A014075,個人,第二帳戶,2022-07-25,971,0,,,0,,
A014076,個人,第二帳戶,2009-12-05,20,0,,,0,,
A014077,個人,第二帳戶,2014-11-27,40,0,,,0,,
A014078,個人,第二帳戶,2022-10-09,41,0,,,0,,
A014079,個人,第二帳戶,2008-09-19,7,0,,,0,,
A014080,個人,第二帳戶,2007-05-12,49,0,,,0,,
A014081,個人,第二帳戶,2011-01-27,52,0,,,0,,
A014082,個人,第二帳戶,2019-01-19,454,0,,,0,,
A014083,個人,第二帳戶,2007-07-07,36,0,,,0,,
A014084,個人,第二帳戶,2024-08-15,8,0,,,0,,
A014085,個人,第二帳戶,2015-03-17,422,0,,,0,,
A014086,個人,第二帳戶,2006-09-13,1499,0,,,0,,
A014087,個人,第二帳戶,2009-08-30,940,0,,,0,,
A014089,個人,第二帳戶,2017-09-15,44,0,,,0,,
A014090,個人,第二帳戶,2014-01-16,56,0,,,0,,
A014091,個人,第二帳戶,2008-06-27,286,0,,,0,,
A014092,個人,第二帳戶,2009-09-04,39,0,,,0,,
A014093,個人,第二帳戶,2019-10-06,29,0,,,0,,
A014094,個人,第二帳戶,2008-06-04,19,0,,,0,,
A014095,個人,第二帳戶,2019-05-23,868,0,,,0,,
A014096,個人,第二帳戶,2015-03-25,393,0,,,0,,
A014097,個人,第二帳戶,2017-05-25,31,0,,,0,,
A014098,個人,第二帳戶,2010-10-16,1319,0,,,0,,
A014099,個人,第二帳戶,2019-10-23,7,0,,,0,,
A014100,個人,第二帳戶,2024-05-21,19,0,,,0,,
A014101,個人,第二帳戶,2015-12-24,22,0,,,0,,
A014102,個人,第二帳戶,2024-06-03,354,0,,,0,,
A014103,個人,第二帳戶,2020-04-26,7,0,,,0,,
A014104,個人,第二帳戶,2015-12-13,818,0,,,0,,
A014105,個人,第二帳戶,2015-06-18,40,0,,,0,,
A014106,個人,第二帳戶,2014-10-30,1241,0,,,0,,
A014107,個人,第二帳戶,2024-10-22,48,0,,,0,,
A014108,個人,第二帳戶,2013-08-15,9,0,,,0,,
A014109,個人,第二帳戶,2024-12-06,21,0,,,0,,
A014110,個人,第二帳戶,2015-03-04,1494,0,,,0,,
A014111,個人,第二帳戶,2007-01-02,612,0,,,0,,
A014112,個人,第二帳戶,2008-11-12,31,0,,,0,,
A014113,個人,第二帳戶,2010-11-02,578,0,,,0,,
A014114,個人,第二帳戶,2024-11-10,339,0,,,0,,
A014115,個人,第二帳戶,2006-08-13,259,0,,,0,,
A014116,個人,第二帳戶,2023-05-03,523,0,,,0,,
A014117,個人,第二帳戶,2010-01-21,1069,0,,,0,,
A014118,個人,第二帳戶,2011-09-24,50,0,,,0,,
A014119,個人,第二帳戶,2007-12-29,1321,0,,,0,,
A014120,個人,第二帳戶,2021-12-25,1314,0,,,0,,
A014121,個人,第二帳戶,2021-01-30,1071,0,,,0,,
A014122,個人,第二帳戶,2019-12-13,917,0,,,0,,
A014123,個人,第二帳戶,2013-05-31,1082,0,,,0,,
A014124,個人,第二帳戶,2016-02-21,45,0,,,0,,
A014125,個人,第二帳戶,2022-08-27,285,0,,,0,,
A014126,個人,第二帳戶,2015-07-18,954,0,,,0,,
A014127,個人,第二帳戶,2011-06-06,52,0,,,0,,
A014128,個人,第二帳戶,2022-07-26,32,0,,,0,,
A014129,個人,第二帳戶,2008-01-29,5,0,,,0,,
A014130,個人,第二帳戶,2015-04-30,7,0,,,0,,
A014131,個人,第二帳戶,2013-03-23,59,0,,,0,,
A014132,個人,第二帳戶,2017-02-11,5,0,,,0,,
A014133,個人,第二帳戶,2018-10-05,21,0,,,0,,
A014134,個人,第二帳戶,2022-07-24,1073,0,,,0,,
A014135,個人,第二帳戶,2009-08-07,785,0,,,0,,
A014136,個人,第二帳戶,2013-07-05,389,0,,,0,,
A014137,個人,第二帳戶,2016-05-11,56,0,,,0,,
A014138,個人,第二帳戶,2008-04-24,11,0,,,0,,
A014139,個人,第二帳戶,2018-01-11,29,0,,,0,,
A014140,個人,第二帳戶,2018-04-25,1114,0,,,0,,
A014141,個人,第二帳戶,2019-04-28,9,0,,,0,,
A014142,個人,第二帳戶,2024-02-28,31,0,,,0,,
A014143,個人,第二帳戶,2018-09-09,16,0,,,0,,
A014144,個人,第二帳戶,2014-08-23,53,0,,,0,,
A014145,個人,第二帳戶,2024-02-19,275,0,,,0,,
A014146,個人,第二帳戶,2006-03-15,31,0,,,0,,
A014147,個人,第二帳戶,2014-04-24,1070,0,,,0,,
A014148,個人,第二帳戶,2022-01-24,440,0,,,0,,
A014149,個人,第二帳戶,2011-01-21,1061,0,,,0,,
A014150,個人,第二帳戶,2024-03-22,19,0,,,0,,
A014151,個人,第二帳戶,2011-09-10,1080,0,,,0,,
A014152,個人,第二帳戶,2024-03-26,31,0,,,0,,
A014153,個人,第二帳戶,2017-11-20,53,0,,,0,,
A014154,個人,第二帳戶,2017-05-30,1290,0,,,0,,
A014155,個人,第二帳戶,2021-10-15,725,0,,,0,,
A014156,個人,第二帳戶,2019-10-08,60,0,,,0,,
A014157,個人,第二帳戶,2010-07-26,46,0,,,0,,
A014158,個人,第二帳戶,2009-11-26,2,0,,,0,,
A014159,個人,第二帳戶,2013-01-15,250,0,,,0,,
A014160,個人,第二帳戶,2010-07-25,41,0,,,0,,
A014161,個人,第二帳戶,2024-11-08,26,0,,,0,,
A014162,個人,第二帳戶,2008-05-24,564,0,,,0,,
A014163,個人,第二帳戶,2022-03-30,21,0,,,0,,
A014164,個人,第二帳戶,2016-04-25,822,0,,,0,,
A014165,個人,第二帳戶,2008-02-03,54,0,,,0,,
A014166,個人,第二帳戶,2017-12-18,1341,0,,,0,,
A014167,個人,第二帳戶,2024-08-15,530,0,,,0,,
A014168,個人,第二帳戶,2009-04-05,34,0,,,0,,
A014169,個人,第二帳戶,2014-11-18,31,0,,,0,,
A014170,個人,第二帳戶,2014-08-24,0,0,,,0,,
A014171,個人,第二帳戶,2022-11-02,55,0,,,0,,
A014172,個人,第二帳戶,2007-01-22,59,0,,,0,,
A014173,個人,第二帳戶,2023-05-11,23,0,,,0,,
A014174,個人,第二帳戶,2017-07-16,570,0,,,0,,
A014175,個人,第二帳戶,2006-01-13,1166,0,,,0,,
A014176,個人,第二帳戶,2020-05-13,50,0,,,0,,
A014177,個人,第二帳戶,2023-04-02,8,0,,,0,,
A014178,個人,第二帳戶,2010-08-08,760,0,,,0,,
A014179,個人,第二帳戶,2008-12-03,12,0,,,0,,
A014180,個人,第二帳戶,2007-01-04,27,0,,,0,,
A014181,個人,第二帳戶,2007-03-18,29,0,,,0,,
A014182,個人,第二帳戶,2020-12-20,53,0,,,0,,
A014183,個人,第二帳戶,2018-12-22,30,0,,,0,,
A014184,個人,第二帳戶,2006-10-08,1363,0,,,0,,
A014185,個人,第二帳戶,2019-06-17,1338,0,,,0,,
A014186,個人,第二帳戶,2015-08-01,58,0,,,0,,
A014187,個人,第二帳戶,2024-02-08,56,0,,,0,,
A014188,個人,第二帳戶,2013-12-19,28,0,,,0,,
A014189,個人,第二帳戶,2012-10-23,24,0,,,0,,
A014190,個人,第二帳戶,2017-08-20,517,0,,,0,,
A014191,個人,第二帳戶,2013-07-28,28,0,,,0,,
A014192,個人,第二帳戶,2020-04-29,26,0,,,0,,
A014193,個人,第二帳戶,2011-07-04,36,0,,,0,,
A014194,個人,第二帳戶,2006-06-03,42,0,,,0,,
A014195,個人,第二帳戶,2013-08-04,1205,0,,,0,,
A014196,個人,第二帳戶,2011-02-13,1283,0,,,0,,
A014197,個人,第二帳戶,2013-05-01,841,0,,,0,,
A014198,個人,第二帳戶,2015-10-22,267,0,,,0,,
A014199,個人,第二帳戶,2012-05-29,17,0,,,0,,
A014200,個人,第二帳戶,2021-08-28,1101,0,,,0,,
A014201,個人,第二帳戶,2018-09-24,460,0,,,0,,
A014202,個人,第二帳戶,2022-09-18,41,0,,,0,,
A014203,個人,第二帳戶,2012-12-06,1333,0,,,0,,
A014204,個人,第二帳戶,2007-04-09,42,0,,,0,,
A014205,個人,第二帳戶,2014-12-04,60,0,,,0,,
A014206,個人,第二帳戶,2024-04-24,45,0,,,0,,
A014207,個人,第二帳戶,2007-10-11,40,0,,,0,,
A014208,個人,第二帳戶,2019-06-09,25,0,,,0,,
A014209,個人,第二帳戶,2018-07-10,35,0,,,0,,
A014210,個人,第二帳戶,2013-01-29,824,0,,,0,,
A014211,個人,第二帳戶,2007-07-12,783,0,,,0,,
A014212,個人,第二帳戶,2016-09-09,1394,0,,,0,,
A014213,個人,第二帳戶,2011-02-06,1429,0,,,0,,
A014214,個人,第二帳戶,2022-05-07,39,0,,,0,,
A014215,個人,第二帳戶,2011-02-17,10,0,,,0,,
A014216,個人,第二帳戶,2024-02-19,871,0,,,0,,
A014217,個人,第二帳戶,2012-01-07,57,0,,,0,,
A014218,個人,第二帳戶,2016-10-01,44,0,,,0,,
A014219,個人,第二帳戶,2012-10-23,49,0,,,0,,
A014220,個人,第二帳戶,2008-10-12,48,0,,,0,,
A014221,個人,第二帳戶,2018-10-29,59,0,,,0,,
A014222,個人,第二帳戶,2013-05-27,563,0,,,0,,
A014223,個人,第二帳戶,2010-01-21,825,0,,,0,,
A014224,個人,第二帳戶,2006-05-12,717,0,,,0,,
A014225,個人,第二帳戶,2010-02-04,60,0,,,0,,
A014226,個人,第二帳戶,2011-10-04,20,0,,,0,,
A014227,個人,第二帳戶,2023-07-06,28,0,,,0,,
A014228,個人,第二帳戶,2013-11-11,24,0,,,0,,
A014229,個人,第二帳戶,2010-07-09,990,0,,,0,,
A014230,個人,第二帳戶,2006-07-31,42,0,,,0,,
A014231,個人,第二帳戶,2018-05-22,11,0,,,0,,
A014232,個人,第二帳戶,2009-10-19,34,0,,,0,,
A014233,個人,第二帳戶,2018-05-27,5,0,,,0,,
A014234,個人,第二帳戶,2009-11-26,14,0,,,0,,
A014235,個人,第二帳戶,2022-08-12,650,0,,,0,,
A014236,個人,第二帳戶,2019-03-03,259,0,,,0,,
A014237,個人,第二帳戶,2021-05-17,515,0,,,0,,
A014238,個人,第二帳戶,2014-05-22,1310,0,,,0,,
A014239,個人,第二帳戶,2023-10-23,583,0,,,0,,
A014240,個人,第二帳戶,2022-02-22,8,0,,,0,,
A014241,個人,第二帳戶,2007-06-15,312,0,,,0,,
A014242,個人,第二帳戶,2008-04-05,0,0,,,0,,
A014243,個人,第二帳戶,2018-05-06,1426,0,,,0,,
A014244,個人,第二帳戶,2022-12-25,57,0,,,0,,
A014245,個人,第二帳戶,2012-07-15,944,0,,,0,,
A014246,個人,第二帳戶,2014-10-29,22,0,,,0,,
A014247,個人,第二帳戶,2015-03-09,0,0,,,0,,
A014248,個人,第二帳戶,2023-06-07,9,0,,,0,,
A014249,個人,第二帳戶,2008-03-01,32,0,,,0,,
A014250,個人,第二帳戶,2022-07-01,40,0,,,0,,
A014251,個人,第二帳戶,2006-10-06,1304,0,,,0,,
A014252,個人,第二帳戶,2015-11-27,4,0,,,0,,
A014253,個人,第二帳戶,2013-10-08,1419,0,,,0,,
A014254,個人,第二帳戶,2012-12-18,789,0,,,0,,
A014255,個人,第二帳戶,2011-01-15,800,0,,,0,,
A014256,個人,第二帳戶,2010-09-12,45,0,,,0,,
A014257,個人,第二帳戶,2013-03-31,571,0,,,0,,
A014258,個人,第二帳戶,2020-03-02,7,0,,,0,,
A014259,個人,第二帳戶,2006-12-19,238,0,,,0,,
A014260,個人,第二帳戶,2010-09-15,1425,0,,,0,,
A014261,個人,第二帳戶,2022-09-03,46,0,,,0,,
A014262,個人,第二帳戶,2011-10-10,853,0,,,0,,
A014263,個人,第二帳戶,2022-04-30,1474,0,,,0,,
A014264,個人,第二帳戶,2017-08-25,55,0,,,0,,
A014265,個人,第二帳戶,2011-12-12,1140,0,,,0,,
A014266,個人,第二帳戶,2006-04-13,43,0,,,0,,
A014267,個人,第二帳戶,2019-04-16,39,0,,,0,,
A014268,個人,第二帳戶,2008-11-03,344,0,,,0,,
A014269,個人,第二帳戶,2021-03-30,30,0,,,0,,
A014270,個人,第二帳戶,2024-09-20,521,0,,,0,,
A014271,個人,第二帳戶,2019-09-18,1284,0,,,0,,
A014272,個人,第二帳戶,2007-09-23,984,0,,,0,,
A014273,個人,第二帳戶,2018-02-17,5,0,,,0,,
A014274,個人,第二帳戶,2016-11-04,19,0,,,0,,
A014275,個人,第二帳戶,2008-09-19,1102,0,,,0,,
A014276,個人,第二帳戶,2021-10-10,2,0,,,0,,
A014277,個人,第二帳戶,2021-02-17,1436,0,,,0,,
A014278,個人,第二帳戶,2021-09-17,7,0,,,0,,
A014279,個人,第二帳戶,2017-10-13,25,0,,,0,,
A014280,個人,第二帳戶,2012-03-19,971,0,,,0,,
A014281,個人,第二帳戶,2018-11-30,44,0,,,0,,
A014282,個人,第二帳戶,2008-04-16,6,0,,,0,,
A014283,個人,第二帳戶,2011-06-06,31,0,,,0,,
A014284,個人,第二帳戶,2021-06-22,282,0,,,0,,
A014285,個人,第二帳戶,2012-07-30,408,0,,,0,,
A014286,個人,第二帳戶,2016-01-05,1227,0,,,0,,
A014287,個人,第二帳戶,2006-12-03,365,0,,,0,,
A014288,個人,第二帳戶,2008-09-28,39,0,,,0,,
A014289,個人,第二帳戶,2020-10-10,38,0,,,0,,
A014290,個人,第二帳戶,2006-01-25,4,0,,,0,,
A014291,個人,第二帳戶,2013-06-24,949,0,,,0,,
A014292,個人,第二帳戶,2020-02-28,10,0,,,0,,
A014293,個人,第二帳戶,2018-06-03,763,0,,,0,,
A014294,個人,第二帳戶,2019-07-26,1359,0,,,0,,
A014295,個人,第二帳戶,2018-06-14,60,0,,,0,,
A014296,個人,第二帳戶,2022-04-18,345,0,,,0,,
A014297,個人,第二帳戶,2012-06-29,1432,0,,,0,,
A014298,個人,第二帳戶,2014-11-12,39,0,,,0,,
A014299,個人,第二帳戶,2023-10-19,437,0,,,0,,
A014300,個人,第二帳戶,2021-05-17,402,0,,,0,,
A014301,個人,第二帳戶,2007-01-08,53,0,,,0,,
A014302,個人,第二帳戶,2015-11-21,1228,0,,,0,,
A014303,個人,第二帳戶,2011-02-28,35,0,,,0,,
A014304,個人,第二帳戶,2010-04-25,26,0,,,0,,
A014305,個人,第二帳戶,2012-06-13,1158,0,,,0,,
A014306,個人,第二帳戶,2011-06-10,7,0,,,0,,
A014307,個人,第二帳戶,2019-08-24,1002,0,,,0,,
A014308,個人,第二帳戶,2014-01-07,775,0,,,0,,
A014309,個人,第二帳戶,2013-11-12,11,0,,,0,,
A014310,個人,第二帳戶,2011-12-06,11,0,,,0,,
A014311,個人,第二帳戶,2011-06-29,5,0,,,0,,
A014312,個人,第二帳戶,2018-10-24,20,0,,,0,,
A014313,個人,第二帳戶,2008-10-15,48,0,,,0,,
A014314,個人,第二帳戶,2021-12-01,531,0,,,0,,
A014315,個人,第二帳戶,2019-08-20,551,0,,,0,,
A014316,個人,第二帳戶,2014-04-29,22,0,,,0,,
A014317,個人,第二帳戶,2022-03-10,45,0,,,0,,
A014318,個人,第二帳戶,2024-08-09,25,0,,,0,,
A014319,個人,第二帳戶,2006-11-28,577,0,,,0,,
A014320,個人,第二帳戶,2010-02-23,20,0,,,0,,
A014321,個人,第二帳戶,2017-05-02,44,0,,,0,,
A014322,個人,第二帳戶,2010-11-08,15,0,,,0,,
A014323,個人,第二帳戶,2012-03-31,0,0,,,0,,
A014324,個人,第二帳戶,2008-06-05,11,0,,,0,,
A014325,個人,第二帳戶,2023-06-16,196,0,,,0,,
A014326,個人,第二帳戶,2023-07-05,35,0,,,0,,
A014327,個人,第二帳戶,2010-09-15,664,0,,,0,,
A014328,個人,第二帳戶,2018-07-18,10,0,,,0,,
A014329,個人,第二帳戶,2012-08-12,14,0,,,0,,
A014330,個人,第二帳戶,2022-04-13,43,0,,,0,,
A014331,個人,第二帳戶,2021-11-29,26,0,,,0,,
A014332,個人,第二帳戶,2022-02-08,55,0,,,0,,
A014333,個人,第二帳戶,2014-11-16,1015,0,,,0,,
A014334,個人,第二帳戶,2024-01-10,888,0,,,0,,
A014335,個人,第二帳戶,2023-09-25,921,0,,,0,,
A014336,個人,第二帳戶,2024-03-09,599,0,,,0,,
A014337,個人,第二帳戶,2023-12-20,37,0,,,0,,
A014338,個人,第二帳戶,2011-11-17,49,0,,,0,,
A014339,個人,第二帳戶,2008-04-24,25,0,,,0,,
A014340,個人,第二帳戶,2015-07-18,1392,0,,,0,,
A014341,個人,第二帳戶,2015-11-16,23,0,,,0,,
A014342,個人,第二帳戶,2006-01-23,1,0,,,0,,
A014343,個人,第二帳戶,2024-05-19,274,0,,,0,,
A014344,個人,第二帳戶,2013-10-06,15,0,,,0,,
A014345,個人,第二帳戶,2010-04-10,7,0,,,0,,
A014346,個人,第二帳戶,2014-06-23,10,0,,,0,,
A014347,個人,第二帳戶,2007-09-22,1258,0,,,0,,
A014348,個人,第二帳戶,2014-12-07,1440,0,,,0,,
A014349,個人,第二帳戶,2012-01-09,57,0,,,0,,
A014350,個人,第二帳戶,2019-05-23,10,0,,,0,,
A014351,個人,第二帳戶,2013-08-06,16,0,,,0,,
A014352,個人,第二帳戶,2007-01-31,957,0,,,0,,
A014353,個人,第二帳戶,2017-04-09,777,0,,,0,,
A014354,個人,第二帳戶,2023-01-12,2,0,,,0,,
A014355,個人,第二帳戶,2013-03-26,883,0,,,0,,
A014357,個人,第二帳戶,2021-12-02,1400,0,,,0,,
A014358,個人,第二帳戶,2022-05-01,2,0,,,0,,
A014359,個人,第二帳戶,2007-07-23,1,0,,,0,,
A014360,個人,第二帳戶,2023-09-10,8,0,,,0,,
A014361,個人,第二帳戶,2019-07-24,33,0,,,0,,
A014362,個人,第二帳戶,2022-04-06,15,0,,,0,,
A014363,個人,第二帳戶,2019-08-01,736,0,,,0,,
A014364,個人,第二帳戶,2018-02-05,34,0,,,0,,
A014365,個人,第二帳戶,2010-10-10,21,0,,,0,,
A014366,個人,第二帳戶,2011-03-21,29,0,,,0,,
A014367,個人,第二帳戶,2014-05-13,54,0,,,0,,
A014368,個人,第二帳戶,2019-09-02,4,0,,,0,,
A014369,個人,第二帳戶,2015-07-28,611,0,,,0,,
A014370,個人,第二帳戶,2011-09-22,43,0,,,0,,
A014371,個人,第二帳戶,2009-06-21,18,0,,,0,,
A014372,個人,第二帳戶,2023-02-01,54,0,,,0,,
A014373,個人,第二帳戶,2018-05-28,57,0,,,0,,
A014374,個人,第二帳戶,2011-07-01,257,0,,,0,,
A014375,個人,第二帳戶,2012-09-08,52,0,,,0,,
A014376,個人,第二帳戶,2014-06-19,37,0,,,0,,
A014377,個人,第二帳戶,2022-05-07,486,0,,,0,,
A014378,個人,第二帳戶,2019-09-06,54,0,,,0,,
A014379,個人,第二帳戶,2015-03-21,1179,0,,,0,,
A014380,個人,第二帳戶,2020-08-31,17,0,,,0,,
A014381,個人,第二帳戶,2006-04-17,9,0,,,0,,
A014382,個人,第二帳戶,2010-11-04,322,0,,,0,,
A014383,個人,第二帳戶,2007-03-23,718,0,,,0,,
A014384,個人,第二帳戶,2009-03-01,33,0,,,0,,
A014385,個人,第二帳戶,2016-08-29,15,0,,,0,,
A014386,個人,第二帳戶,2006-07-20,961,0,,,0,,
A014387,個人,第二帳戶,2015-03-12,1031,0,,,0,,
A014388,個人,第二帳戶,2019-12-18,1206,0,,,0,,
A014389,個人,第二帳戶,2024-02-16,1119,0,,,0,,
A014390,個人,第二帳戶,2017-12-19,1088,0,,,0,,
A014391,個人,第二帳戶,2006-03-14,31,0,,,0,,
A014392,個人,第二帳戶,2019-01-29,2,0,,,0,,
A014393,個人,第二帳戶,2013-04-20,42,0,,,0,,
A014394,個人,第二帳戶,2022-02-15,1233,0,,,0,,
A014395,個人,第二帳戶,2016-04-06,12,0,,,0,,
A014396,個人,第二帳戶,2012-03-04,26,0,,,0,,
A014397,個人,第二帳戶,2015-04-08,614,0,,,0,,
A014398,個人,第二帳戶,2022-10-26,41,0,,,0,,
A014399,個人,第二帳戶,2010-08-28,501,0,,,0,,
A014400,個人,第二帳戶,2010-07-02,45,0,,,0,,
A014401,個人,第二帳戶,2024-12-08,944,0,,,0,,
A014402,個人,第二帳戶,2024-05-26,2,0,,,0,,
A014403,個人,第二帳戶,2007-09-09,36,0,,,0,,
A014404,個人,第二帳戶,2023-05-03,254,0,,,0,,
A014405,個人,第二帳戶,2020-08-09,828,0,,,0,,
A014406,個人,第二帳戶,2015-10-28,42,0,,,0,,
A014407,個人,第二帳戶,2013-10-21,53,0,,,0,,
A014408,個人,第二帳戶,2021-02-12,50,0,,,0,,
A014409,個人,第二帳戶,2012-12-05,45,0,,,0,,
A014410,個人,第二帳戶,2022-11-14,405,0,,,0,,
A014411,個人,第二帳戶,2011-08-10,51,0,,,0,,
A014412,個人,第二帳戶,2021-06-03,40,0,,,0,,
A014413,個人,第二帳戶,2018-06-29,955,0,,,0,,
A014414,個人,第二帳戶,2022-01-12,9,0,,,0,,
A014415,個人,第二帳戶,2021-12-27,1446,0,,,0,,
A014416,個人,第二帳戶,2010-09-06,302,0,,,0,,
A014417,個人,第二帳戶,2021-06-25,49,0,,,0,,
A014418,個人,第二帳戶,2023-07-28,11,0,,,0,,
A014419,個人,第二帳戶,2018-02-07,14,0,,,0,,
A014421,個人,第二帳戶,2019-11-14,2,0,,,0,,
A014422,個人,第二帳戶,2019-05-18,1,0,,,0,,
A014423,個人,第二帳戶,2020-01-01,36,0,,,0,,
A014424,個人,第二帳戶,2007-05-20,401,0,,,0,,
A014426,個人,第二帳戶,2019-06-30,58,0,,,0,,
A014427,個人,第二帳戶,2018-08-28,31,0,,,0,,
A014428,個人,第二帳戶,2009-01-07,801,0,,,0,,
A014429,個人,第二帳戶,2019-12-26,13,0,,,0,,
A014430,個人,第二帳戶,2016-06-18,21,0,,,0,,
A014431,個人,第二帳戶,2019-01-12,475,0,,,0,,
A014432,個人,第二帳戶,2016-07-22,47,0,,,0,,
A014433,個人,第二帳戶,2012-05-27,22,0,,,0,,
A014434,個人,第二帳戶,2020-12-12,31,0,,,0,,
A014435,個人,第二帳戶,2020-11-17,31,0,,,0,,
A014436,個人,第二帳戶,2018-02-02,293,0,,,0,,
A014437,個人,第二帳戶,2011-09-03,1395,0,,,0,,
A014438,個人,第二帳戶,2006-06-20,1296,0,,,0,,
A014439,個人,第二帳戶,2021-05-20,1,0,,,0,,
A014440,個人,第二帳戶,2006-09-30,19,0,,,0,,
A014441,個人,第二帳戶,2021-04-23,21,0,,,0,,
A014442,個人,第二帳戶,2009-08-28,1308,0,,,0,,
A014443,個人,第二帳戶,2012-05-22,894,0,,,0,,
A014444,個人,第二帳戶,2019-10-20,55,0,,,0,,
A014445,個人,第二帳戶,2022-08-27,46,0,,,0,,
A014446,個人,第二帳戶,2009-12-15,60,0,,,0,,
A014447,個人,第二帳戶,2013-05-04,9,0,,,0,,
A014448,個人,第二帳戶,2019-06-27,47,0,,,0,,
A014449,個人,第二帳戶,2022-10-01,7,0,,,0,,
A014450,個人,第二帳戶,2024-12-05,41,0,,,0,,
A014451,個人,第二帳戶,2008-07-22,28,0,,,0,,
A014452,個人,第二帳戶,2008-05-16,59,0,,,0,,
A014453,個人,第二帳戶,2018-01-08,874,0,,,0,,
A014454,個人,第二帳戶,2011-09-05,964,0,,,0,,
A014455,個人,第二帳戶,2020-12-31,16,0,,,0,,
A014456,個人,第二帳戶,2021-01-21,1,0,,,0,,
A014457,個人,第二帳戶,2013-01-08,24,0,,,0,,
A014458,個人,第二帳戶,2023-09-04,53,0,,,0,,
A014459,個人,第二帳戶,2017-02-21,1485,0,,,0,,
A014460,個人,第二帳戶,2022-10-25,32,0,,,0,,
A014461,個人,第二帳戶,2024-09-17,2,0,,,0,,
A014462,個人,第二帳戶,2024-10-19,18,0,,,0,,
A014463,個人,第二帳戶,2022-09-14,1209,0,,,0,,
A014464,個人,第二帳戶,2016-11-13,32,0,,,0,,
A014465,個人,第二帳戶,2017-05-04,808,0,,,0,,
A014466,個人,第二帳戶,2023-02-13,1485,0,,,0,,
A014467,個人,第二帳戶,2008-10-05,7,0,,,0,,
A014468,個人,第二帳戶,2012-10-20,1249,0,,,0,,
A014469,個人,第二帳戶,2013-08-08,32,0,,,0,,
A014470,個人,第二帳戶,2012-11-29,44,0,,,0,,
A014471,個人,第二帳戶,2022-06-16,24,0,,,0,,
A014472,個人,第二帳戶,2013-05-18,1337,0,,,0,,
A014473,個人,第二帳戶,2010-08-21,33,0,,,0,,
A014474,個人,第二帳戶,2016-09-18,434,0,,,0,,
A014475,個人,第二帳戶,2012-10-06,3,0,,,0,,
A014476,個人,第二帳戶,2015-05-30,46,0,,,0,,
A014477,個人,第二帳戶,2013-09-04,1471,0,,,0,,
A014478,個人,第二帳戶,2007-11-10,1270,0,,,0,,
A014479,個人,第二帳戶,2013-02-22,10,0,,,0,,
A014480,個人,第二帳戶,2024-05-27,28,0,,,0,,
A014481,個人,第二帳戶,2008-04-14,14,0,,,0,,
A014482,個人,第二帳戶,2013-11-14,37,0,,,0,,
A014483,個人,第二帳戶,2024-07-06,8,0,,,0,,
A014484,個人,第二帳戶,2013-08-09,52,0,,,0,,
A014485,個人,第二帳戶,2020-05-28,36,0,,,0,,
A014486,個人,第二帳戶,2007-12-02,1118,0,,,0,,
A014487,個人,第二帳戶,2012-10-02,468,0,,,0,,
A014488,個人,第二帳戶,2010-01-29,15,0,,,0,,
A014489,個人,第二帳戶,2010-03-05,10,0,,,0,,
A014490,個人,第二帳戶,2017-06-04,58,0,,,0,,
A014491,個人,第二帳戶,2024-07-15,1204,0,,,0,,
A014492,個人,第二帳戶,2017-12-07,5,0,,,0,,
A014493,個人,第二帳戶,2024-02-05,25,0,,,0,,
A014494,個人,第二帳戶,2020-06-29,964,0,,,0,,
A014495,個人,第二帳戶,2010-04-26,1371,0,,,0,,
A014496,個人,第二帳戶,2022-03-26,10,0,,,0,,
A014497,個人,第二帳戶,2018-12-28,22,0,,,0,,
A014498,個人,第二帳戶,2023-03-20,55,0,,,0,,
A014500,個人,第二帳戶,2009-08-02,43,0,,,0,,
A014501,個人,第二帳戶,2023-10-11,900,0,,,0,,
A014502,個人,第二帳戶,2019-04-28,1310,0,,,0,,
A014503,個人,第二帳戶,2010-01-01,56,0,,,0,,
A014505,個人,第二帳戶,2012-10-06,1318,0,,,0,,
A014506,個人,第二帳戶,2022-04-16,54,0,,,0,,
A014507,個人,第二帳戶,2017-09-22,242,0,,,0,,
A014508,個人,第二帳戶,2014-09-21,1416,0,,,0,,
A014509,個人,第二帳戶,2009-03-08,30,0,,,0,,
A014510,個人,第二帳戶,2023-03-23,15,0,,,0,,
A014511,個人,第二帳戶,2006-03-05,735,0,,,0,,
A014512,個人,第二帳戶,2008-01-12,1257,0,,,0,,
A014513,個人,第二帳戶,2021-06-18,1245,0,,,0,,
A014514,個人,第二帳戶,2011-07-01,30,0,,,0,,
A014515,個人,第二帳戶,2019-03-05,53,0,,,0,,
A014516,個人,第二帳戶,2012-02-27,38,0,,,0,,
A014517,個人,第二帳戶,2012-05-14,958,0,,,0,,
A014519,個人,第二帳戶,2008-06-11,14,0,,,0,,
A014520,個人,第二帳戶,2022-04-09,10,0,,,0,,
A014521,個人,第二帳戶,2022-05-23,369,0,,,0,,
A014522,個人,第二帳戶,2024-02-12,1065,0,,,0,,
A014523,個人,第二帳戶,2008-07-02,33,0,,,0,,
A014524,個人,第二帳戶,2017-05-01,951,0,,,0,,
A014525,個人,第二帳戶,2013-12-15,54,0,,,0,,
A014526,個人,第二帳戶,2011-08-04,623,0,,,0,,
A014527,個人,第二帳戶,2009-04-19,30,0,,,0,,
A014528,個人,第二帳戶,2013-05-16,997,0,,,0,,
A014529,個人,第二帳戶,2016-07-21,835,0,,,0,,
A014530,個人,第二帳戶,2015-12-12,2,0,,,0,,
A014531,個人,第二帳戶,2011-08-23,1,0,,,0,,
A014532,個人,第二帳戶,2007-12-21,48,0,,,0,,
A014533,個人,第二帳戶,2012-04-06,2,0,,,0,,
A014534,個人,第二帳戶,2016-12-10,53,0,,,0,,
A014535,個人,第二帳戶,2024-12-29,1237,0,,,0,,
A014536,個人,第二帳戶,2021-11-12,30,0,,,0,,
A014537,個人,第二帳戶,2017-08-27,550,0,,,0,,
A014538,個人,第二帳戶,2024-09-18,1211,0,,,0,,
A014539,個人,第二帳戶,2020-05-28,49,0,,,0,,
A014540,個人,第二帳戶,2006-11-11,40,0,,,0,,
A014541,個人,第二帳戶,2022-12-13,985,0,,,0,,
A014542,個人,第二帳戶,2021-01-02,606,0,,,0,,
A014543,個人,第二帳戶,2007-03-26,39,0,,,0,,
A014544,個人,第二帳戶,2018-04-02,576,0,,,0,,
A014545,個人,第二帳戶,2024-03-14,11,0,,,0,,
A014546,個人,第二帳戶,2017-05-11,1402,0,,,0,,
A014547,個人,第二帳戶,2009-04-02,396,0,,,0,,
A014548,個人,第二帳戶,2020-04-19,57,0,,,0,,
A014549,個人,第二帳戶,2006-09-07,621,0,,,0,,
A014550,個人,第二帳戶,2020-06-17,1017,0,,,0,,
A014551,個人,第二帳戶,2016-05-10,4,0,,,0,,
A014552,個人,第二帳戶,2008-12-27,39,0,,,0,,
A014553,個人,第二帳戶,2009-08-28,4,0,,,0,,
A014554,個人,第二帳戶,2007-12-17,620,0,,,0,,
A014555,個人,第二帳戶,2020-03-06,60,0,,,0,,
A014556,個人,第二帳戶,2019-03-28,1019,0,,,0,,
A014557,個人,第二帳戶,2022-06-03,41,0,,,0,,
A014558,個人,第二帳戶,2022-10-26,1008,0,,,0,,
A014559,個人,第二帳戶,2017-09-09,3,0,,,0,,
A014560,個人,第二帳戶,2017-05-01,1040,0,,,0,,
A014561,個人,第二帳戶,2012-07-28,46,0,,,0,,
A014562,個人,第二帳戶,2015-01-05,394,0,,,0,,
A014563,個人,第二帳戶,2012-10-02,1336,0,,,0,,
A014564,個人,第二帳戶,2010-06-27,1,0,,,0,,
A014565,個人,第二帳戶,2008-01-10,27,0,,,0,,
A014566,個人,第二帳戶,2018-06-11,1237,0,,,0,,
A014567,個人,第二帳戶,2007-02-04,47,0,,,0,,
A014568,個人,第二帳戶,2021-02-13,693,0,,,0,,
A014569,個人,第二帳戶,2022-10-01,741,0,,,0,,
A014570,個人,第二帳戶,2015-09-24,19,0,,,0,,
A014571,個人,第二帳戶,2010-11-29,55,0,,,0,,
A014572,個人,第二帳戶,2019-12-03,15,0,,,0,,
A014573,個人,第二帳戶,2015-08-22,360,0,,,0,,
A014574,個人,第二帳戶,2018-04-25,7,0,,,0,,
A014575,個人,第二帳戶,2014-09-05,733,0,,,0,,
A014576,個人,第二帳戶,2008-08-12,1418,0,,,0,,
A014577,個人,第二帳戶,2007-06-25,23,0,,,0,,
A014578,個人,第二帳戶,2017-11-01,45,0,,,0,,
A014579,個人,第二帳戶,2020-04-02,56,0,,,0,,
A014580,個人,第二帳戶,2008-08-23,1387,0,,,0,,
A014581,個人,第二帳戶,2017-12-23,630,0,,,0,,
A014582,個人,第二帳戶,2010-06-05,1028,0,,,0,,
A014583,個人,第二帳戶,2016-05-19,10,0,,,0,,
A014584,個人,第二帳戶,2019-05-06,353,0,,,0,,
A014585,個人,第二帳戶,2007-06-26,21,0,,,0,,
A014586,個人,第二帳戶,2007-06-16,594,0,,,0,,
A014587,個人,第二帳戶,2007-07-14,8,0,,,0,,
A014588,個人,第二帳戶,2020-11-06,1361,0,,,0,,
A014589,個人,第二帳戶,2010-10-21,59,0,,,0,,
A014590,個人,第二帳戶,2019-10-23,895,0,,,0,,
A014591,個人,第二帳戶,2018-04-07,52,0,,,0,,
A014593,個人,第二帳戶,2024-02-17,280,0,,,0,,
A014594,個人,第二帳戶,2011-03-10,42,0,,,0,,
A014595,個人,第二帳戶,2015-04-01,840,0,,,0,,
A014596,個人,第二帳戶,2006-12-31,186,0,,,0,,
A014597,個人,第二帳戶,2018-12-13,29,0,,,0,,
A014598,個人,第二帳戶,2020-02-21,1071,0,,,0,,
A014599,個人,第二帳戶,2014-11-10,496,0,,,0,,
A014600,個人,第二帳戶,2008-07-07,60,0,,,0,,
A014601,個人,第二帳戶,2010-03-26,52,0,,,0,,
A014602,個人,第二帳戶,2009-07-17,1104,0,,,0,,
A014603,個人,第二帳戶,2018-10-06,538,0,,,0,,
A014604,個人,第二帳戶,2020-03-22,1104,0,,,0,,
A014605,個人,第二帳戶,2023-09-26,1144,0,,,0,,
A014606,個人,第二帳戶,2019-04-24,1183,0,,,0,,
A014607,個人,第二帳戶,2016-03-19,35,0,,,0,,
A014608,個人,第二帳戶,2019-11-02,20,0,,,0,,
A014609,個人,第二帳戶,2009-11-10,59,0,,,0,,
A014610,個人,第二帳戶,2017-11-25,1157,0,,,0,,
A014611,個人,第二帳戶,2022-04-18,889,0,,,0,,
A014612,個人,第二帳戶,2013-08-08,1030,0,,,0,,
A014613,個人,第二帳戶,2008-12-24,32,0,,,0,,
A014614,個人,第二帳戶,2019-06-06,674,0,,,0,,
A014615,個人,第二帳戶,2008-03-20,50,0,,,0,,
A014616,個人,第二帳戶,2011-10-20,45,0,,,0,,
A014617,個人,第二帳戶,2007-01-14,43,0,,,0,,
A014618,個人,第二帳戶,2021-02-19,1457,0,,,0,,
A014619,個人,第二帳戶,2012-09-18,60,0,,,0,,
A014620,個人,第二帳戶,2013-08-03,35,0,,,0,,
A014621,個人,第二帳戶,2015-04-04,1365,0,,,0,,
A014622,個人,第二帳戶,2020-11-19,38,0,,,0,,
A014623,個人,第二帳戶,2021-11-29,27,0,,,0,,
A014624,個人,第二帳戶,2012-02-26,6,0,,,0,,
A014625,個人,第二帳戶,2018-06-11,1018,0,,,0,,
A014626,個人,第二帳戶,2012-10-07,324,0,,,0,,
A014627,個人,第二帳戶,2016-10-17,50,0,,,0,,
A014628,個人,第二帳戶,2019-04-08,48,0,,,0,,
A014629,個人,第二帳戶,2011-03-12,43,0,,,0,,
A014630,個人,第二帳戶,2016-07-09,56,0,,,0,,
A014631,個人,第二帳戶,2020-02-09,36,0,,,0,,
A014632,個人,第二帳戶,2020-01-21,483,0,,,0,,
A014633,個人,第二帳戶,2017-04-18,981,0,,,0,,
A014634,個人,第二帳戶,2011-08-26,52,0,,,0,,
A014635,個人,第二帳戶,2020-05-10,476,0,,,0,,
A014636,個人,第二帳戶,2015-03-14,35,0,,,0,,
A014637,個人,第二帳戶,2023-10-25,644,0,,,0,,
A014638,個人,第二帳戶,2015-07-07,57,0,,,0,,
A014639,個人,第二帳戶,2014-11-12,60,0,,,0,,
A014640,個人,第二帳戶,2011-06-05,731,0,,,0,,
A014641,個人,第二帳戶,2021-05-17,33,0,,,0,,
A014642,個人,第二帳戶,2008-12-27,710,0,,,0,,
A014643,個人,第二帳戶,2010-07-17,24,0,,,0,,
A014644,個人,第二帳戶,2023-09-18,1418,0,,,0,,
A014645,個人,第二帳戶,2019-08-17,915,0,,,0,,
A014646,個人,第二帳戶,2019-07-22,1379,0,,,0,,
A014647,個人,第二帳戶,2010-07-18,1145,0,,,0,,
A014648,個人,第二帳戶,2016-10-13,11,0,,,0,,
A014649,個人,第二帳戶,2022-06-27,672,0,,,0,,
A014650,個人,第二帳戶,2018-09-26,51,0,,,0,,
A014651,個人,第二帳戶,2015-07-27,45,0,,,0,,
A014652,個人,第二帳戶,2011-01-29,977,0,,,0,,
A014653,個人,第二帳戶,2017-11-30,57,0,,,0,,
A014654,個人,第二帳戶,2008-11-21,2,0,,,0,,
A014655,個人,第二帳戶,2014-04-04,1,0,,,0,,
A014656,個人,第二帳戶,2013-12-13,1188,0,,,0,,
A014657,個人,第二帳戶,2021-10-10,54,0,,,0,,
A014658,個人,第二帳戶,2008-02-18,797,0,,,0,,
A014659,個人,第二帳戶,2008-10-29,47,0,,,0,,
A014660,個人,第二帳戶,2009-09-25,693,0,,,0,,
A014661,個人,第二帳戶,2009-01-04,47,0,,,0,,
A014662,個人,第二帳戶,2017-06-11,1260,0,,,0,,
A014663,個人,第二帳戶,2007-12-08,58,0,,,0,,
A014664,個人,第二帳戶,2024-06-26,623,0,,,0,,
A014665,個人,第二帳戶,2013-03-02,736,0,,,0,,
A014666,個人,第二帳戶,2007-07-02,13,0,,,0,,
A014667,個人,第二帳戶,2013-11-08,438,0,,,0,,
A014668,個人,第二帳戶,2007-08-04,24,0,,,0,,
A014669,個人,第二帳戶,2009-03-25,714,0,,,0,,
A014670,個人,第二帳戶,2011-09-28,499,0,,,0,,
A014671,個人,第二帳戶,2012-04-17,0,0,,,0,,
A014672,個人,第二帳戶,2020-03-06,9,0,,,0,,
A014673,個人,第二帳戶,2024-12-22,1481,0,,,0,,
A014674,個人,第二帳戶,2017-08-16,26,0,,,0,,
A014675,個人,第二帳戶,2010-04-18,896,0,,,0,,
A014676,個人,第二帳戶,2019-05-07,504,0,,,0,,
A014677,個人,第二帳戶,2014-12-19,522,0,,,0,,
A014678,個人,第二帳戶,2008-10-11,9,0,,,0,,
A014679,個人,第二帳戶,2007-03-12,1162,0,,,0,,
A014680,個人,第二帳戶,2017-07-20,8,0,,,0,,
A014681,個人,第二帳戶,2019-06-14,13,0,,,0,,
A014682,個人,第二帳戶,2022-05-20,18,0,,,0,,
A014683,個人,第二帳戶,2021-09-16,1360,0,,,0,,
A014684,個人,第二帳戶,2021-07-23,58,0,,,0,,
A014685,個人,第二帳戶,2014-12-22,1039,0,,,0,,
A014686,個人,第二帳戶,2024-02-04,53,0,,,0,,
A014687,個人,第二帳戶,2022-03-06,59,0,,,0,,
A014688,個人,第二帳戶,2015-07-07,39,0,,,0,,
A014689,個人,第二帳戶,2020-11-17,1078,0,,,0,,
A014690,個人,第二帳戶,2017-02-19,43,0,,,0,,
A014691,個人,第二帳戶,2019-01-19,27,0,,,0,,
A014692,個人,第二帳戶,2023-02-03,331,0,,,0,,
A014693,個人,第二帳戶,2020-12-15,286,0,,,0,,
A014694,個人,第二帳戶,2014-04-02,1186,0,,,0,,
A014695,個人,第二帳戶,2015-06-08,60,0,,,0,,
A014696,個人,第二帳戶,2017-08-31,39,0,,,0,,
A014697,個人,第二帳戶,2023-04-15,691,0,,,0,,
A014698,個人,第二帳戶,2018-07-27,1145,0,,,0,,
A014699,個人,第二帳戶,2024-02-16,24,0,,,0,,
A014700,個人,第二帳戶,2012-09-05,37,0,,,0,,
A014701,個人,第二帳戶,2016-05-02,788,0,,,0,,
A014702,個人,第二帳戶,2021-09-14,1,0,,,0,,
A014703,個人,第二帳戶,2019-03-29,10,0,,,0,,
A014704,個人,第二帳戶,2010-05-11,1226,0,,,0,,
A014705,個人,第二帳戶,2022-08-10,5,0,,,0,,
A014706,個人,第二帳戶,2019-01-31,1280,0,,,0,,
A014707,個人,第二帳戶,2016-12-16,26,0,,,0,,
A014708,個人,第二帳戶,2009-09-27,1190,0,,,0,,
A014709,個人,第二帳戶,2022-09-12,23,0,,,0,,
A014710,個人,第二帳戶,2022-09-21,726,0,,,0,,
A014711,個人,第二帳戶,2018-01-04,715,0,,,0,,
A014712,個人,第二帳戶,2018-04-02,24,0,,,0,,
A014713,個人,第二帳戶,2021-08-27,42,0,,,0,,
A014714,個人,第二帳戶,2006-05-31,53,0,,,0,,
A014715,個人,第二帳戶,2012-02-02,3,0,,,0,,
A014716,個人,第二帳戶,2017-12-01,37,0,,,0,,
A014717,個人,第二帳戶,2011-06-03,40,0,,,0,,
A014718,個人,第二帳戶,2020-03-29,947,0,,,0,,
A014719,個人,第二帳戶,2022-01-22,1225,0,,,0,,
A014720,個人,第二帳戶,2018-04-19,11,0,,,0,,
A014721,個人,第二帳戶,2020-08-24,36,0,,,0,,
A014722,個人,第二帳戶,2017-07-27,1,0,,,0,,
A014723,個人,第二帳戶,2019-01-23,1186,0,,,0,,
A014724,個人,第二帳戶,2015-02-19,1427,0,,,0,,
A014725,個人,第二帳戶,2010-09-12,43,0,,,0,,
A014726,個人,第二帳戶,2013-03-15,38,0,,,0,,
A014727,個人,第二帳戶,2024-06-26,29,0,,,0,,
A014728,個人,第二帳戶,2013-07-29,1052,0,,,0,,
A014729,個人,第二帳戶,2017-02-13,57,0,,,0,,
A014730,個人,第二帳戶,2015-08-22,12,0,,,0,,
A014731,個人,第二帳戶,2018-04-14,32,0,,,0,,
A014732,個人,第二帳戶,2006-03-27,3,0,,,0,,
A014733,個人,第二帳戶,2011-12-03,727,0,,,0,,
A014734,個人,第二帳戶,2013-01-05,47,0,,,0,,
A014735,個人,第二帳戶,2020-08-25,1174,0,,,0,,
A014736,個人,第二帳戶,2008-11-03,60,0,,,0,,
A014737,個人,第二帳戶,2007-12-02,44,0,,,0,,
A014738,個人,第二帳戶,2011-06-09,1113,0,,,0,,
A014739,個人,第二帳戶,2021-04-07,4,0,,,0,,
A014740,個人,第二帳戶,2021-08-26,15,0,,,0,,
A014741,個人,第二帳戶,2015-10-02,30,0,,,0,,
A014742,個人,第二帳戶,2021-05-13,26,0,,,0,,
A014743,個人,第二帳戶,2018-03-23,34,0,,,0,,
A014744,個人,第二帳戶,2009-01-02,9,0,,,0,,
A014746,個人,第二帳戶,2016-06-02,52,0,,,0,,
A014747,個人,第二帳戶,2019-04-15,56,0,,,0,,
A014748,個人,第二帳戶,2018-06-29,49,0,,,0,,
A014749,個人,第二帳戶,2023-02-14,54,0,,,0,,
A014750,個人,第二帳戶,2019-08-15,1201,0,,,0,,
A014751,個人,第二帳戶,2024-09-22,1017,0,,,0,,
A014752,個人,第二帳戶,2014-07-11,35,0,,,0,,
A014753,個人,第二帳戶,2006-05-03,32,0,,,0,,
A014754,個人,第二帳戶,2019-04-03,17,0,,,0,,
A014755,個人,第二帳戶,2010-11-20,47,0,,,0,,
A014756,個人,第二帳戶,2024-09-14,13,0,,,0,,
A014757,個人,第二帳戶,2017-11-04,1107,0,,,0,,
A014758,個人,第二帳戶,2018-03-17,813,0,,,0,,
A014759,個人,第二帳戶,2021-11-10,27,0,,,0,,
A014760,個人,第二帳戶,2012-05-09,1241,0,,,0,,
A014761,個人,第二帳戶,2013-08-22,29,0,,,0,,
A014762,個人,第二帳戶,2013-12-28,39,0,,,0,,
A014763,個人,第二帳戶,2022-10-31,399,0,,,0,,
A014764,個人,第二帳戶,2008-05-14,1099,0,,,0,,
A014765,個人,第二帳戶,2018-11-17,38,0,,,0,,
A014766,個人,第二帳戶,2017-07-01,34,0,,,0,,
A014767,個人,第二帳戶,2010-01-10,24,0,,,0,,
A014768,個人,第二帳戶,2022-11-08,51,0,,,0,,
A014769,個人,第二帳戶,2011-10-04,36,0,,,0,,
A014770,個人,第二帳戶,2013-10-11,1013,0,,,0,,
A014771,個人,第二帳戶,2021-07-02,18,0,,,0,,
A014772,個人,第二帳戶,2024-06-04,24,0,,,0,,
A014773,個人,第二帳戶,2014-11-30,58,0,,,0,,
A014774,個人,第二帳戶,2021-06-27,8,0,,,0,,
A014775,個人,第二帳戶,2010-07-18,880,0,,,0,,
A014776,個人,第二帳戶,2024-11-14,31,0,,,0,,
A014777,個人,第二帳戶,2019-05-14,56,0,,,0,,
A014778,個人,第二帳戶,2014-04-20,1430,0,,,0,,
A014779,個人,第二帳戶,2012-07-08,7,0,,,0,,
A014780,個人,第二帳戶,2016-02-25,1,0,,,0,,
A014781,個人,第二帳戶,2013-09-16,1298,0,,,0,,
A014782,個人,第二帳戶,2009-01-22,603,0,,,0,,
A014783,個人,第二帳戶,2011-10-13,682,0,,,0,,
A014784,個人,第二帳戶,2024-05-24,52,0,,,0,,
A014785,個人,第二帳戶,2018-12-08,29,0,,,0,,
A014786,個人,第二帳戶,2017-06-08,32,0,,,0,,
A014787,個人,第二帳戶,2007-01-04,32,0,,,0,,
A014788,個人,第二帳戶,2017-03-27,51,0,,,0,,
A014789,個人,第二帳戶,2019-04-10,510,0,,,0,,
A014790,個人,第二帳戶,2023-11-13,2,0,,,0,,
A014791,個人,第二帳戶,2015-04-22,1148,0,,,0,,
A014792,個人,第二帳戶,2010-02-21,1233,0,,,0,,
A014793,個人,第二帳戶,2024-10-01,32,0,,,0,,
A014794,個人,第二帳戶,2014-07-12,25,0,,,0,,
A014795,個人,第二帳戶,2020-10-10,1240,0,,,0,,
A014796,個人,第二帳戶,2022-05-14,49,0,,,0,,
A014797,個人,第二帳戶,2006-09-04,51,0,,,0,,
A014798,個人,第二帳戶,2008-09-13,11,0,,,0,,
A014799,個人,第二帳戶,2023-05-15,9,0,,,0,,
A014800,個人,第二帳戶,2015-10-17,1369,0,,,0,,
A014801,個人,第二帳戶,2017-08-04,34,0,,,0,,
A014802,個人,第二帳戶,2017-04-07,876,0,,,0,,
A014803,個人,第二帳戶,2008-05-21,768,0,,,0,,
A014804,個人,第二帳戶,2021-09-03,6,0,,,0,,
A014805,個人,第二帳戶,2021-12-27,45,0,,,0,,
A014806,個人,第二帳戶,2013-10-18,42,0,,,0,,
A014807,個人,第二帳戶,2021-06-13,17,0,,,0,,
A014808,個人,第二帳戶,2008-12-07,26,0,,,0,,
A014809,個人,第二帳戶,2023-03-04,19,0,,,0,,
A014810,個人,第二帳戶,2024-12-24,22,0,,,0,,
A014811,個人,第二帳戶,2017-03-13,32,0,,,0,,
A014812,個人,第二帳戶,2010-12-06,34,0,,,0,,
A014813,個人,第二帳戶,2020-12-16,816,0,,,0,,
A014814,個人,第二帳戶,2011-10-16,47,0,,,0,,
A014815,個人,第二帳戶,2006-11-16,874,0,,,0,,
A014816,個人,第二帳戶,2023-10-16,719,0,,,0,,
A014817,個人,第二帳戶,2009-04-03,5,0,,,0,,
A014818,個人,第二帳戶,2009-07-04,1102,0,,,0,,
A014819,個人,第二帳戶,2015-06-12,730,0,,,0,,
A014820,個人,第二帳戶,2013-03-19,1395,0,,,0,,
A014821,個人,第二帳戶,2010-11-19,752,0,,,0,,
A014822,個人,第二帳戶,2017-02-16,429,0,,,0,,
A014823,個人,第二帳戶,2019-05-15,0,0,,,0,,
A014824,個人,第二帳戶,2009-04-07,692,0,,,0,,
A014825,個人,第二帳戶,2013-06-11,20,0,,,0,,
A014826,個人,第二帳戶,2017-01-02,48,0,,,0,,
A014827,個人,第二帳戶,2009-02-07,22,0,,,0,,
A014828,個人,第二帳戶,2017-08-04,44,0,,,0,,
A014829,個人,第二帳戶,2017-09-14,238,0,,,0,,
A014830,個人,第二帳戶,2008-01-16,1269,0,,,0,,
A014831,個人,第二帳戶,2014-11-12,664,0,,,0,,
A014832,個人,第二帳戶,2006-11-08,22,0,,,0,,
A014833,個人,第二帳戶,2010-07-18,27,0,,,0,,
A014834,個人,第二帳戶,2020-12-20,22,0,,,0,,
A014835,個人,第二帳戶,2013-01-21,58,0,,,0,,
A014836,個人,第二帳戶,2007-10-09,786,0,,,0,,
A014837,個人,第二帳戶,2012-04-29,22,0,,,0,,
A014838,個人,第二帳戶,2022-01-18,48,0,,,0,,
A014839,個人,第二帳戶,2019-12-29,945,0,,,0,,
A014840,個人,第二帳戶,2020-04-30,668,0,,,0,,
A014841,個人,第二帳戶,2009-09-01,776,0,,,0,,
A014842,個人,第二帳戶,2012-06-12,1040,0,,,0,,
A014843,個人,第二帳戶,2007-08-30,22,0,,,0,,
A014844,個人,第二帳戶,2009-10-21,30,0,,,0,,
A014845,個人,第二帳戶,2014-09-21,33,0,,,0,,
A014846,個人,第二帳戶,2016-05-13,20,0,,,0,,
A014847,個人,第二帳戶,2016-05-05,912,0,,,0,,
A014848,個人,第二帳戶,2021-11-27,31,0,,,0,,
A014849,個人,第二帳戶,2021-10-17,3,0,,,0,,
A014850,個人,第二帳戶,2008-09-10,11,0,,,0,,
A014851,個人,第二帳戶,2017-06-23,310,0,,,0,,
A014852,個人,第二帳戶,2008-02-11,1335,0,,,0,,
A014853,個人,第二帳戶,2018-03-29,1441,0,,,0,,
A014854,個人,第二帳戶,2023-06-28,880,0,,,0,,
A014855,個人,第二帳戶,2024-10-23,1218,0,,,0,,
A014856,個人,第二帳戶,2015-11-05,1470,0,,,0,,
A014857,個人,第二帳戶,2016-07-22,271,0,,,0,,
A014858,個人,第二帳戶,2011-02-14,17,0,,,0,,
A014859,個人,第二帳戶,2010-09-10,498,0,,,0,,
A014860,個人,第二帳戶,2009-01-30,803,0,,,0,,
A014861,個人,第二帳戶,2008-04-13,33,0,,,0,,
A014862,個人,第二帳戶,2012-08-22,512,0,,,0,,
A014863,個人,第二帳戶,2007-10-06,60,0,,,0,,
A014864,個人,第二帳戶,2006-01-11,291,0,,,0,,
A014865,個人,第二帳戶,2020-12-12,37,0,,,0,,
A014867,個人,第二帳戶,2017-07-17,42,0,,,0,,
A014868,個人,第二帳戶,2006-06-09,29,0,,,0,,
A014869,個人,第二帳戶,2019-11-16,13,0,,,0,,
A014870,個人,第二帳戶,2011-04-19,45,0,,,0,,
A014871,個人,第二帳戶,2007-10-23,8,0,,,0,,
A014872,個人,第二帳戶,2017-05-01,747,0,,,0,,
A014873,個人,第二帳戶,2021-10-03,44,0,,,0,,
A014874,個人,第二帳戶,2021-11-07,15,0,,,0,,
A014875,個人,第二帳戶,2016-10-10,33,0,,,0,,
A014876,個人,第二帳戶,2017-02-15,6,0,,,0,,
A014877,個人,第二帳戶,2012-07-26,11,0,,,0,,
A014878,個人,第二帳戶,2024-12-29,1147,0,,,0,,
A014879,個人,第二帳戶,2014-02-11,527,0,,,0,,
A014880,個人,第二帳戶,2015-03-15,274,0,,,0,,
A014881,個人,第二帳戶,2017-07-28,54,0,,,0,,
A014882,個人,第二帳戶,2022-02-25,27,0,,,0,,
A014883,個人,第二帳戶,2008-08-06,294,0,,,0,,
A014884,個人,第二帳戶,2019-11-06,12,0,,,0,,
A014885,個人,第二帳戶,2009-06-09,618,0,,,0,,
A014886,個人,第二帳戶,2017-08-12,630,0,,,0,,
A014887,個人,第二帳戶,2007-02-15,1478,0,,,0,,
A014888,個人,第二帳戶,2022-01-29,1061,0,,,0,,
A014889,個人,第二帳戶,2017-05-01,754,0,,,0,,
A014890,個人,第二帳戶,2016-09-07,2,0,,,0,,
A014891,個人,第二帳戶,2006-06-18,975,0,,,0,,
A014892,個人,第二帳戶,2022-04-26,17,0,,,0,,
A014893,個人,第二帳戶,2023-10-23,46,0,,,0,,
A014894,個人,第二帳戶,2013-06-19,1162,0,,,0,,
A014895,個人,第二帳戶,2010-03-06,313,0,,,0,,
A014896,個人,第二帳戶,2017-04-01,38,0,,,0,,
A014897,個人,第二帳戶,2022-12-01,1110,0,,,0,,
A014898,個人,第二帳戶,2010-01-02,468,0,,,0,,
A014899,個人,第二帳戶,2012-05-14,32,0,,,0,,
A014900,個人,第二帳戶,2009-04-12,700,0,,,0,,
A014901,個人,第二帳戶,2021-04-06,33,0,,,0,,
A014902,個人,第二帳戶,2010-09-15,58,0,,,0,,
A014903,個人,第二帳戶,2013-03-03,976,0,,,0,,
A014904,個人,第二帳戶,2008-01-30,2,0,,,0,,
A014905,個人,第二帳戶,2006-03-10,1015,0,,,0,,
A014906,個人,第二帳戶,2011-12-28,1080,0,,,0,,
A014907,個人,第二帳戶,2024-10-24,989,0,,,0,,
A014908,個人,第二帳戶,2008-05-08,21,0,,,0,,
A014909,個人,第二帳戶,2024-05-27,1015,0,,,0,,
A014910,個人,第二帳戶,2008-05-09,40,0,,,0,,
A014911,個人,第二帳戶,2014-09-23,2,0,,,0,,
A014912,個人,第二帳戶,2009-10-04,1020,0,,,0,,
A014913,個人,第二帳戶,2022-07-05,45,0,,,0,,
A014914,個人,第二帳戶,2019-03-03,50,0,,,0,,
A014915,個人,第二帳戶,2012-04-29,1322,0,,,0,,
A014916,個人,第二帳戶,2020-03-31,224,0,,,0,,
A014917,個人,第二帳戶,2012-05-20,36,0,,,0,,
A014918,個人,第二帳戶,2022-07-01,213,0,,,0,,
A014919,個人,第二帳戶,2013-12-02,22,0,,,0,,
A014920,個人,第二帳戶,2015-05-12,38,0,,,0,,
A014922,個人,第二帳戶,2012-06-30,43,0,,,0,,
A014923,個人,第二帳戶,2010-04-06,43,0,,,0,,
A014924,個人,第二帳戶,2007-01-27,3,0,,,0,,
A014925,個人,第二帳戶,2017-11-19,991,0,,,0,,
A014926,個人,第二帳戶,2006-10-11,24,0,,,0,,
A014927,個人,第二帳戶,2019-06-12,231,0,,,0,,
A014928,個人,第二帳戶,2010-10-24,37,0,,,0,,
A014929,個人,第二帳戶,2023-03-15,53,0,,,0,,
A014930,個人,第二帳戶,2020-12-17,41,0,,,0,,
A014931,個人,第二帳戶,2020-07-15,890,0,,,0,,
A014932,個人,第二帳戶,2009-10-20,44,0,,,0,,
A014933,個人,第二帳戶,2007-05-12,49,0,,,0,,
A014934,個人,第二帳戶,2011-12-16,209,0,,,0,,
A014935,個人,第二帳戶,2021-12-23,28,0,,,0,,
A014936,個人,第二帳戶,2006-07-22,57,0,,,0,,
A014937,個人,第二帳戶,2019-06-03,1481,0,,,0,,
A014938,個人,第二帳戶,2016-11-03,34,0,,,0,,
A014939,個人,第二帳戶,2023-04-05,283,0,,,0,,
A014940,個人,第二帳戶,2019-01-20,55,0,,,0,,
A014941,個人,第二帳戶,2011-10-28,409,0,,,0,,
A014942,個人,第二帳戶,2010-05-03,40,0,,,0,,
A014943,個人,第二帳戶,2018-08-27,5,0,,,0,,
A014944,個人,第二帳戶,2010-09-13,3,0,,,0,,
A014945,個人,第二帳戶,2020-12-10,1127,0,,,0,,
A014946,個人,第二帳戶,2006-09-08,10,0,,,0,,
A014947,個人,第二帳戶,2006-03-23,44,0,,,0,,
A014948,個人,第二帳戶,2013-06-25,487,0,,,0,,
A014949,個人,第二帳戶,2023-11-13,19,0,,,0,,
A014950,個人,第二帳戶,2020-02-17,25,0,,,0,,
A014951,個人,第二帳戶,2022-10-28,460,0,,,0,,
A014952,個人,第二帳戶,2007-12-04,49,0,,,0,,
A014953,個人,第二帳戶,2011-10-16,45,0,,,0,,
A014954,個人,第二帳戶,2010-06-28,702,0,,,0,,
A014955,個人,第二帳戶,2009-07-25,241,0,,,0,,
A014956,個人,第二帳戶,2012-06-05,1108,0,,,0,,
A014957,個人,第二帳戶,2013-05-27,25,0,,,0,,
A014958,個人,第二帳戶,2022-11-06,52,0,,,0,,
A014959,個人,第二帳戶,2006-02-21,543,0,,,0,,
A014960,個人,第二帳戶,2008-03-29,26,0,,,0,,
A014961,個人,第二帳戶,2017-04-14,55,0,,,0,,
A014962,個人,第二帳戶,2010-03-21,32,0,,,0,,
A014963,個人,第二帳戶,2022-01-30,32,0,,,0,,
A014964,個人,第二帳戶,2020-06-30,324,0,,,0,,
A014965,個人,第二帳戶,2010-07-19,623,0,,,0,,
A014966,個人,第二帳戶,2015-06-13,1,0,,,0,,
A014968,個人,第二帳戶,2013-12-19,3,0,,,0,,
A014969,個人,第二帳戶,2023-03-30,50,0,,,0,,
A014970,個人,第二帳戶,2011-04-25,59,0,,,0,,
A014971,個人,第二帳戶,2010-04-04,11,0,,,0,,
A014972,個人,第二帳戶,2017-08-07,22,0,,,0,,
A014973,個人,第二帳戶,2015-12-10,622,0,,,0,,
A014974,個人,第二帳戶,2016-03-31,1347,0,,,0,,
A014975,個人,第二帳戶,2018-02-26,25,0,,,0,,
A014976,個人,第二帳戶,2021-12-01,0,0,,,0,,
A014977,個人,第二帳戶,2008-06-06,12,0,,,0,,
A014978,個人,第二帳戶,2012-12-27,19,0,,,0,,
A014979,個人,第二帳戶,2009-06-18,240,0,,,0,,
A014980,個人,第二帳戶,2022-05-27,26,0,,,0,,
A014981,個人,第二帳戶,2012-04-28,60,0,,,0,,
A014982,個人,第二帳戶,2021-01-11,700,0,,,0,,
A014983,個人,第二帳戶,2012-06-08,43,0,,,0,,
A014984,個人,第二帳戶,2008-09-09,60,0,,,0,,
A014985,個人,第二帳戶,2010-01-25,60,0,,,0,,
A014986,個人,第二帳戶,2020-10-17,1293,0,,,0,,
A014987,個人,第二帳戶,2023-12-20,0,0,,,0,,
A014988,個人,第二帳戶,2010-10-17,35,0,,,0,,
A014989,個人,第二帳戶,2007-01-04,45,0,,,0,,
A014990,個人,第二帳戶,2021-12-05,0,0,,,0,,
A014991,個人,第二帳戶,2007-12-15,1177,0,,,0,,
A014992,個人,第二帳戶,2013-11-14,860,0,,,0,,
A014993,個人,第二帳戶,2023-12-02,17,0,,,0,,
A014994,個人,第二帳戶,2019-10-03,38,0,,,0,,
A014995,個人,第二帳戶,2023-07-31,197,0,,,0,,
A014996,個人,第二帳戶,2006-04-21,17,0,,,0,,
A014997,個人,第二帳戶,2020-05-03,19,0,,,0,,
A014998,個人,第二帳戶,2009-09-24,756,0,,,0,,
A014999,個人,第二帳戶,2009-08-19,1096,0,,,0,,
A015000,個人,第二帳戶,2015-02-23,18,0,,,0,,
A015001,個人,第二帳戶,2009-03-05,42,0,,,0,,
A015002,個人,第二帳戶,2021-08-16,1247,0,,,0,,
A015003,個人,第二帳戶,2024-11-02,57,0,,,0,,
A015004,個人,第二帳戶,2017-12-01,853,0,,,0,,
A015005,個人,第二帳戶,2013-11-22,709,0,,,0,,
A015006,個人,第二帳戶,2012-04-29,1022,0,,,0,,
A015007,個人,第二帳戶,2006-12-03,1116,0,,,0,,
A015008,個人,第二帳戶,2010-09-22,1441,0,,,0,,
A015009,個人,第二帳戶,2020-03-19,1047,0,,,0,,
A015010,個人,第二帳戶,2014-12-15,14,0,,,0,,
A015011,個人,第二帳戶,2023-04-29,466,0,,,0,,
A015012,個人,第二帳戶,2019-04-26,29,0,,,0,,
A015013,個人,第二帳戶,2024-06-16,485,0,,,0,,
A015014,個人,第二帳戶,2007-06-28,5,0,,,0,,
A015015,個人,第二帳戶,2023-01-25,48,0,,,0,,
A015016,個人,第二帳戶,2017-03-17,15,0,,,0,,
A015017,個人,第二帳戶,2011-01-23,40,0,,,0,,
A015018,個人,第二帳戶,2020-11-11,49,0,,,0,,
A015019,個人,第二帳戶,2024-06-04,13,0,,,0,,
A015020,個人,第二帳戶,2021-11-15,2,0,,,0,,
A015021,個人,第二帳戶,2009-03-01,969,0,,,0,,
A015022,個人,第二帳戶,2015-11-07,55,0,,,0,,
A015024,個人,第二帳戶,2024-04-19,1263,0,,,0,,
A015025,個人,第二帳戶,2020-04-09,49,0,,,0,,
A015026,個人,第二帳戶,2023-06-06,20,0,,,0,,
A015027,個人,第二帳戶,2012-10-20,1460,0,,,0,,
A015028,個人,第二帳戶,2007-10-14,679,0,,,0,,
A015029,個人,第二帳戶,2021-06-14,17,0,,,0,,
A015030,個人,第二帳戶,2022-05-25,26,0,,,0,,
A015031,個人,第二帳戶,2009-05-28,52,0,,,0,,
A015032,個人,第二帳戶,2022-03-10,40,0,,,0,,
A015033,個人,第二帳戶,2009-06-15,1225,0,,,0,,
A015034,個人,第二帳戶,2013-11-30,18,0,,,0,,
A015035,個人,第二帳戶,2006-05-15,3,0,,,0,,
A015036,個人,第二帳戶,2008-12-02,1,0,,,0,,
A015037,個人,第二帳戶,2006-09-09,59,0,,,0,,
A015038,個人,第二帳戶,2011-01-29,13,0,,,0,,
A015039,個人,第二帳戶,2013-12-09,283,0,,,0,,
A015040,個人,第二帳戶,2008-05-10,29,0,,,0,,
A015041,個人,第二帳戶,2019-06-12,1033,0,,,0,,
A015042,個人,第二帳戶,2015-06-16,2,0,,,0,,
A015043,個人,第二帳戶,2019-07-04,1,0,,,0,,
A015044,個人,第二帳戶,2007-02-06,872,0,,,0,,
A015045,個人,第二帳戶,2023-08-13,25,0,,,0,,
A015046,個人,第二帳戶,2023-08-07,591,0,,,0,,
A015047,個人,第二帳戶,2018-08-08,34,0,,,0,,
A015048,個人,第二帳戶,2012-10-09,56,0,,,0,,
A015049,個人,第二帳戶,2016-03-23,1064,0,,,0,,
A015050,個人,第二帳戶,2024-11-29,240,0,,,0,,
A015051,個人,第二帳戶,2020-04-27,5,0,,,0,,
A015052,個人,第二帳戶,2014-05-15,668,0,,,0,,
A015053,個人,第二帳戶,2018-01-23,33,0,,,0,,
A015054,個人,第二帳戶,2015-12-26,12,0,,,0,,
A015055,個人,第二帳戶,2014-04-15,254,0,,,0,,
A015057,個人,第二帳戶,2011-09-21,48,0,,,0,,
A015058,個人,第二帳戶,2019-03-14,47,0,,,0,,
A015059,個人,第二帳戶,2017-11-25,34,0,,,0,,
A015060,個人,第二帳戶,2018-10-24,928,0,,,0,,
A015061,個人,第二帳戶,2011-05-19,1206,0,,,0,,
A015062,個人,第二帳戶,2007-12-14,251,0,,,0,,
A015063,個人,第二帳戶,2009-11-18,8,0,,,0,,
A015064,個人,第二帳戶,2015-04-22,29,0,,,0,,
A015065,個人,第二帳戶,2016-01-11,7,0,,,0,,
A015066,個人,第二帳戶,2014-07-21,1328,0,,,0,,
A015067,個人,第二帳戶,2006-10-31,36,0,,,0,,
A015068,個人,第二帳戶,2006-04-14,7,0,,,0,,
A015069,個人,第二帳戶,2011-02-22,370,0,,,0,,
A015070,個人,第二帳戶,2018-07-04,48,0,,,0,,
A015071,個人,第二帳戶,2018-05-28,9,0,,,0,,
A015072,個人,第二帳戶,2006-10-11,26,0,,,0,,
A015073,個人,第二帳戶,2013-09-27,27,0,,,0,,
A015074,個人,第二帳戶,2009-09-15,1382,0,,,0,,
A015075,個人,第二帳戶,2009-06-17,41,0,,,0,,
A015076,個人,第二帳戶,2021-08-26,0,0,,,0,,
A015077,個人,第二帳戶,2022-04-21,39,0,,,0,,
A015078,個人,第二帳戶,2010-07-06,3,0,,,0,,
A015079,個人,第二帳戶,2016-12-29,40,0,,,0,,
A015080,個人,第二帳戶,2006-06-24,443,0,,,0,,
A015081,個人,第二帳戶,2020-09-28,627,0,,,0,,
A015082,個人,第二帳戶,2019-10-08,1357,0,,,0,,
A015083,個人,第二帳戶,2015-07-24,49,0,,,0,,
A015084,個人,第二帳戶,2018-05-23,18,0,,,0,,
A015085,個人,第二帳戶,2011-03-07,42,0,,,0,,
A015086,個人,第二帳戶,2022-03-05,796,0,,,0,,
A015087,個人,第二帳戶,2020-03-30,10,0,,,0,,
A015088,個人,第二帳戶,2009-05-20,0,0,,,0,,
A015089,個人,第二帳戶,2024-11-06,10,0,,,0,,
A015090,個人,第二帳戶,2019-02-22,17,0,,,0,,
A015091,個人,第二帳戶,2021-10-10,56,0,,,0,,
A015092,個人,第二帳戶,2022-02-07,21,0,,,0,,
A015093,個人,第二帳戶,2008-11-01,1371,0,,,0,,
A015094,個人,第二帳戶,2024-01-15,1249,0,,,0,,
A015095,個人,第二帳戶,2011-07-04,2,0,,,0,,
A015096,個人,第二帳戶,2011-04-21,1282,0,,,0,,
A015097,個人,第二帳戶,2007-05-17,435,0,,,0,,
A015098,個人,第二帳戶,2024-11-21,339,0,,,0,,
A015099,個人,第二帳戶,2015-02-22,25,0,,,0,,
A015100,個人,第二帳戶,2012-07-03,1380,0,,,0,,
A015101,個人,第二帳戶,2013-01-24,22,0,,,0,,
A015102,個人,第二帳戶,2009-08-14,20,0,,,0,,
A015103,個人,第二帳戶,2021-01-01,53,0,,,0,,
A015104,個人,第二帳戶,2010-07-14,1232,0,,,0,,
A015105,個人,第二帳戶,2018-07-06,24,0,,,0,,
A015106,個人,第二帳戶,2015-08-13,952,0,,,0,,
A015107,個人,第二帳戶,2007-07-17,29,0,,,0,,
A015108,個人,第二帳戶,2008-07-16,15,0,,,0,,
A015109,個人,第二帳戶,2006-10-09,4,0,,,0,,
A015110,個人,第二帳戶,2024-03-16,654,0,,,0,,
A015111,個人,第二帳戶,2019-11-12,0,0,,,0,,
A015112,個人,第二帳戶,2007-05-25,60,0,,,0,,
A015113,個人,第二帳戶,2018-09-20,1433,0,,,0,,
A015114,個人,第二帳戶,2008-11-27,60,0,,,0,,
A015115,個人,第二帳戶,2017-06-21,4,0,,,0,,
A015116,個人,第二帳戶,2011-03-13,59,0,,,0,,
A015117,個人,第二帳戶,2021-09-23,11,0,,,0,,
A015118,個人,第二帳戶,2011-07-08,42,0,,,0,,
A015119,個人,第二帳戶,2024-08-09,38,0,,,0,,
A015120,個人,第二帳戶,2012-09-22,30,0,,,0,,
A015121,個人,第二帳戶,2008-02-11,8,0,,,0,,
A015122,個人,第二帳戶,2018-02-13,57,0,,,0,,
A015123,個人,第二帳戶,2022-03-28,510,0,,,0,,
A015124,個人,第二帳戶,2017-08-14,1396,0,,,0,,
A015125,個人,第二帳戶,2006-09-21,22,0,,,0,,
A015126,個人,第二帳戶,2009-09-18,51,0,,,0,,
A015127,個人,第二帳戶,2007-01-22,51,0,,,0,,
A015128,個人,第二帳戶,2007-12-24,330,0,,,0,,
A015129,個人,第二帳戶,2024-05-30,44,0,,,0,,
A015130,個人,第二帳戶,2017-01-12,38,0,,,0,,
A015131,個人,第二帳戶,2020-08-26,52,0,,,0,,
A015132,個人,第二帳戶,2013-09-25,34,0,,,0,,
A015133,個人,第二帳戶,2008-08-05,285,0,,,0,,
A015134,個人,第二帳戶,2019-11-02,1046,0,,,0,,
A015135,個人,第二帳戶,2015-01-17,17,0,,,0,,
A015136,個人,第二帳戶,2019-03-02,52,0,,,0,,
A015137,個人,第二帳戶,2014-03-15,38,0,,,0,,
A015138,個人,第二帳戶,2022-11-21,21,0,,,0,,
A015139,個人,第二帳戶,2019-11-16,521,0,,,0,,
A015140,個人,第二帳戶,2016-03-24,57,0,,,0,,
A015141,個人,第二帳戶,2008-05-22,49,0,,,0,,
A015142,個人,第二帳戶,2006-08-29,27,0,,,0,,
A015143,個人,第二帳戶,2008-02-03,1134,0,,,0,,
A015144,個人,第二帳戶,2023-11-15,1174,0,,,0,,
A015145,個人,第二帳戶,2018-04-03,22,0,,,0,,
A015146,個人,第二帳戶,2017-08-24,1263,0,,,0,,
A015147,個人,第二帳戶,2022-04-20,1115,0,,,0,,
A015148,個人,第二帳戶,2011-06-20,31,0,,,0,,
A015149,個人,第二帳戶,2019-02-16,290,0,,,0,,
A015150,個人,第二帳戶,2016-03-19,565,0,,,0,,
A015151,個人,第二帳戶,2012-10-13,15,0,,,0,,
A015152,個人,第二帳戶,2017-01-08,35,0,,,0,,
A015153,個人,第二帳戶,2017-12-07,44,0,,,0,,
A015154,個人,第二帳戶,2007-06-26,16,0,,,0,,
A015155,個人,第二帳戶,2022-09-21,1,0,,,0,,
A015156,個人,第二帳戶,2006-12-27,50,0,,,0,,
A015157,個人,第二帳戶,2024-09-18,26,0,,,0,,
A015158,個人,第二帳戶,2014-09-29,58,0,,,0,,
A015159,個人,第二帳戶,2024-01-08,10,0,,,0,,
A015160,個人,第二帳戶,2010-12-18,603,0,,,0,,
A015161,個人,第二帳戶,2024-01-18,7,0,,,0,,
A015162,個人,第二帳戶,2019-11-11,1400,0,,,0,,
A015163,個人,第二帳戶,2021-11-21,1481,0,,,0,,
A015164,個人,第二帳戶,2018-08-05,46,0,,,0,,
A015166,個人,第二帳戶,2007-11-23,2,0,,,0,,
A015167,個人,第二帳戶,2018-07-04,41,0,,,0,,
A015168,個人,第二帳戶,2008-09-08,48,0,,,0,,
A015169,個人,第二帳戶,2020-03-30,51,0,,,0,,
A015170,個人,第二帳戶,2013-04-28,57,0,,,0,,
A015171,個人,第二帳戶,2021-10-01,1082,0,,,0,,
A015172,個人,第二帳戶,2006-04-06,24,0,,,0,,
A015173,個人,第二帳戶,2010-07-02,1199,0,,,0,,
A015175,個人,第二帳戶,2006-06-10,789,0,,,0,,
A015176,個人,第二帳戶,2019-10-16,826,0,,,0,,
A015177,個人,第二帳戶,2008-04-29,42,0,,,0,,
A015178,個人,第二帳戶,2017-02-17,537,0,,,0,,
A015179,個人,第二帳戶,2019-11-28,555,0,,,0,,
A015180,個人,第二帳戶,2021-12-13,3,0,,,0,,
A015181,個人,第二帳戶,2011-07-26,1263,0,,,0,,
A015182,個人,第二帳戶,2013-07-11,34,0,,,0,,
A015183,個人,第二帳戶,2011-04-07,10,0,,,0,,
A015184,個人,第二帳戶,2006-08-22,1405,0,,,0,,
A015185,個人,第二帳戶,2006-11-19,15,0,,,0,,
A015186,個人,第二帳戶,2014-12-01,992,0,,,0,,
A015187,個人,第二帳戶,2015-06-16,51,0,,,0,,
A015188,個人,第二帳戶,2006-04-20,1279,0,,,0,,
A015189,個人,第二帳戶,2022-05-17,11,0,,,0,,
A015190,個人,第二帳戶,2012-12-06,34,0,,,0,,
A015191,個人,第二帳戶,2015-01-13,1272,0,,,0,,
A015192,個人,第二帳戶,2011-05-29,264,0,,,0,,
A015193,個人,第二帳戶,2013-03-06,983,0,,,0,,
A015194,個人,第二帳戶,2023-06-27,1028,0,,,0,,
A015196,個人,第二帳戶,2021-06-15,53,0,,,0,,
A015197,個人,第二帳戶,2021-04-03,57,0,,,0,,
A015198,個人,第二帳戶,2014-01-10,47,0,,,0,,
A015199,個人,第二帳戶,2013-06-08,1145,0,,,0,,
A015200,個人,第二帳戶,2022-02-14,321,0,,,0,,
A015201,個人,第二帳戶,2015-11-24,1387,0,,,0,,
A015202,個人,第二帳戶,2012-11-05,448,0,,,0,,
A015203,個人,第二帳戶,2020-07-22,4,0,,,0,,
A015204,個人,第二帳戶,2008-07-16,1416,0,,,0,,
A015205,個人,第二帳戶,2011-02-16,236,0,,,0,,
A015206,個人,第二帳戶,2022-01-10,646,0,,,0,,
A015207,個人,第二帳戶,2010-02-03,19,0,,,0,,
A015208,個人,第二帳戶,2023-03-12,799,0,,,0,,
A015209,個人,第二帳戶,2015-08-08,49,0,,,0,,
A015210,個人,第二帳戶,2018-12-27,8,0,,,0,,
A015211,個人,第二帳戶,2010-11-01,1388,0,,,0,,
A015212,個人,第二帳戶,2016-09-13,1326,0,,,0,,
A015213,個人,第二帳戶,2009-01-09,18,0,,,0,,
A015214,個人,第二帳戶,2018-03-18,5,0,,,0,,
A015215,個人,第二帳戶,2021-07-29,941,0,,,0,,
A015216,個人,第二帳戶,2023-02-21,16,0,,,0,,
A015217,個人,第二帳戶,2022-04-15,1244,0,,,0,,
A015218,個人,第二帳戶,2016-06-01,560,0,,,0,,
A015219,個人,第二帳戶,2016-11-18,19,0,,,0,,
A015220,個人,第二帳戶,2013-06-09,1472,0,,,0,,
A015221,個人,第二帳戶,2009-02-19,15,0,,,0,,
A015222,個人,第二帳戶,2007-05-03,23,0,,,0,,
A015223,個人,第二帳戶,2008-12-15,26,0,,,0,,
A015224,個人,第二帳戶,2024-01-08,1092,0,,,0,,
A015225,個人,第二帳戶,2010-09-03,879,0,,,0,,
A015226,個人,第二帳戶,2010-07-18,15,0,,,0,,
A015227,個人,第二帳戶,2013-02-24,1034,0,,,0,,
A015228,個人,第二帳戶,2019-08-24,46,0,,,0,,
A015229,個人,第二帳戶,2020-08-29,24,0,,,0,,
A015230,個人,第二帳戶,2012-01-09,21,0,,,0,,
A015231,個人,第二帳戶,2008-06-27,19,0,,,0,,
A015232,個人,第二帳戶,2020-04-05,1,0,,,0,,
A015233,個人,第二帳戶,2022-07-22,6,0,,,0,,
A015234,個人,第二帳戶,2009-03-22,57,0,,,0,,
A015235,個人,第二帳戶,2011-08-28,39,0,,,0,,
A015236,個人,第二帳戶,2018-02-26,31,0,,,0,,
A015237,個人,第二帳戶,2008-07-14,19,0,,,0,,
A015238,個人,第二帳戶,2015-08-25,232,0,,,0,,
A015239,個人,第二帳戶,2017-09-27,30,0,,,0,,
A015240,個人,第二帳戶,2016-08-07,392,0,,,0,,
A015241,個人,第二帳戶,2009-03-11,22,0,,,0,,
A015242,個人,第二帳戶,2008-08-11,12,0,,,0,,
A015243,個人,第二帳戶,2015-10-11,39,0,,,0,,
A015244,個人,第二帳戶,2006-06-21,1440,0,,,0,,
A015245,個人,第二帳戶,2016-02-02,37,0,,,0,,
A015246,個人,第二帳戶,2024-03-14,660,0,,,0,,
A015247,個人,第二帳戶,2014-11-07,362,0,,,0,,
A015248,個人,第二帳戶,2021-11-23,56,0,,,0,,
A015249,個人,第二帳戶,2022-10-21,27,0,,,0,,
A015250,個人,第二帳戶,2019-10-25,21,0,,,0,,
A015251,個人,第二帳戶,2009-04-05,1024,0,,,0,,
A015252,個人,第二帳戶,2017-09-20,40,0,,,0,,
A015253,個人,第二帳戶,2009-06-08,51,0,,,0,,
A015254,個人,第二帳戶,2023-08-09,57,0,,,0,,
A015255,個人,第二帳戶,2020-01-12,941,0,,,0,,
A015256,個人,第二帳戶,2017-06-02,37,0,,,0,,
A015257,個人,第二帳戶,2011-07-15,597,0,,,0,,
A015258,個人,第二帳戶,2021-12-03,1396,0,,,0,,
A015259,個人,第二帳戶,2020-08-29,51,0,,,0,,
A015260,個人,第二帳戶,2020-03-13,24,0,,,0,,
A015261,個人,第二帳戶,2007-03-05,1312,0,,,0,,
A015262,個人,第二帳戶,2022-04-28,24,0,,,0,,
A015263,個人,第二帳戶,2014-07-26,24,0,,,0,,
A015264,個人,第二帳戶,2017-11-19,359,0,,,0,,
A015265,個人,第二帳戶,2007-02-12,5,0,,,0,,
A015266,個人,第二帳戶,2013-03-15,617,0,,,0,,
A015267,個人,第二帳戶,2013-12-25,47,0,,,0,,
A015268,個人,第二帳戶,2020-02-03,252,0,,,0,,
A015270,個人,第二帳戶,2012-12-22,0,0,,,0,,
A015271,個人,第二帳戶,2011-09-23,35,0,,,0,,
A015272,個人,第二帳戶,2019-08-13,30,0,,,0,,
A015273,個人,第二帳戶,2017-07-29,974,0,,,0,,
A015274,個人,第二帳戶,2019-04-15,486,0,,,0,,
A015275,個人,第二帳戶,2018-04-23,934,0,,,0,,
A015276,個人,第二帳戶,2006-06-17,1034,0,,,0,,
A015277,個人,第二帳戶,2018-04-04,52,0,,,0,,
A015278,個人,第二帳戶,2024-02-24,1249,0,,,0,,
A015279,個人,第二帳戶,2020-05-15,4,0,,,0,,
A015281,個人,第二帳戶,2009-05-25,54,0,,,0,,
A015282,個人,第二帳戶,2014-07-09,55,0,,,0,,
A015283,個人,第二帳戶,2011-04-24,51,0,,,0,,
A015284,個人,第二帳戶,2020-05-02,27,0,,,0,,
A015285,個人,第二帳戶,2012-07-05,1194,0,,,0,,
A015286,個人,第二帳戶,2010-06-11,45,0,,,0,,
A015287,個人,第二帳戶,2009-09-24,1492,0,,,0,,
A015288,個人,第二帳戶,2022-09-11,33,0,,,0,,
A015289,個人,第二帳戶,2011-12-01,719,0,,,0,,
A015290,個人,第二帳戶,2023-11-09,941,0,,,0,,
A015291,個人,第二帳戶,2013-07-07,0,0,,,0,,
A015292,個人,第二帳戶,2022-11-24,48,0,,,0,,
A015293,個人,第二帳戶,2009-02-03,16,0,,,0,,
A015294,個人,第二帳戶,2009-01-25,54,0,,,0,,
A015295,個人,第二帳戶,2015-09-19,32,0,,,0,,
A015296,個人,第二帳戶,2016-09-02,46,0,,,0,,
A015297,個人,第二帳戶,2015-12-18,58,0,,,0,,
A015298,個人,第二帳戶,2015-11-08,41,0,,,0,,
A015299,個人,第二帳戶,2013-12-24,0,0,,,0,,
A015300,個人,第二帳戶,2020-05-19,57,0,,,0,,
A015301,個人,第二帳戶,2022-11-20,776,0,,,0,,
A015302,個人,第二帳戶,2007-09-12,30,0,,,0,,
A015303,個人,第二帳戶,2013-07-26,617,0,,,0,,
A015304,個人,第二帳戶,2021-05-08,45,0,,,0,,
A015305,個人,第二帳戶,2018-11-07,244,0,,,0,,
A015306,個人,第二帳戶,2024-08-09,11,0,,,0,,
A015307,個人,第二帳戶,2018-06-03,1160,0,,,0,,
A015308,個人,第二帳戶,2023-05-09,9,0,,,0,,
A015309,個人,第二帳戶,2014-05-13,12,0,,,0,,
A015310,個人,第二帳戶,2018-06-30,1085,0,,,0,,
A015311,個人,第二帳戶,2016-02-08,55,0,,,0,,
A015312,個人,第二帳戶,2011-11-18,26,0,,,0,,
A015313,個人,第二帳戶,2017-02-03,41,0,,,0,,
A015314,個人,第二帳戶,2006-01-23,30,0,,,0,,
A015315,個人,第二帳戶,2016-12-07,47,0,,,0,,
A015316,個人,第二帳戶,2009-11-19,453,0,,,0,,
A015317,個人,第二帳戶,2012-04-05,4,0,,,0,,
A015318,個人,第二帳戶,2014-09-12,43,0,,,0,,
A015319,個人,第二帳戶,2014-09-15,1180,0,,,0,,
A015320,個人,第二帳戶,2020-06-10,1487,0,,,0,,
A015321,個人,第二帳戶,2017-05-23,707,0,,,0,,
A015322,個人,第二帳戶,2007-12-09,10,0,,,0,,
A015323,個人,第二帳戶,2015-08-08,995,0,,,0,,
A015324,個人,第二帳戶,2023-07-01,405,0,,,0,,
A015325,個人,第二帳戶,2012-06-15,1230,0,,,0,,
A015326,個人,第二帳戶,2013-09-23,629,0,,,0,,
A015327,個人,第二帳戶,2013-12-27,16,0,,,0,,
A015328,個人,第二帳戶,2009-10-31,42,0,,,0,,
A015329,個人,第二帳戶,2007-04-08,13,0,,,0,,
A015330,個人,第二帳戶,2019-09-26,15,0,,,0,,
A015331,個人,第二帳戶,2006-11-27,19,0,,,0,,
A015332,個人,第二帳戶,2009-10-29,55,0,,,0,,
A015333,個人,第二帳戶,2010-09-07,0,0,,,0,,
A015334,個人,第二帳戶,2006-11-23,0,0,,,0,,
A015335,個人,第二帳戶,2009-06-03,0,0,,,0,,
A015336,個人,第二帳戶,2012-12-28,0,0,,,0,,
A015337,個人,第二帳戶,2012-03-29,0,0,,,0,,
A015338,個人,第二帳戶,2017-07-28,0,0,,,0,,
A015339,個人,第二帳戶,2023-12-04,0,0,,,0,,
A015340,個人,第二帳戶,2023-08-06,0,0,,,0,,
A015341,個人,第二帳戶,2014-09-25,0,0,,,0,,
A015342,個人,第二帳戶,2010-11-09,0,0,,,0,,
A015343,個人,第二帳戶,2006-01-09,0,0,,,0,,
A015344,個人,第二帳戶,2010-06-06,0,0,,,0,,
A015345,個人,第二帳戶,2012-03-20,0,0,,,0,,
A015346,個人,第二帳戶,2024-12-14,0,0,,,0,,
A015347,個人,第二帳戶,2008-01-13,0,0,,,0,,
A015348,個人,第二帳戶,2015-02-04,0,0,,,0,,
A015349,個人,第二帳戶,2016-04-09,0,0,,,0,,
A015350,個人,第二帳戶,2015-08-13,0,0,,,0,,
A015351,個人,第二帳戶,2017-03-17,0,0,,,0,,
A015352,個人,第二帳戶,2014-08-09,0,0,,,0,,
A015353,個人,第二帳戶,2013-09-07,0,0,,,0,,
A015354,個人,第二帳戶,2023-01-10,0,0,,,0,,
A015355,個人,第二帳戶,2015-06-01,0,0,,,0,,
A015356,個人,第二帳戶,2012-12-01,0,0,,,0,,
A015357,個人,第二帳戶,2015-07-13,0,0,,,0,,
A015358,個人,第二帳戶,2016-06-18,0,0,,,0,,
A015359,個人,第二帳戶,2022-02-07,0,0,,,0,,
A015360,個人,第二帳戶,2007-01-14,0,0,,,0,,
A015361,個人,第二帳戶,2006-08-31,0,0,,,0,,
A015362,個人,第二帳戶,2016-12-06,0,0,,,0,,
A015363,個人,第二帳戶,2006-04-11,0,0,,,0,,
A015364,個人,第二帳戶,2022-01-10,0,0,,,0,,
A015365,個人,第二帳戶,2014-03-11,0,0,,,0,,
A015366,個人,第二帳戶,2013-01-07,0,0,,,0,,
A015367,個人,第二帳戶,2006-02-15,0,0,,,0,,
A015368,個人,第二帳戶,2017-12-25,0,0,,,0,,
A015369,個人,第二帳戶,2008-10-18,0,0,,,0,,
A015370,個人,第二帳戶,2006-08-13,0,0,,,0,,
A015371,個人,第二帳戶,2010-04-29,0,0,,,0,,
A015372,個人,第二帳戶,2017-03-29,0,0,,,0,,
A015373,個人,第二帳戶,2017-09-29,0,0,,,0,,
A015374,個人,第二帳戶,2010-08-01,0,0,,,0,,
A015375,個人,第二帳戶,2011-10-17,0,0,,,0,,
A015376,個人,第二帳戶,2010-06-02,0,0,,,0,,
A015377,個人,第二帳戶,2022-10-08,0,0,,,0,,
A015378,個人,第二帳戶,2014-11-02,0,0,,,0,,
A015379,個人,第二帳戶,2014-03-01,0,0,,,0,,
A015380,個人,第二帳戶,2007-05-06,0,0,,,0,,
A015381,個人,第二帳戶,2014-01-13,0,0,,,0,,
A015382,個人,第二帳戶,2011-04-05,0,0,,,0,,
A015383,個人,第二帳戶,2012-09-27,0,0,,,0,,
A015384,個人,第二帳戶,2010-12-26,0,0,,,0,,
A015385,個人,第二帳戶,2020-01-18,0,0,,,0,,
A015386,個人,第二帳戶,2020-08-10,0,0,,,0,,
A015387,個人,第二帳戶,2015-05-22,0,0,,,0,,
A015388,個人,第二帳戶,2012-06-08,0,0,,,0,,
A015389,個人,第二帳戶,2009-07-22,0,0,,,0,,
A015390,個人,第二帳戶,2006-07-24,0,0,,,0,,
A015391,個人,第二帳戶,2015-11-24,0,0,,,0,,
A015392,個人,第二帳戶,2010-02-21,0,0,,,0,,
A015393,個人,第二帳戶,2008-09-28,0,0,,,0,,
A015394,個人,第二帳戶,2013-02-18,0,0,,,0,,
A015395,個人,第二帳戶,2024-03-15,0,0,,,0,,
A015396,個人,第二帳戶,2020-06-18,0,0,,,0,,
A015397,個人,第二帳戶,2022-12-26,0,0,,,0,,
A015398,個人,第二帳戶,2017-10-31,0,0,,,0,,
A015399,個人,第二帳戶,2008-08-02,0,0,,,0,,
A015400,個人,第二帳戶,2014-02-21,0,0,,,0,,
A015401,個人,第二帳戶,2016-05-31,0,0,,,0,,
A015402,個人,第二帳戶,2008-03-10,0,0,,,0,,
A015403,個人,第二帳戶,2007-04-29,0,0,,,0,,
A015404,個人,第二帳戶,2012-08-27,0,0,,,0,,
A015405,個人,第二帳戶,2009-11-05,0,0,,,0,,
A015406,個人,第二帳戶,2023-08-28,0,0,,,0,,
A015407,個人,第二帳戶,2012-04-01,0,0,,,0,,
A015408,個人,第二帳戶,2020-12-03,0,0,,,0,,
A015409,個人,第二帳戶,2018-09-29,0,0,,,0,,
A015410,個人,第二帳戶,2016-01-17,0,0,,,0,,
A015411,個人,第二帳戶,2021-04-20,0,0,,,0,,
A015412,個人,第二帳戶,2019-12-29,0,0,,,0,,
A015413,個人,第二帳戶,2018-07-04,0,0,,,0,,
A015414,個人,第二帳戶,2008-04-02,0,0,,,0,,
A015415,個人,第二帳戶,2022-11-02,0,0,,,0,,
A015416,個人,第二帳戶,2012-03-13,0,0,,,0,,
A015417,個人,第二帳戶,2022-03-29,0,0,,,0,,
A015418,個人,第二帳戶,2012-04-24,0,0,,,0,,
A015419,個人,第二帳戶,2024-03-23,0,0,,,0,,
A015420,個人,第二帳戶,2017-03-02,0,0,,,0,,
A015421,個人,第二帳戶,2024-06-29,0,0,,,0,,
A015422,個人,第二帳戶,2019-04-16,0,0,,,0,,
A015423,個人,第二帳戶,2017-03-08,0,0,,,0,,
A015424,個人,第二帳戶,2009-10-22,0,0,,,0,,
A015425,個人,第二帳戶,2023-08-02,0,0,,,0,,
A015426,個人,第二帳戶,2020-03-30,0,0,,,0,,
A015427,個人,第二帳戶,2020-04-09,0,0,,,0,,
A015428,個人,第二帳戶,2023-02-13,0,0,,,0,,
A015429,個人,第二帳戶,2010-06-17,0,0,,,0,,
A015430,個人,第二帳戶,2024-03-10,0,0,,,0,,
A015431,個人,第二帳戶,2011-07-23,0,0,,,0,,
A015432,個人,第二帳戶,2022-10-19,0,0,,,0,,
A015433,個人,第二帳戶,2017-04-08,0,0,,,0,,
A015434,個人,第二帳戶,2014-07-05,0,0,,,0,,
A015435,個人,第二帳戶,2017-02-05,0,0,,,0,,
A015436,個人,第二帳戶,2021-11-22,0,0,,,0,,
A015437,個人,第二帳戶,2011-07-13,0,0,,,0,,
A015438,個人,第二帳戶,2013-05-06,0,0,,,0,,
A015439,個人,第二帳戶,2022-01-28,0,0,,,0,,
A015440,個人,第二帳戶,2022-04-07,0,0,,,0,,
A015441,個人,第二帳戶,2020-01-28,0,0,,,0,,
A015442,個人,第二帳戶,2015-05-25,0,0,,,0,,
A015443,個人,第二帳戶,2008-09-26,0,0,,,0,,
A015444,個人,第二帳戶,2016-10-15,0,0,,,0,,
A015445,個人,第二帳戶,2008-04-15,0,0,,,0,,
A015446,個人,第二帳戶,2018-06-04,0,0,,,0,,
A015447,個人,第二帳戶,2010-02-06,0,0,,,0,,
A015448,個人,第二帳戶,2013-06-22,0,0,,,0,,
A015449,個人,第二帳戶,2024-11-14,0,0,,,0,,
A015450,個人,第二帳戶,2007-07-29,0,0,,,0,,
A015451,個人,第二帳戶,2011-01-02,0,0,,,0,,
A015452,個人,第二帳戶,2009-10-13,0,0,,,0,,
A015453,個人,第二帳戶,2006-12-08,0,0,,,0,,
A015454,個人,第二帳戶,2007-12-02,0,0,,,0,,
A015455,個人,第二帳戶,2017-08-14,0,0,,,0,,
A015456,個人,第二帳戶,2022-04-03,0,0,,,0,,
A015457,個人,第二帳戶,2014-12-03,0,0,,,0,,
A015458,個人,第二帳戶,2011-04-15,0,0,,,0,,
A015459,個人,第二帳戶,2022-10-03,0,0,,,0,,
A015460,個人,第二帳戶,2012-11-15,0,0,,,0,,
A015461,個人,第二帳戶,2015-10-29,0,0,,,0,,
A015462,個人,第二帳戶,2012-07-17,0,0,,,0,,
A015463,個人,第二帳戶,2006-08-11,0,0,,,0,,
A015464,個人,第二帳戶,2020-06-18,0,0,,,0,,
A015465,個人,第二帳戶,2016-05-10,0,0,,,0,,
A015466,個人,第二帳戶,2023-08-09,0,0,,,0,,
A015467,個人,第二帳戶,2010-03-14,0,0,,,0,,
A015468,個人,第二帳戶,2011-12-06,0,0,,,0,,
A015469,個人,第二帳戶,2011-06-23,0,0,,,0,,
A015470,個人,第二帳戶,2011-01-20,0,0,,,0,,
A015471,個人,第二帳戶,2006-11-26,0,0,,,0,,
A015472,個人,第二帳戶,2021-03-30,0,0,,,0,,
A015473,個人,第二帳戶,2019-02-23,0,0,,,0,,
A015474,個人,第二帳戶,2015-10-13,0,0,,,0,,
A015475,個人,第二帳戶,2010-11-27,0,0,,,0,,
A015476,個人,第二帳戶,2008-03-16,0,0,,,0,,
A015477,個人,第二帳戶,2010-08-27,0,0,,,0,,
A015478,個人,第二帳戶,2010-10-13,0,0,,,0,,
A015479,個人,第二帳戶,2006-10-01,0,0,,,0,,
A015480,個人,第二帳戶,2017-06-02,0,0,,,0,,
A015481,個人,第二帳戶,2021-06-29,0,0,,,0,,
A015482,個人,第二帳戶,2016-11-14,0,0,,,0,,
A015483,個人,第二帳戶,2018-03-02,0,0,,,0,,
A015484,個人,第二帳戶,2024-11-19,0,0,,,0,,
A015485,個人,第二帳戶,2019-04-03,0,0,,,0,,
A015486,個人,第二帳戶,2020-11-08,0,0,,,0,,
A015487,個人,第二帳戶,2010-05-10,0,0,,,0,,
A015488,個人,第二帳戶,2017-02-22,0,0,,,0,,
A015489,個人,第二帳戶,2017-08-14,0,0,,,0,,
A015490,個人,第二帳戶,2008-04-18,0,0,,,0,,
A015491,個人,第二帳戶,2010-12-02,0,0,,,0,,
A015492,個人,第二帳戶,2009-04-12,0,0,,,0,,
A015493,個人,第二帳戶,2019-10-21,0,0,,,0,,
A015494,個人,第二帳戶,2011-03-27,0,0,,,0,,
A015495,個人,第二帳戶,2019-06-18,0,0,,,0,,
A015496,個人,第二帳戶,2011-10-08,0,0,,,0,,
A015497,個人,第二帳戶,2022-09-12,0,0,,,0,,
A015498,個人,第二帳戶,2017-01-28,0,0,,,0,,
A015499,個人,第二帳戶,2011-09-11,0,0,,,0,,
A015500,個人,第二帳戶,2008-10-29,0,0,,,0,,
A015501,個人,第二帳戶,2018-01-30,0,0,,,0,,
A015502,個人,第二帳戶,2011-12-05,0,0,,,0,,
A015503,個人,第二帳戶,2022-07-10,0,0,,,0,,
A015504,個人,第二帳戶,2017-02-08,0,0,,,0,,
A015505,個人,第二帳戶,2014-03-29,0,0,,,0,,
A015506,個人,第二帳戶,2016-08-06,0,0,,,0,,
A015507,個人,第二帳戶,2017-12-14,0,0,,,0,,
A015508,個人,第二帳戶,2013-01-10,0,0,,,0,,
A015509,個人,第二帳戶,2018-08-26,0,0,,,0,,
A015510,個人,第二帳戶,2020-03-28,0,0,,,0,,
A015511,個人,第二帳戶,2015-01-22,0,0,,,0,,
A015512,個人,第二帳戶,2020-03-01,0,0,,,0,,
A015513,個人,第二帳戶,2015-11-26,0,0,,,0,,
A015514,個人,第二帳戶,2024-06-09,0,0,,,0,,
A015515,個人,第二帳戶,2019-12-08,0,0,,,0,,
A015516,個人,第二帳戶,2023-07-18,0,0,,,0,,
A015517,個人,第二帳戶,2014-10-31,0,0,,,0,,
A015518,個人,第二帳戶,2014-11-29,0,0,,,0,,
A015519,個人,第二帳戶,2020-03-18,0,0,,,0,,
A015520,個人,第二帳戶,2017-11-23,0,0,,,0,,
A015521,個人,第二帳戶,2016-08-08,0,0,,,0,,
A015522,個人,第二帳戶,2011-07-17,0,0,,,0,,
A015523,個人,第二帳戶,2021-01-04,0,0,,,0,,
A015524,個人,第二帳戶,2013-06-01,0,0,,,0,,
A015525,個人,第二帳戶,2019-12-19,0,0,,,0,,
A015526,個人,第二帳戶,2014-10-08,0,0,,,0,,
A015527,個人,第二帳戶,2006-01-20,0,0,,,0,,
A015528,個人,第二帳戶,2011-09-12,0,0,,,0,,
A015529,個人,第二帳戶,2012-11-06,0,0,,,0,,
A015530,個人,第二帳戶,2018-05-15,0,0,,,0,,
A015531,個人,第二帳戶,2014-09-20,0,0,,,0,,
A015532,個人,第二帳戶,2019-12-25,0,0,,,0,,
A015533,個人,第二帳戶,2020-07-22,0,0,,,0,,
A015534,個人,第二帳戶,2006-04-18,0,0,,,0,,
A015535,個人,第二帳戶,2012-04-28,0,0,,,0,,
A015536,個人,第二帳戶,2011-10-18,0,0,,,0,,
A015537,個人,第二帳戶,2017-01-17,0,0,,,0,,
A015538,個人,第二帳戶,2009-11-22,0,0,,,0,,
A015539,個人,第二帳戶,2009-05-09,0,0,,,0,,
A015540,個人,第二帳戶,2006-08-05,0,0,,,0,,
A015541,個人,第二帳戶,2007-07-09,0,0,,,0,,
A015542,個人,第二帳戶,2022-11-28,0,0,,,0,,
A015543,個人,第二帳戶,2024-06-13,0,0,,,0,,
A015544,個人,第二帳戶,2023-01-04,0,0,,,0,,
A015545,個人,第二帳戶,2006-07-02,0,0,,,0,,
A015546,個人,第二帳戶,2014-10-28,0,0,,,0,,
A015547,個人,第二帳戶,2020-06-22,0,0,,,0,,
A015548,個人,第二帳戶,2020-09-22,0,0,,,0,,
A015549,個人,第二帳戶,2011-05-30,0,0,,,0,,
A015550,個人,第二帳戶,2007-05-22,0,0,,,0,,
A015551,個人,第二帳戶,2021-09-09,0,0,,,0,,
A015552,個人,第二帳戶,2021-12-24,0,0,,,0,,
A015553,個人,第二帳戶,2012-10-18,0,0,,,0,,
A015554,個人,第二帳戶,2010-04-04,0,0,,,0,,
A015555,個人,第二帳戶,2013-08-13,0,0,,,0,,
A015556,個人,第二帳戶,2011-04-11,0,0,,,0,,
A015557,個人,第二帳戶,2021-05-27,0,0,,,0,,
A015558,個人,第二帳戶,2009-08-28,0,0,,,0,,
A015559,個人,第二帳戶,2015-03-17,0,0,,,0,,
A015560,個人,第二帳戶,2007-03-25,0,0,,,0,,
A015561,個人,第二帳戶,2007-02-06,0,0,,,0,,
A015562,個人,第二帳戶,2014-11-13,0,0,,,0,,
A015563,個人,第二帳戶,2010-11-03,0,0,,,0,,
A015564,個人,第二帳戶,2012-11-18,0,0,,,0,,
A015565,個人,第二帳戶,2010-01-15,0,0,,,0,,
A015566,個人,第二帳戶,2024-09-16,0,0,,,0,,
A015567,個人,第二帳戶,2017-12-03,0,0,,,0,,
A015568,個人,第二帳戶,2013-05-26,0,0,,,0,,
A015569,個人,第二帳戶,2017-02-02,0,0,,,0,,
A015570,個人,第二帳戶,2020-06-06,0,0,,,0,,
A015571,個人,第二帳戶,2017-06-01,0,0,,,0,,
A015572,個人,第二帳戶,2024-10-27,0,0,,,0,,
A015573,個人,第二帳戶,2006-03-19,0,0,,,0,,
A015574,個人,第二帳戶,2020-01-29,0,0,,,0,,
A015575,個人,第二帳戶,2007-06-18,0,0,,,0,,
A015576,個人,第二帳戶,2024-12-15,0,0,,,0,,
A015577,個人,第二帳戶,2012-03-12,0,0,,,0,,
A015578,個人,第二帳戶,2019-04-01,0,0,,,0,,
A015579,個人,第二帳戶,2015-06-08,0,0,,,0,,
A015580,個人,第二帳戶,2022-06-27,0,0,,,0,,
A015581,個人,第二帳戶,2013-05-20,0,0,,,0,,
A015582,個人,第二帳戶,2007-10-16,0,0,,,0,,
A015583,個人,第二帳戶,2006-05-23,0,0,,,0,,
A015584,個人,第二帳戶,2019-07-01,0,0,,,0,,
A015585,個人,第二帳戶,2021-01-25,0,0,,,0,,
A015586,個人,第二帳戶,2014-04-06,0,0,,,0,,
A015587,個人,第二帳戶,2017-11-10,0,0,,,0,,
A015588,個人,第二帳戶,2021-02-28,0,0,,,0,,
A015589,個人,第二帳戶,2016-11-07,0,0,,,0,,
A015590,個人,第二帳戶,2013-09-25,0,0,,,0,,
A015591,個人,第二帳戶,2012-09-19,0,0,,,0,,
A015592,個人,第二帳戶,2018-12-13,0,0,,,0,,
A015593,個人,第二帳戶,2024-10-13,0,0,,,0,,
A015594,個人,第二帳戶,2007-10-07,0,0,,,0,,
A015595,個人,第二帳戶,2012-07-02,0,0,,,0,,
A015596,個人,第二帳戶,2013-08-01,0,0,,,0,,
A015597,個人,第二帳戶,2024-07-16,0,0,,,0,,
A015598,個人,第二帳戶,2015-06-07,0,0,,,0,,
A015599,個人,第二帳戶,2024-01-04,0,0,,,0,,
A015600,個人,第二帳戶,2023-12-11,0,0,,,0,,
A015601,個人,第二帳戶,2011-08-22,0,0,,,0,,
A015602,個人,第二帳戶,2024-06-11,0,0,,,0,,
A015603,個人,第二帳戶,2018-07-21,0,0,,,0,,
A015604,個人,第二帳戶,2019-05-03,0,0,,,0,,
A015605,個人,第二帳戶,2007-03-16,0,0,,,0,,
A015606,個人,第二帳戶,2022-05-16,0,0,,,0,,
A015607,個人,第二帳戶,2014-03-07,0,0,,,0,,
A015608,個人,第二帳戶,2012-06-23,0,0,,,0,,
A015609,個人,第二帳戶,2009-08-23,0,0,,,0,,
A015610,個人,第二帳戶,2011-03-30,0,0,,,0,,
A015611,個人,第二帳戶,2007-04-24,0,0,,,0,,
A015612,個人,第二帳戶,2011-07-18,0,0,,,0,,
A015613,個人,第二帳戶,2018-08-29,0,0,,,0,,
A015614,個人,第二帳戶,2006-02-09,0,0,,,0,,
A015615,個人,第二帳戶,2021-09-16,0,0,,,0,,
A015616,個人,第二帳戶,2021-09-18,0,0,,,0,,
A015617,個人,第二帳戶,2015-05-12,0,0,,,0,,
A015618,個人,第二帳戶,2018-02-06,0,0,,,0,,
A015619,個人,第二帳戶,2021-02-13,0,0,,,0,,
A015620,個人,第二帳戶,2017-10-08,0,0,,,0,,
A015621,個人,第二帳戶,2014-09-29,0,0,,,0,,
A015622,個人,第二帳戶,2009-06-19,0,0,,,0,,
A015623,個人,第二帳戶,2006-11-03,0,0,,,0,,
A015624,個人,第二帳戶,2012-08-14,0,0,,,0,,
A015625,個人,第二帳戶,2009-08-27,0,0,,,0,,
A015626,個人,第二帳戶,2017-08-30,0,0,,,0,,
A015627,個人,第二帳戶,2017-10-20,0,0,,,0,,
A015628,個人,第二帳戶,2010-12-03,0,0,,,0,,
A015629,個人,第二帳戶,2007-06-11,0,0,,,0,,
A015630,個人,第二帳戶,2023-07-16,0,0,,,0,,
A015631,個人,第二帳戶,2007-06-20,0,0,,,0,,
A015632,個人,第二帳戶,2006-10-31,0,0,,,0,,
A015633,個人,第二帳戶,2006-06-01,0,0,,,0,,
A015634,個人,第二帳戶,2017-08-16,0,0,,,0,,
A015635,個人,第二帳戶,2022-03-23,0,0,,,0,,
A015636,個人,第二帳戶,2013-09-09,0,0,,,0,,
A015637,個人,第二帳戶,2011-07-31,0,0,,,0,,
A015638,個人,第二帳戶,2015-10-15,0,0,,,0,,
A015639,個人,第二帳戶,2014-11-03,0,0,,,0,,
A015640,個人,第二帳戶,2023-02-28,0,0,,,0,,
A015641,個人,第二帳戶,2013-11-27,0,0,,,0,,
A015642,個人,第二帳戶,2012-03-08,0,0,,,0,,
A015643,個人,第二帳戶,2014-12-04,0,0,,,0,,
A015644,個人,第二帳戶,2008-09-15,0,0,,,0,,
A015645,個人,第二帳戶,2019-01-08,0,0,,,0,,
A015646,個人,第二帳戶,2021-06-06,0,0,,,0,,
A015647,個人,第二帳戶,2011-09-14,0,0,,,0,,
A015648,個人,第二帳戶,2016-12-16,0,0,,,0,,
A015649,個人,第二帳戶,2010-02-11,0,0,,,0,,
A015650,個人,第二帳戶,2017-01-08,0,0,,,0,,
A015651,個人,第二帳戶,2009-05-10,0,0,,,0,,
A015652,個人,第二帳戶,2009-07-14,0,0,,,0,,
A015653,個人,第二帳戶,2021-03-14,0,0,,,0,,
A015654,個人,第二帳戶,2020-05-27,0,0,,,0,,
A015655,個人,第二帳戶,2016-10-12,0,0,,,0,,
A015656,個人,第二帳戶,2008-03-22,0,0,,,0,,
A015657,個人,第二帳戶,2014-08-13,0,0,,,0,,
A015658,個人,第二帳戶,2019-01-03,0,0,,,0,,
A015659,個人,第二帳戶,2024-03-09,0,0,,,0,,
A015660,個人,第二帳戶,2014-07-13,0,0,,,0,,
A015661,個人,第二帳戶,2016-09-18,0,0,,,0,,
A015662,個人,第二帳戶,2024-10-27,0,0,,,0,,
A015663,個人,第二帳戶,2015-11-02,0,0,,,0,,
A015664,個人,第二帳戶,2023-08-16,0,0,,,0,,
A015665,個人,第二帳戶,2009-07-21,0,0,,,0,,
A015666,個人,第二帳戶,2017-11-23,0,0,,,0,,
A015667,個人,第二帳戶,2018-09-27,0,0,,,0,,
A015668,個人,第二帳戶,2018-10-30,0,0,,,0,,
A015669,個人,第二帳戶,2023-09-25,0,0,,,0,,
A015670,個人,第二帳戶,2022-05-12,0,0,,,0,,
A015671,個人,第二帳戶,2022-04-27,0,0,,,0,,
A015672,個人,第二帳戶,2024-02-11,0,0,,,0,,
A015673,個人,第二帳戶,2021-02-17,0,0,,,0,,
A015674,個人,第二帳戶,2012-10-06,0,0,,,0,,
A015675,個人,第二帳戶,2016-05-25,0,0,,,0,,
A015676,個人,第二帳戶,2022-01-11,0,0,,,0,,
A015677,個人,第二帳戶,2014-01-12,0,0,,,0,,
A015678,個人,第二帳戶,2017-10-12,0,0,,,0,,
A015679,個人,第二帳戶,2013-02-08,0,0,,,0,,
A015680,個人,第二帳戶,2014-02-25,0,0,,,0,,
A015681,個人,第二帳戶,2013-09-19,0,0,,,0,,
A015682,個人,第二帳戶,2007-07-30,0,0,,,0,,
A015683,個人,第二帳戶,2011-10-19,0,0,,,0,,
A015684,個人,第二帳戶,2006-08-27,0,0,,,0,,
A015685,個人,第二帳戶,2009-07-08,0,0,,,0,,
A015686,個人,第二帳戶,2024-07-14,0,0,,,0,,
A015687,個人,第二帳戶,2013-08-01,0,0,,,0,,
A015688,個人,第二帳戶,2012-06-03,0,0,,,0,,
A015689,個人,第二帳戶,2015-09-10,0,0,,,0,,
A015690,個人,第二帳戶,2023-06-05,0,0,,,0,,
A015691,個人,第二帳戶,2016-11-08,0,0,,,0,,
A015692,個人,第二帳戶,2010-11-23,0,0,,,0,,
A015693,個人,第二帳戶,2012-07-01,0,0,,,0,,
A015694,個人,第二帳戶,2020-10-05,0,0,,,0,,
A015695,個人,第二帳戶,2013-05-15,0,0,,,0,,
A015696,個人,第二帳戶,2006-11-27,0,0,,,0,,
A015697,個人,第二帳戶,2011-07-08,0,0,,,0,,
A015698,個人,第二帳戶,2008-05-29,0,0,,,0,,
A015699,個人,第二帳戶,2007-03-01,0,0,,,0,,
A015700,個人,第二帳戶,2024-11-07,0,0,,,0,,
A015701,個人,第二帳戶,2023-09-14,0,0,,,0,,
A015702,個人,第二帳戶,2010-01-20,0,0,,,0,,
A015703,個人,第二帳戶,2011-08-02,0,0,,,0,,
A015704,個人,第二帳戶,2018-11-09,0,0,,,0,,
A015705,個人,第二帳戶,2008-11-30,0,0,,,0,,
A015706,個人,第二帳戶,2007-02-19,0,0,,,0,,
A015707,個人,第二帳戶,2006-09-14,0,0,,,0,,
A015708,個人,第二帳戶,2009-03-09,0,0,,,0,,
A015709,個人,第二帳戶,2006-03-07,0,0,,,0,,
A015710,個人,第二帳戶,2008-08-04,0,0,,,0,,
A015711,個人,第二帳戶,2009-02-24,0,0,,,0,,
A015712,個人,第二帳戶,2024-01-23,0,0,,,0,,
A015713,個人,第二帳戶,2014-02-25,0,0,,,0,,
A015714,個人,第二帳戶,2015-08-23,0,0,,,0,,
A015715,個人,第二帳戶,2009-02-14,0,0,,,0,,
A015716,個人,第二帳戶,2009-09-09,0,0,,,0,,
A015717,個人,第二帳戶,2019-03-30,0,0,,,0,,
A015718,個人,第二帳戶,2012-01-12,0,0,,,0,,
A015719,個人,第二帳戶,2014-07-27,0,0,,,0,,
A015720,個人,第二帳戶,2008-05-07,0,0,,,0,,
A015721,個人,第二帳戶,2019-11-20,0,0,,,0,,
A015722,個人,第二帳戶,2022-03-12,0,0,,,0,,
A015723,個人,第二帳戶,2013-10-17,0,0,,,0,,
A015724,個人,第二帳戶,2019-12-06,0,0,,,0,,
A015725,個人,第二帳戶,2012-04-17,0,0,,,0,,
A015726,個人,第二帳戶,2019-07-08,0,0,,,0,,
A015727,個人,第二帳戶,2020-08-26,0,0,,,0,,
A015728,個人,第二帳戶,2009-08-01,0,0,,,0,,
A015729,個人,第二帳戶,2023-02-04,0,0,,,0,,
A015730,個人,第二帳戶,2020-06-17,0,0,,,0,,
A015731,個人,第二帳戶,2021-03-14,0,0,,,0,,
A015732,個人,第二帳戶,2021-08-12,0,0,,,0,,
A015733,個人,第二帳戶,2024-01-28,0,0,,,0,,
A015734,個人,第二帳戶,2015-11-14,0,0,,,0,,
A015735,個人,第二帳戶,2007-02-09,0,0,,,0,,
A015736,個人,第二帳戶,2016-08-24,0,0,,,0,,
A015737,個人,第二帳戶,2019-04-30,0,0,,,0,,
A015738,個人,第二帳戶,2020-09-25,0,0,,,0,,
A015739,個人,第二帳戶,2024-05-17,0,0,,,0,,
A015740,個人,第二帳戶,2017-03-26,0,0,,,0,,
A015741,個人,第二帳戶,2017-03-07,0,0,,,0,,
A015742,個人,第二帳戶,2020-12-15,0,0,,,0,,
A015743,個人,第二帳戶,2021-01-26,0,0,,,0,,
A015744,個人,第二帳戶,2006-09-06,0,0,,,0,,
A015745,個人,第二帳戶,2009-09-18,0,0,,,0,,
A015746,個人,第二帳戶,2011-01-06,0,0,,,0,,
A015747,個人,第二帳戶,2007-04-17,0,0,,,0,,
A015748,個人,第二帳戶,2022-07-09,0,0,,,0,,
A015749,個人,第二帳戶,2015-02-07,0,0,,,0,,
A015750,個人,第二帳戶,2006-08-10,0,0,,,0,,
A015751,個人,第二帳戶,2023-10-16,0,0,,,0,,
A015752,個人,第二帳戶,2019-07-04,0,0,,,0,,
A015753,個人,第二帳戶,2016-02-13,0,0,,,0,,
A015754,個人,第二帳戶,2017-08-07,0,0,,,0,,
A015755,個人,第二帳戶,2018-05-13,0,0,,,0,,
A015756,個人,第二帳戶,2011-08-13,0,0,,,0,,
A015757,個人,第二帳戶,2015-05-12,0,0,,,0,,
A015758,個人,第二帳戶,2006-07-04,0,0,,,0,,
A015759,個人,第二帳戶,2024-07-26,0,0,,,0,,
A015760,個人,第二帳戶,2007-08-06,0,0,,,0,,
A015761,個人,第二帳戶,2019-09-29,0,0,,,0,,
A015762,個人,第二帳戶,2006-07-28,0,0,,,0,,
A015763,個人,第二帳戶,2011-09-13,0,0,,,0,,
A015764,個人,第二帳戶,2020-03-09,0,0,,,0,,
A015765,個人,第二帳戶,2014-05-11,0,0,,,0,,
A015766,個人,第二帳戶,2017-04-11,0,0,,,0,,
A015767,個人,第二帳戶,2024-05-01,0,0,,,0,,
A015768,個人,第二帳戶,2006-07-24,0,0,,,0,,
A015769,個人,第二帳戶,2016-07-28,0,0,,,0,,
A015770,個人,第二帳戶,2015-12-24,0,0,,,0,,
A015771,個人,第二帳戶,2017-06-07,0,0,,,0,,
A015772,個人,第二帳戶,2023-10-31,0,0,,,0,,
A015773,個人,第二帳戶,2011-06-11,0,0,,,0,,
A015774,個人,第二帳戶,2024-08-21,0,0,,,0,,
A015775,個人,第二帳戶,2023-11-11,0,0,,,0,,
A015776,個人,第二帳戶,2017-03-20,0,0,,,0,,
A015777,個人,第二帳戶,2013-08-24,0,0,,,0,,
A015778,個人,第二帳戶,2014-10-19,0,0,,,0,,
A015779,個人,第二帳戶,2008-11-08,0,0,,,0,,
A015780,個人,第二帳戶,2008-05-18,0,0,,,0,,
A015781,個人,第二帳戶,2006-12-01,0,0,,,0,,
A015782,個人,第二帳戶,2018-09-25,0,0,,,0,,
A015783,個人,第二帳戶,2013-10-27,0,0,,,0,,
A015784,個人,第二帳戶,2023-11-17,0,0,,,0,,
A015785,個人,第二帳戶,2006-03-08,0,0,,,0,,
A015786,個人,第二帳戶,2010-11-01,0,0,,,0,,
A015787,個人,第二帳戶,2017-07-01,0,0,,,0,,
A015788,個人,第二帳戶,2024-06-01,0,0,,,0,,
A015789,個人,第二帳戶,2013-02-08,0,0,,,0,,
A015790,個人,第二帳戶,2012-11-15,0,0,,,0,,
A015791,個人,第二帳戶,2023-05-14,0,0,,,0,,
A015792,個人,第二帳戶,2014-01-30,0,0,,,0,,
A015793,個人,第二帳戶,2013-06-18,0,0,,,0,,
A015794,個人,第二帳戶,2009-10-16,0,0,,,0,,
A015795,個人,第二帳戶,2014-03-02,0,0,,,0,,
A015796,個人,第二帳戶,2012-05-04,0,0,,,0,,
A015797,個人,第二帳戶,2018-04-21,0,0,,,0,,
A015798,個人,第二帳戶,2012-02-06,0,0,,,0,,
A015799,個人,第二帳戶,2016-12-27,0,0,,,0,,
A015800,個人,第二帳戶,2017-05-16,0,0,,,0,,
A015801,個人,第二帳戶,2007-07-03,0,0,,,0,,
A015802,個人,第二帳戶,2013-04-18,0,0,,,0,,
A015803,個人,第二帳戶,2020-04-07,0,0,,,0,,
A015804,個人,第二帳戶,2016-12-18,0,0,,,0,,
A015805,個人,第二帳戶,2018-03-17,0,0,,,0,,
A015806,個人,第二帳戶,2022-11-14,0,0,,,0,,
A015807,個人,第二帳戶,2018-05-04,0,0,,,0,,
A015808,個人,第二帳戶,2011-07-23,0,0,,,0,,
A015809,個人,第二帳戶,2024-11-19,0,0,,,0,,
A015810,個人,第二帳戶,2012-07-08,0,0,,,0,,
A015811,個人,第二帳戶,2014-03-09,0,0,,,0,,
A015812,個人,第二帳戶,2020-06-23,0,0,,,0,,
A015813,個人,第二帳戶,2018-11-21,0,0,,,0,,
A015814,個人,第二帳戶,2022-12-24,0,0,,,0,,
A015815,個人,第二帳戶,2024-08-13,0,0,,,0,,
A015816,個人,第二帳戶,2016-03-02,0,0,,,0,,
A015817,個人,第二帳戶,2009-03-07,0,0,,,0,,
A015818,個人,第二帳戶,2017-04-11,0,0,,,0,,
A015819,個人,第二帳戶,2015-03-03,0,0,,,0,,
A015820,個人,第二帳戶,2022-06-23,0,0,,,0,,
A015821,個人,第二帳戶,2015-01-02,0,0,,,0,,
A015822,個人,第二帳戶,2019-06-25,0,0,,,0,,
A015823,個人,第二帳戶,2012-01-14,0,0,,,0,,
A015824,個人,第二帳戶,2022-11-27,0,0,,,0,,
A015825,個人,第二帳戶,2022-10-19,0,0,,,0,,
A015826,個人,第二帳戶,2009-03-02,0,0,,,0,,
A015827,個人,第二帳戶,2006-02-25,0,0,,,0,,
A015828,個人,第二帳戶,2009-04-02,0,0,,,0,,
A015829,個人,第二帳戶,2012-11-30,0,0,,,0,,
A015830,個人,第二帳戶,2017-06-22,0,0,,,0,,
A015831,個人,第二帳戶,2022-12-22,0,0,,,0,,
A015832,個人,第二帳戶,2006-05-12,0,0,,,0,,
A015833,個人,第二帳戶,2022-08-22,0,0,,,0,,
A015834,個人,第二帳戶,2024-05-22,0,0,,,0,,
A015835,個人,第二帳戶,2021-07-22,0,0,,,0,,
A015836,個人,第二帳戶,2018-07-30,0,0,,,0,,
A015837,個人,第二帳戶,2013-12-19,0,0,,,0,,
A015838,個人,第二帳戶,2012-11-23,0,0,,,0,,
A015839,個人,第二帳戶,2016-12-01,0,0,,,0,,
A015840,個人,第二帳戶,2008-05-22,0,0,,,0,,
A015841,個人,第二帳戶,2018-04-19,0,0,,,0,,
A015842,個人,第二帳戶,2011-11-28,0,0,,,0,,
A015843,個人,第二帳戶,2008-03-21,0,0,,,0,,
A015844,個人,第二帳戶,2017-03-15,0,0,,,0,,
A015845,個人,第二帳戶,2019-03-13,0,0,,,0,,
A015846,個人,第二帳戶,2006-10-18,0,0,,,0,,
A015847,個人,第二帳戶,2017-04-22,0,0,,,0,,
A015848,個人,第二帳戶,2020-02-29,0,0,,,0,,
A015849,個人,第二帳戶,2015-04-10,0,0,,,0,,
A015850,個人,第二帳戶,2015-11-24,0,0,,,0,,
A015851,個人,第二帳戶,2022-06-13,0,0,,,0,,
A015852,個人,第二帳戶,2024-04-01,0,0,,,0,,
A015853,個人,第二帳戶,2013-10-03,0,0,,,0,,
A015854,個人,第二帳戶,2011-06-11,0,0,,,0,,
A015855,個人,第二帳戶,2009-03-27,0,0,,,0,,
A015856,個人,第二帳戶,2017-01-18,0,0,,,0,,
A015857,個人,第二帳戶,2016-11-20,0,0,,,0,,
A015858,個人,第二帳戶,2020-11-06,0,0,,,0,,
A015859,個人,第二帳戶,2014-08-05,0,0,,,0,,
A015860,個人,第二帳戶,2024-05-09,0,0,,,0,,
A015861,個人,第二帳戶,2013-11-15,0,0,,,0,,
A015862,個人,第二帳戶,2023-06-01,0,0,,,0,,
A015863,個人,第二帳戶,2020-04-20,0,0,,,0,,
A015864,個人,第二帳戶,2013-08-10,0,0,,,0,,
A015865,個人,第二帳戶,2014-05-13,0,0,,,0,,
A015866,個人,第二帳戶,2019-01-18,0,0,,,0,,
A015867,個人,第二帳戶,2010-04-18,0,0,,,0,,
A015868,個人,第二帳戶,2014-07-14,0,0,,,0,,
A015869,個人,第二帳戶,2022-04-24,0,0,,,0,,
A015870,個人,第二帳戶,2014-09-17,0,0,,,0,,
A015871,個人,第二帳戶,2023-11-22,0,0,,,0,,
A015872,個人,第二帳戶,2023-03-30,0,0,,,0,,
A015873,個人,第二帳戶,2022-01-03,0,0,,,0,,
A015874,個人,第二帳戶,2017-12-31,0,0,,,0,,
A015875,個人,第二帳戶,2006-08-22,0,0,,,0,,
A015876,個人,第二帳戶,2008-12-18,0,0,,,0,,
A015877,個人,第二帳戶,2014-06-15,0,0,,,0,,
A015878,個人,第二帳戶,2013-08-07,0,0,,,0,,
A015879,個人,第二帳戶,2013-12-22,0,0,,,0,,
A015880,個人,第二帳戶,2008-06-28,0,0,,,0,,
A015881,個人,第二帳戶,2015-07-17,0,0,,,0,,
A015882,個人,第二帳戶,2010-01-31,0,0,,,0,,
A015883,個人,第二帳戶,2022-11-01,0,0,,,0,,
A015884,個人,第二帳戶,2016-04-13,0,0,,,0,,
A015885,個人,第二帳戶,2022-02-10,0,0,,,0,,
A015886,個人,第二帳戶,2011-11-27,0,0,,,0,,
A015887,個人,第二帳戶,2012-09-11,0,0,,,0,,
A015888,個人,第二帳戶,2014-10-24,0,0,,,0,,
A015889,個人,第二帳戶,2020-04-14,0,0,,,0,,
A015890,個人,第二帳戶,2020-08-29,0,0,,,0,,
A015891,個人,第二帳戶,2016-03-05,0,0,,,0,,
A015892,個人,第二帳戶,2011-02-03,0,0,,,0,,
A015893,個人,第二帳戶,2022-04-18,0,0,,,0,,
A015894,個人,第二帳戶,2024-06-15,0,0,,,0,,
A015895,個人,第二帳戶,2011-10-18,0,0,,,0,,
A015896,個人,第二帳戶,2018-04-15,0,0,,,0,,
A015897,個人,第二帳戶,2014-06-08,0,0,,,0,,
A015898,個人,第二帳戶,2007-04-19,0,0,,,0,,
A015899,個人,第二帳戶,2015-03-15,0,0,,,0,,
A015900,個人,第二帳戶,2023-10-31,0,0,,,0,,
A015901,個人,第二帳戶,2013-08-13,0,0,,,0,,
A015902,個人,第二帳戶,2006-01-29,0,0,,,0,,
A015903,個人,第二帳戶,2010-10-20,0,0,,,0,,
A015904,個人,第二帳戶,2009-06-24,0,0,,,0,,
A015905,個人,第二帳戶,2012-12-28,0,0,,,0,,
A015906,個人,第二帳戶,2018-07-30,0,0,,,0,,
A015907,個人,第二帳戶,2015-02-04,0,0,,,0,,
A015908,個人,第二帳戶,2007-10-30,0,0,,,0,,
A015909,個人,第二帳戶,2009-02-28,0,0,,,0,,
A015910,個人,第二帳戶,2007-11-11,0,0,,,0,,
A015911,個人,第二帳戶,2013-05-02,0,0,,,0,,
A015912,個人,第二帳戶,2015-12-25,0,0,,,0,,
A015913,個人,第二帳戶,2023-03-15,0,0,,,0,,
A015914,個人,第二帳戶,2023-02-13,0,0,,,0,,
A015915,個人,第二帳戶,2006-09-23,0,0,,,0,,
A015916,個人,第二帳戶,2013-05-10,0,0,,,0,,
A015917,個人,第二帳戶,2009-07-25,0,0,,,0,,
A015918,個人,第二帳戶,2022-05-26,0,0,,,0,,
A015919,個人,第二帳戶,2010-03-18,0,0,,,0,,
A015920,個人,第二帳戶,2015-03-10,0,0,,,0,,
A015921,個人,第二帳戶,2010-03-09,0,0,,,0,,
A015922,個人,第二帳戶,2023-10-20,0,0,,,0,,
A015923,個人,第二帳戶,2020-07-13,0,0,,,0,,
A015924,個人,第二帳戶,2021-11-28,0,0,,,0,,
A015925,個人,第二帳戶,2018-11-25,0,0,,,0,,
A015926,個人,第二帳戶,2024-07-18,0,0,,,0,,
A015927,個人,第二帳戶,2014-06-17,0,0,,,0,,
A015928,個人,第二帳戶,2006-07-11,0,0,,,0,,
A015929,個人,第二帳戶,2014-01-15,0,0,,,0,,
A015930,個人,第二帳戶,2024-06-30,0,0,,,0,,
A015931,個人,第二帳戶,2014-02-28,0,0,,,0,,
A015932,個人,第二帳戶,2017-11-29,0,0,,,0,,
A015933,個人,第二帳戶,2010-03-04,0,0,,,0,,
A015934,個人,第二帳戶,2010-05-28,0,0,,,0,,
A015935,個人,第二帳戶,2018-08-14,0,0,,,0,,
A015936,個人,第二帳戶,2011-10-14,0,0,,,0,,
A015937,個人,第二帳戶,2014-11-23,0,0,,,0,,
A015938,個人,第二帳戶,2024-05-14,0,0,,,0,,
A015939,個人,第二帳戶,2009-03-22,0,0,,,0,,
A015940,個人,第二帳戶,2012-01-18,0,0,,,0,,
A015941,個人,第二帳戶,2015-10-25,0,0,,,0,,
A015942,個人,第二帳戶,2024-02-21,0,0,,,0,,
A015943,個人,第二帳戶,2009-03-03,0,0,,,0,,
A015944,個人,第二帳戶,2014-03-16,0,0,,,0,,
A015945,個人,第二帳戶,2008-06-04,0,0,,,0,,
A015946,個人,第二帳戶,2014-06-25,0,0,,,0,,
A015947,個人,第二帳戶,2012-09-12,0,0,,,0,,
A015948,個人,第二帳戶,2008-01-09,0,0,,,0,,
A015949,個人,第二帳戶,2007-12-19,0,0,,,0,,
A015950,個人,第二帳戶,2010-08-14,0,0,,,0,,
A015951,個人,第二帳戶,2021-04-18,0,0,,,0,,
A015952,個人,第二帳戶,2008-10-22,0,0,,,0,,
A015953,個人,第二帳戶,2019-02-21,0,0,,,0,,
A015954,個人,第二帳戶,2006-03-17,0,0,,,0,,
A015955,個人,第二帳戶,2010-08-10,0,0,,,0,,
A015956,個人,第二帳戶,2021-12-27,0,0,,,0,,
A015957,個人,第二帳戶,2014-02-23,0,0,,,0,,
A015958,個人,第二帳戶,2021-11-02,0,0,,,0,,
A015959,個人,第二帳戶,2008-01-25,0,0,,,0,,
A015960,個人,第二帳戶,2011-11-29,0,0,,,0,,
A015961,個人,第二帳戶,2023-01-25,0,0,,,0,,
A015962,個人,第二帳戶,2011-06-26,0,0,,,0,,
A015963,個人,第二帳戶,2013-11-20,0,0,,,0,,
A015964,個人,第二帳戶,2009-09-17,0,0,,,0,,
A015965,個人,第二帳戶,2012-02-15,0,0,,,0,,
A015966,個人,第二帳戶,2019-03-19,0,0,,,0,,
A015967,個人,第二帳戶,2023-01-19,0,0,,,0,,
A015968,個人,第二帳戶,2006-09-17,0,0,,,0,,
A015969,個人,第二帳戶,2022-07-20,0,0,,,0,,
A015970,個人,第二帳戶,2006-10-14,0,0,,,0,,
A015971,個人,第二帳戶,2015-08-25,0,0,,,0,,
A015972,個人,第二帳戶,2017-09-20,0,0,,,0,,
A015973,個人,第二帳戶,2024-03-16,0,0,,,0,,
A015974,個人,第二帳戶,2021-09-28,0,0,,,0,,
A015975,個人,第二帳戶,2018-10-25,0,0,,,0,,
A015976,個人,第二帳戶,2017-06-27,0,0,,,0,,
A015977,個人,第二帳戶,2017-12-02,0,0,,,0,,
A015978,個人,第二帳戶,2010-08-04,0,0,,,0,,
A015979,個人,第二帳戶,2018-06-27,0,0,,,0,,
A015980,個人,第二帳戶,2009-04-27,0,0,,,0,,
A015981,個人,第二帳戶,2011-10-22,0,0,,,0,,
A015982,個人,第二帳戶,2007-12-13,0,0,,,0,,
A015983,個人,第二帳戶,2020-01-25,0,0,,,0,,
A015984,個人,第二帳戶,2023-03-23,0,0,,,0,,
A015985,個人,第二帳戶,2023-07-26,0,0,,,0,,
A015986,個人,第二帳戶,2018-09-09,0,0,,,0,,
A015987,個人,第二帳戶,2007-12-25,0,0,,,0,,
A015988,個人,第二帳戶,2019-01-13,0,0,,,0,,
A015989,個人,第二帳戶,2017-08-30,0,0,,,0,,
A015990,個人,第二帳戶,2017-10-15,0,0,,,0,,
A015991,個人,第二帳戶,2019-10-14,0,0,,,0,,
A015992,個人,第二帳戶,2021-10-04,0,0,,,0,,
A015993,個人,第二帳戶,2021-02-15,0,0,,,0,,
A015994,個人,第二帳戶,2022-10-14,0,0,,,0,,
A015995,個人,第二帳戶,2015-01-09,0,0,,,0,,
A015996,個人,第二帳戶,2011-08-28,0,0,,,0,,
A015997,個人,第二帳戶,2008-03-10,0,0,,,0,,
A015998,個人,第二帳戶,2013-09-13,0,0,,,0,,
A015999,個人,第二帳戶,2006-08-26,0,0,,,0,,
A016000,個人,第二帳戶,2019-01-31,0,0,,,0,,
A016001,個人,第二帳戶,2012-08-10,0,0,,,0,,
A016002,個人,第二帳戶,2007-08-27,0,0,,,0,,
A016003,個人,第二帳戶,2007-04-25,0,0,,,0,,
A016004,個人,第二帳戶,2008-03-07,0,0,,,0,,
A016005,個人,第二帳戶,2013-03-08,0,0,,,0,,
A016006,個人,第二帳戶,2010-12-27,0,0,,,0,,
A016007,個人,第二帳戶,2011-02-03,0,0,,,0,,
A016008,個人,第二帳戶,2023-04-28,0,0,,,0,,
A016009,個人,第二帳戶,2015-07-24,0,0,,,0,,
A016010,個人,第二帳戶,2016-06-20,0,0,,,0,,
A016011,個人,第二帳戶,2015-09-26,0,0,,,0,,
A016012,個人,第二帳戶,2021-09-24,0,0,,,0,,
A016013,個人,第二帳戶,2012-10-03,0,0,,,0,,
A016014,個人,第二帳戶,2007-12-20,0,0,,,0,,
A016015,個人,第二帳戶,2023-09-03,0,0,,,0,,
A016016,個人,第二帳戶,2024-09-04,0,0,,,0,,
A016017,個人,第二帳戶,2008-02-06,0,0,,,0,,
A016018,個人,第二帳戶,2015-04-09,0,0,,,0,,
A016019,個人,第二帳戶,2023-12-21,0,0,,,0,,
A016020,個人,第二帳戶,2010-07-17,0,0,,,0,,
A016021,個人,第二帳戶,2015-02-07,0,0,,,0,,
A016022,個人,第二帳戶,2021-08-31,0,0,,,0,,
A016023,個人,第二帳戶,2016-08-03,0,0,,,0,,
A016024,個人,第二帳戶,2006-04-28,0,0,,,0,,
A016025,個人,第二帳戶,2012-10-29,0,0,,,0,,
A016026,個人,第二帳戶,2014-04-07,0,0,,,0,,
A016027,個人,第二帳戶,2020-03-19,0,0,,,0,,
A016028,個人,第二帳戶,2018-04-01,0,0,,,0,,
A016029,個人,第二帳戶,2023-07-19,0,0,,,0,,
A016030,個人,第二帳戶,2012-12-03,0,0,,,0,,
A016031,個人,第二帳戶,2009-10-04,0,0,,,0,,
A016032,個人,第二帳戶,2016-11-17,0,0,,,0,,
A016033,個人,第二帳戶,2011-01-13,0,0,,,0,,
A016034,個人,第二帳戶,2024-01-03,0,0,,,0,,
A016035,個人,第二帳戶,2020-08-19,0,0,,,0,,
A016036,個人,第二帳戶,2009-11-23,0,0,,,0,,
A016037,個人,第二帳戶,2022-07-31,0,0,,,0,,
A016038,個人,第二帳戶,2006-03-06,0,0,,,0,,
A016039,個人,第二帳戶,2013-12-23,0,0,,,0,,
A016040,個人,第二帳戶,2007-01-08,0,0,,,0,,
A016041,個人,第二帳戶,2016-05-07,0,0,,,0,,
A016042,個人,第二帳戶,2024-09-25,0,0,,,0,,
A016043,個人,第二帳戶,2012-09-06,0,0,,,0,,
A016044,個人,第二帳戶,2008-03-08,0,0,,,0,,
A016045,個人,第二帳戶,2018-11-22,0,0,,,0,,
A016046,個人,第二帳戶,2017-04-27,0,0,,,0,,
A016047,個人,第二帳戶,2023-03-12,0,0,,,0,,
A016048,個人,第二帳戶,2014-01-29,0,0,,,0,,
A016049,個人,第二帳戶,2012-01-16,0,0,,,0,,
A016050,個人,第二帳戶,2012-09-29,0,0,,,0,,
A016051,個人,第二帳戶,2017-05-06,0,0,,,0,,
A016052,個人,第二帳戶,2015-09-15,0,0,,,0,,
A016053,個人,第二帳戶,2006-10-24,0,0,,,0,,
A016054,個人,第二帳戶,2010-06-30,0,0,,,0,,
A016055,個人,第二帳戶,2014-04-02,0,0,,,0,,
A016056,個人,第二帳戶,2008-06-11,0,0,,,0,,
A016057,個人,第二帳戶,2022-11-13,0,0,,,0,,
A016058,個人,第二帳戶,2021-02-02,0,0,,,0,,
A016059,個人,第二帳戶,2010-07-04,0,0,,,0,,
A016060,個人,第二帳戶,2017-02-12,0,0,,,0,,
A016061,個人,第二帳戶,2012-05-24,0,0,,,0,,
A016062,個人,第二帳戶,2006-05-06,0,0,,,0,,
A016063,個人,第二帳戶,2018-11-03,0,0,,,0,,
A016064,個人,第二帳戶,2011-03-14,0,0,,,0,,
A016065,個人,第二帳戶,2009-12-30,0,0,,,0,,
A016066,個人,第二帳戶,2016-11-12,0,0,,,0,,
A016067,個人,第二帳戶,2016-09-21,0,0,,,0,,
A016068,個人,第二帳戶,2011-11-08,0,0,,,0,,
A016069,個人,第二帳戶,2019-09-24,0,0,,,0,,
A016070,個人,第二帳戶,2024-08-22,0,0,,,0,,
A016071,個人,第二帳戶,2022-08-20,0,0,,,0,,
A016072,個人,第二帳戶,2023-08-21,0,0,,,0,,
A016073,個人,第二帳戶,2010-03-08,0,0,,,0,,
A016074,個人,第二帳戶,2016-12-30,0,0,,,0,,
A016075,個人,第二帳戶,2018-07-14,0,0,,,0,,
A016076,個人,第二帳戶,2012-08-14,0,0,,,0,,
A016077,個人,第二帳戶,2009-10-22,0,0,,,0,,
A016078,個人,第二帳戶,2010-09-06,0,0,,,0,,
A016079,個人,第二帳戶,2023-05-23,0,0,,,0,,
A016080,個人,第二帳戶,2022-03-16,0,0,,,0,,
A016081,個人,第二帳戶,2015-09-16,0,0,,,0,,
A016082,個人,第二帳戶,2011-06-06,0,0,,,0,,
A016083,個人,第二帳戶,2022-08-17,0,0,,,0,,
A016084,個人,第二帳戶,2016-07-23,0,0,,,0,,
A016085,個人,第二帳戶,2023-01-29,0,0,,,0,,
A016086,個人,第二帳戶,2015-04-12,0,0,,,0,,
A016087,個人,第二帳戶,2017-09-15,0,0,,,0,,
A016088,個人,第二帳戶,2013-11-08,0,0,,,0,,
A016089,個人,第二帳戶,2024-05-14,0,0,,,0,,
A016090,個人,第二帳戶,2020-02-19,0,0,,,0,,
A016091,個人,第二帳戶,2014-07-08,0,0,,,0,,
A016092,個人,第二帳戶,2014-08-05,0,0,,,0,,
A016093,個人,第二帳戶,2018-02-20,0,0,,,0,,
A016094,個人,第二帳戶,2009-09-16,0,0,,,0,,
A016095,個人,第二帳戶,2020-09-03,0,0,,,0,,
A016096,個人,第二帳戶,2008-06-23,0,0,,,0,,
A016097,個人,第二帳戶,2019-02-21,0,0,,,0,,
A016098,個人,第二帳戶,2023-11-28,0,0,,,0,,
A016099,個人,第二帳戶,2008-01-15,0,0,,,0,,
A016100,個人,第二帳戶,2009-06-12,0,0,,,0,,
A016101,個人,第二帳戶,2019-06-20,0,0,,,0,,
A016102,個人,第二帳戶,2024-08-24,0,0,,,0,,
A016103,個人,第二帳戶,2019-01-16,0,0,,,0,,
A016104,個人,第二帳戶,2008-03-04,0,0,,,0,,
A016105,個人,第二帳戶,2023-04-02,0,0,,,0,,
A016106,個人,第二帳戶,2023-03-08,0,0,,,0,,
A016107,個人,第二帳戶,2024-08-19,0,0,,,0,,
A016108,個人,第二帳戶,2016-03-25,0,0,,,0,,
A016109,個人,第二帳戶,2022-08-12,0,0,,,0,,
A016110,個人,第二帳戶,2015-11-08,0,0,,,0,,
A016111,個人,第二帳戶,2013-06-20,0,0,,,0,,
A016112,個人,第二帳戶,2010-08-06,0,0,,,0,,
A016113,個人,第二帳戶,2009-03-26,0,0,,,0,,
A016114,個人,第二帳戶,2014-12-23,0,0,,,0,,
A016115,個人,第二帳戶,2009-06-09,0,0,,,0,,
A016116,個人,第二帳戶,2017-08-11,0,0,,,0,,
A016117,個人,第二帳戶,2016-01-16,0,0,,,0,,
A016118,個人,第二帳戶,2021-06-20,0,0,,,0,,
A016119,個人,第二帳戶,2023-02-08,0,0,,,0,,
A016120,個人,第二帳戶,2019-04-06,0,0,,,0,,
A016121,個人,第二帳戶,2011-03-29,0,0,,,0,,
A016122,個人,第二帳戶,2007-12-25,0,0,,,0,,
A016123,個人,第二帳戶,2016-01-13,0,0,,,0,,
A016124,個人,第二帳戶,2020-05-21,0,0,,,0,,
A016125,個人,第二帳戶,2015-03-25,0,0,,,0,,
A016126,個人,第二帳戶,2021-02-13,0,0,,,0,,
A016127,個人,第二帳戶,2010-07-01,0,0,,,0,,
A016128,個人,第二帳戶,2010-09-30,0,0,,,0,,
A016129,個人,第二帳戶,2020-11-02,0,0,,,0,,
A016130,個人,第二帳戶,2015-03-18,0,0,,,0,,
A016131,個人,第二帳戶,2015-11-01,0,0,,,0,,
A016132,個人,第二帳戶,2006-10-04,0,0,,,0,,
A016133,個人,第二帳戶,2015-11-19,0,0,,,0,,
A016134,個人,第二帳戶,2022-11-10,0,0,,,0,,
A016135,個人,第二帳戶,2023-06-23,0,0,,,0,,
A016136,個人,第二帳戶,2024-11-04,0,0,,,0,,
A016137,個人,第二帳戶,2012-11-07,0,0,,,0,,
A016138,個人,第二帳戶,2018-04-09,0,0,,,0,,
A016139,個人,第二帳戶,2019-02-08,0,0,,,0,,
A016140,個人,第二帳戶,2018-01-18,0,0,,,0,,
A016141,個人,第二帳戶,2015-09-14,0,0,,,0,,
A016142,個人,第二帳戶,2024-04-03,0,0,,,0,,
A016143,個人,第二帳戶,2013-09-07,0,0,,,0,,
A016144,個人,第二帳戶,2014-03-16,0,0,,,0,,
A016145,個人,第二帳戶,2021-01-19,0,0,,,0,,
A016146,個人,第二帳戶,2018-07-07,0,0,,,0,,
A016147,個人,第二帳戶,2010-01-10,0,0,,,0,,
A016148,個人,第二帳戶,2011-02-24,0,0,,,0,,
A016149,個人,第二帳戶,2015-04-26,0,0,,,0,,
A016150,個人,第二帳戶,2017-07-11,0,0,,,0,,
A016151,個人,第二帳戶,2023-05-20,0,0,,,0,,
A016152,個人,第二帳戶,2019-11-22,0,0,,,0,,
A016153,個人,第二帳戶,2019-10-15,0,0,,,0,,
A016154,個人,第二帳戶,2009-06-11,0,0,,,0,,
A016155,個人,第二帳戶,2009-05-10,0,0,,,0,,
A016156,個人,第二帳戶,2008-06-12,0,0,,,0,,
A016157,個人,第二帳戶,2019-06-17,0,0,,,0,,
A016158,個人,第二帳戶,2018-02-10,0,0,,,0,,
A016159,個人,第二帳戶,2010-07-01,0,0,,,0,,
A016160,個人,第二帳戶,2009-10-13,0,0,,,0,,
A016161,個人,第二帳戶,2022-03-23,0,0,,,0,,
A016162,個人,第二帳戶,2016-05-05,0,0,,,0,,
A016163,個人,第二帳戶,2023-08-17,0,0,,,0,,
A016164,個人,第二帳戶,2022-12-23,0,0,,,0,,
A016165,個人,第二帳戶,2023-03-02,0,0,,,0,,
A016166,個人,第二帳戶,2018-08-29,0,0,,,0,,
A016167,個人,第二帳戶,2020-10-16,0,0,,,0,,
A016168,個人,第二帳戶,2016-08-10,0,0,,,0,,
A016169,個人,第二帳戶,2021-02-16,0,0,,,0,,
A016170,個人,第二帳戶,2008-01-06,0,0,,,0,,
A016171,個人,第二帳戶,2008-09-04,0,0,,,0,,
A016172,個人,第二帳戶,2013-01-08,0,0,,,0,,
A016173,個人,第二帳戶,2007-10-24,0,0,,,0,,
A016174,個人,第二帳戶,2012-07-02,0,0,,,0,,
A016175,個人,第二帳戶,2013-08-10,0,0,,,0,,
A016176,個人,第二帳戶,2013-02-09,0,0,,,0,,
A016177,個人,第二帳戶,2024-10-08,0,0,,,0,,
A016178,個人,第二帳戶,2011-02-24,0,0,,,0,,
A016179,個人,第二帳戶,2007-09-07,0,0,,,0,,
A016180,個人,第二帳戶,2011-04-05,0,0,,,0,,
A016181,個人,第二帳戶,2007-03-26,0,0,,,0,,
A016182,個人,第二帳戶,2008-01-02,0,0,,,0,,
A016183,個人,第二帳戶,2021-06-16,0,0,,,0,,
A016184,個人,第二帳戶,2019-10-24,0,0,,,0,,
A016185,個人,第二帳戶,2019-04-26,0,0,,,0,,
A016186,個人,第二帳戶,2023-10-06,0,0,,,0,,
A016187,個人,第二帳戶,2011-01-24,0,0,,,0,,
A016188,個人,第二帳戶,2021-11-25,0,0,,,0,,
A016189,個人,第二帳戶,2021-01-12,0,0,,,0,,
A016190,個人,第二帳戶,2016-01-06,0,0,,,0,,
A016191,個人,第二帳戶,2012-09-08,0,0,,,0,,
A016192,個人,第二帳戶,2018-08-15,0,0,,,0,,
A016193,個人,第二帳戶,2020-07-21,0,0,,,0,,
A016194,個人,第二帳戶,2023-03-05,0,0,,,0,,
A016195,個人,第二帳戶,2019-02-12,0,0,,,0,,
A016196,個人,第二帳戶,2024-04-16,0,0,,,0,,
A016197,個人,第二帳戶,2021-08-30,0,0,,,0,,
A016198,個人,第二帳戶,2024-04-01,0,0,,,0,,
A016199,個人,第二帳戶,2009-03-31,0,0,,,0,,
A016200,個人,第二帳戶,2011-02-22,0,0,,,0,,
A016201,個人,第二帳戶,2017-07-26,0,0,,,0,,
A016202,個人,第二帳戶,2008-03-08,0,0,,,0,,
A016203,個人,第二帳戶,2009-03-31,0,0,,,0,,
A016204,個人,第二帳戶,2022-12-16,0,0,,,0,,
A016205,個人,第二帳戶,2023-08-31,0,0,,,0,,
A016206,個人,第二帳戶,2013-10-07,0,0,,,0,,
A016207,個人,第二帳戶,2020-12-22,0,0,,,0,,
A016208,個人,第二帳戶,2015-03-01,0,0,,,0,,
A016209,個人,第二帳戶,2024-03-29,0,0,,,0,,
A016210,個人,第二帳戶,2011-10-31,0,0,,,0,,
A016211,個人,第二帳戶,2007-04-18,0,0,,,0,,
A016212,個人,第二帳戶,2020-04-16,0,0,,,0,,
A016213,個人,第二帳戶,2015-12-28,0,0,,,0,,
A016214,個人,第二帳戶,2019-04-02,0,0,,,0,,
A016215,個人,第二帳戶,2008-01-22,0,0,,,0,,
A016216,個人,第二帳戶,2015-07-01,0,0,,,0,,
A016217,個人,第二帳戶,2019-01-27,0,0,,,0,,
A016218,個人,第二帳戶,2011-04-29,0,0,,,0,,
A016219,個人,第二帳戶,2013-11-11,0,0,,,0,,
A016220,個人,第二帳戶,2024-06-11,0,0,,,0,,
A016221,個人,第二帳戶,2015-07-29,0,0,,,0,,
A016222,個人,第二帳戶,2014-02-21,0,0,,,0,,
A016223,個人,第二帳戶,2018-04-12,0,0,,,0,,
A016224,個人,第二帳戶,2022-07-01,0,0,,,0,,
A016225,個人,第二帳戶,2020-02-06,0,0,,,0,,
A016226,個人,第二帳戶,2010-05-03,0,0,,,0,,
A016227,個人,第二帳戶,2022-04-27,0,0,,,0,,
A016228,個人,第二帳戶,2010-02-20,0,0,,,0,,
A016229,個人,第二帳戶,2017-11-07,0,0,,,0,,
A016230,個人,第二帳戶,2019-03-21,0,0,,,0,,
A016231,個人,第二帳戶,2014-09-04,0,0,,,0,,
A016232,個人,第二帳戶,2015-01-24,0,0,,,0,,
A016233,個人,第二帳戶,2007-06-07,0,0,,,0,,
A016234,個人,第二帳戶,2020-09-26,0,0,,,0,,
A016235,個人,第二帳戶,2015-02-23,0,0,,,0,,
A016236,個人,第二帳戶,2023-09-24,0,0,,,0,,
A016237,個人,第二帳戶,2011-09-25,0,0,,,0,,
A016238,個人,第二帳戶,2022-04-03,0,0,,,0,,
A016239,個人,第二帳戶,2021-04-08,0,0,,,0,,
A016240,個人,第二帳戶,2023-11-03,0,0,,,0,,
A016241,個人,第二帳戶,2018-02-21,0,0,,,0,,
A016242,個人,第二帳戶,2014-01-30,0,0,,,0,,
A016243,個人,第二帳戶,2023-10-12,0,0,,,0,,
A016244,個人,第二帳戶,2008-01-26,0,0,,,0,,
A016245,個人,第二帳戶,2015-06-23,0,0,,,0,,
A016246,個人,第二帳戶,2019-02-03,0,0,,,0,,
A016247,個人,第二帳戶,2022-09-10,0,0,,,0,,
A016248,個人,第二帳戶,2015-04-14,0,0,,,0,,
A016249,個人,第二帳戶,2020-10-13,0,0,,,0,,
A016250,個人,第二帳戶,2013-10-18,0,0,,,0,,
A016251,個人,第二帳戶,2022-10-20,0,0,,,0,,
A016252,個人,第二帳戶,2013-04-12,0,0,,,0,,
A016253,個人,第二帳戶,2015-11-11,0,0,,,0,,
A016254,個人,第二帳戶,2009-07-06,0,0,,,0,,
A016255,個人,第二帳戶,2018-09-24,0,0,,,0,,
A016256,個人,第二帳戶,2018-08-19,0,0,,,0,,
A016257,個人,第二帳戶,2007-09-09,0,0,,,0,,
A016258,個人,第二帳戶,2014-01-07,0,0,,,0,,
A016259,個人,第二帳戶,2023-05-18,0,0,,,0,,
A016260,個人,第二帳戶,2016-03-05,0,0,,,0,,
A016261,個人,第二帳戶,2013-03-26,0,0,,,0,,
A016262,個人,第二帳戶,2008-06-09,0,0,,,0,,
A016263,個人,第二帳戶,2011-08-31,0,0,,,0,,
A016264,個人,第二帳戶,2017-03-04,0,0,,,0,,
A016265,個人,第二帳戶,2018-12-04,0,0,,,0,,
A016266,個人,第二帳戶,2022-02-23,0,0,,,0,,
A016267,個人,第二帳戶,2021-03-02,0,0,,,0,,
A016268,個人,第二帳戶,2015-02-02,0,0,,,0,,
A016269,個人,第二帳戶,2015-04-30,0,0,,,0,,
A016270,個人,第二帳戶,2022-10-30,0,0,,,0,,
A016271,個人,第二帳戶,2022-12-05,0,0,,,0,,
A016272,個人,第二帳戶,2016-02-16,0,0,,,0,,
A016273,個人,第二帳戶,2019-01-31,0,0,,,0,,
A016274,個人,第二帳戶,2019-02-11,0,0,,,0,,
A016275,個人,第二帳戶,2019-03-20,0,0,,,0,,
A016276,個人,第二帳戶,2017-04-20,0,0,,,0,,
A016277,個人,第二帳戶,2009-02-28,0,0,,,0,,
A016278,個人,第二帳戶,2012-06-03,0,0,,,0,,
A016279,個人,第二帳戶,2023-03-24,0,0,,,0,,
A016280,個人,第二帳戶,2011-08-31,0,0,,,0,,
A016281,個人,第二帳戶,2013-12-29,0,0,,,0,,
A016282,個人,第二帳戶,2021-11-01,0,0,,,0,,
A016283,個人,第二帳戶,2017-11-01,0,0,,,0,,
A016284,個人,第二帳戶,2011-03-16,0,0,,,0,,
A016285,個人,第二帳戶,2013-05-29,0,0,,,0,,
A016286,個人,第二帳戶,2024-05-29,0,0,,,0,,
A016287,個人,第二帳戶,2021-03-11,0,0,,,0,,
A016288,個人,第二帳戶,2007-01-24,0,0,,,0,,
A016289,個人,第二帳戶,2016-05-05,0,0,,,0,,
A016290,個人,第二帳戶,2019-11-02,0,0,,,0,,
A016291,個人,第二帳戶,2007-04-21,0,0,,,0,,
A016292,個人,第二帳戶,2023-08-21,0,0,,,0,,
A016293,個人,第二帳戶,2023-05-18,0,0,,,0,,
A016294,個人,第二帳戶,2024-12-16,0,0,,,0,,
A016295,個人,第二帳戶,2006-05-07,0,0,,,0,,
A016296,個人,第二帳戶,2010-09-25,0,0,,,0,,
A016297,個人,第二帳戶,2023-08-04,0,0,,,0,,
A016298,個人,第二帳戶,2010-09-12,0,0,,,0,,
A016299,個人,第二帳戶,2007-02-15,0,0,,,0,,
A016300,個人,第二帳戶,2008-05-12,0,0,,,0,,
A016301,個人,第二帳戶,2019-02-25,0,0,,,0,,
A016302,個人,第二帳戶,2012-09-05,0,0,,,0,,
A016303,個人,第二帳戶,2012-07-15,0,0,,,0,,
A016304,個人,第二帳戶,2013-11-03,0,0,,,0,,
A016305,個人,第二帳戶,2015-09-02,0,0,,,0,,
A016306,個人,第二帳戶,2012-03-17,0,0,,,0,,
A016307,個人,第二帳戶,2017-05-24,0,0,,,0,,
A016308,個人,第二帳戶,2011-10-04,0,0,,,0,,
A016309,個人,第二帳戶,2009-12-27,0,0,,,0,,
A016310,個人,第二帳戶,2008-08-12,0,0,,,0,,
A016311,個人,第二帳戶,2009-02-14,0,0,,,0,,
A016312,個人,第二帳戶,2011-01-31,0,0,,,0,,
A016313,個人,第二帳戶,2021-07-30,0,0,,,0,,
A016314,個人,第二帳戶,2021-10-13,0,0,,,0,,
A016315,個人,第二帳戶,2007-10-24,0,0,,,0,,
A016316,個人,第二帳戶,2020-11-22,0,0,,,0,,
A016317,個人,第二帳戶,2006-01-27,0,0,,,0,,
A016318,個人,第二帳戶,2012-07-18,0,0,,,0,,
A016319,個人,第二帳戶,2022-03-18,0,0,,,0,,
A016320,個人,第二帳戶,2007-06-02,0,0,,,0,,
A016321,個人,第二帳戶,2006-07-26,0,0,,,0,,
A016322,個人,第二帳戶,2008-11-20,0,0,,,0,,
A016323,個人,第二帳戶,2008-02-22,0,0,,,0,,
A016324,個人,第二帳戶,2007-09-21,0,0,,,0,,
A016325,個人,第二帳戶,2023-12-17,0,0,,,0,,
A016326,個人,第二帳戶,2020-02-19,0,0,,,0,,
A016327,個人,第二帳戶,2015-03-21,0,0,,,0,,
A016328,個人,第二帳戶,2006-12-19,0,0,,,0,,
A016329,個人,第二帳戶,2006-04-21,0,0,,,0,,
A016330,個人,第二帳戶,2008-09-28,0,0,,,0,,
A016331,個人,第二帳戶,2010-06-22,0,0,,,0,,
A016332,個人,第二帳戶,2015-12-17,0,0,,,0,,
A016333,個人,第二帳戶,2013-04-11,0,0,,,0,,
A016334,個人,第二帳戶,2011-03-02,0,0,,,0,,
A016335,個人,第二帳戶,2010-11-24,0,0,,,0,,
A016336,個人,第二帳戶,2015-02-20,0,0,,,0,,
A016337,個人,第二帳戶,2007-10-21,0,0,,,0,,
A016338,個人,第二帳戶,2018-09-22,0,0,,,0,,
A016339,個人,第二帳戶,2012-03-07,0,0,,,0,,
A016340,個人,第二帳戶,2015-12-28,0,0,,,0,,
A016341,個人,第二帳戶,2020-07-21,0,0,,,0,,
A016342,個人,第二帳戶,2018-01-13,0,0,,,0,,
A016343,個人,第二帳戶,2016-07-24,0,0,,,0,,
A016344,個人,第二帳戶,2016-11-24,0,0,,,0,,
A016345,個人,第二帳戶,2019-04-28,0,0,,,0,,
A016346,個人,第二帳戶,2012-04-06,0,0,,,0,,
A016347,個人,第二帳戶,2019-11-24,0,0,,,0,,
A016348,個人,第二帳戶,2006-03-21,0,0,,,0,,
A016349,個人,第二帳戶,2014-03-21,0,0,,,0,,
A016350,個人,第二帳戶,2009-08-08,0,0,,,0,,
A016351,個人,第二帳戶,2024-01-09,0,0,,,0,,
A016352,個人,第二帳戶,2024-05-17,0,0,,,0,,
A016353,個人,第二帳戶,2009-05-14,0,0,,,0,,
A016354,個人,第二帳戶,2010-01-01,0,0,,,0,,
A016355,個人,第二帳戶,2023-10-29,0,0,,,0,,
A016356,個人,第二帳戶,2022-12-10,0,0,,,0,,
A016357,個人,第二帳戶,2013-12-28,0,0,,,0,,
A016358,個人,第二帳戶,2008-01-27,0,0,,,0,,
A016359,個人,第二帳戶,2019-07-17,0,0,,,0,,
A016360,個人,第二帳戶,2024-06-04,0,0,,,0,,
A016361,個人,第二帳戶,2019-02-28,0,0,,,0,,
A016362,個人,第二帳戶,2016-03-17,0,0,,,0,,
A016363,個人,第二帳戶,2015-12-10,0,0,,,0,,
A016364,個人,第二帳戶,2008-12-06,0,0,,,0,,
A016365,個人,第二帳戶,2020-12-19,0,0,,,0,,
A016366,個人,第二帳戶,2018-08-13,0,0,,,0,,
A016367,個人,第二帳戶,2012-09-12,0,0,,,0,,
A016368,個人,第二帳戶,2015-10-26,0,0,,,0,,
A016369,個人,第二帳戶,2023-09-25,0,0,,,0,,
A016370,個人,第二帳戶,2024-11-30,0,0,,,0,,
A016371,個人,第二帳戶,2023-11-30,0,0,,,0,,
A016372,個人,第二帳戶,2022-05-16,0,0,,,0,,
A016373,個人,第二帳戶,2020-01-05,0,0,,,0,,
A016374,個人,第二帳戶,2007-12-08,0,0,,,0,,
A016375,個人,第二帳戶,2020-02-09,0,0,,,0,,
A016376,個人,第二帳戶,2011-07-15,0,0,,,0,,
A016377,個人,第二帳戶,2018-10-06,0,0,,,0,,
A016378,個人,第二帳戶,2016-06-10,0,0,,,0,,
A016379,個人,第二帳戶,2013-06-14,0,0,,,0,,
A016380,個人,第二帳戶,2009-12-04,0,0,,,0,,
A016381,個人,第二帳戶,2018-10-04,0,0,,,0,,
A016382,個人,第二帳戶,2016-12-31,0,0,,,0,,
A016383,個人,第二帳戶,2009-05-13,0,0,,,0,,
A016384,個人,第二帳戶,2006-02-25,0,0,,,0,,
A016385,個人,第二帳戶,2013-08-14,0,0,,,0,,
A016386,個人,第二帳戶,2024-04-17,0,0,,,0,,
A016387,個人,第二帳戶,2011-09-26,0,0,,,0,,
A016388,個人,第二帳戶,2007-12-09,0,0,,,0,,
A016389,個人,第二帳戶,2016-03-08,0,0,,,0,,
A016390,個人,第二帳戶,2010-12-24,0,0,,,0,,
A016391,個人,第二帳戶,2024-08-03,0,0,,,0,,
A016392,個人,第二帳戶,2018-03-10,0,0,,,0,,
A016393,個人,第二帳戶,2023-02-18,0,0,,,0,,
A016394,個人,第二帳戶,2015-01-03,0,0,,,0,,
A016395,個人,第二帳戶,2023-08-28,0,0,,,0,,
A016396,個人,第二帳戶,2016-03-28,0,0,,,0,,
A016397,個人,第二帳戶,2018-11-06,0,0,,,0,,
A016398,個人,第二帳戶,2024-06-20,0,0,,,0,,
A016399,個人,第二帳戶,2021-12-16,0,0,,,0,,
A016400,個人,第二帳戶,2006-04-10,0,0,,,0,,
A016401,個人,第二帳戶,2020-01-06,0,0,,,0,,
A016402,個人,第二帳戶,2017-06-16,0,0,,,0,,
A016403,個人,第二帳戶,2008-12-04,0,0,,,0,,
A016404,個人,第二帳戶,2021-03-27,0,0,,,0,,
A016405,個人,第二帳戶,2009-12-16,0,0,,,0,,
A016406,個人,第二帳戶,2019-02-17,0,0,,,0,,
A016407,個人,第二帳戶,2019-02-10,0,0,,,0,,
A016408,個人,第二帳戶,2021-06-18,0,0,,,0,,
A016409,個人,第二帳戶,2019-09-06,0,0,,,0,,
A016410,個人,第二帳戶,2024-06-29,0,0,,,0,,
A016411,個人,第二帳戶,2017-11-13,0,0,,,0,,
A016412,個人,第二帳戶,2012-12-13,0,0,,,0,,
A016413,個人,第二帳戶,2014-12-29,0,0,,,0,,
A016414,個人,第二帳戶,2019-02-12,0,0,,,0,,
A016415,個人,第二帳戶,2020-12-04,0,0,,,0,,
A016416,個人,第二帳戶,2023-06-30,0,0,,,0,,
A016417,個人,第二帳戶,2015-09-15,0,0,,,0,,
A016418,個人,第二帳戶,2009-05-09,0,0,,,0,,
A016419,個人,第二帳戶,2007-07-26,0,0,,,0,,
A016420,個人,第二帳戶,2012-11-11,0,0,,,0,,
A016421,個人,第二帳戶,2021-09-24,0,0,,,0,,
A016422,個人,第二帳戶,2009-10-10,0,0,,,0,,
A016423,個人,第二帳戶,2013-02-14,0,0,,,0,,
A016424,個人,第二帳戶,2014-12-15,0,0,,,0,,
A016425,個人,第二帳戶,2007-11-05,0,0,,,0,,
A016426,個人,第二帳戶,2023-09-25,0,0,,,0,,
A016427,個人,第二帳戶,2006-10-30,0,0,,,0,,
A016428,個人,第二帳戶,2021-07-21,0,0,,,0,,
A016429,個人,第二帳戶,2011-01-29,0,0,,,0,,
A016430,個人,第二帳戶,2010-09-05,0,0,,,0,,
A016431,個人,第二帳戶,2007-11-30,0,0,,,0,,
A016432,個人,第二帳戶,2021-09-05,0,0,,,0,,
A016433,個人,第二帳戶,2014-04-09,0,0,,,0,,
A016434,個人,第二帳戶,2008-07-27,0,0,,,0,,
A016435,個人,第二帳戶,2014-11-10,0,0,,,0,,
A016436,個人,第二帳戶,2024-03-07,0,0,,,0,,
A016437,個人,第二帳戶,2014-05-02,0,0,,,0,,
A016438,個人,第二帳戶,2021-01-07,0,0,,,0,,
A016439,個人,第二帳戶,2011-08-29,0,0,,,0,,
A016440,個人,第二帳戶,2008-05-21,0,0,,,0,,
A016441,個人,第二帳戶,2007-07-27,0,0,,,0,,
A016442,個人,第二帳戶,2011-12-01,0,0,,,0,,
A016443,個人,第二帳戶,2011-12-19,0,0,,,0,,
A016444,個人,第二帳戶,2012-07-19,0,0,,,0,,
A016445,個人,第二帳戶,2019-09-24,0,0,,,0,,
A016446,個人,第二帳戶,2015-05-16,0,0,,,0,,
A016447,個人,第二帳戶,2024-12-16,0,0,,,0,,
A016448,個人,第二帳戶,2009-02-15,0,0,,,0,,
A016449,個人,第二帳戶,2014-12-23,0,0,,,0,,
A016450,個人,第二帳戶,2014-02-27,0,0,,,0,,
A016451,個人,第二帳戶,2007-06-01,0,0,,,0,,
A016452,個人,第二帳戶,2017-11-14,0,0,,,0,,
A016453,個人,第二帳戶,2011-02-28,0,0,,,0,,
A016454,個人,第二帳戶,2015-04-29,0,0,,,0,,
A016455,個人,第二帳戶,2019-04-07,0,0,,,0,,
A016456,個人,第二帳戶,2018-12-11,0,0,,,0,,
A016457,個人,第二帳戶,2020-10-28,0,0,,,0,,
A016458,個人,第二帳戶,2008-04-03,0,0,,,0,,
A016459,個人,第二帳戶,2019-02-25,0,0,,,0,,
A016460,個人,第二帳戶,2020-11-27,0,0,,,0,,
A016461,個人,第二帳戶,2008-10-31,0,0,,,0,,
A016462,個人,第二帳戶,2019-08-10,0,0,,,0,,
A016463,個人,第二帳戶,2012-07-02,0,0,,,0,,
A016464,個人,第二帳戶,2015-01-19,0,0,,,0,,
A016465,個人,第二帳戶,2010-05-20,0,0,,,0,,
A016466,個人,第二帳戶,2014-02-09,0,0,,,0,,
A016467,個人,第二帳戶,2007-03-11,0,0,,,0,,
A016468,個人,第二帳戶,2014-08-08,0,0,,,0,,
A016469,個人,第二帳戶,2012-02-26,0,0,,,0,,
A016470,個人,第二帳戶,2022-05-23,0,0,,,0,,
A016471,個人,第二帳戶,2014-06-04,0,0,,,0,,
A016472,個人,第二帳戶,2017-02-09,0,0,,,0,,
A016473,個人,第二帳戶,2019-04-26,0,0,,,0,,
A016474,個人,第二帳戶,2023-03-06,0,0,,,0,,
A016475,個人,第二帳戶,2009-08-20,0,0,,,0,,
A016476,個人,第二帳戶,2013-07-31,0,0,,,0,,
A016477,個人,第二帳戶,2015-02-01,0,0,,,0,,
A016478,個人,第二帳戶,2013-04-14,0,0,,,0,,
A016479,個人,第二帳戶,2022-11-28,0,0,,,0,,
A016480,個人,第二帳戶,2021-07-26,0,0,,,0,,
A016481,個人,第二帳戶,2017-01-29,0,0,,,0,,
A016482,個人,第二帳戶,2012-11-23,0,0,,,0,,
A016483,個人,第二帳戶,2015-11-12,0,0,,,0,,
A016484,個人,第二帳戶,2018-06-29,0,0,,,0,,
A016485,個人,第二帳戶,2010-01-29,0,0,,,0,,
A016486,個人,第二帳戶,2018-07-16,0,0,,,0,,
A016487,個人,第二帳戶,2016-06-17,0,0,,,0,,
A016488,個人,第二帳戶,2023-01-12,0,0,,,0,,
A016489,個人,第二帳戶,2019-11-18,0,0,,,0,,
A016490,個人,第二帳戶,2022-08-17,0,0,,,0,,
A016491,個人,第二帳戶,2020-10-15,0,0,,,0,,
A016492,個人,第二帳戶,2012-09-06,0,0,,,0,,
A016493,個人,第二帳戶,2007-04-25,0,0,,,0,,
A016494,個人,第二帳戶,2008-08-17,0,0,,,0,,
A016495,個人,第二帳戶,2021-10-22,0,0,,,0,,
A016496,個人,第二帳戶,2009-11-30,0,0,,,0,,
A016497,個人,第二帳戶,2024-01-16,0,0,,,0,,
A016498,個人,第二帳戶,2020-12-03,0,0,,,0,,
A016499,個人,第二帳戶,2014-01-18,0,0,,,0,,
A016500,個人,第二帳戶,2022-08-05,0,0,,,0,,
A016501,個人,第二帳戶,2020-08-29,0,0,,,0,,
A016502,個人,第二帳戶,2012-08-05,0,0,,,0,,
A016503,個人,第二帳戶,2011-11-12,0,0,,,0,,
A016504,個人,第二帳戶,2023-08-11,0,0,,,0,,
A016505,個人,第二帳戶,2017-05-06,0,0,,,0,,
A016506,個人,第二帳戶,2012-02-04,0,0,,,0,,
A016507,個人,第二帳戶,2016-09-19,0,0,,,0,,
A016508,個人,第二帳戶,2010-11-18,0,0,,,0,,
A016509,個人,第二帳戶,2018-04-01,0,0,,,0,,
A016510,個人,第二帳戶,2006-09-11,0,0,,,0,,
A016511,個人,第二帳戶,2009-10-06,0,0,,,0,,
A016512,個人,第二帳戶,2024-05-16,0,0,,,0,,
A016513,個人,第二帳戶,2013-05-06,0,0,,,0,,
A016514,個人,第二帳戶,2018-07-13,0,0,,,0,,
A016515,個人,第二帳戶,2012-06-19,0,0,,,0,,
A016516,個人,第二帳戶,2024-11-22,0,0,,,0,,
A016517,個人,第二帳戶,2009-05-12,0,0,,,0,,
A016518,個人,第二帳戶,2022-03-25,0,0,,,0,,
A016519,個人,第二帳戶,2021-10-31,0,0,,,0,,
A016520,個人,第二帳戶,2012-02-19,0,0,,,0,,
A016521,個人,第二帳戶,2018-01-12,0,0,,,0,,
A016522,個人,第二帳戶,2021-03-28,0,0,,,0,,
A016523,個人,第二帳戶,2009-12-27,0,0,,,0,,
A016524,個人,第二帳戶,2007-01-12,0,0,,,0,,
A016525,個人,第二帳戶,2017-01-24,0,0,,,0,,
A016526,個人,第二帳戶,2008-06-28,0,0,,,0,,
A016527,個人,第二帳戶,2014-12-13,0,0,,,0,,
A016528,個人,第二帳戶,2023-12-04,0,0,,,0,,
A016529,個人,第二帳戶,2012-07-03,0,0,,,0,,
A016530,個人,第二帳戶,2016-02-28,0,0,,,0,,
A016531,個人,第二帳戶,2015-11-24,0,0,,,0,,
A016532,個人,第二帳戶,2020-07-20,0,0,,,0,,
A016533,個人,第二帳戶,2016-09-13,0,0,,,0,,
A016534,個人,第二帳戶,2013-06-01,0,0,,,0,,
A016535,個人,第二帳戶,2022-10-06,0,0,,,0,,
A016536,個人,第二帳戶,2010-04-07,0,0,,,0,,
A016537,個人,第二帳戶,2018-05-19,0,0,,,0,,
A016538,個人,第二帳戶,2010-05-11,0,0,,,0,,
A016539,個人,第二帳戶,2022-01-19,0,0,,,0,,
A016540,個人,第二帳戶,2024-05-09,0,0,,,0,,
A016541,個人,第二帳戶,2011-07-06,0,0,,,0,,
A016542,個人,第二帳戶,2012-11-15,0,0,,,0,,
A016543,個人,第二帳戶,2018-01-20,0,0,,,0,,
A016544,個人,第二帳戶,2022-06-15,0,0,,,0,,
A016545,個人,第二帳戶,2016-03-18,0,0,,,0,,
A016546,個人,第二帳戶,2007-06-17,0,0,,,0,,
A016547,個人,第二帳戶,2021-03-06,0,0,,,0,,
A016548,個人,第二帳戶,2009-01-31,0,0,,,0,,
A016549,個人,第二帳戶,2021-01-20,0,0,,,0,,
A016550,個人,第二帳戶,2013-12-28,0,0,,,0,,
A016551,個人,第二帳戶,2017-12-19,0,0,,,0,,
A016552,個人,第二帳戶,2021-03-22,0,0,,,0,,
A016553,個人,第二帳戶,2020-05-14,0,0,,,0,,
A016554,個人,第二帳戶,2008-04-01,0,0,,,0,,
A016555,個人,第二帳戶,2017-11-23,0,0,,,0,,
A016556,個人,第二帳戶,2007-04-14,0,0,,,0,,
A016557,個人,第二帳戶,2006-08-16,0,0,,,0,,
A016558,個人,第二帳戶,2018-09-22,0,0,,,0,,
A016559,個人,第二帳戶,2021-01-22,0,0,,,0,,
A016560,個人,第二帳戶,2011-04-29,0,0,,,0,,
A016561,個人,第二帳戶,2013-06-29,0,0,,,0,,
A016562,個人,第二帳戶,2020-11-22,0,0,,,0,,
A016563,個人,第二帳戶,2009-12-07,0,0,,,0,,
A016564,個人,第二帳戶,2019-01-27,0,0,,,0,,
A016565,個人,第二帳戶,2020-06-19,0,0,,,0,,
A016566,個人,第二帳戶,2021-03-12,0,0,,,0,,
A016567,個人,第二帳戶,2017-02-15,0,0,,,0,,
A016568,個人,第二帳戶,2015-09-03,0,0,,,0,,
A016569,個人,第二帳戶,2010-11-19,0,0,,,0,,
A016570,個人,第二帳戶,2018-01-24,0,0,,,0,,
A016571,個人,第二帳戶,2021-01-09,0,0,,,0,,
A016572,個人,第二帳戶,2022-01-09,0,0,,,0,,
A016573,個人,第二帳戶,2015-05-17,0,0,,,0,,
A016574,個人,第二帳戶,2015-04-15,0,0,,,0,,
A016575,個人,第二帳戶,2014-01-13,0,0,,,0,,
A016576,個人,第二帳戶,2007-05-11,0,0,,,0,,
A016577,個人,第二帳戶,2018-12-29,0,0,,,0,,
A016578,個人,第二帳戶,2021-11-11,0,0,,,0,,
A016579,個人,第二帳戶,2010-11-15,0,0,,,0,,
A016580,個人,第二帳戶,2006-07-30,0,0,,,0,,
A016581,個人,第二帳戶,2021-07-11,0,0,,,0,,
A016582,個人,第二帳戶,2013-02-02,0,0,,,0,,
A016583,個人,第二帳戶,2014-03-12,0,0,,,0,,
A016584,個人,第二帳戶,2016-12-06,0,0,,,0,,
A016585,個人,第二帳戶,2013-05-16,0,0,,,0,,
A016586,個人,第二帳戶,2019-07-29,0,0,,,0,,
A016587,個人,第二帳戶,2006-12-17,0,0,,,0,,
A016588,個人,第二帳戶,2014-08-08,0,0,,,0,,
A016589,個人,第二帳戶,2007-11-02,0,0,,,0,,
A016590,個人,第二帳戶,2008-01-04,0,0,,,0,,
A016591,個人,第二帳戶,2019-05-24,0,0,,,0,,
A016592,個人,第二帳戶,2006-05-02,0,0,,,0,,
A016593,個人,第二帳戶,2014-03-29,0,0,,,0,,
A016594,個人,第二帳戶,2013-03-20,0,0,,,0,,
A016595,個人,第二帳戶,2022-11-19,0,0,,,0,,
A016596,個人,第二帳戶,2010-03-05,0,0,,,0,,
A016597,個人,第二帳戶,2017-12-16,0,0,,,0,,
A016598,個人,第二帳戶,2007-04-19,0,0,,,0,,
A016599,個人,第二帳戶,2007-07-23,0,0,,,0,,
A016600,個人,第二帳戶,2018-04-12,0,0,,,0,,
A016601,個人,第二帳戶,2009-07-11,0,0,,,0,,
A016602,個人,第二帳戶,2019-01-02,0,0,,,0,,
A016603,個人,第二帳戶,2020-03-21,0,0,,,0,,
A016604,個人,第二帳戶,2023-09-28,0,0,,,0,,
A016605,個人,第二帳戶,2009-12-20,0,0,,,0,,
A016606,個人,第二帳戶,2012-11-02,0,0,,,0,,
A016607,個人,第二帳戶,2022-03-15,0,0,,,0,,
A016608,個人,第二帳戶,2024-12-05,0,0,,,0,,
A016609,個人,第二帳戶,2011-12-04,0,0,,,0,,
A016610,個人,第二帳戶,2020-11-10,0,0,,,0,,
A016611,個人,第二帳戶,2022-09-02,0,0,,,0,,
A016612,個人,第二帳戶,2018-07-22,0,0,,,0,,
A016613,個人,第二帳戶,2012-01-14,0,0,,,0,,
A016614,個人,第二帳戶,2024-08-22,0,0,,,0,,
A016615,個人,第二帳戶,2022-06-24,0,0,,,0,,
A016616,個人,第二帳戶,2009-07-29,0,0,,,0,,
A016617,個人,第二帳戶,2018-02-22,0,0,,,0,,
A016618,個人,第二帳戶,2023-09-20,0,0,,,0,,
A016619,個人,第二帳戶,2019-02-06,0,0,,,0,,
A016620,個人,第二帳戶,2016-11-30,0,0,,,0,,
A016621,個人,第二帳戶,2022-11-09,0,0,,,0,,
A016622,個人,第二帳戶,2024-09-12,0,0,,,0,,
A016623,個人,第二帳戶,2023-07-31,0,0,,,0,,
A016624,個人,第二帳戶,2018-03-29,0,0,,,0,,
A016625,個人,第二帳戶,2019-07-11,0,0,,,0,,
A016626,個人,第二帳戶,2019-04-23,0,0,,,0,,
A016627,個人,第二帳戶,2016-10-22,0,0,,,0,,
A016628,個人,第二帳戶,2011-09-22,0,0,,,0,,
A016629,個人,第二帳戶,2017-09-26,0,0,,,0,,
A016630,個人,第二帳戶,2022-11-09,0,0,,,0,,
A016631,個人,第二帳戶,2020-12-03,0,0,,,0,,
A016632,個人,第二帳戶,2009-12-16,0,0,,,0,,
A016633,個人,第二帳戶,2008-03-24,0,0,,,0,,
A016634,個人,第二帳戶,2023-06-29,0,0,,,0,,
A016635,個人,第二帳戶,2012-01-14,0,0,,,0,,
A016636,個人,第二帳戶,2010-01-31,0,0,,,0,,
A016637,個人,第二帳戶,2017-03-01,0,0,,,0,,
A016638,個人,第二帳戶,2024-01-22,0,0,,,0,,
A016639,個人,第二帳戶,2021-11-06,0,0,,,0,,
A016640,個人,第二帳戶,2019-03-24,0,0,,,0,,
A016641,個人,第二帳戶,2020-04-08,0,0,,,0,,
A016642,個人,第二帳戶,2008-09-24,0,0,,,0,,
A016643,個人,第二帳戶,2019-04-29,0,0,,,0,,
A016644,個人,第二帳戶,2006-12-07,0,0,,,0,,
A016645,個人,第二帳戶,2014-09-15,0,0,,,0,,
A016646,個人,第二帳戶,2013-09-18,0,0,,,0,,
A016647,個人,第二帳戶,2011-06-23,0,0,,,0,,
A016648,個人,第二帳戶,2017-05-20,0,0,,,0,,
A016649,個人,第二帳戶,2012-09-24,0,0,,,0,,
A016650,個人,第二帳戶,2008-04-15,0,0,,,0,,
A016651,個人,第二帳戶,2015-09-27,0,0,,,0,,
A016652,個人,第二帳戶,2013-01-14,0,0,,,0,,
A016653,個人,第二帳戶,2016-06-20,0,0,,,0,,
A016654,個人,第二帳戶,2010-01-22,0,0,,,0,,
A016655,個人,第二帳戶,2008-02-21,0,0,,,0,,
A016656,個人,第二帳戶,2009-11-02,0,0,,,0,,
A016657,個人,第二帳戶,2014-12-06,0,0,,,0,,
A016658,個人,第二帳戶,2022-05-02,0,0,,,0,,
A016659,個人,第二帳戶,2019-09-14,0,0,,,0,,
A016660,個人,第二帳戶,2022-05-11,0,0,,,0,,
A016661,個人,第二帳戶,2023-03-05,0,0,,,0,,
A016662,個人,第二帳戶,2006-01-24,0,0,,,0,,
A016663,個人,第二帳戶,2016-05-18,0,0,,,0,,
A016664,個人,第二帳戶,2009-11-02,0,0,,,0,,
A016665,個人,第二帳戶,2006-02-11,0,0,,,0,,
A016666,個人,第二帳戶,2007-09-11,0,0,,,0,,
A016667,個人,第二帳戶,2011-10-02,0,0,,,0,,
A016668,個人,第二帳戶,2017-05-01,0,0,,,0,,
A016669,個人,第二帳戶,2019-04-16,0,0,,,0,,
A016670,個人,第二帳戶,2010-10-13,0,0,,,0,,
A016671,個人,第二帳戶,2019-08-08,0,0,,,0,,
A016672,個人,第二帳戶,2017-06-19,0,0,,,0,,
A016673,個人,第二帳戶,2019-02-19,0,0,,,0,,
A016674,個人,第二帳戶,2007-12-02,0,0,,,0,,
A016675,個人,第二帳戶,2014-03-12,0,0,,,0,,
A016676,個人,第二帳戶,2010-03-10,0,0,,,0,,
A016677,個人,第二帳戶,2014-01-18,0,0,,,0,,
A016678,個人,第二帳戶,2020-01-09,0,0,,,0,,
A016679,個人,第二帳戶,2013-11-07,0,0,,,0,,
A016680,個人,第二帳戶,2008-06-01,0,0,,,0,,
A016681,個人,第二帳戶,2021-10-11,0,0,,,0,,
A016682,個人,第二帳戶,2022-10-28,0,0,,,0,,
A016683,個人,第二帳戶,2016-08-05,0,0,,,0,,
A016684,個人,第二帳戶,2020-09-18,0,0,,,0,,
A016685,個人,第二帳戶,2013-12-24,0,0,,,0,,
A016686,個人,第二帳戶,2021-03-18,0,0,,,0,,
A016687,個人,第二帳戶,2020-08-29,0,0,,,0,,
A016688,個人,第二帳戶,2006-12-06,0,0,,,0,,
A016689,個人,第二帳戶,2020-11-03,0,0,,,0,,
A016690,個人,第二帳戶,2010-11-03,0,0,,,0,,
A016691,個人,第二帳戶,2008-01-31,0,0,,,0,,
A016692,個人,第二帳戶,2023-06-21,0,0,,,0,,
A016693,個人,第二帳戶,2008-09-06,0,0,,,0,,
A016694,個人,第二帳戶,2015-01-31,0,0,,,0,,
A016695,個人,第二帳戶,2014-07-18,0,0,,,0,,
A016696,個人,第二帳戶,2015-03-01,0,0,,,0,,
A016697,個人,第二帳戶,2009-06-30,0,0,,,0,,
A016698,個人,第二帳戶,2022-02-18,0,0,,,0,,
A016699,個人,第二帳戶,2020-07-20,0,0,,,0,,
A016700,個人,第二帳戶,2018-01-07,0,0,,,0,,
A016701,個人,第二帳戶,2014-11-20,0,0,,,0,,
A016702,個人,第二帳戶,2015-03-23,0,0,,,0,,
A016703,個人,第二帳戶,2007-01-29,0,0,,,0,,
A016704,個人,第二帳戶,2018-10-21,0,0,,,0,,
A016705,個人,第二帳戶,2018-08-16,0,0,,,0,,
A016706,個人,第二帳戶,2019-03-10,0,0,,,0,,
A016707,個人,第二帳戶,2021-02-03,0,0,,,0,,
A016708,個人,第二帳戶,2009-07-31,0,0,,,0,,
A016709,個人,第二帳戶,2014-08-17,0,0,,,0,,
A016710,個人,第二帳戶,2009-06-27,0,0,,,0,,
A016711,個人,第二帳戶,2015-07-20,0,0,,,0,,
A016712,個人,第二帳戶,2023-05-13,0,0,,,0,,
A016713,個人,第二帳戶,2010-12-18,0,0,,,0,,
A016714,個人,第二帳戶,2023-10-29,0,0,,,0,,
A016715,個人,第二帳戶,2018-10-14,0,0,,,0,,
A016716,個人,第二帳戶,2007-02-20,0,0,,,0,,
A016717,個人,第二帳戶,2008-04-20,0,0,,,0,,
A016718,個人,第二帳戶,2022-08-17,0,0,,,0,,
A016719,個人,第二帳戶,2022-10-27,0,0,,,0,,
A016720,個人,第二帳戶,2017-10-09,0,0,,,0,,
A016721,個人,第二帳戶,2022-08-04,0,0,,,0,,
A016722,個人,第二帳戶,2022-03-07,0,0,,,0,,
A016723,個人,第二帳戶,2019-10-05,0,0,,,0,,
A016724,個人,第二帳戶,2015-10-20,0,0,,,0,,
A016725,個人,第二帳戶,2015-01-25,0,0,,,0,,
A016726,個人,第二帳戶,2022-01-10,0,0,,,0,,
A016727,個人,第二帳戶,2015-07-14,0,0,,,0,,
A016728,個人,第二帳戶,2008-01-29,0,0,,,0,,
A016729,個人,第二帳戶,2008-10-12,0,0,,,0,,
A016730,個人,第二帳戶,2015-07-30,0,0,,,0,,
A016731,個人,第二帳戶,2023-07-13,0,0,,,0,,
A016732,個人,第二帳戶,2008-02-22,0,0,,,0,,
A016733,個人,第二帳戶,2015-01-05,0,0,,,0,,
A016734,個人,第二帳戶,2016-06-02,0,0,,,0,,
A016735,個人,第二帳戶,2015-08-14,0,0,,,0,,
A016736,個人,第二帳戶,2007-02-07,0,0,,,0,,
A016737,個人,第二帳戶,2021-09-18,0,0,,,0,,
A016738,個人,第二帳戶,2021-08-12,0,0,,,0,,
A016739,個人,第二帳戶,2021-06-16,0,0,,,0,,
A016740,個人,第二帳戶,2014-11-17,0,0,,,0,,
A016741,個人,第二帳戶,2014-05-07,0,0,,,0,,
A016742,個人,第二帳戶,2014-05-02,0,0,,,0,,
A016743,個人,第二帳戶,2007-11-09,0,0,,,0,,
A016744,個人,第二帳戶,2011-02-27,0,0,,,0,,
A016745,個人,第二帳戶,2013-02-12,0,0,,,0,,
A016746,個人,第二帳戶,2019-10-05,0,0,,,0,,
A016747,個人,第二帳戶,2017-06-09,0,0,,,0,,
A016748,個人,第二帳戶,2016-06-13,0,0,,,0,,
A016749,個人,第二帳戶,2011-12-17,0,0,,,0,,
A016750,個人,第二帳戶,2006-06-08,0,0,,,0,,
A016751,個人,第二帳戶,2021-08-06,0,0,,,0,,
A016752,個人,第二帳戶,2008-07-24,0,0,,,0,,
A016753,個人,第二帳戶,2015-04-03,0,0,,,0,,
A016754,個人,第二帳戶,2008-01-08,0,0,,,0,,
A016755,個人,第二帳戶,2022-05-23,0,0,,,0,,
A016756,個人,第二帳戶,2022-09-23,0,0,,,0,,
A016757,個人,第二帳戶,2015-03-28,0,0,,,0,,
A016758,個人,第二帳戶,2008-06-09,0,0,,,0,,
A016759,個人,第二帳戶,2009-02-02,0,0,,,0,,
A016760,個人,第二帳戶,2013-05-14,0,0,,,0,,
A016761,個人,第二帳戶,2015-03-15,0,0,,,0,,
A016762,個人,第二帳戶,2017-08-14,0,0,,,0,,
A016763,個人,第二帳戶,2016-06-08,0,0,,,0,,
A016764,個人,第二帳戶,2013-09-05,0,0,,,0,,
A016765,個人,第二帳戶,2019-01-31,0,0,,,0,,
A016766,個人,第二帳戶,2007-06-29,0,0,,,0,,
A016767,個人,第二帳戶,2021-05-03,0,0,,,0,,
A016768,個人,第二帳戶,2016-08-28,0,0,,,0,,
A016769,個人,第二帳戶,2022-05-12,0,0,,,0,,
A016770,個人,第二帳戶,2006-03-21,0,0,,,0,,
A016771,個人,第二帳戶,2019-10-17,0,0,,,0,,
A016772,個人,第二帳戶,2015-07-16,0,0,,,0,,
A016773,個人,第二帳戶,2009-05-05,0,0,,,0,,
A016774,個人,第二帳戶,2019-08-31,0,0,,,0,,
A016775,個人,第二帳戶,2007-09-08,0,0,,,0,,
A016776,個人,第二帳戶,2020-10-27,0,0,,,0,,
A016777,個人,第二帳戶,2020-02-21,0,0,,,0,,
A016778,個人,第二帳戶,2014-10-29,0,0,,,0,,
A016779,個人,第二帳戶,2010-08-22,0,0,,,0,,
A016780,個人,第二帳戶,2015-04-17,0,0,,,0,,
A016781,個人,第二帳戶,2007-02-11,0,0,,,0,,
A016782,個人,第二帳戶,2018-02-03,0,0,,,0,,
A016783,個人,第二帳戶,2019-11-09,0,0,,,0,,
A016784,個人,第二帳戶,2020-10-28,0,0,,,0,,
A016785,個人,第二帳戶,2024-12-28,0,0,,,0,,
A016786,個人,第二帳戶,2017-04-18,0,0,,,0,,
A016787,個人,第二帳戶,2007-02-07,0,0,,,0,,
A016788,個人,第二帳戶,2021-05-24,0,0,,,0,,
A016789,個人,第二帳戶,2006-03-07,0,0,,,0,,
A016790,個人,第二帳戶,2023-02-18,0,0,,,0,,
A016791,個人,第二帳戶,2014-06-22,0,0,,,0,,
A016792,個人,第二帳戶,2017-02-03,0,0,,,0,,
A016793,個人,第二帳戶,2009-07-26,0,0,,,0,,
A016794,個人,第二帳戶,2016-06-14,0,0,,,0,,
A016795,個人,第二帳戶,2007-04-26,0,0,,,0,,
A016796,個人,第二帳戶,2015-09-10,0,0,,,0,,
A016797,個人,第二帳戶,2024-04-15,0,0,,,0,,
A016798,個人,第二帳戶,2009-11-20,0,0,,,0,,
A016799,個人,第二帳戶,2006-12-07,0,0,,,0,,
A016800,個人,第二帳戶,2009-01-03,0,0,,,0,,
A016801,個人,第二帳戶,2006-10-30,0,0,,,0,,
A016802,個人,第二帳戶,2019-07-07,0,0,,,0,,
A016803,個人,第二帳戶,2016-03-05,0,0,,,0,,
A016804,個人,第二帳戶,2013-09-08,0,0,,,0,,
A016805,個人,第二帳戶,2007-10-13,0,0,,,0,,
A016806,個人,第二帳戶,2022-04-19,0,0,,,0,,
A016807,個人,第二帳戶,2011-10-18,0,0,,,0,,
A016808,個人,第二帳戶,2012-10-05,0,0,,,0,,
A016809,個人,第二帳戶,2019-12-09,0,0,,,0,,
A016810,個人,第二帳戶,2016-11-08,0,0,,,0,,
A016811,個人,第二帳戶,2015-10-10,0,0,,,0,,
A016812,個人,第二帳戶,2012-07-11,0,0,,,0,,
A016813,個人,第二帳戶,2016-07-07,0,0,,,0,,
A016814,個人,第二帳戶,2013-08-28,0,0,,,0,,
A016815,個人,第二帳戶,2019-03-26,0,0,,,0,,
A016816,個人,第二帳戶,2006-10-01,0,0,,,0,,
A016817,個人,第二帳戶,2015-10-01,0,0,,,0,,
A016818,個人,第二帳戶,2020-02-11,0,0,,,0,,
A016819,個人,第二帳戶,2014-02-04,0,0,,,0,,
A016820,個人,第二帳戶,2012-06-03,0,0,,,0,,
A016821,個人,第二帳戶,2007-08-04,0,0,,,0,,
A016822,個人,第二帳戶,2016-02-17,0,0,,,0,,
A016823,個人,第二帳戶,2020-07-06,0,0,,,0,,
A016824,個人,第二帳戶,2008-04-06,0,0,,,0,,
A016825,個人,第二帳戶,2016-05-12,0,0,,,0,,
A016826,個人,第二帳戶,2012-08-16,0,0,,,0,,
A016827,個人,第二帳戶,2011-12-10,0,0,,,0,,
A016828,個人,第二帳戶,2018-02-27,0,0,,,0,,
A016829,個人,第二帳戶,2013-02-17,0,0,,,0,,
A016830,個人,第二帳戶,2019-06-20,0,0,,,0,,
A016831,個人,第二帳戶,2022-09-23,0,0,,,0,,
A016832,個人,第二帳戶,2023-02-26,0,0,,,0,,
A016833,個人,第二帳戶,2017-02-21,0,0,,,0,,
A016834,個人,第二帳戶,2019-12-01,0,0,,,0,,
A016835,個人,第二帳戶,2009-04-23,0,0,,,0,,
A016836,個人,第二帳戶,2010-01-24,0,0,,,0,,
A016837,個人,第二帳戶,2024-03-03,0,0,,,0,,
A016838,個人,第二帳戶,2023-12-23,0,0,,,0,,
A016839,個人,第二帳戶,2018-07-07,0,0,,,0,,
A016840,個人,第二帳戶,2019-03-10,0,0,,,0,,
A016841,個人,第二帳戶,2022-05-02,0,0,,,0,,
A016842,個人,第二帳戶,2010-10-04,0,0,,,0,,
A016843,個人,第二帳戶,2019-09-14,0,0,,,0,,
A016844,個人,第二帳戶,2010-10-24,0,0,,,0,,
A016845,個人,第二帳戶,2019-03-19,0,0,,,0,,
A016846,個人,第二帳戶,2024-07-28,0,0,,,0,,
A016847,個人,第二帳戶,2024-09-24,0,0,,,0,,
A016848,個人,第二帳戶,2009-02-17,0,0,,,0,,
A016849,個人,第二帳戶,2016-06-10,0,0,,,0,,
A016850,個人,第二帳戶,2018-03-29,0,0,,,0,,
A016851,個人,第二帳戶,2019-06-17,0,0,,,0,,
A016852,個人,第二帳戶,2006-09-02,0,0,,,0,,
A016853,個人,第二帳戶,2011-08-16,0,0,,,0,,
A016854,個人,第二帳戶,2019-02-20,0,0,,,0,,
A016855,個人,第二帳戶,2009-08-02,0,0,,,0,,
A016856,個人,第二帳戶,2006-06-18,0,0,,,0,,
A016857,個人,第二帳戶,2008-10-11,0,0,,,0,,
A016858,個人,第二帳戶,2020-06-18,0,0,,,0,,
A016859,個人,第二帳戶,2020-10-20,0,0,,,0,,
A016860,個人,第二帳戶,2020-06-21,0,0,,,0,,
A016861,個人,第二帳戶,2024-08-17,0,0,,,0,,
A016862,個人,第二帳戶,2012-11-06,0,0,,,0,,
A016863,個人,第二帳戶,2013-12-24,0,0,,,0,,
A016864,個人,第二帳戶,2007-02-18,0,0,,,0,,
A016865,個人,第二帳戶,2022-05-26,0,0,,,0,,
A016866,個人,第二帳戶,2012-05-29,0,0,,,0,,
A016867,個人,第二帳戶,2016-11-06,0,0,,,0,,
A016868,個人,第二帳戶,2007-09-18,0,0,,,0,,
A016869,個人,第二帳戶,2008-08-28,0,0,,,0,,
A016870,個人,第二帳戶,2009-09-21,0,0,,,0,,
A016871,個人,第二帳戶,2021-08-23,0,0,,,0,,
A016872,個人,第二帳戶,2008-07-01,0,0,,,0,,
A016873,個人,第二帳戶,2023-04-17,0,0,,,0,,
A016874,個人,第二帳戶,2007-11-24,0,0,,,0,,
A016875,個人,第二帳戶,2017-07-06,0,0,,,0,,
A016876,個人,第二帳戶,2011-06-01,0,0,,,0,,
A016877,個人,第二帳戶,2018-02-06,0,0,,,0,,
A016878,個人,第二帳戶,2019-09-06,0,0,,,0,,
A016879,個人,第二帳戶,2006-11-28,0,0,,,0,,
A016880,個人,第二帳戶,2006-03-15,0,0,,,0,,
A016881,個人,第二帳戶,2013-09-01,0,0,,,0,,
A016882,個人,第二帳戶,2020-03-21,0,0,,,0,,
A016883,個人,第二帳戶,2020-11-22,0,0,,,0,,
A016884,個人,第二帳戶,2008-04-23,0,0,,,0,,
A016885,個人,第二帳戶,2008-04-28,0,0,,,0,,
A016886,個人,第二帳戶,2018-10-18,0,0,,,0,,
A016887,個人,第二帳戶,2011-05-03,0,0,,,0,,
A016888,個人,第二帳戶,2009-07-07,0,0,,,0,,
A016889,個人,第二帳戶,2024-08-21,0,0,,,0,,
A016890,個人,第二帳戶,2023-12-13,0,0,,,0,,
A016891,個人,第二帳戶,2022-09-19,0,0,,,0,,
A016892,個人,第二帳戶,2018-01-23,0,0,,,0,,
A016893,個人,第二帳戶,2023-05-14,0,0,,,0,,
A016894,個人,第二帳戶,2012-06-06,0,0,,,0,,
A016895,個人,第二帳戶,2013-06-08,0,0,,,0,,
A016896,個人,第二帳戶,2011-10-22,0,0,,,0,,
A016897,個人,第二帳戶,2019-06-01,0,0,,,0,,
A016898,個人,第二帳戶,2012-02-06,0,0,,,0,,
A016899,個人,第二帳戶,2008-08-11,0,0,,,0,,
A016900,個人,第二帳戶,2010-10-27,0,0,,,0,,
A016901,個人,第二帳戶,2017-03-11,0,0,,,0,,
A016902,個人,第二帳戶,2023-01-14,0,0,,,0,,
A016903,個人,第二帳戶,2014-10-07,0,0,,,0,,
A016904,個人,第二帳戶,2021-07-09,0,0,,,0,,
A016905,個人,第二帳戶,2023-06-30,0,0,,,0,,
A016906,個人,第二帳戶,2020-12-19,0,0,,,0,,
A016907,個人,第二帳戶,2014-03-19,0,0,,,0,,
A016908,個人,第二帳戶,2013-03-24,0,0,,,0,,
A016909,個人,第二帳戶,2010-10-16,0,0,,,0,,
A016910,個人,第二帳戶,2007-10-12,0,0,,,0,,
A016911,個人,第二帳戶,2023-05-21,0,0,,,0,,
A016912,個人,第二帳戶,2016-09-05,0,0,,,0,,
A016913,個人,第二帳戶,2023-01-11,0,0,,,0,,
A016914,個人,第二帳戶,2012-05-17,0,0,,,0,,
A016915,個人,第二帳戶,2023-04-22,0,0,,,0,,
A016916,個人,第二帳戶,2014-07-28,0,0,,,0,,
A016917,個人,第二帳戶,2007-01-29,0,0,,,0,,
A016918,個人,第二帳戶,2007-04-28,0,0,,,0,,
A016919,個人,第二帳戶,2023-12-29,0,0,,,0,,
A016920,個人,第二帳戶,2020-06-03,0,0,,,0,,
A016921,個人,第二帳戶,2017-08-20,0,0,,,0,,
A016922,個人,第二帳戶,2018-01-20,0,0,,,0,,
A016923,個人,第二帳戶,2012-08-16,0,0,,,0,,
A016924,個人,第二帳戶,2012-09-21,0,0,,,0,,
A016925,個人,第二帳戶,2016-02-12,0,0,,,0,,
A016926,個人,第二帳戶,2014-02-04,0,0,,,0,,
A016927,個人,第二帳戶,2023-08-15,0,0,,,0,,
A016928,個人,第二帳戶,2016-01-31,0,0,,,0,,
A016929,個人,第二帳戶,2015-07-08,0,0,,,0,,
A016930,個人,第二帳戶,2009-11-12,0,0,,,0,,
A016931,個人,第二帳戶,2022-11-12,0,0,,,0,,
A016932,個人,第二帳戶,2020-03-03,0,0,,,0,,
A016933,個人,第二帳戶,2014-10-11,0,0,,,0,,
A016934,個人,第二帳戶,2007-11-02,0,0,,,0,,
A016935,個人,第二帳戶,2023-02-26,0,0,,,0,,
A016936,個人,第二帳戶,2012-07-15,0,0,,,0,,
A016937,個人,第二帳戶,2006-06-01,0,0,,,0,,
A016938,個人,第二帳戶,2014-09-29,0,0,,,0,,
A016939,個人,第二帳戶,2008-08-26,0,0,,,0,,
A016940,個人,第二帳戶,2016-02-25,0,0,,,0,,
A016941,個人,第二帳戶,2017-12-16,0,0,,,0,,
A016942,個人,第二帳戶,2017-10-01,0,0,,,0,,
A016943,個人,第二帳戶,2015-04-30,0,0,,,0,,
A016944,個人,第二帳戶,2014-08-10,0,0,,,0,,
A016945,個人,第二帳戶,2024-07-04,0,0,,,0,,
A016946,個人,第二帳戶,2022-11-30,0,0,,,0,,
A016947,個人,第二帳戶,2010-04-18,0,0,,,0,,
A016948,個人,第二帳戶,2023-04-04,0,0,,,0,,
A016949,個人,第二帳戶,2019-06-12,0,0,,,0,,
A016950,個人,第二帳戶,2018-02-21,0,0,,,0,,
A016951,個人,第二帳戶,2017-04-03,0,0,,,0,,
A016952,個人,第二帳戶,2015-10-02,0,0,,,0,,
A016953,個人,第二帳戶,2012-05-30,0,0,,,0,,
A016954,個人,第二帳戶,2017-01-30,0,0,,,0,,
A016955,個人,第二帳戶,2007-06-16,0,0,,,0,,
A016956,個人,第二帳戶,2021-01-31,0,0,,,0,,
A016957,個人,第二帳戶,2015-05-23,0,0,,,0,,
A016958,個人,第二帳戶,2016-10-17,0,0,,,0,,
A016959,個人,第二帳戶,2011-08-25,0,0,,,0,,
A016960,個人,第二帳戶,2017-08-08,0,0,,,0,,
A016961,個人,第二帳戶,2007-03-02,0,0,,,0,,
A016962,個人,第二帳戶,2022-05-15,0,0,,,0,,
A016963,個人,第二帳戶,2017-06-21,0,0,,,0,,
A016964,個人,第二帳戶,2009-03-23,0,0,,,0,,
A016965,個人,第二帳戶,2012-03-04,0,0,,,0,,
A016966,個人,第二帳戶,2019-11-19,0,0,,,0,,
A016967,個人,第二帳戶,2018-06-29,0,0,,,0,,
A016968,個人,第二帳戶,2009-11-11,0,0,,,0,,
A016969,個人,第二帳戶,2011-10-28,0,0,,,0,,
A016970,個人,第二帳戶,2015-05-30,0,0,,,0,,
A016971,個人,第二帳戶,2016-03-14,0,0,,,0,,
A016972,個人,第二帳戶,2024-12-20,0,0,,,0,,
A016973,個人,第二帳戶,2024-01-19,0,0,,,0,,
A016974,個人,第二帳戶,2020-12-14,0,0,,,0,,
A016975,個人,第二帳戶,2016-08-11,0,0,,,0,,
A016976,個人,第二帳戶,2016-05-22,0,0,,,0,,
A016977,個人,第二帳戶,2009-12-14,0,0,,,0,,
A016978,個人,第二帳戶,2006-04-13,0,0,,,0,,
A016979,個人,第二帳戶,2018-01-01,0,0,,,0,,
A016980,個人,第二帳戶,2017-02-04,0,0,,,0,,
A016981,個人,第二帳戶,2006-07-12,0,0,,,0,,
A016982,個人,第二帳戶,2020-07-09,0,0,,,0,,
A016983,個人,第二帳戶,2023-06-07,0,0,,,0,,
A016984,個人,第二帳戶,2008-08-25,0,0,,,0,,
A016985,個人,第二帳戶,2020-11-24,0,0,,,0,,
A016986,個人,第二帳戶,2024-11-05,0,0,,,0,,
A016987,個人,第二帳戶,2016-11-22,0,0,,,0,,
A016988,個人,第二帳戶,2006-10-09,0,0,,,0,,
A016989,個人,第二帳戶,2008-03-23,0,0,,,0,,
A016990,個人,第二帳戶,2020-09-19,0,0,,,0,,
A016991,個人,第二帳戶,2017-04-19,0,0,,,0,,
A016992,個人,第二帳戶,2008-09-17,0,0,,,0,,
A016993,個人,第二帳戶,2016-03-30,0,0,,,0,,
A016994,個人,第二帳戶,2023-01-28,0,0,,,0,,
A016995,個人,第二帳戶,2023-10-15,0,0,,,0,,
A016996,個人,第二帳戶,2012-12-18,0,0,,,0,,
A016997,個人,第二帳戶,2022-07-19,0,0,,,0,,
A016998,個人,第二帳戶,2010-04-25,0,0,,,0,,
A016999,個人,第二帳戶,2015-07-09,0,0,,,0,,
A017000,個人,第二帳戶,2011-06-30,0,0,,,0,,
A017001,個人,第二帳戶,2011-12-23,0,0,,,0,,
A017002,個人,第二帳戶,2019-09-23,0,0,,,0,,
A017003,個人,第二帳戶,2017-03-26,0,0,,,0,,
A017004,個人,第二帳戶,2022-07-14,0,0,,,0,,
A017005,個人,第二帳戶,2017-11-13,0,0,,,0,,
A017006,個人,第二帳戶,2009-08-01,0,0,,,0,,
A017007,個人,第二帳戶,2013-11-03,0,0,,,0,,
A017008,個人,第二帳戶,2009-03-21,0,0,,,0,,
A017009,個人,第二帳戶,2007-01-31,0,0,,,0,,
A017010,個人,第二帳戶,2020-02-16,0,0,,,0,,
A017011,個人,第二帳戶,2019-10-08,0,0,,,0,,
A017012,個人,第二帳戶,2012-01-21,0,0,,,0,,
A017013,個人,第二帳戶,2018-02-08,0,0,,,0,,
A017014,個人,第二帳戶,2023-03-06,0,0,,,0,,
A017015,個人,第二帳戶,2018-10-10,0,0,,,0,,
A017016,個人,第二帳戶,2013-10-31,0,0,,,0,,
A017017,個人,第二帳戶,2010-04-23,0,0,,,0,,
A017018,個人,第二帳戶,2006-08-30,0,0,,,0,,
A017019,個人,第二帳戶,2020-08-07,0,0,,,0,,
A017020,個人,第二帳戶,2012-01-01,0,0,,,0,,
A017021,個人,第二帳戶,2008-01-24,0,0,,,0,,
A017022,個人,第二帳戶,2021-10-09,0,0,,,0,,
A017023,個人,第二帳戶,2012-05-28,0,0,,,0,,
A017024,個人,第二帳戶,2017-02-07,0,0,,,0,,
A017025,個人,第二帳戶,2017-06-09,0,0,,,0,,
A017026,個人,第二帳戶,2020-03-25,0,0,,,0,,
A017027,個人,第二帳戶,2018-12-23,0,0,,,0,,
A017028,個人,第二帳戶,2008-12-08,0,0,,,0,,
A017029,個人,第二帳戶,2023-11-22,0,0,,,0,,
A017030,個人,第二帳戶,2010-09-11,0,0,,,0,,
A017031,個人,第二帳戶,2020-08-17,0,0,,,0,,
A017032,個人,第二帳戶,2013-03-02,0,0,,,0,,
A017033,個人,第二帳戶,2011-11-08,0,0,,,0,,
A017034,個人,第二帳戶,2014-07-12,0,0,,,0,,
A017035,個人,第二帳戶,2022-01-16,0,0,,,0,,
A017036,個人,第二帳戶,2019-03-29,0,0,,,0,,
A017037,個人,第二帳戶,2021-06-23,0,0,,,0,,
A017038,個人,第二帳戶,2010-02-14,0,0,,,0,,
A017039,個人,第二帳戶,2015-11-24,0,0,,,0,,
A017040,個人,第二帳戶,2013-07-19,0,0,,,0,,
A017041,個人,第二帳戶,2021-09-28,0,0,,,0,,
A017042,個人,第二帳戶,2018-03-14,0,0,,,0,,
A017043,個人,第二帳戶,2016-06-28,0,0,,,0,,
A017044,個人,第二帳戶,2007-10-30,0,0,,,0,,
A017045,個人,第二帳戶,2013-09-29,0,0,,,0,,
A017046,個人,第二帳戶,2021-11-09,0,0,,,0,,
A017047,個人,第二帳戶,2013-01-28,0,0,,,0,,
A017048,個人,第二帳戶,2017-01-08,0,0,,,0,,
A017049,個人,第二帳戶,2018-08-12,0,0,,,0,,
A017050,個人,第二帳戶,2015-09-18,0,0,,,0,,
A017051,個人,第二帳戶,2013-05-03,0,0,,,0,,
A017052,個人,第二帳戶,2019-08-12,0,0,,,0,,
A017053,個人,第二帳戶,2016-06-20,0,0,,,0,,
A017054,個人,第二帳戶,2017-07-12,0,0,,,0,,
A017055,個人,第二帳戶,2023-08-16,0,0,,,0,,
A017056,個人,第二帳戶,2018-05-24,0,0,,,0,,
A017057,個人,第二帳戶,2012-02-22,0,0,,,0,,
A017058,個人,第二帳戶,2024-11-10,0,0,,,0,,
A017059,個人,第二帳戶,2012-08-23,0,0,,,0,,
A017060,個人,第二帳戶,2021-10-31,0,0,,,0,,
A017061,個人,第二帳戶,2022-04-11,0,0,,,0,,
A017062,個人,第二帳戶,2014-10-08,0,0,,,0,,
A017063,個人,第二帳戶,2024-08-26,0,0,,,0,,
A017064,個人,第二帳戶,2014-12-25,0,0,,,0,,
A017065,個人,第二帳戶,2014-04-01,0,0,,,0,,
A017066,個人,第二帳戶,2009-08-23,0,0,,,0,,
A017067,個人,第二帳戶,2008-05-29,0,0,,,0,,
A017068,個人,第二帳戶,2006-08-18,0,0,,,0,,
A017069,個人,第二帳戶,2020-10-30,0,0,,,0,,
A017070,個人,第二帳戶,2021-09-13,0,0,,,0,,
A017071,個人,第二帳戶,2021-07-18,0,0,,,0,,
A017072,個人,第二帳戶,2020-03-31,0,0,,,0,,
A017073,個人,第二帳戶,2011-12-18,0,0,,,0,,
A017074,個人,第二帳戶,2021-07-30,0,0,,,0,,
A017075,個人,第二帳戶,2010-01-10,0,0,,,0,,
A017076,個人,第二帳戶,2008-12-19,0,0,,,0,,
A017077,個人,第二帳戶,2021-04-20,0,0,,,0,,
A017078,個人,第二帳戶,2021-01-24,0,0,,,0,,
A017079,個人,第二帳戶,2019-08-29,0,0,,,0,,
A017080,個人,第二帳戶,2016-04-22,0,0,,,0,,
A017081,個人,第二帳戶,2013-12-17,0,0,,,0,,
A017082,個人,第二帳戶,2022-08-18,0,0,,,0,,
A017083,個人,第二帳戶,2022-07-04,0,0,,,0,,
A017084,個人,第二帳戶,2007-12-11,0,0,,,0,,
A017085,個人,第二帳戶,2013-07-19,0,0,,,0,,
A017086,個人,第二帳戶,2006-12-12,0,0,,,0,,
A017087,個人,第二帳戶,2020-01-29,0,0,,,0,,
A017088,個人,第二帳戶,2007-11-29,0,0,,,0,,
A017089,個人,第二帳戶,2015-02-19,0,0,,,0,,
A017090,個人,第二帳戶,2023-10-02,0,0,,,0,,
A017091,個人,第二帳戶,2017-07-26,0,0,,,0,,
A017092,個人,第二帳戶,2013-02-09,0,0,,,0,,
A017093,個人,第二帳戶,2009-02-24,0,0,,,0,,
A017094,個人,第二帳戶,2020-12-19,0,0,,,0,,
A017095,個人,第二帳戶,2017-10-26,0,0,,,0,,
A017096,個人,第二帳戶,2013-05-01,0,0,,,0,,
A017097,個人,第二帳戶,2015-11-27,0,0,,,0,,
A017098,個人,第二帳戶,2011-08-31,0,0,,,0,,
A017099,個人,第二帳戶,2012-02-10,0,0,,,0,,
A017100,個人,第二帳戶,2010-04-27,0,0,,,0,,
A017101,個人,第二帳戶,2024-10-22,0,0,,,0,,
A017102,個人,第二帳戶,2014-07-17,0,0,,,0,,
A017103,個人,第二帳戶,2015-06-14,0,0,,,0,,
A017104,個人,第二帳戶,2023-12-24,0,0,,,0,,
A017105,個人,第二帳戶,2010-02-25,0,0,,,0,,
A017106,個人,第二帳戶,2015-04-01,0,0,,,0,,
A017107,個人,第二帳戶,2007-10-20,0,0,,,0,,
A017108,個人,第二帳戶,2014-03-12,0,0,,,0,,
A017109,個人,第二帳戶,2023-12-20,0,0,,,0,,
A017110,個人,第二帳戶,2016-09-22,0,0,,,0,,
A017111,個人,第二帳戶,2006-08-01,0,0,,,0,,
A017112,個人,第二帳戶,2012-05-13,0,0,,,0,,
A017113,個人,第二帳戶,2009-12-29,0,0,,,0,,
A017114,個人,第二帳戶,2012-02-14,0,0,,,0,,
A017115,個人,第二帳戶,2014-05-05,0,0,,,0,,
A017116,個人,第二帳戶,2011-09-24,0,0,,,0,,
A017117,個人,第二帳戶,2016-03-27,0,0,,,0,,
A017118,個人,第二帳戶,2010-06-14,0,0,,,0,,
A017119,個人,第二帳戶,2024-12-22,0,0,,,0,,
A017120,個人,第二帳戶,2006-01-31,0,0,,,0,,
A017121,個人,第二帳戶,2014-10-20,0,0,,,0,,
A017122,個人,第二帳戶,2013-10-29,0,0,,,0,,
A017123,個人,第二帳戶,2011-10-24,0,0,,,0,,
A017124,個人,第二帳戶,2012-03-05,0,0,,,0,,
A017125,個人,第二帳戶,2015-09-15,0,0,,,0,,
A017126,個人,第二帳戶,2016-01-24,0,0,,,0,,
A017127,個人,第二帳戶,2017-04-02,0,0,,,0,,
A017128,個人,第二帳戶,2018-09-13,0,0,,,0,,
A017129,個人,第二帳戶,2009-08-04,0,0,,,0,,
A017130,個人,第二帳戶,2023-04-11,0,0,,,0,,
A017131,個人,第二帳戶,2020-04-28,0,0,,,0,,
A017132,個人,第二帳戶,2020-12-04,0,0,,,0,,
A017133,個人,代收帳戶,2026-01-28,0,0,,,0,,
A017134,個人,代收帳戶,2026-01-21,0,0,,,0,,
A017135,個人,代收帳戶,2026-05-11,0,0,,,0,,
A017136,個人,代收帳戶,2026-05-21,0,0,,,0,,
A017137,個人,代收帳戶,2026-03-12,0,0,,,0,,
A017138,個人,代收帳戶,2026-01-27,0,0,,,0,,
A017139,個人,代收帳戶,2025-12-31,0,0,,,0,,
A017140,個人,代收帳戶,2026-04-30,0,0,,,0,,
A017141,個人,代收帳戶,2026-02-22,0,0,,,0,,
A017142,個人,代收帳戶,2026-05-06,0,0,,,0,,
A017143,個人,代收帳戶,2026-01-03,0,0,,,0,,
A017144,個人,代收帳戶,2026-05-04,0,0,,,0,,
A017145,個人,代收帳戶,2026-05-16,0,0,,,0,,
A017146,個人,代收帳戶,2025-12-19,0,0,,,0,,
A017147,個人,代收帳戶,2026-04-10,0,0,,,0,,
A017148,個人,代收帳戶,2025-12-09,0,0,,,0,,
A017149,個人,代收帳戶,2026-02-20,0,0,,,0,,
A017150,個人,代收帳戶,2026-04-27,0,0,,,0,,
A017151,個人,代收帳戶,2025-12-26,0,0,,,0,,
A017152,個人,代收帳戶,2026-01-05,0,0,,,0,,
A017153,個人,代收帳戶,2026-01-20,0,0,,,0,,
A017154,個人,代收帳戶,2026-02-12,0,0,,,0,,
A017155,個人,代收帳戶,2026-01-27,0,0,,,0,,
A017156,個人,代收帳戶,2026-03-28,0,0,,,0,,
A017157,個人,代收帳戶,2026-02-23,0,0,,,0,,
A017158,個人,代收帳戶,2026-04-07,0,0,,,0,,
A017159,個人,代收帳戶,2026-03-04,0,0,,,0,,
A017160,個人,代收帳戶,2026-04-09,0,0,,,0,,
A017161,個人,代收帳戶,2025-12-23,0,0,,,0,,
A017162,個人,代收帳戶,2026-02-24,0,0,,,0,,
A017163,個人,代收帳戶,2026-05-02,0,0,,,0,,
A017164,個人,代收帳戶,2026-03-01,0,0,,,0,,
A017165,個人,代收帳戶,2026-01-22,0,0,,,0,,
A017166,個人,代收帳戶,2026-02-21,0,0,,,0,,
A017167,個人,代收帳戶,2026-03-01,0,0,,,0,,
A017168,個人,代收帳戶,2026-01-03,0,0,,,0,,
A017169,個人,代收帳戶,2026-04-18,0,0,,,0,,
A017170,個人,代收帳戶,2026-01-21,0,0,,,0,,
A017171,個人,代收帳戶,2026-05-20,0,0,,,0,,
A017172,個人,代收帳戶,2026-03-22,0,0,,,0,,
A017173,個人,代收帳戶,2025-12-11,0,0,,,0,,
A017174,個人,代收帳戶,2026-05-06,0,0,,,0,,
A017175,個人,代收帳戶,2026-03-06,0,0,,,0,,
A017176,個人,代收帳戶,2026-02-16,0,0,,,0,,
A017177,個人,代收帳戶,2026-02-03,0,0,,,0,,
A017178,個人,代收帳戶,2026-03-22,0,0,,,0,,
A017179,個人,代收帳戶,2026-05-10,0,0,,,0,,
A017180,個人,代收帳戶,2026-04-06,0,0,,,0,,
A017181,個人,代收帳戶,2026-04-11,0,0,,,0,,
A017182,個人,代收帳戶,2026-03-10,0,0,,,0,,
A017183,個人,代收帳戶,2026-05-31,0,0,,,0,,
A017184,個人,代收帳戶,2026-03-12,0,0,,,0,,
A017185,個人,代收帳戶,2026-01-03,0,0,,,0,,
A017186,個人,代收帳戶,2026-04-29,0,0,,,0,,
A017187,個人,代收帳戶,2026-03-20,0,0,,,0,,
A017188,個人,代收帳戶,2026-04-09,0,0,,,0,,
A017189,個人,代收帳戶,2026-02-27,0,0,,,0,,
A017190,個人,代收帳戶,2026-05-19,0,0,,,0,,
A017191,個人,代收帳戶,2026-06-06,0,0,,,0,,
A017192,個人,代收帳戶,2026-05-23,0,0,,,0,,
A017193,個人,代收帳戶,2026-02-01,0,0,,,0,,
A017194,個人,代收帳戶,2026-02-06,0,0,,,0,,
A017195,個人,代收帳戶,2026-05-16,0,0,,,0,,
A017196,個人,代收帳戶,2026-02-19,0,0,,,0,,
A017197,個人,代收帳戶,2026-02-12,0,0,,,0,,
A017198,個人,代收帳戶,2026-04-24,0,0,,,0,,
A017199,個人,代收帳戶,2025-12-22,0,0,,,0,,
A017200,個人,代收帳戶,2026-05-17,0,0,,,0,,
A017201,個人,代收帳戶,2026-04-06,0,0,,,0,,
A017202,個人,代收帳戶,2025-12-27,0,0,,,0,,
A017203,個人,代收帳戶,2026-03-03,0,0,,,0,,
A017204,個人,代收帳戶,2026-03-07,0,0,,,0,,
A017205,個人,代收帳戶,2026-02-23,0,0,,,0,,
A017206,個人,代收帳戶,2026-02-16,0,0,,,0,,
A017207,個人,代收帳戶,2026-02-12,0,0,,,0,,
A017208,個人,代收帳戶,2026-04-02,0,0,,,0,,
A017209,個人,個人賣家,2026-05-08,0,0,,,0,,
A017210,個人,個人賣家,2026-03-01,0,0,,,0,,
A017211,個人,個人賣家,2026-05-07,0,0,,,0,,
A017212,個人,個人賣家,2014-11-07,11,0,,,0,,
A017213,個人,個人賣家,2018-07-16,986,0,,,0,,
A017214,個人,個人賣家,2026-02-18,0,0,,,0,,
A017215,個人,個人賣家,2007-09-18,885,0,,,0,,
A017216,個人,個人賣家,2026-05-01,0,0,,,0,,
A017217,個人,個人賣家,2016-12-26,19,0,,,0,,
A017218,個人,個人賣家,2017-11-11,1006,0,,,0,,
A017219,個人,個人賣家,2021-01-11,15,0,,,0,,
A017220,個人,個人賣家,2026-03-16,0,0,,,0,,
A017221,個人,個人賣家,2026-04-18,0,0,,,0,,
A017222,個人,個人賣家,2013-12-05,687,0,,,0,,
A017223,個人,個人賣家,2009-03-04,658,0,,,0,,
A017224,個人,個人賣家,2020-07-17,7,0,,,0,,
A017225,個人,個人賣家,2025-12-28,0,0,,,0,,
A017226,個人,個人賣家,2015-09-24,203,0,,,0,,
A017227,個人,個人賣家,2025-01-01,15,0,,,0,,
A017228,個人,個人賣家,2026-04-26,0,0,,,0,,
A017229,個人,個人賣家,2013-12-12,908,0,,,0,,
A017230,個人,個人賣家,2026-02-17,0,0,,,0,,
A017231,個人,個人賣家,2013-08-27,12,0,,,0,,
A017232,個人,個人賣家,2010-02-18,30,0,,,0,,
A017233,個人,個人賣家,2014-12-27,774,0,,,0,,
A017234,個人,個人賣家,2007-01-10,331,0,,,0,,
A017235,個人,個人賣家,2026-03-12,0,0,,,0,,
A017236,個人,個人賣家,2011-05-27,4,0,,,0,,
A017237,個人,個人賣家,2021-10-30,13,0,,,0,,
A017238,個人,個人賣家,2025-11-28,0,0,,,0,,
A017239,個人,個人賣家,2026-01-23,0,0,,,0,,
A017240,個人,個人賣家,2008-01-21,26,0,,,0,,
A017241,個人,個人賣家,2026-02-11,0,0,,,0,,
A017242,個人,個人賣家,2026-01-21,0,0,,,0,,
A017243,個人,個人賣家,2026-01-04,0,0,,,0,,
A017244,個人,個人賣家,2026-01-22,0,0,,,0,,
A017245,個人,個人賣家,2007-01-07,14,0,,,0,,
A017246,個人,個人賣家,2020-12-18,23,0,,,0,,
A017247,個人,個人賣家,2026-01-05,0,0,,,0,,
A017248,個人,個人賣家,2013-06-15,14,0,,,0,,
A017249,個人,個人賣家,2025-11-24,0,0,,,0,,
A017250,個人,個人賣家,2026-04-04,0,0,,,0,,
A017251,個人,個人賣家,2026-02-14,0,0,,,0,,
A017252,個人,個人賣家,2026-05-11,0,0,,,0,,
A017253,個人,個人賣家,2026-03-30,0,0,,,0,,
A017254,個人,個人賣家,2025-12-29,0,0,,,0,,
A017255,個人,個人賣家,2026-03-06,0,0,,,0,,
A017256,個人,個人賣家,2008-07-11,400,0,,,0,,
A017257,個人,個人賣家,2009-02-28,9,0,,,0,,
A017258,個人,個人賣家,2020-05-27,21,0,,,0,,
A017259,個人,個人賣家,2026-01-25,0,0,,,0,,
A017260,個人,個人賣家,2011-08-26,689,0,,,0,,
A017261,個人,個人賣家,2019-11-08,1062,0,,,0,,
A017262,個人,個人賣家,2025-12-22,0,0,,,0,,
A017263,個人,個人賣家,2013-04-01,13,0,,,0,,
A017264,個人,個人賣家,2008-03-01,266,0,,,0,,
A017265,個人,個人賣家,2010-06-14,14,0,,,0,,
A017266,個人,個人賣家,2026-05-09,0,0,,,0,,
A017267,個人,個人賣家,2019-06-06,5,0,,,0,,
A017268,個人,個人賣家,2006-07-12,24,0,,,0,,
A017269,個人,個人賣家,2016-12-17,26,0,,,0,,
A017270,個人,個人賣家,2009-08-01,4,0,,,0,,
A017271,個人,個人賣家,2026-03-05,0,0,,,0,,
A017272,個人,個人賣家,2017-12-04,20,0,,,0,,
A017273,個人,個人賣家,2010-08-21,18,0,,,0,,
A017274,個人,個人賣家,2015-11-21,16,0,,,0,,
A017275,個人,個人賣家,2008-01-16,6,0,,,0,,
A017276,個人,個人賣家,2006-05-14,17,0,,,0,,
A017277,個人,個人賣家,2025-11-29,0,0,,,0,,
A017278,個人,個人賣家,2026-04-16,0,0,,,0,,
A017279,個人,個人賣家,2026-05-29,0,0,,,0,,
A017280,個人,個人賣家,2022-01-04,25,0,,,0,,
A017281,個人,個人賣家,2008-09-28,833,0,,,0,,
A017282,個人,個人賣家,2025-12-19,0,0,,,0,,
A017283,個人,個人賣家,2026-01-31,0,0,,,0,,
A017284,個人,個人賣家,2025-12-25,0,0,,,0,,
A017285,個人,個人賣家,2017-12-10,606,0,,,0,,
A017286,個人,個人賣家,2015-08-21,7,0,,,0,,
A017287,個人,個人賣家,2012-08-18,23,0,,,0,,
A017288,個人,個人賣家,2026-05-06,0,0,,,0,,
A017289,個人,個人賣家,2026-03-08,0,0,,,0,,
A017290,個人,個人賣家,2007-07-22,516,0,,,0,,
A017291,個人,個人賣家,2026-03-17,0,0,,,0,,
A017292,個人,個人賣家,2026-05-10,0,0,,,0,,
A017293,個人,個人賣家,2014-07-02,17,0,,,0,,
A017294,個人,個人賣家,2020-03-14,28,0,,,0,,
A017295,個人,個人賣家,2026-03-25,0,0,,,0,,
A017296,個人,個人賣家,2012-04-26,18,0,,,0,,
A017297,個人,個人賣家,2019-12-03,13,0,,,0,,
A017298,個人,個人賣家,2016-09-14,18,0,,,0,,
A017299,個人,個人賣家,2023-04-29,17,0,,,0,,
A017300,個人,個人賣家,2021-04-25,20,0,,,0,,
A017301,個人,個人賣家,2026-01-27,0,0,,,0,,
A017302,個人,個人賣家,2026-01-09,0,0,,,0,,
A017303,個人,個人賣家,2013-08-21,18,0,,,0,,
A017304,個人,個人賣家,2012-03-24,20,0,,,0,,
A017305,個人,個人賣家,2015-06-11,25,0,,,0,,
A017306,個人,個人賣家,2026-02-23,0,0,,,0,,
A017307,個人,個人賣家,2023-08-04,15,0,,,0,,
A017308,個人,個人賣家,2026-05-11,0,0,,,0,,
A017309,個人,個人賣家,2026-05-26,0,0,,,0,,
A017310,個人,個人賣家,2026-02-26,0,0,,,0,,
A017311,個人,個人賣家,2011-02-08,1073,0,,,0,,
A017312,個人,個人賣家,2026-03-15,0,0,,,0,,
A017313,個人,個人賣家,2014-09-24,30,0,,,0,,
A017314,個人,個人賣家,2026-01-17,0,0,,,0,,
A017315,個人,個人賣家,2025-12-16,0,0,,,0,,
A017316,個人,個人賣家,2009-03-20,816,0,,,0,,
A017317,個人,個人賣家,2026-01-11,0,0,,,0,,
A017318,個人,個人賣家,2018-10-23,899,0,,,0,,
A017319,個人,個人賣家,2026-05-29,0,0,,,0,,
A017320,個人,個人賣家,2017-02-16,15,0,,,0,,
A017321,個人,個人賣家,2026-03-13,0,0,,,0,,
A017322,個人,個人賣家,2026-03-19,0,0,,,0,,
A017323,個人,個人賣家,2026-04-10,0,0,,,0,,
A017324,個人,個人賣家,2015-08-08,6,0,,,0,,
A017325,個人,個人賣家,2016-07-14,277,0,,,0,,
A017326,個人,個人賣家,2026-01-24,0,0,,,0,,
A017327,個人,個人賣家,2026-04-03,0,0,,,0,,
A017328,個人,個人賣家,2011-08-24,23,0,,,0,,
A017329,個人,個人賣家,2006-06-29,556,0,,,0,,
A017330,個人,個人賣家,2026-04-09,0,0,,,0,,
A017331,個人,個人賣家,2019-07-01,725,0,,,0,,
A017332,個人,個人賣家,2026-04-09,0,0,,,0,,
A017333,個人,個人賣家,2026-03-19,0,0,,,0,,
A017334,個人,個人賣家,2009-05-05,18,0,,,0,,
A017335,個人,個人賣家,2017-09-21,22,0,,,0,,
A017336,個人,個人賣家,2026-01-26,0,0,,,0,,
A017337,個人,個人賣家,2009-08-31,1023,0,,,0,,
A017338,個人,個人賣家,2026-04-28,0,0,,,0,,
A017339,個人,個人賣家,2026-01-17,0,0,,,0,,
A017340,個人,個人賣家,2019-08-23,23,0,,,0,,
A017341,個人,個人賣家,2018-10-09,12,0,,,0,,
A017342,個人,個人賣家,2023-08-27,14,0,,,0,,
A017343,個人,個人賣家,2026-02-07,0,0,,,0,,
A017344,個人,個人賣家,2026-04-29,0,0,,,0,,
A017345,個人,個人賣家,2013-11-14,221,0,,,0,,
A017346,個人,個人賣家,2026-01-01,0,0,,,0,,
A017347,個人,個人賣家,2013-02-08,951,0,,,0,,
A017348,個人,個人賣家,2026-01-15,0,0,,,0,,
A017349,個人,個人賣家,2026-01-21,0,0,,,0,,
A017350,個人,個人賣家,2008-10-19,21,0,,,0,,
A017351,個人,個人賣家,2007-07-12,6,0,,,0,,
A017352,個人,個人賣家,2026-04-19,0,0,,,0,,
A017353,個人,個人賣家,2026-03-06,0,0,,,0,,
A017354,個人,個人賣家,2025-12-17,0,0,,,0,,
A017355,個人,個人賣家,2026-01-23,0,0,,,0,,
A017356,個人,個人賣家,2026-02-10,0,0,,,0,,
A017357,個人,個人賣家,2025-12-05,0,0,,,0,,
A017358,個人,個人賣家,2007-01-06,436,0,,,0,,
A017359,個人,個人賣家,2026-03-06,0,0,,,0,,
A017360,個人,個人賣家,2023-05-18,966,0,,,0,,
A017361,個人,個人賣家,2025-12-29,0,0,,,0,,
A017362,個人,個人賣家,2008-10-06,4,0,,,0,,
A017363,個人,個人賣家,2026-02-23,0,0,,,0,,
A017364,個人,個人賣家,2010-10-03,876,0,,,0,,
A017365,個人,個人賣家,2017-09-23,17,0,,,0,,
A017366,個人,個人賣家,2026-04-07,0,0,,,0,,
A017367,個人,個人賣家,2010-11-08,0,0,,,0,,
A017368,個人,個人賣家,2014-07-24,755,0,,,0,,
A017369,個人,個人賣家,2026-02-11,0,0,,,0,,
A017370,個人,個人賣家,2016-01-17,582,0,,,0,,
A017371,個人,個人賣家,2024-11-28,357,0,,,0,,
A017372,個人,個人賣家,2011-04-08,0,0,,,0,,
A017373,個人,個人賣家,2011-06-26,30,0,,,0,,
A017374,個人,個人賣家,2025-11-25,0,0,,,0,,
A017375,個人,個人賣家,2025-12-21,0,0,,,0,,
A017376,個人,個人賣家,2019-12-19,10,0,,,0,,
A017377,個人,個人賣家,2026-02-17,0,0,,,0,,
A017378,個人,個人賣家,2015-08-09,727,0,,,0,,
A017379,個人,個人賣家,2026-04-23,0,0,,,0,,
A017380,個人,個人賣家,2026-03-28,0,0,,,0,,
A017381,個人,個人賣家,2018-03-10,8,0,,,0,,
A017382,個人,個人賣家,2026-04-23,0,0,,,0,,
A017383,個人,個人賣家,2011-09-13,1188,0,,,0,,
A017384,個人,個人賣家,2026-01-19,0,0,,,0,,
A017385,個人,個人賣家,2026-02-03,0,0,,,0,,
A017386,個人,個人賣家,2026-03-11,0,0,,,0,,
A017387,個人,個人賣家,2016-10-24,849,0,,,0,,
A017388,個人,個人賣家,2017-06-19,349,0,,,0,,
A017389,個人,個人賣家,2026-02-13,0,0,,,0,,
A017390,個人,個人賣家,2026-03-18,0,0,,,0,,
A017391,個人,個人賣家,2017-02-27,597,0,,,0,,
A017392,個人,個人賣家,2006-06-21,21,0,,,0,,
A017393,個人,個人賣家,2019-01-29,13,0,,,0,,
A017394,個人,個人賣家,2007-02-08,11,0,,,0,,
A017395,個人,個人賣家,2021-03-17,30,0,,,0,,
A017396,個人,個人賣家,2016-05-31,243,0,,,0,,
A017397,個人,個人賣家,2026-04-10,0,0,,,0,,
A017398,個人,個人賣家,2008-03-02,371,0,,,0,,
A017399,個人,個人賣家,2011-05-17,411,0,,,0,,
A017400,個人,個人賣家,2026-03-17,0,0,,,0,,
A017401,個人,個人賣家,2025-12-26,0,0,,,0,,
A017402,個人,個人賣家,2026-02-02,0,0,,,0,,
A017403,個人,個人賣家,2012-12-01,26,0,,,0,,
A017404,個人,個人賣家,2026-01-12,0,0,,,0,,
A017405,個人,個人賣家,2026-04-03,0,0,,,0,,
A017406,個人,個人賣家,2007-12-12,296,0,,,0,,
A017407,個人,個人賣家,2015-07-02,29,0,,,0,,
A017408,個人,個人賣家,2026-01-23,0,0,,,0,,
A017409,個人,個人賣家,2009-11-02,11,0,,,0,,
A017410,個人,個人賣家,2026-02-17,0,0,,,0,,
A017411,個人,個人賣家,2024-12-26,633,0,,,0,,
A017412,個人,個人賣家,2025-11-28,0,0,,,0,,
A017413,個人,個人賣家,2026-02-12,0,0,,,0,,
A017414,個人,個人賣家,2016-04-11,944,0,,,0,,
A017415,個人,個人賣家,2026-03-27,0,0,,,0,,
A017416,個人,個人賣家,2026-01-07,0,0,,,0,,
A017417,個人,個人賣家,2026-04-11,0,0,,,0,,
A017418,個人,個人賣家,2026-05-16,0,0,,,0,,
A017419,個人,個人賣家,2025-12-28,0,0,,,0,,
A017420,個人,個人賣家,2026-03-19,0,0,,,0,,
A017421,個人,個人賣家,2026-01-24,0,0,,,0,,
A017422,個人,個人賣家,2026-03-22,0,0,,,0,,
A017423,個人,個人賣家,2026-04-29,0,0,,,0,,
A017424,個人,個人賣家,2013-10-08,495,0,,,0,,
A017425,個人,個人賣家,2026-01-30,0,0,,,0,,
A017426,個人,個人賣家,2026-02-02,0,0,,,0,,
A017427,個人,個人賣家,2016-12-17,3,0,,,0,,
A017428,個人,個人賣家,2019-07-11,8,0,,,0,,
A017429,個人,個人賣家,2021-06-19,12,0,,,0,,
A017430,個人,個人賣家,2010-06-07,16,0,,,0,,
A017431,個人,個人賣家,2026-02-06,0,0,,,0,,
A017432,個人,個人賣家,2026-01-18,0,0,,,0,,
A017433,個人,個人賣家,2009-11-19,18,0,,,0,,
A017434,個人,個人賣家,2024-10-18,536,0,,,0,,
A017435,個人,個人賣家,2026-04-01,0,0,,,0,,
A017436,個人,個人賣家,2008-04-09,9,0,,,0,,
A017437,個人,個人賣家,2026-03-05,0,0,,,0,,
A017438,個人,個人賣家,2026-04-26,0,0,,,0,,
A017439,個人,個人賣家,2026-03-18,0,0,,,0,,
A017440,個人,個人賣家,2025-12-31,0,0,,,0,,
A017441,個人,個人賣家,2026-01-04,0,0,,,0,,
A017442,個人,個人賣家,2010-06-05,19,0,,,0,,
A017443,個人,個人賣家,2026-02-25,0,0,,,0,,
A017444,個人,個人賣家,2006-04-18,21,0,,,0,,
A017445,個人,個人賣家,2014-09-14,27,0,,,0,,
A017446,個人,個人賣家,2026-02-16,0,0,,,0,,
A017447,個人,個人賣家,2026-04-09,0,0,,,0,,
A017448,個人,個人賣家,2008-09-08,18,0,,,0,,
A017449,個人,個人賣家,2025-12-18,0,0,,,0,,
A017450,個人,個人賣家,2016-07-06,17,0,,,0,,
A017451,個人,個人賣家,2015-05-27,9,0,,,0,,
A017452,個人,個人賣家,2026-01-23,0,0,,,0,,
A017453,個人,個人賣家,2009-10-08,27,0,,,0,,
A017454,個人,個人賣家,2016-01-14,12,0,,,0,,
A017455,個人,個人賣家,2026-01-28,0,0,,,0,,
A017456,個人,個人賣家,2026-02-10,0,0,,,0,,
A017457,個人,個人賣家,2020-06-22,733,0,,,0,,
A017458,個人,個人賣家,2017-06-24,15,0,,,0,,
A017459,個人,個人賣家,2015-09-07,12,0,,,0,,
A017460,個人,個人賣家,2026-03-19,0,0,,,0,,
A017461,個人,個人賣家,2026-01-26,0,0,,,0,,
A017462,個人,個人賣家,2007-03-11,606,0,,,0,,
A017463,個人,個人賣家,2018-05-15,480,0,,,0,,
A017464,個人,個人賣家,2026-01-15,0,0,,,0,,
A017465,個人,個人賣家,2026-04-15,0,0,,,0,,
A017466,個人,個人賣家,2020-05-08,725,0,,,0,,
A017467,個人,個人賣家,2019-10-24,30,0,,,0,,
A017468,個人,個人賣家,2009-11-25,24,0,,,0,,
A017469,個人,個人賣家,2026-03-29,0,0,,,0,,
A017470,個人,個人賣家,2025-12-22,0,0,,,0,,
A017471,個人,個人賣家,2026-01-29,0,0,,,0,,
A017472,個人,個人賣家,2007-05-18,1027,0,,,0,,
A017473,個人,個人賣家,2026-03-21,0,0,,,0,,
A017474,個人,個人賣家,2026-01-18,0,0,,,0,,
A017475,個人,個人賣家,2018-01-12,0,0,,,0,,
A017476,個人,個人賣家,2015-09-30,491,0,,,0,,
A017477,個人,個人賣家,2019-09-29,588,0,,,0,,
A017478,個人,個人賣家,2015-12-17,796,0,,,0,,
A017479,個人,個人賣家,2026-03-01,0,0,,,0,,
A017480,個人,個人賣家,2022-04-11,15,0,,,0,,
A017481,個人,個人賣家,2015-02-04,5,0,,,0,,
A017482,個人,個人賣家,2026-01-13,0,0,,,0,,
A017483,個人,個人賣家,2006-06-01,16,0,,,0,,
A017484,個人,個人賣家,2026-01-14,0,0,,,0,,
A017485,個人,個人賣家,2012-01-16,26,0,,,0,,
A017486,個人,個人賣家,2013-04-10,634,0,,,0,,
A017487,個人,個人賣家,2026-01-09,0,0,,,0,,
A017488,個人,個人賣家,2021-06-10,7,0,,,0,,
A017489,個人,個人賣家,2025-12-23,0,0,,,0,,
A017490,個人,個人賣家,2012-11-30,16,0,,,0,,
A017491,個人,個人賣家,2006-12-25,2,0,,,0,,
A017492,個人,個人賣家,2026-05-14,0,0,,,0,,
A017493,個人,個人賣家,2026-03-05,0,0,,,0,,
A017494,個人,個人賣家,2007-12-06,15,0,,,0,,
A017495,個人,個人賣家,2026-01-28,0,0,,,0,,
A017496,個人,個人賣家,2026-02-01,0,0,,,0,,
A017497,個人,個人賣家,2026-03-17,0,0,,,0,,
A017498,個人,個人賣家,2026-01-16,0,0,,,0,,
A017499,個人,個人賣家,2024-09-19,27,0,,,0,,
A017500,個人,個人賣家,2026-03-08,0,0,,,0,,
A017501,個人,個人賣家,2026-01-05,0,0,,,0,,
A017502,個人,個人賣家,2023-10-04,23,0,,,0,,
A017503,個人,個人賣家,2022-12-29,1198,0,,,0,,
A017504,個人,個人賣家,2026-01-23,0,0,,,0,,
A017505,個人,個人賣家,2020-07-18,19,0,,,0,,
A017506,個人,個人賣家,2026-04-15,0,0,,,0,,
A017507,個人,個人賣家,2026-01-20,0,0,,,0,,
A017508,個人,個人賣家,2026-01-25,0,0,,,0,,
A017509,個人,個人賣家,2014-12-16,2,0,,,0,,
A017510,個人,個人賣家,2022-01-12,728,0,,,0,,
A017511,個人,個人賣家,2025-12-12,0,0,,,0,,
A017512,個人,個人賣家,2026-01-06,0,0,,,0,,
A017513,個人,個人賣家,2026-01-20,0,0,,,0,,
A017514,個人,個人賣家,2021-05-18,1074,0,,,0,,
A017515,個人,個人賣家,2014-03-14,699,0,,,0,,
A017516,個人,個人賣家,2026-02-27,0,0,,,0,,
A017517,個人,個人賣家,2009-12-05,28,0,,,0,,
A017518,個人,個人賣家,2026-04-28,0,0,,,0,,
A017519,個人,個人賣家,2017-09-23,14,0,,,0,,
A017520,個人,個人賣家,2024-04-18,955,0,,,0,,
A017521,個人,個人賣家,2025-12-13,0,0,,,0,,
A017522,個人,個人賣家,2026-01-19,0,0,,,0,,
A017523,個人,個人賣家,2026-03-15,0,0,,,0,,
A017524,個人,個人賣家,2026-01-05,0,0,,,0,,
A017525,個人,個人賣家,2026-03-04,0,0,,,0,,
A017526,個人,個人賣家,2026-02-05,0,0,,,0,,
A017527,個人,個人賣家,2022-10-20,988,0,,,0,,
A017528,個人,個人賣家,2019-05-04,0,0,,,0,,
A017529,個人,個人賣家,2015-06-18,28,0,,,0,,
A017530,個人,個人賣家,2026-03-15,0,0,,,0,,
A017531,個人,個人賣家,2026-02-22,0,0,,,0,,
A017532,個人,個人賣家,2026-02-13,0,0,,,0,,
A017533,個人,個人賣家,2022-11-24,1155,0,,,0,,
A017534,個人,個人賣家,2026-04-19,0,0,,,0,,
A017535,個人,個人賣家,2011-07-23,22,0,,,0,,
A017536,個人,個人賣家,2017-08-12,14,0,,,0,,
A017537,個人,個人賣家,2026-01-16,0,0,,,0,,
A017538,個人,個人賣家,2007-10-22,14,0,,,0,,
A017539,個人,個人賣家,2026-05-03,0,0,,,0,,
A017540,個人,個人賣家,2010-03-31,1151,0,,,0,,
A017541,個人,個人賣家,2007-06-07,237,0,,,0,,
A017542,個人,個人賣家,2026-01-01,0,0,,,0,,
A017543,個人,個人賣家,2026-03-14,0,0,,,0,,
A017544,個人,個人賣家,2026-02-15,0,0,,,0,,
A017545,個人,個人賣家,2026-02-20,0,0,,,0,,
A017546,個人,個人賣家,2015-09-25,989,0,,,0,,
A017547,個人,個人賣家,2016-10-17,252,0,,,0,,
A017548,個人,個人賣家,2020-07-22,1160,0,,,0,,
A017549,個人,個人賣家,2026-04-21,0,0,,,0,,
A017550,個人,個人賣家,2026-01-27,0,0,,,0,,
A017551,個人,個人賣家,2026-04-03,0,0,,,0,,
A017552,個人,個人賣家,2023-12-19,14,0,,,0,,
A017553,個人,個人賣家,2007-09-06,479,0,,,0,,
A017554,個人,個人賣家,2022-11-22,765,0,,,0,,
A017555,個人,個人賣家,2019-04-01,15,0,,,0,,
A017556,個人,個人賣家,2026-04-02,0,0,,,0,,
A017557,個人,個人賣家,2006-09-16,530,0,,,0,,
A017558,個人,個人賣家,2007-03-21,939,0,,,0,,
A017559,個人,第一層人頭帳戶,2006-03-20,12,1,G01,假投資,1,2026-02-26,出售帳戶
A017560,個人,第二層人頭帳戶,2026-01-23,0,1,G01,假投資,2,2026-03-04,新開戶
A017561,個人,第二層人頭帳戶,2026-01-14,0,1,G01,假投資,2,,新開戶
A017562,個人,第一層人頭帳戶,2026-02-07,0,1,G01,假投資,1,2026-03-06,新開戶
A017563,個人,第二層人頭帳戶,2018-01-16,348,1,G01,假投資,2,,休眠帳戶
A017564,個人,第一層人頭帳戶,2021-08-01,12,1,G01,假投資,1,2026-03-16,出售帳戶
A017565,個人,第一層人頭帳戶,2017-02-17,398,1,G01,假投資,1,2026-03-24,休眠帳戶
A017566,個人,第一層人頭帳戶,2009-11-07,3,1,G01,假投資,1,2026-03-24,出售帳戶
A017567,個人,第一層人頭帳戶,2016-01-08,632,1,G01,假投資,1,2026-04-07,休眠帳戶
A017568,個人,第一層人頭帳戶,2021-08-01,1390,1,G01,假投資,1,2026-04-04,休眠帳戶
A017569,個人,第一層人頭帳戶,2014-03-03,832,1,G01,假投資,1,2026-04-09,休眠帳戶
A017570,個人,第一層人頭帳戶,2014-08-18,265,1,G01,假投資,1,2026-04-22,休眠帳戶
A017571,個人,第一層人頭帳戶,2026-03-12,0,1,G01,假投資,1,2026-04-30,新開戶
A017572,個人,第一層人頭帳戶,2026-03-27,0,1,G01,假投資,1,2026-05-15,新開戶
A017573,個人,第一層人頭帳戶,2026-04-05,0,1,G01,假投資,1,2026-05-21,新開戶
A017574,個人,第一層人頭帳戶,2006-08-09,19,1,G02,假投資,1,2026-02-09,出售帳戶
A017575,個人,第二層人頭帳戶,2017-12-16,339,1,G02,假投資,2,2026-03-20,休眠帳戶
A017576,個人,第二層人頭帳戶,2017-01-02,906,1,G02,假投資,2,2026-04-03,休眠帳戶
A017577,個人,第一層人頭帳戶,2026-01-03,0,1,G02,假投資,1,2026-02-16,新開戶
A017578,個人,第一層人頭帳戶,2026-01-28,0,1,G02,假投資,1,2026-02-20,新開戶
A017579,個人,第一層人頭帳戶,2026-02-12,0,1,G02,假投資,1,2026-03-04,新開戶
A017580,個人,第一層人頭帳戶,2013-03-27,329,1,G02,假投資,1,2026-03-07,休眠帳戶
A017581,個人,第一層人頭帳戶,2026-02-08,0,1,G02,假投資,1,2026-03-15,新開戶
A017582,個人,第一層人頭帳戶,2008-08-05,384,1,G02,假投資,1,2026-03-26,休眠帳戶
A017583,個人,第一層人頭帳戶,2026-03-16,0,1,G02,假投資,1,2026-03-31,新開戶
A017584,個人,第二層人頭帳戶,2012-02-23,443,1,G02,假投資,2,2026-05-04,休眠帳戶
A017585,個人,第一層人頭帳戶,2026-02-22,0,1,G02,假投資,1,2026-04-01,新開戶
A017586,個人,第一層人頭帳戶,2011-04-27,235,1,G02,假投資,1,2026-04-11,休眠帳戶
A017587,個人,第二層人頭帳戶,2026-03-13,0,1,G02,假投資,2,2026-06-11,新開戶
A017588,個人,第一層人頭帳戶,2015-10-15,778,1,G02,假投資,1,2026-04-21,休眠帳戶
A017589,個人,第一層人頭帳戶,2026-04-06,0,1,G02,假投資,1,2026-05-06,新開戶
A017590,個人,第一層人頭帳戶,2026-01-08,0,1,G03,假投資,1,2026-02-14,新開戶
A017591,個人,第二層人頭帳戶,2011-01-25,2,1,G03,假投資,2,,出售帳戶
A017592,個人,第二層人頭帳戶,2026-01-24,0,1,G03,假投資,2,2026-03-13,新開戶
A017593,個人,第一層人頭帳戶,2009-11-28,1348,1,G03,假投資,1,2026-02-14,休眠帳戶
A017594,個人,第一層人頭帳戶,2016-05-24,16,1,G03,假投資,1,2026-02-27,出售帳戶
A017595,個人,第一層人頭帳戶,2026-02-16,0,1,G03,假投資,1,2026-03-12,新開戶
A017596,個人,第一層人頭帳戶,2013-10-18,18,1,G03,假投資,1,2026-03-12,出售帳戶
A017597,個人,第一層人頭帳戶,2006-09-26,1187,1,G03,假投資,1,2026-03-24,休眠帳戶
A017598,個人,第二層人頭帳戶,2019-10-04,10,1,G03,假投資,2,,出售帳戶
A017599,個人,第一層人頭帳戶,2026-03-03,0,1,G03,假投資,1,2026-03-30,新開戶
A017600,個人,第一層人頭帳戶,2020-01-26,290,1,G03,假投資,1,2026-04-07,休眠帳戶
A017601,個人,第一層人頭帳戶,2026-03-16,0,1,G03,假投資,1,2026-05-01,新開戶
A017602,個人,第一層人頭帳戶,2021-02-06,1173,1,G04,假投資,1,2026-03-19,休眠帳戶
A017603,個人,第二層人頭帳戶,2024-01-07,13,1,G04,假投資,2,2026-04-22,出售帳戶
A017604,個人,第二層人頭帳戶,2026-02-24,0,1,G04,假投資,2,2026-04-15,新開戶
A017605,個人,第一層人頭帳戶,2026-02-08,0,1,G04,假投資,1,2026-03-28,新開戶
A017606,個人,第一層人頭帳戶,2009-05-15,542,1,G04,假投資,1,2026-04-07,休眠帳戶
A017607,個人,第一層人頭帳戶,2009-02-02,6,1,G04,假投資,1,2026-04-13,出售帳戶
A017608,個人,第一層人頭帳戶,2026-03-29,0,1,G04,假投資,1,2026-04-16,新開戶
A017609,個人,第二層人頭帳戶,2013-08-19,994,1,G04,假投資,2,,休眠帳戶
A017610,個人,第一層人頭帳戶,2023-10-26,3,1,G04,假投資,1,2026-04-29,出售帳戶
A017611,個人,第二層人頭帳戶,2009-12-30,15,1,G04,假投資,2,2026-06-25,出售帳戶
A017612,個人,第一層人頭帳戶,2018-03-06,17,1,G04,假投資,1,2026-05-07,出售帳戶
A017613,個人,第一層人頭帳戶,2012-08-30,245,1,G04,假投資,1,2026-05-15,休眠帳戶
A017614,個人,第一層人頭帳戶,2018-09-11,978,1,G04,假投資,1,2026-05-21,休眠帳戶
A017615,個人,第一層人頭帳戶,2010-07-20,11,1,G04,假投資,1,2026-06-06,出售帳戶
A017616,個人,第一層人頭帳戶,2007-11-25,1,1,G05,假投資,1,2026-04-11,出售帳戶
A017617,個人,第二層人頭帳戶,2019-07-30,4,1,G05,假投資,2,2026-04-28,出售帳戶
A017618,個人,第二層人頭帳戶,2026-03-30,0,1,G05,假投資,2,2026-05-17,新開戶
A017619,個人,第一層人頭帳戶,2017-11-26,4,1,G05,假投資,1,2026-04-23,出售帳戶
A017620,個人,第一層人頭帳戶,2024-05-31,2,1,G05,假投資,1,2026-05-07,出售帳戶
A017621,個人,第二層人頭帳戶,2019-07-03,1195,1,G05,假投資,2,2026-06-24,休眠帳戶
A017622,個人,第一層人頭帳戶,2009-06-06,1350,1,G05,假投資,1,2026-05-16,休眠帳戶
A017623,個人,第一層人頭帳戶,2015-12-07,244,1,G05,假投資,1,2026-05-17,休眠帳戶
A017624,個人,第一層人頭帳戶,2026-04-24,0,1,G05,假投資,1,2026-06-10,新開戶
A017625,個人,第二層人頭帳戶,2026-04-07,0,1,G05,假投資,2,2026-06-29,新開戶
A017626,個人,第一層人頭帳戶,2026-04-30,0,1,G05,假投資,1,2026-06-23,新開戶
A017627,個人,第一層人頭帳戶,2006-04-19,959,1,G06,假投資,1,2026-04-16,休眠帳戶
A017628,個人,第二層人頭帳戶,2026-02-17,0,1,G06,假投資,2,2026-05-07,新開戶
A017629,個人,第二層人頭帳戶,2011-11-12,11,1,G06,假投資,2,2026-05-30,出售帳戶
A017630,個人,第一層人頭帳戶,2017-07-01,5,1,G06,假投資,1,2026-04-18,出售帳戶
A017631,個人,第一層人頭帳戶,2014-02-13,6,1,G06,假投資,1,2026-04-20,出售帳戶
A017632,個人,第一層人頭帳戶,2016-06-13,961,1,G06,假投資,1,2026-05-04,休眠帳戶
A017633,個人,第一層人頭帳戶,2021-07-22,14,1,G06,假投資,1,2026-05-04,出售帳戶
A017634,個人,第一層人頭帳戶,2026-04-19,0,1,G06,假投資,1,2026-05-13,新開戶
A017635,個人,第二層人頭帳戶,2026-05-04,0,1,G06,假投資,2,2026-06-15,新開戶
A017636,個人,第一層人頭帳戶,2016-12-26,831,1,G06,假投資,1,2026-05-13,休眠帳戶
A017637,個人,第一層人頭帳戶,2026-04-12,0,1,G06,假投資,1,2026-05-21,新開戶
A017638,個人,第一層人頭帳戶,2017-01-21,6,1,G06,假投資,1,2026-05-28,出售帳戶
A017639,個人,第一層人頭帳戶,2026-04-09,0,1,G06,假投資,1,2026-05-28,新開戶
A017640,個人,第一層人頭帳戶,2018-11-05,378,1,G06,假投資,1,2026-06-09,休眠帳戶
A017641,個人,第一層人頭帳戶,2016-02-10,4,1,G06,假投資,1,,出售帳戶
A017642,個人,第一層人頭帳戶,2026-01-11,0,1,G07,假投資,1,2026-03-06,新開戶
A017643,個人,第二層人頭帳戶,2018-03-16,575,1,G07,假投資,2,2026-05-03,休眠帳戶
A017644,個人,第二層人頭帳戶,2014-04-18,1100,1,G07,假投資,2,,休眠帳戶
A017645,個人,第一層人頭帳戶,2021-08-25,1337,1,G07,假投資,1,2026-03-15,休眠帳戶
A017646,個人,第一層人頭帳戶,2026-02-26,0,1,G07,假投資,1,2026-03-22,新開戶
A017647,個人,第一層人頭帳戶,2017-05-10,1268,1,G07,假投資,1,2026-04-01,休眠帳戶
A017648,個人,第一層人頭帳戶,2026-03-20,0,1,G07,假投資,1,2026-04-11,新開戶
A017649,個人,第一層人頭帳戶,2011-02-05,6,1,G07,假投資,1,2026-04-25,出售帳戶
A017650,個人,第一層人頭帳戶,2015-04-14,953,1,G07,假投資,1,2026-04-29,休眠帳戶
A017651,個人,第一層人頭帳戶,2007-02-25,20,1,G07,假投資,1,2026-05-13,出售帳戶
A017652,個人,第二層人頭帳戶,2026-05-02,0,1,G07,假投資,2,2026-06-07,新開戶
A017653,個人,第一層人頭帳戶,2011-02-23,6,1,G07,假投資,1,2026-05-24,出售帳戶
A017654,個人,第一層人頭帳戶,2010-04-30,1428,1,G07,假投資,1,2026-05-24,休眠帳戶
A017655,個人,第一層人頭帳戶,2026-05-08,0,1,G07,假投資,1,2026-06-04,新開戶
A017656,個人,第一層人頭帳戶,2026-04-20,0,1,G07,假投資,1,2026-06-27,新開戶
A017657,個人,第一層人頭帳戶,2008-07-09,893,1,G08,網購詐騙,1,2026-02-05,休眠帳戶
A017658,個人,第二層人頭帳戶,2017-01-10,634,1,G08,網購詐騙,2,,休眠帳戶
A017660,個人,第一層人頭帳戶,2024-01-12,977,1,G08,網購詐騙,1,2026-02-11,休眠帳戶
A017661,個人,第一層人頭帳戶,2026-01-17,0,1,G08,網購詐騙,1,2026-03-02,新開戶
A017662,個人,第一層人頭帳戶,2017-08-10,414,1,G08,網購詐騙,1,2026-03-02,休眠帳戶
A017663,個人,第二層人頭帳戶,2026-01-28,0,1,G08,網購詐騙,2,2026-05-04,新開戶
A017664,個人,第一層人頭帳戶,2016-06-10,986,1,G08,網購詐騙,1,2026-03-04,休眠帳戶
A017665,個人,第一層人頭帳戶,2022-12-28,354,1,G08,網購詐騙,1,2026-03-07,休眠帳戶
A017666,個人,第一層人頭帳戶,2015-02-12,623,1,G08,網購詐騙,1,2026-03-18,休眠帳戶
A017667,個人,第一層人頭帳戶,2017-06-14,8,1,G08,網購詐騙,1,2026-03-18,出售帳戶
A017668,個人,第一層人頭帳戶,2026-03-08,0,1,G08,網購詐騙,1,2026-03-20,新開戶
A017669,個人,第一層人頭帳戶,2017-04-27,400,1,G08,網購詐騙,1,2026-03-23,休眠帳戶
A017670,個人,第一層人頭帳戶,2020-12-14,840,1,G08,網購詐騙,1,2026-03-28,休眠帳戶
A017671,個人,第一層人頭帳戶,2019-10-03,1210,1,G08,網購詐騙,1,2026-04-03,休眠帳戶
A017672,個人,第一層人頭帳戶,2026-02-19,0,1,G08,網購詐騙,1,2026-04-07,新開戶
A017673,個人,第一層人頭帳戶,2026-03-18,0,1,G08,網購詐騙,1,2026-04-11,新開戶
A017674,個人,第一層人頭帳戶,2014-10-09,4,1,G08,網購詐騙,1,2026-04-13,出售帳戶
A017675,個人,第一層人頭帳戶,2018-10-11,1208,1,G08,網購詐騙,1,2026-04-17,休眠帳戶
A017676,個人,第一層人頭帳戶,2010-11-19,879,1,G08,網購詐騙,1,2026-04-18,休眠帳戶
A017677,個人,第一層人頭帳戶,2021-07-28,17,1,G08,網購詐騙,1,2026-04-27,出售帳戶
A017678,個人,第一層人頭帳戶,2011-05-04,428,1,G09,網購詐騙,1,2026-03-28,休眠帳戶
A017679,個人,第二層人頭帳戶,2006-04-23,403,1,G09,網購詐騙,2,2026-05-18,休眠帳戶
A017680,個人,第一層人頭帳戶,2020-04-29,504,1,G09,網購詐騙,1,2026-04-06,休眠帳戶
A017681,個人,第一層人頭帳戶,2024-07-29,19,1,G09,網購詐騙,1,2026-05-03,出售帳戶
A017682,個人,第二層人頭帳戶,2024-12-23,1104,1,G09,網購詐騙,2,2026-05-19,休眠帳戶
A017683,個人,第一層人頭帳戶,2022-03-02,3,1,G09,網購詐騙,1,2026-05-14,出售帳戶
A017684,個人,第一層人頭帳戶,2026-04-29,0,1,G09,網購詐騙,1,2026-05-18,新開戶
A017685,個人,第二層人頭帳戶,2020-02-03,252,1,G09,網購詐騙,2,,休眠帳戶
A017686,個人,第一層人頭帳戶,2013-10-23,1427,1,G09,網購詐騙,1,2026-05-21,休眠帳戶
A017687,個人,第一層人頭帳戶,2008-01-06,868,1,G09,網購詐騙,1,2026-05-30,休眠帳戶
A017688,個人,第二層人頭帳戶,2008-11-19,1312,1,G09,網購詐騙,2,2026-06-24,休眠帳戶
A017689,個人,第一層人頭帳戶,2022-03-01,1122,1,G09,網購詐騙,1,2026-05-30,休眠帳戶
A017690,個人,第一層人頭帳戶,2017-11-08,6,1,G09,網購詐騙,1,2026-06-05,出售帳戶
A017691,個人,第一層人頭帳戶,2026-05-24,0,1,G09,網購詐騙,1,2026-06-05,新開戶
A017692,個人,第一層人頭帳戶,2026-05-23,0,1,G09,網購詐騙,1,2026-06-07,新開戶
A017693,個人,第一層人頭帳戶,2026-05-16,0,1,G09,網購詐騙,1,2026-06-12,新開戶
A017694,個人,第一層人頭帳戶,2009-03-18,14,1,G09,網購詐騙,1,2026-06-21,出售帳戶
A017695,個人,第一層人頭帳戶,2026-05-26,0,1,G09,網購詐騙,1,2026-06-22,新開戶
A017696,個人,第一層人頭帳戶,2023-01-30,12,1,G10,網購詐騙,1,2026-03-13,出售帳戶
A017697,個人,第一層人頭帳戶,2018-06-06,871,1,G10,網購詐騙,1,2026-03-13,休眠帳戶
A017698,個人,第二層人頭帳戶,2016-03-18,669,1,G10,網購詐騙,2,,休眠帳戶
A017699,個人,第一層人頭帳戶,2016-06-25,10,1,G10,網購詐騙,1,2026-03-14,出售帳戶
A017700,個人,第二層人頭帳戶,2007-06-03,572,1,G10,網購詐騙,2,2026-05-06,休眠帳戶
A017701,個人,第一層人頭帳戶,2009-08-14,721,1,G10,網購詐騙,1,2026-03-17,休眠帳戶
A017702,個人,第一層人頭帳戶,2016-01-29,727,1,G10,網購詐騙,1,2026-03-24,休眠帳戶
A017703,個人,第一層人頭帳戶,2016-10-30,274,1,G10,網購詐騙,1,2026-04-10,休眠帳戶
A017704,個人,第一層人頭帳戶,2008-12-19,278,1,G10,網購詐騙,1,2026-04-13,休眠帳戶
A017705,個人,第一層人頭帳戶,2026-03-31,0,1,G10,網購詐騙,1,2026-04-22,新開戶
A017706,個人,第一層人頭帳戶,2026-03-28,0,1,G10,網購詐騙,1,2026-04-22,新開戶
A017707,個人,第一層人頭帳戶,2026-04-19,0,1,G10,網購詐騙,1,2026-04-22,新開戶
A017708,個人,第一層人頭帳戶,2011-11-07,1014,1,G10,網購詐騙,1,2026-04-23,休眠帳戶
A017709,個人,第一層人頭帳戶,2026-04-07,0,1,G10,網購詐騙,1,2026-04-25,新開戶
A017710,個人,第一層人頭帳戶,2025-12-27,0,1,G11,網購詐騙,1,2026-01-09,新開戶
A017711,個人,第二層人頭帳戶,2020-04-14,1060,1,G11,網購詐騙,2,,休眠帳戶
A017712,個人,第一層人頭帳戶,2025-12-08,0,1,G11,網購詐騙,1,2026-01-10,新開戶
A017713,個人,第一層人頭帳戶,2025-12-14,0,1,G11,網購詐騙,1,2026-01-17,新開戶
A017714,個人,第一層人頭帳戶,2025-12-11,0,1,G11,網購詐騙,1,2026-01-28,新開戶
A017715,個人,第一層人頭帳戶,2020-07-11,9,1,G11,網購詐騙,1,2026-02-03,出售帳戶
A017716,個人,第二層人頭帳戶,2009-08-18,8,1,G11,網購詐騙,2,,出售帳戶
A017717,個人,第一層人頭帳戶,2026-01-29,0,1,G11,網購詐騙,1,2026-02-13,新開戶
A017718,個人,第一層人頭帳戶,2026-02-03,0,1,G11,網購詐騙,1,2026-02-20,新開戶
A017719,個人,第一層人頭帳戶,2026-01-23,0,1,G11,網購詐騙,1,2026-02-19,新開戶
A017720,個人,第一層人頭帳戶,2026-01-23,0,1,G11,網購詐騙,1,2026-02-21,新開戶
A017721,個人,第一層人頭帳戶,2014-10-05,19,1,G11,網購詐騙,1,2026-02-21,出售帳戶
A017722,個人,第一層人頭帳戶,2026-02-15,0,1,G11,網購詐騙,1,2026-02-23,新開戶
A017723,個人,第一層人頭帳戶,2018-11-30,1443,1,G11,網購詐騙,1,2026-02-28,休眠帳戶
A017724,個人,第一層人頭帳戶,2026-01-28,0,1,G11,網購詐騙,1,2026-03-04,新開戶
A017725,個人,第一層人頭帳戶,2015-05-06,1050,1,G11,網購詐騙,1,2026-03-04,休眠帳戶
A017726,個人,第一層人頭帳戶,2026-02-25,0,1,G11,網購詐騙,1,2026-03-07,新開戶
A017727,個人,第一層人頭帳戶,2026-03-26,0,1,G12,網購詐騙,1,2026-04-01,新開戶
A017728,個人,第二層人頭帳戶,2011-03-19,630,1,G12,網購詐騙,2,2026-06-05,休眠帳戶
A017729,個人,第二層人頭帳戶,2021-03-14,967,1,G12,網購詐騙,2,,休眠帳戶
A017730,個人,第一層人頭帳戶,2007-07-06,8,1,G12,網購詐騙,1,2026-04-01,出售帳戶
A017731,個人,第一層人頭帳戶,2026-02-24,0,1,G12,網購詐騙,1,2026-04-06,新開戶
A017732,個人,第一層人頭帳戶,2006-03-16,918,1,G12,網購詐騙,1,2026-04-12,休眠帳戶
A017733,個人,第一層人頭帳戶,2011-04-25,2,1,G12,網購詐騙,1,2026-05-07,出售帳戶
A017734,個人,第一層人頭帳戶,2026-03-24,0,1,G12,網購詐騙,1,2026-05-08,新開戶
A017735,個人,第一層人頭帳戶,2026-04-21,0,1,G12,網購詐騙,1,2026-05-19,新開戶
A017736,個人,第一層人頭帳戶,2016-06-25,423,1,G12,網購詐騙,1,2026-05-23,休眠帳戶
A017737,個人,第一層人頭帳戶,2026-05-01,0,1,G12,網購詐騙,1,2026-06-03,新開戶
A017738,個人,第一層人頭帳戶,2020-01-01,230,1,G13,網購詐騙,1,2026-02-27,休眠帳戶
A017739,個人,第二層人頭帳戶,2026-01-24,0,1,G13,網購詐騙,2,2026-03-21,新開戶
A017740,個人,第一層人頭帳戶,2021-02-18,1161,1,G13,網購詐騙,1,2026-03-01,休眠帳戶
A017741,個人,第二層人頭帳戶,2026-02-12,0,1,G13,網購詐騙,2,2026-04-19,新開戶
A017742,個人,第一層人頭帳戶,2026-01-28,0,1,G13,網購詐騙,1,2026-03-04,新開戶
A017744,個人,第一層人頭帳戶,2016-11-26,634,1,G13,網購詐騙,1,2026-03-14,休眠帳戶
A017745,個人,第一層人頭帳戶,2007-08-19,409,1,G13,網購詐騙,1,2026-03-31,休眠帳戶
A017746,個人,第二層人頭帳戶,2010-02-10,332,1,G13,網購詐騙,2,2026-04-27,休眠帳戶
A017747,個人,第一層人頭帳戶,2026-03-05,0,1,G13,網購詐騙,1,2026-04-01,新開戶
A017748,個人,第一層人頭帳戶,2012-09-24,6,1,G13,網購詐騙,1,2026-04-06,出售帳戶
A017749,個人,第一層人頭帳戶,2026-03-14,0,1,G13,網購詐騙,1,2026-04-15,新開戶
A017750,個人,第一層人頭帳戶,2015-12-25,1052,1,G13,網購詐騙,1,2026-04-16,休眠帳戶
A017751,個人,第一層人頭帳戶,2011-06-19,502,1,G13,網購詐騙,1,2026-04-17,休眠帳戶
A017752,個人,第一層人頭帳戶,2018-06-26,688,1,G13,網購詐騙,1,2026-04-25,休眠帳戶
A017753,個人,第一層人頭帳戶,2015-01-12,517,1,G14,解除分期,1,2026-03-14,休眠帳戶
A017754,個人,第一層人頭帳戶,2008-06-06,386,1,G14,解除分期,1,2026-03-15,休眠帳戶
A017755,個人,第一層人頭帳戶,2017-11-18,645,1,G14,解除分期,1,2026-04-27,休眠帳戶
A017756,個人,第一層人頭帳戶,2017-12-04,955,1,G14,解除分期,1,2026-04-29,休眠帳戶
A017757,個人,第一層人頭帳戶,2013-01-23,12,1,G14,解除分期,1,2026-04-30,出售帳戶
A017758,個人,第一層人頭帳戶,2007-01-22,3,1,G14,解除分期,1,2026-05-30,出售帳戶
A017759,個人,第一層人頭帳戶,2015-04-02,19,1,G14,解除分期,1,2026-05-31,出售帳戶
A017760,個人,第一層人頭帳戶,2016-04-23,332,1,G15,解除分期,1,2026-01-25,休眠帳戶
A017761,個人,第一層人頭帳戶,2026-01-12,0,1,G15,解除分期,1,2026-01-26,新開戶
A017762,個人,第一層人頭帳戶,2023-12-06,1308,1,G15,解除分期,1,2026-01-27,休眠帳戶
A017763,個人,第一層人頭帳戶,2026-01-24,0,1,G15,解除分期,1,2026-02-16,新開戶
A017764,個人,第一層人頭帳戶,2013-06-16,18,1,G15,解除分期,1,2026-02-17,出售帳戶
A017765,個人,第一層人頭帳戶,2026-02-14,0,1,G15,解除分期,1,2026-02-23,新開戶
A017766,個人,第一層人頭帳戶,2026-02-19,0,1,G15,解除分期,1,2026-02-24,新開戶
A017767,個人,第一層人頭帳戶,2011-03-28,5,1,G15,解除分期,1,2026-03-09,出售帳戶
A017768,個人,第一層人頭帳戶,2023-05-06,523,1,G15,解除分期,1,2026-03-10,休眠帳戶
A017769,個人,第一層人頭帳戶,2026-04-10,0,1,G15,解除分期,1,2026-04-15,新開戶
A017770,個人,第一層人頭帳戶,2009-12-15,1372,1,G16,解除分期,1,2026-02-27,休眠帳戶
A017771,個人,第一層人頭帳戶,2026-02-21,0,1,G16,解除分期,1,2026-03-01,新開戶
A017772,個人,第一層人頭帳戶,2021-03-26,461,1,G16,解除分期,1,2026-03-16,休眠帳戶
A017773,個人,第一層人頭帳戶,2023-12-13,997,1,G16,解除分期,1,2026-03-17,休眠帳戶
A017774,個人,第一層人頭帳戶,2020-12-04,4,1,G16,解除分期,1,2026-03-25,出售帳戶
A017775,個人,第一層人頭帳戶,2026-04-07,0,1,G16,解除分期,1,2026-04-12,新開戶
A017776,個人,第一層人頭帳戶,2026-03-08,0,1,G16,解除分期,1,2026-04-14,新開戶
A017777,個人,第一層人頭帳戶,2026-04-06,0,1,G16,解除分期,1,2026-04-15,新開戶
A017778,個人,第一層人頭帳戶,2013-07-09,17,1,G16,解除分期,1,2026-04-16,出售帳戶
A017779,個人,第一層人頭帳戶,2010-04-12,246,1,G17,解除分期,1,2026-02-26,休眠帳戶
A017780,個人,第一層人頭帳戶,2016-04-23,863,1,G17,解除分期,1,2026-02-27,休眠帳戶
A017781,個人,第一層人頭帳戶,2026-02-24,0,1,G17,解除分期,1,2026-03-04,新開戶
A017782,個人,第一層人頭帳戶,2014-01-14,0,1,G17,解除分期,1,2026-03-05,出售帳戶
A017783,個人,第一層人頭帳戶,2026-02-28,0,1,G17,解除分期,1,2026-03-15,新開戶
A017784,個人,第一層人頭帳戶,2015-03-06,568,1,G17,解除分期,1,2026-03-16,休眠帳戶
A017785,個人,第一層人頭帳戶,2026-02-17,0,1,G17,解除分期,1,2026-03-29,新開戶
A017786,個人,第一層人頭帳戶,2021-05-01,5,1,G17,解除分期,1,2026-04-18,出售帳戶
A017787,公司,循環交易帳戶,2018-03-06,1176,1,G18,循環交易,3,,休眠帳戶
A017788,公司,循環交易帳戶,2012-11-16,974,1,G18,循環交易,3,,休眠帳戶
A017789,個人,循環交易帳戶,2012-04-17,16,1,G18,循環交易,3,,出售帳戶
A017790,個人,循環交易帳戶,2011-03-24,328,1,G18,循環交易,3,2026-04-17,休眠帳戶
A017791,公司,循環交易帳戶,2022-12-01,785,1,G18,循環交易,3,,休眠帳戶
A017792,公司,循環交易帳戶,2026-01-13,0,1,G18,循環交易,3,,新開戶
A017793,個人,循環交易帳戶,2006-04-30,7,1,G18,循環交易,3,,出售帳戶
A017794,公司,循環交易帳戶,2026-02-15,0,1,G19,循環交易,3,2026-06-24,新開戶
A017795,公司,循環交易帳戶,2026-01-16,0,1,G19,循環交易,3,,新開戶
A017796,個人,循環交易帳戶,2026-01-16,0,1,G19,循環交易,3,,新開戶
A017797,個人,循環交易帳戶,2024-11-20,971,1,G19,循環交易,3,,休眠帳戶
A017798,公司,循環交易帳戶,2026-01-27,0,1,G19,循環交易,3,,新開戶
A017799,個人,循環交易帳戶,2010-08-15,934,1,G19,循環交易,3,,休眠帳戶
A017800,公司,循環交易帳戶,2022-06-26,1277,1,G20,循環交易,3,,休眠帳戶
A017801,個人,循環交易帳戶,2026-02-14,0,1,G20,循環交易,3,,新開戶
A017802,公司,循環交易帳戶,2020-04-26,490,1,G20,循環交易,3,,休眠帳戶
A017803,公司,循環交易帳戶,2026-02-08,0,1,G20,循環交易,3,,新開戶
